Website,Article Title,Article content,Article Link,Date
https://fibrenews.co.uk/category/all-news/,Connect Fibre rolls out Wi-Fi 7 across all broadband plans,"Connect Fibre, a community-focused full fibre broadband provider, has launched Wi-Fi 7 across all its contracted packages. After thorough testing with top global manufacturers, the company is bringing next-gen tech to customers at no extra cost, sticking to its fair-pricing promise. The upgrade sets a new standard in the UK fibre market, making cutting-edge connectivity accessible without premium fees. Alongside Wi-Fi 7, Connect Fibre offers flexibility with 24-month contracts for lower rates or 12-month options for shorter commitments. The provider has also boosted its entry-level plan from 150Mbps to 250Mbps at no additional cost (on a 24-month deal), while its top-tier package now hits 2000Mbps. What Wi-Fi 7 brings Wi-Fi 7 uses advanced radio tech and new frequencies for faster, interference-free connections. Benefits include: Faster speeds : Multi-gigabit performance beats Wi-Fi 6, perfect for streaming and gaming. Lower latency : Reduced delays enhance gaming, AR/VR, and video calls. More capacity : Supports multiple devices with 8×8 MU-MIMO, ideal for smart homes. Stefan Stanislawski, CEO of Connect Fibre, said: “The launch of Wi-Fi 7 is a game-changer, and we’re proud to be leading the charge in bringing this cutting-edge technology to our customers. At Connect Fibre, innovation and customer experience are at the heart of everything we do. We believe everyone should have access to the best possible connectivity without barriers or premium pricing. With Wi-Fi 7, we’re not just keeping up with the future – we’re shaping it.”",https://fibrenews.co.uk/connect-fibre-rolls-out-wi-fi-7-across-all-broadband-plans/,2025-03-07T09:11:00+00:00
https://fibrenews.co.uk/category/all-news/,Daisy Communications Strikes Long-Term Partnership with AllPoints Fibre Networks,"Daisy Communications has signed a long-term strategic partnership with AllPoints Fibre Networks (APFN), securing access to a national full-fibre network through APFN’s aquila wholesale platform. With aquila , Daisy can instantly connect to millions of premises via a single, API-first platform—eliminating the complexity of managing multiple fibre networks. As part of the deal, Daisy will also acquire APFN’s B2B direct customer base, previously managed under the Giganet brand. Both companies have confirmed that customers will see no change to their service levels or pricing, while also gaining access to Daisy’s wider product suite and industry-leading support. The partnership takes effect immediately, and customers moving to Daisy have already been informed. Jarlath Finnegan, Group CEO at AllPoints Fibre Networks, said: “The Daisy deal marks another key milestone for APFN. Daisy now has access to the UK’s largest full-fibre wholesale network, benefiting the customers who have supported us along the way. We want to thank them and look forward to continuing that support through Daisy in the years ahead.” Dave McGinn, CEO at Daisy Communications, added: “We’re excited to bring the UK’s largest full-fibre wholesale network to our customers through this partnership. We also welcome the new businesses joining Daisy as part of the deal and look forward to working with them to keep Britain connected.”",https://fibrenews.co.uk/daisy-communications-strikes-long-term-partnership-with-allpoints-fibre-networks/,2025-03-03T09:41:12+00:00
https://fibrenews.co.uk/category/all-news/,Voiceflex Partners with Vorboss to Strengthen Business Connectivity,"Voiceflex has joined forces with Vorboss, London’s leading business ethernet fibre provider, to support partners with connectivity growth in the capital. Reliable connectivity is essential for modern businesses. Without a solid connection to the cloud, operations slow down or stop entirely. Many of Voiceflex’s services run in real-time, making uptime and performance critical. A system is only as strong as its weakest link. Partnering with a specialist fibre provider gives businesses access to high-speed, low-latency internet built for handling data-heavy applications, cloud services, and communication tools. Fibre isn’t just faster than traditional broadband—it’s more stable, scalable, and designed to support growing demands. Paul Taylor, CCO of Voiceflex, said: “We’re really impressed by their uptime stats, but even more so by the money-back service credits. If an outage goes beyond four minutes, an automatic credit is applied at the end of the month. That level of accountability is rare.” For businesses that need dependable, high-quality connectivity, this partnership makes a lot of sense.",https://fibrenews.co.uk/voiceflex-partners-with-vorboss-to-strengthen-business-connectivity/,2025-02-27T11:01:19+00:00
https://fibrenews.co.uk/category/all-news/,Quickline Rolls Out Full Fibre to Hard-to-Reach Homes in Lincolnshire & East Yorkshire,"Thousands of rural homes and businesses across Lincolnshire and the East Riding of Yorkshire are finally getting the broadband speeds they deserve. Quickline is delivering full fibre broadband as part of the government-backed Project Gigabit, bringing next-generation connectivity to communities that have long been left behind. Since securing the contract in summer 2024, Quickline has already connected nearly 850 funded homes and businesses to gigabit-capable broadband. The first areas to benefit include the villages of Ruskington, Ancaster, and Burgh le Marsh in the south of Lincolnshire. But this is just the start. Work is now pushing further north, with North Cave and Gilberdyke in the East Riding of Yorkshire next in line. Holme on Spalding Moor will follow soon after. The rollout is moving fast—just six months after securing the contract, the first homes were live, and four months after breaking ground, residents were able to connect. In total, the contract will bring full fibre to nearly 72,000 properties. On top of that, another 50,000 premises will benefit from Quickline’s separate commercial rollout. This means tens of thousands of people in rural areas will finally have access to reliable, high-speed internet. Dan Hague, Project Delivery Director at Quickline, said: “Bringing high-speed broadband to rural communities is what we do best. From day one, the focus has been on getting results quickly, and connecting over 800 premises in just a few months is a huge milestone. Our teams are working tirelessly to bring reliable broadband to areas that have struggled for too long.” Telecoms Minister Sir Chris Bryant added: “Poor connectivity has been a major challenge for people living and working in rural Lincolnshire and East Yorkshire. Whether it’s remote NHS consultations or simply staying in touch with loved ones, fast broadband is essential. Thanks to this government-funded rollout, thousands of homes and businesses will now have access to the fastest speeds on the market, boosting the local economy and improving everyday life.” Homes and businesses in the rollout areas can now book their installation and get connected. The digital divide is closing—one village at a time.",https://fibrenews.co.uk/quickline-rolls-out-full-fibre-to-hard-to-reach-homes-in-lincolnshire-east-yorkshire/,2025-02-26T11:13:22+00:00
https://fibrenews.co.uk/category/all-news/,"Gigaclear Begins Project Gigabit Build to Connect 9,500 Oxfordshire Premises","Gigaclear has begun work on Project Gigabit in Oxfordshire, aiming to connect around 9,500 homes and businesses to full-fibre broadband. The £25.4m government-funded initiative targets hard-to-reach areas, with Gigaclear installing over 250km of new ducting—50% of which will utilise existing infrastructure. Nathan Rundle, CEO of Gigaclear, said: “Our mission is to bring full-fibre broadband to rural communities, and Project Gigabit is key to making that happen. As an Oxfordshire-based business, we’re committed to improving digital access in the county and delivering fast, reliable connectivity to local residents.” Telecoms Minister Sir Chris Bryant added: “Many communities in Oxfordshire have been excluded from the benefits of fast broadband. Through Project Gigabit, we’re closing those digital gaps and moving closer to our goal of full gigabit coverage by 2030.” Work is now underway, with completion expected by November 2026. Project Gigabit is part of the government’s strategy to ensure no rural community is left behind, delivering the same digital opportunities already available in larger towns and cities.",https://fibrenews.co.uk/gigaclear-begins-project-gigabit-build-to-connect-9500-oxfordshire-premises/,2025-02-24T08:53:49+00:00
https://fibrenews.co.uk/category/all-news/,Freedom Fibre Appoints Lindsey Sutherland as Chief Operations Officer,"Freedom Fibre has appointed Lindsey Sutherland as Chief Operations Officer (COO), effective 4th March 2025. Lindsey brings 30 years of experience in engineering and IT, with a background spanning the military, data systems, and telecoms. His career began with active service in Bosnia and Northern Ireland before founding a data systems business that supported transformation projects in the NHS and military shipbuilding. He later led technology integration at Community Fibre and served as CTO at SaaS VoIP provider Nebula. Lindsey said: “I’m proud to join Freedom Fibre at such a pivotal time. The broadband industry is evolving rapidly, and we must stay ahead to ensure we deliver the best possible service.” Nathan Vautier, CEO of Freedom Fibre, added: “Lindsey’s experience and leadership are a perfect fit for our ambitions. We’re excited to have him on board as we continue to scale.”",https://fibrenews.co.uk/freedom-fibre-appoints-lindsey-sutherland-as-chief-operations-officer/,2025-02-24T09:23:17+00:00
https://fibrenews.co.uk/category/all-news/,Quickline Appoints Frank Stone as Chief Marketing and Information Officer,"Quickline Communications has appointed Frank Stone as Chief Marketing and Information Officer, reinforcing its focus on delivering the best possible broadband experience for its growing customer base. As part of this commitment, Quickline is also expanding its Willerby headquarters with a new Customer Excellence Hub. The facility will bring together Sales, Customer Services, Scheduling, and Customer Onboarding teams, ensuring a more streamlined and customer-focused approach. Frank brings extensive experience from senior telecoms roles, including 12 years at Digicel as Group Chief Commercial Officer and a decade at BT in commercial roles across business and residential mobile services. He has also held positions at ntl, Dolphin Telecommunications, Cable & Wireless, and Silverlink Train Services, specialising in pricing, product development, and commercial strategy. In his new role, Frank will lead Quickline’s Product, Propositions, Marketing, Digital, and Data teams, ensuring customer insights shape decision-making. He said: “I’m excited to join Quickline at such a pivotal time. The company has a unique opportunity to transform connectivity in rural areas, and my focus will be on ensuring we put customers at the heart of everything we do—listening to their needs, refining our services, and exceeding expectations.” Sean Royce, Quickline’s CEO, added: “Frank’s expertise and customer-first mindset will be invaluable as we continue our growth. His leadership will ensure we remain focused on delivering the best possible experience. “The launch of our new Customer Excellence Hub is another milestone in our journey to transform rural broadband. By bringing our customer-facing teams together, we’re strengthening our ability to deliver exceptional service.” 4o",https://fibrenews.co.uk/quickline-appoints-frank-stone-as-chief-marketing-and-information-officer/,2025-02-24T09:28:20+00:00
https://fibrenews.co.uk/category/all-news/,"CityFibre’s Big Year: Record Growth, First Profitable Year & Sky Partnership","CityFibre Reports Record Growth, First Profitable Year & Landmark Sky Partnership CityFibre has announced record-breaking results for 2024, marking its first full year of profitability alongside significant customer growth and a major strategic partnership with Sky. The UK’s largest independent wholesale fibre network continues to scale at pace, strengthening its position as the leading alternative to Openreach. 2024 Highlights: Revenue increased by 34% to £134m, with consumer revenue up 73% Achieved profitability for the first time, reporting an EBITDA of £5m 181,000 new customers added, bringing total live customers to 518,000 Long-term strategic partnership secured with Sky, doubling CityFibre’s addressable market to cover nearly half of UK broadband consumers Over 4.3 million premises now passed, with more than 900,000 Ready for Service (RFS) premises added in 2024 Nine BDUK Project Gigabit contracts secured, totalling £865m in subsidies, with early take-up running 60% higher than non-intervention areas Acquisition of Lit Fibre completed, adding 280,000 premises and successfully integrating into CityFibre’s wholesale platform in under nine months Continued rollout of XGS-PON technology, providing multi-gig symmetrical speeds Expansion Accelerates: Over 8 Million Premises in Sight CityFibre is rapidly expanding its footprint, now halfway to its target of passing 8 million UK premises. 2024 saw a shift in strategy, balancing organic build with government-backed Project Gigabit rollouts and acquisitions. Project Gigabit has been a key driver of growth, with CityFibre securing nine contracts and £865m in subsidies. Over 20,000 subsidised premises are already Ready for Service, and early adoption rates suggest strong demand, with take-up running 60% higher than in traditional rollout areas. Sky Partnership Doubles Addressable Market A major milestone in 2024 was the announcement of a long-term partnership with Sky, one of the UK’s largest broadband providers. With Sky set to launch services over CityFibre’s network in 2025, the deal nearly doubles CityFibre’s addressable market, with ISPs on its platform now accounting for 49% of UK broadband market share. Surging Customer Growth & Record Take-Up CityFibre added 181,000 new customers in 2024, reaching a total of 518,000 live connections—an increase of 54% year-on-year. Penetration rates in mature areas, such as Milton Keynes and Stirling, now exceed 40%, while newer build areas are seeing take-up rates nearly double compared to 2021. The company’s wholesale model continues to strengthen, with an average of eight ISPs selling in each location. ISPs using CityFibre’s network are outperforming their market share on Openreach, securing twice the share in CityFibre-served areas. Key factors driving ISP adoption: Competitive pricing: The wholesale-only model enables ISPs to offer lower prices and increase margins Superior technology: The UK’s largest XGS-PON network, delivering multi-gig symmetrical speeds High service levels: 99% of customers receive an installation date within five working days, with a 95% first-time installation success rate M&A Strategy Strengthens Wholesale Footprint In May 2024, CityFibre completed the acquisition of Lit Fibre, adding 280,000 premises and over 10,000 retail customers to its network. The acquired ISP was sold back to its co-founders, aligning with CityFibre’s wholesale-only model, while the network was fully integrated into CityFibre’s platform within nine months. As the UK’s largest independent fibre challenger, CityFibre is positioned to play a leading role in the ongoing consolidation of the altnet market, with further acquisitions expected to accelerate network expansion. Looking Ahead to 2025 Sky set to launch services over CityFibre’s network, providing ISPs access to nearly half of the UK broadband market Another million premises to be added, focusing on Project Gigabit expansion and further acquisitions Continued expansion of the XGS-PON network, enhancing CityFibre’s wholesale product offering Increased revenue and stable operating costs, creating a scalable and sustainable high-margin business Greg Mesch, CEO at CityFibre, commented: “2024 was a defining year for CityFibre. The business achieved its first full year of profitability, secured a landmark partnership with Sky, and reinforced its position as the UK’s leading independent wholesale network. Looking ahead, the focus remains on profitable growth, continued expansion through Project Gigabit, and further industry consolidation. The wholesale-only model is proving its value—not just for ISPs, but for consumers and the UK’s digital future.” CityFibre’s results paint a picture of a company rapidly scaling both its network and its customer base. With a major ISP partnership, strong financials, and government-backed expansion opportunities, the company is well-positioned for further growth in 2025. As the altnet market continues to evolve, CityFibre is emerging as the dominant challenger to Openreach—one that ISPs, investors, and industry watchers will be keeping a close eye on.",https://fibrenews.co.uk/cityfibres-big-year-record-growth-first-profitable-year-sky-partnership/,2025-02-24T10:10:37+00:00
https://fibrenews.co.uk/category/all-news/,Quickline Introduces Young Readers to the World of Connectivity,"Quickline Communications has donated hundreds of copies of a new children’s book to primary schools across West Yorkshire, introducing young readers to the world of broadband while reinforcing key safety messages. Commissioned by Quickline and written by author Chris Madeley, Cones and Rural Broadband is the latest in a series featuring animated traffic cones that come to life to explore different industries. The book aims to help children understand broadband in a simple and engaging way while promoting health and safety awareness. The first copies were handed out at a launch event at the University of Bradford, attended by the Lord Mayor of Bradford, Councillor Beverley Mullaney, along with pupils and teachers from eight local schools. Chris Madeley, the book’s author, said: “The Cones series is all about showing children the opportunities available to them as they grow up, introducing different industries and careers in an engaging way. It’s been fascinating to learn about broadband and rural connectivity and to explain it in a way children can relate to.” Councillor Mullaney added: “I’m delighted this fantastic book series has launched its latest instalment in Bradford. I hope the children enjoy reading it and learning about different industries while following the adventures of the cone characters.” Sean Royce, CEO of Quickline, said: “We’re passionate about leaving a lasting impact in the communities we serve. By blending traditional books with digital tools, we can help young people learn, create, and imagine the future. We’re delighted to support primary schools across Yorkshire with this donation and would like to thank everyone involved in making it happen.” Quickline continues to expand its full fibre broadband rollout across West Yorkshire, delivering high-speed connectivity to over 28,000 additional homes and businesses as part of the Project Gigabit contract awarded in 2024. Project Gigabit is the UK government’s programme to bring fast, reliable broadband to communities left out of commercial rollout plans. Quickline is one of the largest regional delivery partners, with contracts totalling around £300m in public funding.",https://fibrenews.co.uk/quickline-introduces-young-readers-to-the-world-of-connectivity/,2025-02-11T11:57:22+00:00
https://fibrenews.co.uk/category/all-news/,Connect Fibre rolls out Wi-Fi 7 across all broadband plans,"Connect Fibre, a community-focused full fibre broadband provider, has launched Wi-Fi 7 across all its contracted packages. After thorough testing with top global manufacturers, the company is bringing next-gen tech to customers at no extra cost, sticking to its fair-pricing promise. The upgrade sets a new standard in the UK fibre market, making cutting-edge connectivity accessible without premium fees. Alongside Wi-Fi 7, Connect Fibre offers flexibility with 24-month contracts for lower rates or 12-month options for shorter commitments. The provider has also boosted its entry-level plan from 150Mbps to 250Mbps at no additional cost (on a 24-month deal), while its top-tier package now hits 2000Mbps. What Wi-Fi 7 brings Wi-Fi 7 uses advanced radio tech and new frequencies for faster, interference-free connections. Benefits include: Faster speeds : Multi-gigabit performance beats Wi-Fi 6, perfect for streaming and gaming. Lower latency : Reduced delays enhance gaming, AR/VR, and video calls. More capacity : Supports multiple devices with 8×8 MU-MIMO, ideal for smart homes. Stefan Stanislawski, CEO of Connect Fibre, said: “The launch of Wi-Fi 7 is a game-changer, and we’re proud to be leading the charge in bringing this cutting-edge technology to our customers. At Connect Fibre, innovation and customer experience are at the heart of everything we do. We believe everyone should have access to the best possible connectivity without barriers or premium pricing. With Wi-Fi 7, we’re not just keeping up with the future – we’re shaping it.”",https://fibrenews.co.uk/connect-fibre-rolls-out-wi-fi-7-across-all-broadband-plans/,2025-03-07T09:11:00+00:00
https://fibrenews.co.uk/category/all-news/,Daisy Communications Strikes Long-Term Partnership with AllPoints Fibre Networks,"Daisy Communications has signed a long-term strategic partnership with AllPoints Fibre Networks (APFN), securing access to a national full-fibre network through APFN’s aquila wholesale platform. With aquila , Daisy can instantly connect to millions of premises via a single, API-first platform—eliminating the complexity of managing multiple fibre networks. As part of the deal, Daisy will also acquire APFN’s B2B direct customer base, previously managed under the Giganet brand. Both companies have confirmed that customers will see no change to their service levels or pricing, while also gaining access to Daisy’s wider product suite and industry-leading support. The partnership takes effect immediately, and customers moving to Daisy have already been informed. Jarlath Finnegan, Group CEO at AllPoints Fibre Networks, said: “The Daisy deal marks another key milestone for APFN. Daisy now has access to the UK’s largest full-fibre wholesale network, benefiting the customers who have supported us along the way. We want to thank them and look forward to continuing that support through Daisy in the years ahead.” Dave McGinn, CEO at Daisy Communications, added: “We’re excited to bring the UK’s largest full-fibre wholesale network to our customers through this partnership. We also welcome the new businesses joining Daisy as part of the deal and look forward to working with them to keep Britain connected.”",https://fibrenews.co.uk/daisy-communications-strikes-long-term-partnership-with-allpoints-fibre-networks/,2025-03-03T09:41:12+00:00
https://fibrenews.co.uk/category/all-news/,Voiceflex Partners with Vorboss to Strengthen Business Connectivity,"Voiceflex has joined forces with Vorboss, London’s leading business ethernet fibre provider, to support partners with connectivity growth in the capital. Reliable connectivity is essential for modern businesses. Without a solid connection to the cloud, operations slow down or stop entirely. Many of Voiceflex’s services run in real-time, making uptime and performance critical. A system is only as strong as its weakest link. Partnering with a specialist fibre provider gives businesses access to high-speed, low-latency internet built for handling data-heavy applications, cloud services, and communication tools. Fibre isn’t just faster than traditional broadband—it’s more stable, scalable, and designed to support growing demands. Paul Taylor, CCO of Voiceflex, said: “We’re really impressed by their uptime stats, but even more so by the money-back service credits. If an outage goes beyond four minutes, an automatic credit is applied at the end of the month. That level of accountability is rare.” For businesses that need dependable, high-quality connectivity, this partnership makes a lot of sense.",https://fibrenews.co.uk/voiceflex-partners-with-vorboss-to-strengthen-business-connectivity/,2025-02-27T11:01:19+00:00
https://fibrenews.co.uk/category/all-news/,Quickline Rolls Out Full Fibre to Hard-to-Reach Homes in Lincolnshire & East Yorkshire,"Thousands of rural homes and businesses across Lincolnshire and the East Riding of Yorkshire are finally getting the broadband speeds they deserve. Quickline is delivering full fibre broadband as part of the government-backed Project Gigabit, bringing next-generation connectivity to communities that have long been left behind. Since securing the contract in summer 2024, Quickline has already connected nearly 850 funded homes and businesses to gigabit-capable broadband. The first areas to benefit include the villages of Ruskington, Ancaster, and Burgh le Marsh in the south of Lincolnshire. But this is just the start. Work is now pushing further north, with North Cave and Gilberdyke in the East Riding of Yorkshire next in line. Holme on Spalding Moor will follow soon after. The rollout is moving fast—just six months after securing the contract, the first homes were live, and four months after breaking ground, residents were able to connect. In total, the contract will bring full fibre to nearly 72,000 properties. On top of that, another 50,000 premises will benefit from Quickline’s separate commercial rollout. This means tens of thousands of people in rural areas will finally have access to reliable, high-speed internet. Dan Hague, Project Delivery Director at Quickline, said: “Bringing high-speed broadband to rural communities is what we do best. From day one, the focus has been on getting results quickly, and connecting over 800 premises in just a few months is a huge milestone. Our teams are working tirelessly to bring reliable broadband to areas that have struggled for too long.” Telecoms Minister Sir Chris Bryant added: “Poor connectivity has been a major challenge for people living and working in rural Lincolnshire and East Yorkshire. Whether it’s remote NHS consultations or simply staying in touch with loved ones, fast broadband is essential. Thanks to this government-funded rollout, thousands of homes and businesses will now have access to the fastest speeds on the market, boosting the local economy and improving everyday life.” Homes and businesses in the rollout areas can now book their installation and get connected. The digital divide is closing—one village at a time.",https://fibrenews.co.uk/quickline-rolls-out-full-fibre-to-hard-to-reach-homes-in-lincolnshire-east-yorkshire/,2025-02-25T23:09:00+00:00
https://fibrenews.co.uk/category/all-news/,"Gigaclear Begins Project Gigabit Build to Connect 9,500 Oxfordshire Premises","Gigaclear has begun work on Project Gigabit in Oxfordshire, aiming to connect around 9,500 homes and businesses to full-fibre broadband. The £25.4m government-funded initiative targets hard-to-reach areas, with Gigaclear installing over 250km of new ducting—50% of which will utilise existing infrastructure. Nathan Rundle, CEO of Gigaclear, said: “Our mission is to bring full-fibre broadband to rural communities, and Project Gigabit is key to making that happen. As an Oxfordshire-based business, we’re committed to improving digital access in the county and delivering fast, reliable connectivity to local residents.” Telecoms Minister Sir Chris Bryant added: “Many communities in Oxfordshire have been excluded from the benefits of fast broadband. Through Project Gigabit, we’re closing those digital gaps and moving closer to our goal of full gigabit coverage by 2030.” Work is now underway, with completion expected by November 2026. Project Gigabit is part of the government’s strategy to ensure no rural community is left behind, delivering the same digital opportunities already available in larger towns and cities.",https://fibrenews.co.uk/gigaclear-begins-project-gigabit-build-to-connect-9500-oxfordshire-premises/,2025-02-18T08:27:45+00:00
https://fibrenews.co.uk/category/all-news/,Freedom Fibre Appoints Lindsey Sutherland as Chief Operations Officer,"Freedom Fibre has appointed Lindsey Sutherland as Chief Operations Officer (COO), effective 4th March 2025. Lindsey brings 30 years of experience in engineering and IT, with a background spanning the military, data systems, and telecoms. His career began with active service in Bosnia and Northern Ireland before founding a data systems business that supported transformation projects in the NHS and military shipbuilding. He later led technology integration at Community Fibre and served as CTO at SaaS VoIP provider Nebula. Lindsey said: “I’m proud to join Freedom Fibre at such a pivotal time. The broadband industry is evolving rapidly, and we must stay ahead to ensure we deliver the best possible service.” Nathan Vautier, CEO of Freedom Fibre, added: “Lindsey’s experience and leadership are a perfect fit for our ambitions. We’re excited to have him on board as we continue to scale.”",https://fibrenews.co.uk/freedom-fibre-appoints-lindsey-sutherland-as-chief-operations-officer/,2025-02-17T08:58:55+00:00
https://fibrenews.co.uk/category/all-news/,"Netomnia Reaches 110,000 Premises in Liverpool","Netomnia, one of the UK’s fastest-growing altnet’s, has achieved a significant milestone in Liverpool by connecting over 110,000 premises with full-fibre broadband. Originally launched in Sefton Park in 2022, the company has since expanded to Stoneycroft and Aintree, providing high-speed, gigabit-capable broadband that is transforming local communities. Zoltan Kovacs, Netomnia’s Managing Director, remarked, “This achievement reflects our team’s dedication to delivering the best full-fibre infrastructure in the UK. We remain focused on empowering communities through improved connectivity.”",https://fibrenews.co.uk/netomnia-reaches-110000-premises-in-liverpool-following-strategic-brsk-merger/,2025-02-11T11:46:03+00:00
https://fibrenews.co.uk/category/all-news/,"Exmouth Goes Gigabit: 12,000 Homes Now Have Access To Superfast Full Fibre","Exmouth’s gigabit capabilities are now at strength, with 12,000 new homes now enjoying Virgin Media’s gigabit broadband – including the blazing-fast Gig2 package that hits speeds up to 2Gbps. This upgrade comes as full fibre rollouts in the area ramp up, powered by nexfibre’s £4.5bn investment to bring FTTH to 5 million homes by 2026. Julie Agnew, MD of Fixed Network Expansion at Virgin Media O2, summed it up: “12,000 more homes in Exmouth can now feel the benefit of Virgin Media’s services – with packages that include everything from next-generation multigigabit broadband to easy-to-use TV streaming and entertainment services. These ultra-reliable full fibre connections come with speeds up to 16 times faster than the local average – providing total peace of mind that whatever you’re doing online, you’ll never be slowed down.” Rajiv Datta, CEO of nexfibre, added: “nexfibre’s multi-million pound investment in Exmouth will enable thousands of households to access the benefits of full fibre broadband, including participating fully in the local economy and connecting with the community. It marks a significant step on our journey to connect 5 million premises by 2026.” Exmouth is clearly embracing the digital future, and with this next-gen network powering the region, residents can look forward to a seamless, high-speed online experience like never before.",https://fibrenews.co.uk/exmouth-goes-gigabit-12000-homes-now-have-access-to-superfast-full-fibre/,2025-02-11T11:28:00+00:00
https://fibrenews.co.uk/category/all-news/,Elevate Wholesale Appoints Will Goodall as Wholesale Director Amid Rapid Growth,"Elevate Wholesale has appointed Will Goodall as Wholesale Director, reinforcing the company’s commitment to its rapidly expanding channel division. Will joined Elevate Wholesale—part of Elevate—less than two years ago as Head of Wholesale, tasked with launching and leading the company’s channel proposition. With nearly two decades of experience in the telecoms industry, he has played a pivotal role in shaping Elevate Wholesale’s unique partner-first approach, driving its growth and market position. Since its launch, Elevate Wholesale has onboarded hundreds of partners, with significant expansion into new territories. The acquisition of Luminet in 2024 further strengthened the business, adding more than 200 partners, with the full integration and rebrand completed in November. Elevate’s channel success has been driven by its proactive partnership ethos, which Will has spearheaded, ensuring strong relationships remain at the heart of the company’s strategy. Andy Tatlock, Chief Revenue Officer at Elevate, said: “Will has been instrumental in the launch and continued success of our wholesale division. His relationship-first approach embodies the values of Elevate Wholesale, and this appointment reflects our commitment to our wholesale partners and their strategic importance to our future.” Commenting on his new role, Will said: “To say this is an honour is an understatement. This appointment is the result of immense collaboration across Elevate Wholesale, ensuring we continue to lead the market with our partner-first approach. I’m excited for the next stage of our growth as we focus on enabling our partners to scale and win every day.” Elevate Wholesale continues its expansion, most recently onboarding new partners in Cardiff as part of the company’s latest HyperCity initiative. In collaboration with Cardiff Council and the Welsh Government, Elevate is building high-speed, resilient connectivity throughout the region. The company remains focused on evolving its channel-specific products and services across connectivity, managed services, and business technology—listening to partner needs and driving innovation to support growth.",https://fibrenews.co.uk/elevate-wholesale-appoints-will-goodall-as-wholesale-director-amid-rapid-growth/,2025-02-12T09:47:32+00:00
https://fibrenews.co.uk/category/all-news/,"FullFibre and Zzoomm Announce Merger, Combining a Footprint of 600,000 Properties Passed","FullFibre and Zzoomm have agreed to merge, creating a new combined footprint of 600,000 properties ready for service and a customer base of over 65,000. This move positions the newly enlarged group as a serious player in the market, with plans for further expansion through mergers and acquisitions. Under the new structure, Zzoomm CEO Matthew Hare will step into the role of Executive Chairman, while FullFibre CEO James Warner will take the reins as Group CEO. Both leadership teams bring years of experience and expertise, setting the stage for ambitious growth and delivering outstanding broadband services to consumers, businesses, and wholesale partners. By combining their complementary networks and operating models, the merged business will have the scale and resources to drive rapid customer acquisition, secure investment for future builds, and improve financial efficiencies. The partnership is also set to enhance wholesale offerings for ISPs, unlocking new revenue streams and strengthening their position in the market. Subject to regulatory approval and final documentation, the merger is expected to complete in early 2025. We first herd rumours of the merger, thanks to Sky , back in November 2024 and it seems those rumours have wrong true! Matthew Hare, CEO of Zzoomm, commented: “Our focus has always been on delivering brilliant broadband and ensuring happy customers. We’ve grown rapidly through organic expansion and have always had our sights set on strategic M&A opportunities in this fragmented market. With the scale and infrastructure of this enlarged business, we’re in an even stronger position to continue our growth journey and consolidate the market further.” James Warner, CEO of FullFibre, added : “This merger is another major milestone in our journey to create a truly national digital backbone. Both companies share a commitment to delivering transformational full fibre connectivity with a focus on customer experience. After successfully integrating Digital Infrastructure and BeFibre into our operations, this next step will further accelerate our ambitions and cement our position as a leading provider in the UK.” This merger marks a significant moment for the UK broadband market, as the combined entity looks to reshape the industry and deliver next-generation connectivity at scale.",https://fibrenews.co.uk/fullfibre-and-zzoomm-announce-merger-creating-a-combination-of-600000-properties-passed/,2025-01-27T14:52:40+00:00
https://fibrenews.co.uk/category/all-news/,"GoFibre Hits 1,000 Customer Milestone in Hawick as Full Fibre Rollout Expands","GoFibre has hit a major milestone in Hawick, with 1,000 customers now benefiting from its ultrafast full fibre broadband. With 6,000 premises ready for connection, residents can enjoy seamless connectivity for remote work, streaming, and large file downloads. Founded in Duns in 2017, GoFibre now covers over 22,000 premises across the Scottish Borders, including Galashiels, Kelso, and Melrose. The company has actively supported local communities, sponsoring events like Melrose 7s and partnering with charities such as Escape Youth Services through its GoFurther Fund. Neil Conaghan, CEO of GoFibre said: “To reach this milestone in our heartland of the Borders is fantastic, with Hawick locals now able to enjoy the benefits of our seamless high speed connection. “We remain committed to adding value to every community that we serve, and we would like to thank all of our customers their continued support.”",https://fibrenews.co.uk/gofibre-hits-1000-customer-milestone-in-hawick-as-full-fibre-rollout-expands/,2025-01-22T07:50:21+00:00
https://fibrenews.co.uk/category/all-news/,"Netomnia, Brsk & YouFibre Achieve Milestone of 2 Million Premises Serviceable in 2024","Netomnia , in collaboration with Brsk and YouFibre , has announced their full-year 2024 results, highlighting significant growth and solidifying their position as the UK’s second-largest alternative network provider . The group’s rapid expansion continues to reshape the broadband market, with a clear focus on scaling their retail and wholesale operations efficiently. Key Performance Highlights Premises Serviceable: The group now boasts a total of 2.08 million premises serviceable , marking an impressive increase of 1.27 million premises within the year , with 255,000 premises added in Q4 2024 alone . This achievement underscores the group’s aggressive network rollout strategy and its commitment to bridging the digital divide across the UK. Premises Connected: Connections have grown substantially, reaching 238,000 premises connected , reflecting a rise of 171,000 connections in the past year and 48,000 in the most recent quarter . This strong growth in customer uptake indicates increasing demand for Netomnia, Brsk, and YouFibre’s high-speed broadband services. Revenue Surge: The company reported a revenue of £38.6 million , an extraordinary increase of 321% year-over-year (YoY) . This growth highlights the successful execution of their market expansion strategies and the increasing adoption of their broadband solutions. Take-Up Rate Improvement: The take-up rate has seen a healthy increase, reaching 11.5% , representing a growth of 38% YoY . As more premises are connected, customer demand continues to accelerate, demonstrating the group’s ability to convert serviceable premises into active subscribers. Adjusted EBITDA: Despite the revenue growth, adjusted EBITDA stood at £(29.6) million , reflecting a 13% decline YoY , which may be attributed to the group’s continued investments in infrastructure expansion and operational scaling. Net Debt Levels: The group’s net debt has risen to £531 million , an increase of 223% YoY , indicating substantial investment in network expansion and strategic consolidation efforts, including the partial year integration of Brsk from August 2024. Jeremy Chelot, CEO of Netomnia, emphasized that reaching the 2 million premises milestone is a defining moment for the group. He stated: “The integration of Netomnia, YouFibre, and Brsk is nearing completion, creating the only scaled and capital-efficient retail and wholesale platform in the market. With our proven execution capabilities, we’re confidently progressing toward our next milestone of 3 million premises serviceable by the end of 2025.”",https://fibrenews.co.uk/netomnia-brsk-youfibre-achieve-milestone-of-2-million-premises-serviceable-in-2024/,2025-01-20T12:14:25+00:00
https://fibrenews.co.uk/category/all-news/,Copper Switch-Off Continues As Openreach Adds 165 New Areas to “Stop Sell” List,"Openreach is accelerating its transition from traditional copper-based services to full-fibre broadband. As part of this initiative, Openreach has issued “stop sell” notifications in numerous exchange areas, ceasing the sale of legacy services where full-fibre is available. Understanding “Stop Sell” A “stop sell” is a policy implemented by Openreach to halt the sale of copper-based services in areas where full-fibre infrastructure has been sufficiently deployed. This means that in designated exchange areas, new orders for traditional services like WLR (Wholesale Line Rental), ADSL, and certain FTTC (Fibre to the Cabinet) products are no longer accepted. Existing customers can typically maintain their current services until the complete withdrawal, but they are encouraged to upgrade to fibre-based solutions to benefit from enhanced speeds and reliability. Recent Developments As of January 2025, Openreach has expanded its “stop sell” policy to an additional 165 locations across the UK, including areas from Truro to Baile Mòr. This brings the total number of exchange areas under the “stop sell” mandate to 852, affecting over seven million homes and businesses. In these regions, communications providers like BT, Sky, TalkTalk, and Vodafone are required to cease offering new copper-based services to both new and existing customers by February 14, 2026. Implications for Consumers and Businesses For residents and businesses in the affected areas, this transition signifies a shift towards more reliable and faster internet connectivity. Full-fibre broadband offers numerous advantages over traditional copper-based services, including: Enhanced Speeds : Full-fibre connections provide significantly higher download and upload speeds, facilitating seamless streaming, gaming, and remote work. Improved Reliability : Fibre-optic cables are less susceptible to environmental factors, resulting in more stable connections. Future-Proofing : With increasing digital demands, full-fibre infrastructure ensures readiness for future technological advancements. Customers can verify the availability of full-fibre services in their area by using the postcode checker on Openreach’s website or by contacting their service providers. Openreach’s strategic move to expand the “stop sell” policy underscores its commitment to modernizing the UK’s digital infrastructure. By phasing out outdated copper networks in favor of full-fibre solutions, Openreach aims to meet the evolving connectivity needs of consumers and businesses, paving the way for a more connected and technologically advanced society.",https://fibrenews.co.uk/copper-switch-off-continues-as-openreach-adds-165-new-areas-to-stop-sell-list/,2025-01-22T08:07:42+00:00
https://fibrenews.co.uk/category/all-news/,"Altnet Take-Up Steadily Grows Amid Shift Toward Profitability, New Eight Advisory Report Reveals","Eight Advisory UK has released its latest Take-Up Tracker , building on its May 2024 study, which highlights a gradual increase in Altnet penetration across the UK broadband market. For the first time, the report incorporates cohort analysis to provide deeper insights into market dynamics and performance. Despite the dominance of five major brands accounting for 90% of the consumer ISP market, alternative network providers (Altnets) are steadily making gains. However, they continue to face stiff competition from retail ISPs, aggressive pricing strategies, and overlapping network builds from Openreach. The report notes that many Altnets, when analyzed on a cohort basis, demonstrate an ability to outperform expectations and edge closer to the take-up levels required to reach EBITDA breakeven and long-term profitability. Adam Bradley, Partner and European Telecoms Lead at Eight Advisory, commented, “Driving Take-up to improve profitability and achieve breakeven Is the top priority of most altnets and a critical consideration for the many active fibre financing and refinancing processes. He added “With the slowdown of build for many in 2024, the expected market consolidation is also taking longer than many expected. In the meantime, many altnets continue to outperform their national market share expectations at a local cohort level.” Eight Advisory’s findings signal cautious optimism for Altnets, as their ability to demonstrate competitive advantages at the cohort level could pave the way for sustained growth and market viability. The full report offers further analysis on how these trends are shaping the fibre broadband landscape.",https://fibrenews.co.uk/altnet-take-up-steadily-grows-amid-shift-toward-profitability-new-eight-advisory-report-reveals/,2025-01-17T12:41:44+00:00
https://fibrenews.co.uk/category/all-news/,LightSpeed and Neos Networks Join Forces to Expand Gigabit Broadband Reach,"The altnet LightSpeed, has announced a strategic partnership with Neos Networks, one of the UK’s leading business connectivity providers. The collaboration is set to expand LightSpeed’s fibre-to-the-premises (FTTP) and wholesale services, reinforcing its commitment to delivering gigabit broadband to underserved communities while strengthening its network infrastructure. With its advanced 10Gbps XGS-PON technology, LightSpeed ensures high-capacity, reliable connectivity across its network. By leveraging Neos Networks’ extensive UK-wide infrastructure, LightSpeed will enhance its wholesale offerings, providing customers with increased access and choice for connectivity solutions. LightSpeed operates through two distinct entities: LightSpeed Networks, responsible for building and managing the infrastructure for both retail and wholesale services, and LightSpeed Broadband, which delivers gigabit-speed broadband directly to homes and businesses in the Midlands and East of England. Through this partnership, Neos Networks is providing LightSpeed with high-performance solutions, including dark fibre, 100Gbps and 10Gbps optical links, and backhaul services. These capabilities will enable LightSpeed to expand into regions like North Staffordshire and establish connections to key data centres in London, Manchester, and Birmingham. This will further allow LightSpeed to offer bespoke wholesale services and managed solutions, presenting a competitive alternative to incumbent providers. For LightSpeed Broadband, the partnership accelerates its ability to deliver FTTH services to new areas, supporting pre-sales, street cabinet deployments, and customer acquisition efforts. This rapid rollout ensures more communities gain access to reliable, high-speed broadband. Chris Tagg, Chief Technology and Information Officer at The LightSpeed Group said: “Partnering with Neos Networks allows us to bring faster, more reliable connectivity to homes and businesses in the East Midlands and beyond. This collaboration equips us with the flexibility and scalability to expand rapidly into new markets while staying true to our commitment to exceptional service delivery – especially in areas where traditional options like Openreach are unavailable.” Lee Myall, CEO at Neos Networks said: “Our collaboration with LightSpeed is a prime example of how advanced network infrastructure can support providers in reaching underserved areas. By delivering tailored connectivity solutions, we’re enabling LightSpeed to expand their footprint and bring high-quality broadband to more communities and businesses.”",https://fibrenews.co.uk/lightspeed-and-neos-networks-join-forces-to-expand-gigabit-broadband-reach/,2025-01-16T10:34:06+00:00
https://fibrenews.co.uk/category/all-news/,Connect Fibre rolls out Wi-Fi 7 across all broadband plans,"Connect Fibre, a community-focused full fibre broadband provider, has launched Wi-Fi 7 across all its contracted packages. After thorough testing with top global manufacturers, the company is bringing next-gen tech to customers at no extra cost, sticking to its fair-pricing promise. The upgrade sets a new standard in the UK fibre market, making cutting-edge connectivity accessible without premium fees. Alongside Wi-Fi 7, Connect Fibre offers flexibility with 24-month contracts for lower rates or 12-month options for shorter commitments. The provider has also boosted its entry-level plan from 150Mbps to 250Mbps at no additional cost (on a 24-month deal), while its top-tier package now hits 2000Mbps. What Wi-Fi 7 brings Wi-Fi 7 uses advanced radio tech and new frequencies for faster, interference-free connections. Benefits include: Faster speeds : Multi-gigabit performance beats Wi-Fi 6, perfect for streaming and gaming. Lower latency : Reduced delays enhance gaming, AR/VR, and video calls. More capacity : Supports multiple devices with 8×8 MU-MIMO, ideal for smart homes. Stefan Stanislawski, CEO of Connect Fibre, said: “The launch of Wi-Fi 7 is a game-changer, and we’re proud to be leading the charge in bringing this cutting-edge technology to our customers. At Connect Fibre, innovation and customer experience are at the heart of everything we do. We believe everyone should have access to the best possible connectivity without barriers or premium pricing. With Wi-Fi 7, we’re not just keeping up with the future – we’re shaping it.”",https://fibrenews.co.uk/connect-fibre-rolls-out-wi-fi-7-across-all-broadband-plans/,2025-03-07T09:11:00+00:00
https://fibrenews.co.uk/category/all-news/,Daisy Communications Strikes Long-Term Partnership with AllPoints Fibre Networks,"Daisy Communications has signed a long-term strategic partnership with AllPoints Fibre Networks (APFN), securing access to a national full-fibre network through APFN’s aquila wholesale platform. With aquila , Daisy can instantly connect to millions of premises via a single, API-first platform—eliminating the complexity of managing multiple fibre networks. As part of the deal, Daisy will also acquire APFN’s B2B direct customer base, previously managed under the Giganet brand. Both companies have confirmed that customers will see no change to their service levels or pricing, while also gaining access to Daisy’s wider product suite and industry-leading support. The partnership takes effect immediately, and customers moving to Daisy have already been informed. Jarlath Finnegan, Group CEO at AllPoints Fibre Networks, said: “The Daisy deal marks another key milestone for APFN. Daisy now has access to the UK’s largest full-fibre wholesale network, benefiting the customers who have supported us along the way. We want to thank them and look forward to continuing that support through Daisy in the years ahead.” Dave McGinn, CEO at Daisy Communications, added: “We’re excited to bring the UK’s largest full-fibre wholesale network to our customers through this partnership. We also welcome the new businesses joining Daisy as part of the deal and look forward to working with them to keep Britain connected.”",https://fibrenews.co.uk/daisy-communications-strikes-long-term-partnership-with-allpoints-fibre-networks/,2025-03-03T09:41:12+00:00
https://fibrenews.co.uk/category/all-news/,Voiceflex Partners with Vorboss to Strengthen Business Connectivity,"Voiceflex has joined forces with Vorboss, London’s leading business ethernet fibre provider, to support partners with connectivity growth in the capital. Reliable connectivity is essential for modern businesses. Without a solid connection to the cloud, operations slow down or stop entirely. Many of Voiceflex’s services run in real-time, making uptime and performance critical. A system is only as strong as its weakest link. Partnering with a specialist fibre provider gives businesses access to high-speed, low-latency internet built for handling data-heavy applications, cloud services, and communication tools. Fibre isn’t just faster than traditional broadband—it’s more stable, scalable, and designed to support growing demands. Paul Taylor, CCO of Voiceflex, said: “We’re really impressed by their uptime stats, but even more so by the money-back service credits. If an outage goes beyond four minutes, an automatic credit is applied at the end of the month. That level of accountability is rare.” For businesses that need dependable, high-quality connectivity, this partnership makes a lot of sense.",https://fibrenews.co.uk/voiceflex-partners-with-vorboss-to-strengthen-business-connectivity/,2025-02-27T11:01:19+00:00
https://fibrenews.co.uk/category/all-news/,Quickline Rolls Out Full Fibre to Hard-to-Reach Homes in Lincolnshire & East Yorkshire,"Thousands of rural homes and businesses across Lincolnshire and the East Riding of Yorkshire are finally getting the broadband speeds they deserve. Quickline is delivering full fibre broadband as part of the government-backed Project Gigabit, bringing next-generation connectivity to communities that have long been left behind. Since securing the contract in summer 2024, Quickline has already connected nearly 850 funded homes and businesses to gigabit-capable broadband. The first areas to benefit include the villages of Ruskington, Ancaster, and Burgh le Marsh in the south of Lincolnshire. But this is just the start. Work is now pushing further north, with North Cave and Gilberdyke in the East Riding of Yorkshire next in line. Holme on Spalding Moor will follow soon after. The rollout is moving fast—just six months after securing the contract, the first homes were live, and four months after breaking ground, residents were able to connect. In total, the contract will bring full fibre to nearly 72,000 properties. On top of that, another 50,000 premises will benefit from Quickline’s separate commercial rollout. This means tens of thousands of people in rural areas will finally have access to reliable, high-speed internet. Dan Hague, Project Delivery Director at Quickline, said: “Bringing high-speed broadband to rural communities is what we do best. From day one, the focus has been on getting results quickly, and connecting over 800 premises in just a few months is a huge milestone. Our teams are working tirelessly to bring reliable broadband to areas that have struggled for too long.” Telecoms Minister Sir Chris Bryant added: “Poor connectivity has been a major challenge for people living and working in rural Lincolnshire and East Yorkshire. Whether it’s remote NHS consultations or simply staying in touch with loved ones, fast broadband is essential. Thanks to this government-funded rollout, thousands of homes and businesses will now have access to the fastest speeds on the market, boosting the local economy and improving everyday life.” Homes and businesses in the rollout areas can now book their installation and get connected. The digital divide is closing—one village at a time.",https://fibrenews.co.uk/quickline-rolls-out-full-fibre-to-hard-to-reach-homes-in-lincolnshire-east-yorkshire/,2025-02-25T23:09:00+00:00
https://fibrenews.co.uk/category/all-news/,"Gigaclear Begins Project Gigabit Build to Connect 9,500 Oxfordshire Premises","Gigaclear has begun work on Project Gigabit in Oxfordshire, aiming to connect around 9,500 homes and businesses to full-fibre broadband. The £25.4m government-funded initiative targets hard-to-reach areas, with Gigaclear installing over 250km of new ducting—50% of which will utilise existing infrastructure. Nathan Rundle, CEO of Gigaclear, said: “Our mission is to bring full-fibre broadband to rural communities, and Project Gigabit is key to making that happen. As an Oxfordshire-based business, we’re committed to improving digital access in the county and delivering fast, reliable connectivity to local residents.” Telecoms Minister Sir Chris Bryant added: “Many communities in Oxfordshire have been excluded from the benefits of fast broadband. Through Project Gigabit, we’re closing those digital gaps and moving closer to our goal of full gigabit coverage by 2030.” Work is now underway, with completion expected by November 2026. Project Gigabit is part of the government’s strategy to ensure no rural community is left behind, delivering the same digital opportunities already available in larger towns and cities.",https://fibrenews.co.uk/gigaclear-begins-project-gigabit-build-to-connect-9500-oxfordshire-premises/,2025-02-18T08:27:45+00:00
https://fibrenews.co.uk/category/all-news/,Freedom Fibre Appoints Lindsey Sutherland as Chief Operations Officer,"Freedom Fibre has appointed Lindsey Sutherland as Chief Operations Officer (COO), effective 4th March 2025. Lindsey brings 30 years of experience in engineering and IT, with a background spanning the military, data systems, and telecoms. His career began with active service in Bosnia and Northern Ireland before founding a data systems business that supported transformation projects in the NHS and military shipbuilding. He later led technology integration at Community Fibre and served as CTO at SaaS VoIP provider Nebula. Lindsey said: “I’m proud to join Freedom Fibre at such a pivotal time. The broadband industry is evolving rapidly, and we must stay ahead to ensure we deliver the best possible service.” Nathan Vautier, CEO of Freedom Fibre, added: “Lindsey’s experience and leadership are a perfect fit for our ambitions. We’re excited to have him on board as we continue to scale.”",https://fibrenews.co.uk/freedom-fibre-appoints-lindsey-sutherland-as-chief-operations-officer/,2025-02-17T08:58:55+00:00
https://fibrenews.co.uk/category/all-news/,Quickline Partners with South Yorkshire Community Foundation to Tackle Unemployment,"Quickline, the rural broadband provider, has announced a transformative partnership with South Yorkshire’s Community Foundation (SYCF) to tackle unemployment across the region. The initiative will see the launch of the QFutures Community Fund , aimed at boosting employment prospects for individuals aged 30 and over in Barnsley, Doncaster, Rotherham, and Sheffield. This new collaboration also secures the continuation of SYCF’s acclaimed Moving On Up (MOU) programme, which focuses on improving the employability and skills of those aged 30 and under. Initially launched as a pilot three years ago, MOU has already made a significant impact, awarding almost £300,000 in grants to 24 local groups and organisations. Quickline, known for providing fast, reliable broadband to rural homes in Yorkshire and Lincolnshire, views this partnership as a vital element of its social values programme, developed in alignment with the UK government’s Project Gigabit . The initiative demonstrates the company’s commitment to fostering not just connectivity, but opportunities for meaningful change in the communities it serves. Michelle Dickinson, Head of Philanthropy and Programmes at SYCF, welcomed the partnership: “The employment landscape remains a growing challenge for employers, educators, and particularly our young people. SYCF’s vision to inspire and prepare people for the fast-changing world of work mirrors Quickline’s ambitions to tackle unemployment in the region. Together, we aim to break down barriers and create lasting opportunities.” Quickline’s investment in the QFutures Community Fund will channel resources to projects targeting unemployment for those over 30, complementing the ongoing work of Moving On Up . Grants of up to £15,000 have already been allocated to groups across South Yorkshire, supporting their efforts to connect people with businesses and improve employability. Julie Holmes, Social Values Manager at Quickline, said: “At Quickline, we’re passionate about more than just broadband; we’re committed to connecting communities with opportunities. Our partnership with SYCF is about driving real, lasting change—tackling unemployment and supporting the people who need it most in the region. By investing in these initiatives, we’re helping to build brighter futures for South Yorkshire.” Quickline recently secured four major contracts under Project Gigabit , enabling it to bring full-fibre broadband to almost 170,000 homes and businesses in rural areas of Yorkshire and Lincolnshire. Alongside this government-backed rollout, the company is expanding its commercial network to reach an additional 190,000 premises, ensuring that rural communities are equipped for the digital age while benefitting from broader social initiatives like the QFutures Community Fund. With SYCF standing as the region’s largest grant-giving charity, awarding £1.7 million to over 400 groups in the past year, the partnership with Quickline underscores a shared commitment to creating positive change. Together, they’re tackling one of South Yorkshire’s most pressing challenges, equipping individuals with the skills and support they need to thrive in today’s job market.",https://fibrenews.co.uk/quickline-partners-with-south-yorkshire-community-foundation-to-tackle-unemployment/,2025-01-15T09:27:24+00:00
https://fibrenews.co.uk/category/all-news/,nexfibre Calls for Action in Upcoming Telecoms Access Review,"nexfibre has released its latest report, UK Fibre: A Fork in the Road , outlining key recommendations for Ofcom’s upcoming Telecoms Access Review (TAR). The report emphasizes the need for regulatory changes to sustain investment in full-fibre rollout, foster long-term competition, and curb anti-competitive practices by the dominant operator. With the UK’s full-fibre market fragmented and many sub-scale operators under financial pressure, rollout progress has slowed significantly this year. nexfibre argues that Ofcom must act decisively to maintain the pace of expansion and ensure a competitive digital infrastructure market. Key recommendations include maintaining regulation on the dominant operator, introducing a margin squeeze test to prevent unfair pricing, addressing transparency issues in BT Openreach’s PIA charges, ensuring fair regulation during the copper-to-fibre transition, and focusing on sustainable, scaled competition through market consolidation. nexfibre, one of the UK’s largest full-fibre wholesale providers, invested £1bn in digital infrastructure this year, positioning itself as the second-largest alternative network provider in just two years. Giles Rowbotham, General Counsel and Chief Development Officer at nexfibre, said: “The UK has made terrific progress in expanding full fibre broadband in recent years, thanks in part to the conditions created by the last Ofcom review. However, this progress is fragile. The current market structure is unsustainable, and the Ofcom review comes at a pivotal moment for this country’s digital infrastructure market.” He added, “To ensure innovation and investment in digital infrastructure, the UK needs a regulatory environment that balances stable regulation with a pragmatic view of market consolidation while firmly restricting behavior that stymies meaningful nationwide competition.” Dave Carter, Honorary Fellow, Manchester Urban Institute, University of Manchester “In our international work, we see how open markets backed up by more sophisticated approaches to regulation are essential foundations for effective FTTH rollout and take up. The UK has so much potential for accelerating deployment and using this in supporting economic growth and social cohesion. This is why proposals which provide for more effective regulation which constrains anti-competitive behaviour, provides regulatory stability, as well as supports innovation are to be welcomed.” “Ahead of the Telecoms Access Review this report is timely. It is important that action is taken to ensure effective regulation while, at the same time, promoting more open business environments. Through doing so we can continue to facilitate new and innovative approaches being championed by networks like nexfibre .” Dr Anita Greenhill, Alliance Manchester Business School, The University of Manchester. “This is an astute report which highlights the importance of regulatory frameworks that promote and protect competition in the fibre infrastructure market. As the Telecoms Access Review approaches, the report’s findings underscore the urgency of creating a regulatory environment that supports fair competition and tackles barriers to entry and expansion that network providers currently face. The UK has significant potential with continued Fibre -to-the-Home deployment, but without effective regulation which provides regulatory stability and curtails anti-competitive behaviour, progress is at risk. High quality, financially sustainable network operators, such as nexfibre, are playing an important role in delivering advanced digital infrastructure and national-scale competition in the market. It is important that the regulator addresses their concerns and puts in-place a regulatory framework which can deliver the digital infrastructure the UK needs to support economic growth and enhance social cohesion.” Dr Anita Greenhill, Alliance Manchester Business School, The University of Manchester. As the Telecoms Access Review approaches, nexfibre is calling for swift action to secure a competitive, resilient market capable of driving economic growth and ensuring the UK’s digital future.",https://fibrenews.co.uk/nexfibre-calls-for-action-in-upcoming-telecoms-access-review/,2025-01-15T09:22:08+00:00
https://fibrenews.co.uk/category/all-news/,Fibrenews Podcast – EP. 15 – Mark Pillow & Paul Gibbs – VoIP unlimited,"In our latest episode, Jonny Rae sits down with Mark Pillow, Managing Director at VoIP Unlimited, and Paul Gibbs, Sales Director. Together, they explore how VoIP Unlimited is achieving impressive growth with their disruptive voice products and delve into the world of connectivity. The conversation covers several key topics, including the role of AI in the channel, the growth and benefits of FTTP, and what resellers truly need from their wholesale providers. We also gain insight into how VoIP Unlimited stays ahead of the curve with their in-house development team, the story of how it all began, and how the team continues to evolve to deliver unique features in a competitive market. Plus, there’s a look at what’s in store for partners and prospects in 2025 and beyond. A big thank you to this episode’s sponsor, CoSoft. If you’re looking for bespoke development, be sure to check them out! www.cosoft.co.uk Tune in wherever you listen to your podcasts, or watch the episode below.",https://fibrenews.co.uk/fibrenews-podcast-ep-15-mark-pillow-paul-gibbs-voip-unlimited/,2025-01-13T10:51:25+00:00
https://fibrenews.co.uk/category/all-news/,Elevate Wholesale –  Chewing The Channel Podcast – Ep. 2 – Andy Tatlock,"In the second episode of Chewing The Channel podcast, Will Goodall, Head of Wholesale at Elevate Wholesale, sits down with Andy Tatlock, CRO at Elevate. Together, they dive into a fascinating discussion about Andy’s career journey and, more importantly, provide a behind-the-scenes look at the sales culture within the Channel. Andy shares insights with Will about the ongoing “altnet” race and how to stay ahead when driving connectivity into the Channel. He also delves into the story behind the rebranding of the former Telcom Group to Elevate Wholesale, explaining the thought process and what the new brand means for both existing and future partners, going into detail on precisely what “Ground To Cloud” entails. The episode offers a valuable perspective on how Elevate Wholesale sees its position in the market, as well as an exciting preview of new products designed to help resellers boost their RPU. Catch the episode below or tune in wherever you get your podcasts!",https://fibrenews.co.uk/elevate-wholesale-chewing-the-channel-podcast-ep-2-andy-tatlock/,2025-01-09T10:31:30+00:00
https://fibrenews.co.uk/category/all-news/,nexfibre Hits Two Million Premises Passed Milestone,"nexfibre has reached a landmark milestone, announcing that its full-fibre network now passes two million premises and is ready for service. This achievement highlights the operator’s rapid progress in delivering high-quality fibre connectivity to underserved suburban and semi-rural areas, driving competition and innovation in the UK’s broadband market. Achieving this milestone in just two years, nexfibre has built its network at an unprecedented pace, making it the UK’s second-largest alternative network provider. The company’s partnership with Virgin Media O2 has been instrumental in this rapid expansion, with nexfibre delivering more new connections in 2024 than any other provider except for the incumbent. The success of nexfibre’s rollout is attributed to its focus on high-density builds, rigorous quality controls, and its exclusive use of XGS-PON technology. As the only major provider deploying 10Gbps-capable XGS-PON technology at scale, nexfibre is setting new standards in network performance and future-proofing its infrastructure for years to come. Rajiv Datta, Chief Executive Officer of nexfibre, said: “Reaching two million premises is testament to the dedication of our team and the support of our partners and investors. It reflects our commitment to building a network that prioritises underserved communities and creates a real and lasting impact – most of all by driving economic growth and improving living standards across the UK. “This is an outstanding achievement in just two years of operation – making nexfibre the UK’s second largest alternative network. However, our work is far from done. Our mission is to be part of a network platform that drives sustainable, nationwide competition, provides a genuine alternative to Openreach, and transforms access to broadband across the country.“ Operating as a wholesale-only provider, nexfibre’s singular focus is on delivering high-quality, technologically advanced full-fibre infrastructure to meet the needs of ISPs and businesses. Its partnership with Virgin Media O2 already enables broadband speeds of up to 2Gbps across the nexfibre network, setting the stage for the UK’s first nationwide challenger to Openreach and expanding choice for consumers. Full-fibre infrastructure isn’t just about connectivity—it’s the foundation for the UK’s digital future. By driving innovation, supporting economic growth, and enabling a more inclusive society, nexfibre is contributing to the Labour government’s mission of building a stronger, fairer economy. This milestone signals a transformative step forward in achieving those goals, with nexfibre leading the charge.",https://fibrenews.co.uk/nexfibre-hits-two-million-premises-passed-milestone/,2025-01-09T09:48:08+00:00
https://fibrenews.co.uk/category/all-news/,Fibrenews Podcast – EP. 14 – Sean Royce – CEO Quickline,"In this episode, Jonny Rae sits down with Sean Royce , CEO of Quickline Communications Limited . Quickline has secured an impressive four BDUK contracts to deliver gigabit-capable full fibre broadband to 170,000 rural premises. The total subsidy awarded amounts to £300 million. This makes Quickline the UK’s second-largest Project Gigabit regional delivery partner. In the episode (recorded at Quickline’s HQ) we delve into the challenges of delivering full fibre to rural areas, the intricacies of the Project Gigabit process, Quickline’s journey to success, and everything else in between. A huge thank you to this episode’s sponsors: Elevate® Wholesale : Bringing change to the channel. Competitive pricing is a given. Elevate’s key focus is on service delivery, getting your customers connected as fast as possible, and your revenue realised quickly. CoSoft: Telco & Broadband’s go to software development house. Industry developers who understand our jargon. Portal builds, availability checkers, integrations, and more.",https://fibrenews.co.uk/fibrenews-podfibrenews-podcast-ep-14-sean-royce-ceo-quickline/,2025-01-13T10:46:04+00:00
https://fibrenews.co.uk/category/all-news/,Dotlines UK Teams Up with The Kenton Group as National Distributor for Audra Security,"Dotlines UK has teamed up with The Kenton Group to become the UK’s national distributor of Audra Security products, taking a major leap toward making digital security more accessible to homes and small businesses across the country. With cyberattacks on the rise, it’s often families and small businesses that bear the brunt. This partnership aims to change that, delivering affordable, easy-to-use tools to help people stay safe online. Audra Security is an innovative suite of hardware and software products designed to enhance how homes and small businesses manage their security and internet usage. It’s a game-changer for anyone looking to take control of their online safety without the need for complex systems or hefty price tags. The Kenton Group, with over 40 years of industry expertise, is perfectly placed to make this happen. Their vast network of resellers and managed service providers already serves more than 225 customers and manages over 150,000 devices. By adding Audra Security to their portfolio, The Kenton Group is tackling cybersecurity inequality head-on, ensuring these essential tools reach the people who need them most. This partnership goes beyond distribution. The Kenton Group and Dotlines UK will also collaborate on other products in Dotlines’ portfolio, strengthening their shared mission to make digital solutions simple, effective, and widely available. Olly Sedden, Product, Marketing & Commercial Director of Dotlines UK, summed it up: “Small businesses and families deserve better access to digital safety. This partnership with The Kenton Group allows us to leverage their incredible expertise and long-standing relationships, while offering an innovative new product that truly addresses key pain points for customers. Audra Security is just the beginning, and together, we’re committed to unlocking its full potential in the UK.” Che Smith, Managing Director of The Kenton Group, echoed the sentiment: “Kenton has always been about introducing cutting-edge solutions to the market, and Audra Security fits perfectly with that vision. This partnership is about breaking down barriers—making technology affordable and accessible for everyone, not just the big players. With Audra, we’re empowering businesses and families to thrive online.”",https://fibrenews.co.uk/dotlines-uk-teams-up-with-the-kenton-group-as-national-distributor-for-audra-security/,2025-01-08T11:53:51+00:00
https://fibrenews.co.uk/category/all-news/,"Ogi Completes Multimillion-Pound Cardiff Fibre Upgrade, Connecting Businesses to a Digital Future","Wales’s home-grown full fibre provider, Ogi, has completed a transformative multimillion-pound programme, delivering 10 Gigabit-capable full fibre connectivity to Cardiff’s city centre economic gateway. This development marks a significant milestone in equipping the Welsh capital with world-class digital infrastructure. Following an extensive build in the Ocean Way industrial zone, Ogi now shifts focus to the Central Square enterprise area and surrounding landmarks like St Mary Street. By connecting Cardiff to its state-of-the-art “dark network,” which stretches along the M4 corridor and across the Prince of Wales Bridge, Ogi is injecting much-needed network resilience, diversity, and wholesale capacity into a thriving hub for financial, legal, and creative industries. This investment underscores Ogi’s commitment to revitalising urban centres, providing the digital backbone needed to support businesses, retail, and residential zones in a rapidly evolving digital age. The upgraded network is poised to empower businesses with unmatched speed and stability, unlocking opportunities for growth and innovation while bolstering Cardiff’s position as a leading UK tech hub. As part of its broader plans across the city, Ogi has also played a vital role in upgrading connectivity for Cardiff’s historic Market, contributing to its £6.5 million restoration project. Beyond the city centre, the rollout reflects Ogi’s wider ambition to connect South Wales with cutting-edge telecoms technology, enhancing urban, suburban, and rural communities alike. Ben Allwright, Chief Executive Officer at Ogi, commented, “Cardiff is home to some of the UK’s leading enterprises and many of Wales’s largest organisations, including key public sector bodies, educational institutions, and cultural landmarks. These are businesses and institutions that demand robust, enterprise-grade digital services. “As a proud Welsh telecoms provider, Ogi is working tirelessly to ensure Cardiff remains competitive on the national stage. By delivering next-generation technologies, including enabling the use of AI, we’re driving productivity and innovation while contributing to the growth of Wales’s economy.” This rollout positions Cardiff as one of the most connected cities in the UK, enhancing the capital’s ability to attract investment and support its growing status as a technology-forward destination. For Ogi, this represents another step in its mission to deliver the infrastructure communities need for today—and for the future.",https://fibrenews.co.uk/ogi-completes-multimillion-pound-cardiff-fibre-upgrade-connecting-businesses-to-a-digital-future/,2025-01-07T11:27:08+00:00
https://fibrenews.co.uk/category/all-news/,Quickline to support more than 500 students through Lincolnshire Institute of Technology bursary,"Quickline is empowering over 500 underrepresented students in Lincolnshire with the skills they need to thrive in science, technology, engineering, and maths (STEM) fields. As the newest employment partner of the Lincolnshire Institute of Technology (LIoT), the rural broadband provider is sponsoring a dedicated bursary to support students across the county’s colleges and universities. This partnership reflects Quickline’s mission to create opportunities and break down barriers for those often overlooked in traditional education pathways. The bursary, funded by Quickline, aims to make STEM education more accessible by supporting mature students, parents, individuals from low-income families, those with disabilities, and former care leavers. Eligible students enrolled in level 4 and 5 courses can use the funds to cover study materials, travel, and additional childcare costs, easing financial pressures and allowing them to focus on their education. Mick Lochran, Director of the LIoT, welcomed Quickline’s involvement: “It’s fantastic to have Quickline Communications join us as an employment partner. Their commitment to accessibility and inclusivity will play a vital role in helping underrepresented groups overcome the barriers to achieving higher-level technical qualifications and entering the workforce.” Quickline’s Head of Engagement and Enablement, Julian Chalk, echoed this sentiment: “We’re thrilled to partner with the Lincolnshire Institute of Technology and bring our ethos of accessibility into the realm of education. Just as we connect rural communities left behind by other providers, we want to ensure every aspiring STEM professional has access to the tools they need to succeed. This partnership is a natural extension of our commitment to inclusivity and social value.” This initiative is part of Quickline’s broader social value commitment under its four government-awarded Project Gigabit contracts. These contracts cover Yorkshire and most of Lincolnshire, aiming to deliver gigabit-capable broadband to 170,000 hard-to-reach premises. The programme targets areas not included in commercial broadband rollout plans, ensuring no community is left behind in the digital age. The LIoT partnership also aligns Quickline with other prominent organisations, including Bakkavor and United Lincolnshire Hospitals NHS Trust, as they collaborate to address regional skills gaps. The Lincolnshire Institute of Technology is a network of education providers and employers across the county, backed by £290 million in government funding. As part of a national initiative of 21 IoTs, LIoT specialises in equipping learners with the technical skills needed to fill immediate gaps in the workforce while building a talent pipeline for the future. Quickline’s involvement represents a step forward for both the education and connectivity landscapes in Lincolnshire, bringing meaningful opportunities to the region’s underserved communities.",https://fibrenews.co.uk/quickline-champions-stem-education-with-bursary-for-underrepresented-students-in-lincolnshire/,2025-01-07T11:20:43+00:00
https://fibrenews.co.uk/category/all-news/,Connect Fibre rolls out Wi-Fi 7 across all broadband plans,"Connect Fibre, a community-focused full fibre broadband provider, has launched Wi-Fi 7 across all its contracted packages. After thorough testing with top global manufacturers, the company is bringing next-gen tech to customers at no extra cost, sticking to its fair-pricing promise. The upgrade sets a new standard in the UK fibre market, making cutting-edge connectivity accessible without premium fees. Alongside Wi-Fi 7, Connect Fibre offers flexibility with 24-month contracts for lower rates or 12-month options for shorter commitments. The provider has also boosted its entry-level plan from 150Mbps to 250Mbps at no additional cost (on a 24-month deal), while its top-tier package now hits 2000Mbps. What Wi-Fi 7 brings Wi-Fi 7 uses advanced radio tech and new frequencies for faster, interference-free connections. Benefits include: Faster speeds : Multi-gigabit performance beats Wi-Fi 6, perfect for streaming and gaming. Lower latency : Reduced delays enhance gaming, AR/VR, and video calls. More capacity : Supports multiple devices with 8×8 MU-MIMO, ideal for smart homes. Stefan Stanislawski, CEO of Connect Fibre, said: “The launch of Wi-Fi 7 is a game-changer, and we’re proud to be leading the charge in bringing this cutting-edge technology to our customers. At Connect Fibre, innovation and customer experience are at the heart of everything we do. We believe everyone should have access to the best possible connectivity without barriers or premium pricing. With Wi-Fi 7, we’re not just keeping up with the future – we’re shaping it.”",https://fibrenews.co.uk/connect-fibre-rolls-out-wi-fi-7-across-all-broadband-plans/,2025-03-07T09:11:00+00:00
https://fibrenews.co.uk/category/all-news/,Daisy Communications Strikes Long-Term Partnership with AllPoints Fibre Networks,"Daisy Communications has signed a long-term strategic partnership with AllPoints Fibre Networks (APFN), securing access to a national full-fibre network through APFN’s aquila wholesale platform. With aquila , Daisy can instantly connect to millions of premises via a single, API-first platform—eliminating the complexity of managing multiple fibre networks. As part of the deal, Daisy will also acquire APFN’s B2B direct customer base, previously managed under the Giganet brand. Both companies have confirmed that customers will see no change to their service levels or pricing, while also gaining access to Daisy’s wider product suite and industry-leading support. The partnership takes effect immediately, and customers moving to Daisy have already been informed. Jarlath Finnegan, Group CEO at AllPoints Fibre Networks, said: “The Daisy deal marks another key milestone for APFN. Daisy now has access to the UK’s largest full-fibre wholesale network, benefiting the customers who have supported us along the way. We want to thank them and look forward to continuing that support through Daisy in the years ahead.” Dave McGinn, CEO at Daisy Communications, added: “We’re excited to bring the UK’s largest full-fibre wholesale network to our customers through this partnership. We also welcome the new businesses joining Daisy as part of the deal and look forward to working with them to keep Britain connected.”",https://fibrenews.co.uk/daisy-communications-strikes-long-term-partnership-with-allpoints-fibre-networks/,2025-03-03T09:41:12+00:00
https://fibrenews.co.uk/category/all-news/,Voiceflex Partners with Vorboss to Strengthen Business Connectivity,"Voiceflex has joined forces with Vorboss, London’s leading business ethernet fibre provider, to support partners with connectivity growth in the capital. Reliable connectivity is essential for modern businesses. Without a solid connection to the cloud, operations slow down or stop entirely. Many of Voiceflex’s services run in real-time, making uptime and performance critical. A system is only as strong as its weakest link. Partnering with a specialist fibre provider gives businesses access to high-speed, low-latency internet built for handling data-heavy applications, cloud services, and communication tools. Fibre isn’t just faster than traditional broadband—it’s more stable, scalable, and designed to support growing demands. Paul Taylor, CCO of Voiceflex, said: “We’re really impressed by their uptime stats, but even more so by the money-back service credits. If an outage goes beyond four minutes, an automatic credit is applied at the end of the month. That level of accountability is rare.” For businesses that need dependable, high-quality connectivity, this partnership makes a lot of sense.",https://fibrenews.co.uk/voiceflex-partners-with-vorboss-to-strengthen-business-connectivity/,2025-02-27T11:01:19+00:00
https://fibrenews.co.uk/category/all-news/,Quickline Rolls Out Full Fibre to Hard-to-Reach Homes in Lincolnshire & East Yorkshire,"Thousands of rural homes and businesses across Lincolnshire and the East Riding of Yorkshire are finally getting the broadband speeds they deserve. Quickline is delivering full fibre broadband as part of the government-backed Project Gigabit, bringing next-generation connectivity to communities that have long been left behind. Since securing the contract in summer 2024, Quickline has already connected nearly 850 funded homes and businesses to gigabit-capable broadband. The first areas to benefit include the villages of Ruskington, Ancaster, and Burgh le Marsh in the south of Lincolnshire. But this is just the start. Work is now pushing further north, with North Cave and Gilberdyke in the East Riding of Yorkshire next in line. Holme on Spalding Moor will follow soon after. The rollout is moving fast—just six months after securing the contract, the first homes were live, and four months after breaking ground, residents were able to connect. In total, the contract will bring full fibre to nearly 72,000 properties. On top of that, another 50,000 premises will benefit from Quickline’s separate commercial rollout. This means tens of thousands of people in rural areas will finally have access to reliable, high-speed internet. Dan Hague, Project Delivery Director at Quickline, said: “Bringing high-speed broadband to rural communities is what we do best. From day one, the focus has been on getting results quickly, and connecting over 800 premises in just a few months is a huge milestone. Our teams are working tirelessly to bring reliable broadband to areas that have struggled for too long.” Telecoms Minister Sir Chris Bryant added: “Poor connectivity has been a major challenge for people living and working in rural Lincolnshire and East Yorkshire. Whether it’s remote NHS consultations or simply staying in touch with loved ones, fast broadband is essential. Thanks to this government-funded rollout, thousands of homes and businesses will now have access to the fastest speeds on the market, boosting the local economy and improving everyday life.” Homes and businesses in the rollout areas can now book their installation and get connected. The digital divide is closing—one village at a time.",https://fibrenews.co.uk/quickline-rolls-out-full-fibre-to-hard-to-reach-homes-in-lincolnshire-east-yorkshire/,2025-02-25T23:09:00+00:00
https://fibrenews.co.uk/category/all-news/,"Gigaclear Begins Project Gigabit Build to Connect 9,500 Oxfordshire Premises","Gigaclear has begun work on Project Gigabit in Oxfordshire, aiming to connect around 9,500 homes and businesses to full-fibre broadband. The £25.4m government-funded initiative targets hard-to-reach areas, with Gigaclear installing over 250km of new ducting—50% of which will utilise existing infrastructure. Nathan Rundle, CEO of Gigaclear, said: “Our mission is to bring full-fibre broadband to rural communities, and Project Gigabit is key to making that happen. As an Oxfordshire-based business, we’re committed to improving digital access in the county and delivering fast, reliable connectivity to local residents.” Telecoms Minister Sir Chris Bryant added: “Many communities in Oxfordshire have been excluded from the benefits of fast broadband. Through Project Gigabit, we’re closing those digital gaps and moving closer to our goal of full gigabit coverage by 2030.” Work is now underway, with completion expected by November 2026. Project Gigabit is part of the government’s strategy to ensure no rural community is left behind, delivering the same digital opportunities already available in larger towns and cities.",https://fibrenews.co.uk/gigaclear-begins-project-gigabit-build-to-connect-9500-oxfordshire-premises/,2025-02-18T08:27:45+00:00
https://fibrenews.co.uk/category/all-news/,Freedom Fibre Appoints Lindsey Sutherland as Chief Operations Officer,"Freedom Fibre has appointed Lindsey Sutherland as Chief Operations Officer (COO), effective 4th March 2025. Lindsey brings 30 years of experience in engineering and IT, with a background spanning the military, data systems, and telecoms. His career began with active service in Bosnia and Northern Ireland before founding a data systems business that supported transformation projects in the NHS and military shipbuilding. He later led technology integration at Community Fibre and served as CTO at SaaS VoIP provider Nebula. Lindsey said: “I’m proud to join Freedom Fibre at such a pivotal time. The broadband industry is evolving rapidly, and we must stay ahead to ensure we deliver the best possible service.” Nathan Vautier, CEO of Freedom Fibre, added: “Lindsey’s experience and leadership are a perfect fit for our ambitions. We’re excited to have him on board as we continue to scale.”",https://fibrenews.co.uk/freedom-fibre-appoints-lindsey-sutherland-as-chief-operations-officer/,2025-02-17T08:58:55+00:00
https://fibrenews.co.uk/category/all-news/,Freedom Fibre Signs Armed Forces Covenant to Support Military Community,"Freedom Fibre has proudly signed the Armed Forces Covenant, underscoring its commitment to recognising and supporting those who have served in the military. The North West and Midlands-based telecommunications company, which is currently rolling out gigabit-capable broadband in North Shropshire and planning to expand into rural Cheshire in 2025, is integrating this pledge into its growing operations. As part of this commitment, Freedom Fibre will create opportunities for the Armed Forces community through employment, upskilling initiatives, and fundraising efforts. Veterans already play pivotal roles within the company across departments such as build, project management, and engineering. Steve Slingsby, a former Royal Engineer and now Head of Build Assurance at Freedom Fibre, highlighted the importance of this initiative: “As a former member of the armed forces, working for a business that values the Armed Forces Covenant means a great deal to me. It’s vital that the unique skills veterans bring, such as technical expertise, problem-solving abilities, and adaptability, are recognised. My role at Freedom Fibre has allowed me to use my training and experience in meaningful ways, and I encourage others to explore the contributions they can make to the telecoms industry.” The Armed Forces Covenant acknowledges the sacrifices made by service personnel and their families and emphasises the moral obligation to provide fair treatment and equal opportunities. Nathan Vautier, CEO of Freedom Fibre, shared his perspective: “Freedom Fibre is proud to stand alongside the Armed Forces community by signing the Covenant. Veterans bring unparalleled qualifications, experience, and dedication to complex infrastructure projects like ours, delivering gigabit fibre to Britain. As part of our pledge, we actively encourage flexibility, mobilisation, and understanding within our workforce. We look forward to welcoming more former service members and continuing to support initiatives that recognise the invaluable contributions of our Armed Forces.” Through its partnership with the Armed Forces Covenant, Freedom Fibre is not only expanding its broadband network but also its dedication to supporting the nation’s service community. For more information about the Armed Forces Covenant, visit here .",https://fibrenews.co.uk/freedom-fibre-signs-armed-forces-covenant-to-support-military-community/,2025-01-07T10:58:48+00:00
https://fibrenews.co.uk/category/all-news/,FluidOne Appoints Graham Dickie as CFO to Lead Next Growth Phase,"FluidOne has appointed Graham Dickie as its new Chief Financial Officer, with the role officially commencing on 6th January 2025. Bringing over two decades of financial leadership to the business, Graham’s extensive experience will play a pivotal role in shaping FluidOne’s future as it continues its journey of growth and innovation. Graham has a distinguished career, having served as CFO in multinational businesses with revenues exceeding £100m since 2006. He has a proven track record of leading transformative projects, including raising finance, enhancing profitability, and developing robust pricing strategies to support sales teams. His expertise spans large-scale restructuring, refinancing, and value creation across both private equity-backed firms and multi-billion-dollar listed organisations. With his comprehensive leadership and commercial acumen, Graham is set to drive the next phase of FluidOne’s expansion. FluidOne has undergone a remarkable transformation since its management buyout six years ago, led by CEO Russell Horton and supported by Livingbridge. In that time, the company has grown fourfold, achieving revenues of £113m and evolving from a connectivity specialist into a managed service provider focused on IT and cybersecurity. Over half of its revenue now comes from IT and cybersecurity services, with recurring revenue exceeding 70%. FluidOne’s customer-centric approach has earned it a reputation for exceptional service, reflected in its impressive Net Promoter Score of 82 as of November 2024. With a portfolio of 2,400 customers, the company designs tailored solutions that integrate seamlessly with in-house IT systems, enabling secure access to complex hybrid environments and applications. FluidOne’s award-winning culture combines being a great place to work with delivering industry-leading service, a balance that sets it apart in the IT and cyber space. Looking ahead, the company is gearing up for a new phase of strategic growth, aiming for £300m in turnover by 2030 through a combination of organic growth and acquisitions. Already boasting nine successful acquisitions in recent years, FluidOne remains committed to maintaining its high standards of quality as it scales. Russell Horton, CEO of FluidOne, expressed his excitement at Graham’s arrival: “Graham’s deep financial expertise and experience in executing buy-and-build strategies make him the perfect fit for FluidOne at this exciting stage. His immediate cultural alignment with our team and his ability to drive results will be instrumental as we push forward with our ambitious plans.” Graham Dickie added: “I’m thrilled to be joining FluidOne at such a pivotal moment in its journey. The company has achieved incredible growth and is poised to solidify its position as a leader in IT, cyber, and communications solutions. I’m eager to contribute to its ongoing success.” As CFO, Graham will join the group board alongside Russell Horton and CIO Chris Rogers, bringing fresh energy and expertise to FluidOne’s ambitious vision for the future.",https://fibrenews.co.uk/fluidone-appoints-graham-dickie-as-cfo-to-lead-next-growth-phase/,2025-01-07T13:06:48+00:00
https://fibrenews.co.uk/category/all-news/,Voneus Ends £12m Project Gigabit Contract in Shropshire Amid Customer Complaints,"Rural broadband provider Voneus has withdrawn from its £12m Project Gigabit contract to connect over 6,000 homes in mid-west Shropshire. The decision, described as mutual, follows ongoing concerns about the company’s current service and the challenges of delivering high-speed connectivity in the region. The contract, awarded in March 2024, was set to provide gigabit-capable connections to some of the country’s most remote areas, with the first customers expected online in 2025. However, Voneus has faced a flood of complaints from customers who cited slow speeds and unreliable service, according to the BBC . Building Digital UK (BDUK) , the government agency responsible for overseeing the rollout, has promised to act quickly to find alternative suppliers to ensure the affected properties are connected as planned. In a joint statement, Voneus and BDUK confirmed their agreement to terminate the contract. “We are moving swiftly to put in place alternative plans with other suppliers to connect premises that were due to be connected,” a BDUK spokesperson said. Local councillor Heather Kidd has been vocal about the impact of poor connectivity on rural communities. “Working from home isn’t a luxury—it’s essential,” she said. Kidd also highlighted the reliance on landline-based VoIP services due to poor mobile phone coverage, leaving many residents “completely cut off.” Voneus initially responded by pledging to improve communication with affected communities, but these efforts appear to have fallen short. The termination of the Project Gigabit contract raises fresh concerns about the future of broadband services in mid-west Shropshire, especially for customers still relying on Voneus’s existing wireless network. “This decision will undoubtedly affect Voneus’s business case,” Kidd said. “While the termination may be the right move, the current system still requires urgent support and improved customer care.” BDUK now faces the challenge of finding a reliable alternative provider to ensure rural Shropshire is not left behind in the UK’s digital transformation. We may see similar “project migrations” next year (2025) as a large amount of projects were awarded and began rolling out this year (2024).",https://fibrenews.co.uk/voneus-ends-12m-project-gigabit-contract-in-shropshire-amid-customer-complaints/,2025-01-03T09:06:45+00:00
https://fibrenews.co.uk/category/all-news/,Wessex Internet Connects First South Wiltshire Home Under Project Gigabit,"Wessex Internet has reached a key milestone in South Wiltshire, connecting its first customer as part of the £18.8 million Project Gigabit rollout. Zoe Hallett of Bapton is the first to benefit from the full fibre network, which aims to bring ultrafast broadband to 14,500 rural properties. The rollout spans the Wylye Valley and surrounding villages, delivering Fibre to the Premises (FTTP) speeds of up to 10Gbps. Telecoms Minister Sir Chris Bryant praised the project for driving economic growth and tackling digital exclusion in hard-to-reach areas. Telecoms Minister Sir Chris Bryant said: “Project Gigabit is all about giving people the infrastructure they need not only to live, but to thrive in the place they call home – no matter how rural or isolated. “These connections will make a significant difference to thousands of families and individuals, who will find it easier to stay in touch with loved ones and speak to their GPs on video call. “Plugging connectivity black holes in hard-to-reach areas isn’t only helping this government achieve its mission to kickstart economic growth, but is also allowing us tackle digital exclusion, something which continues to hold back far too many communities across the UK.” Hector Gibson Fleming, CEO at Wessex Internet said: “We’re excited to welcome the first South Wiltshire residents to our network under Project Gigabit. This is just the beginning of an important upgrade that will impact thousands of homes and businesses, empowering them with reliable, full fibre broadband.”",https://fibrenews.co.uk/wessex-internet-connects-first-south-wiltshire-home-under-project-gigabit/,2024-12-18T12:07:33+00:00
https://fibrenews.co.uk/category/all-news/,Gigaclear Names Andy Matthews as Chairman,"Gigaclear, the rural broadband specialist, has announced Andy Matthews as its new Chairman, effective 1st January 2025. Currently Chief Investment Officer at Infracapital, Andy has served on Gigaclear’s board since 2019, overseeing significant milestones, including expanding its network to over 580,000 premises and connecting more than 130,000 customers. He succeeds Stephen Nelson, who is stepping down after six years as Chairman and nearly a decade on the board. Andy praised Stephen’s impactful leadership, expressing eagerness to build on the company’s progress. Reflecting on his time leading the Board, during which the business has seen unprecedented growth, Stephen Nelson said: “It has been an enormous privilege to serve Gigaclear as Chairman since May 2018. Over that time, I have seen the business progress from strength to strength and the team should take full credit for helping build what is now the leading rural broadband altnet in the UK.” Nathan Rundle, CEO of Gigaclear, said: “Andy’s experience has had a positive influence on the Board for many years and I look forward to continuing to work with him on the next exciting chapter. I would like to thank Stephen for his highly valued leadership during his tenure. Gigaclear has achieved significant growth in recent years, propelling the company ever further forward in its mission to become the UK’s leading rural altnet provider of ultrafast broadband. I am personally grateful for Stephen’s direction and support which has played such a pivotal role in the success of the business.”",https://fibrenews.co.uk/gigaclear-names-andy-matthews-as-chairman/,2024-12-18T11:45:48+00:00
https://fibrenews.co.uk/category/all-news/,"UK Businesses Alarmingly Unprepared for PSTN and ISDN Switch-Off, Zen Research Reveals","With the Public Switched Telephone Network (PSTN) and Integrated Services Digital Network (ISDN) set to be phased out by 2027, research from Zen Internet has highlighted a concerning lack of preparedness among UK businesses for this monumental shift. The transition to all-IP networks promises enhanced efficiency and reliability, but for many organisations, the reality of adaptation is still far from grasped. The study paints a worrying picture: only 18% of small businesses and 26% of large businesses have implemented a post-PSTN solution. While some progress is being made, with 27% currently exploring their options and 19% actively migrating to new systems, 17% remain undecided on their next steps. Perhaps most troubling, nearly one in ten businesses are entirely unaware of the impending switch-off. The PSTN, often referred to as the traditional landline system, is an analogue network that has been the backbone of telecommunications for decades. ISDN, an enhancement of PSTN, allows for digital transmission but relies on the same ageing infrastructure. As these networks are replaced by all-IP (digital) solutions, businesses must act swiftly to avoid disruption. Time is of the essence. By December 2025, businesses could be given as little as 90 days’ notice to transition or risk losing access to vital communication and operational systems. This is more than a technological upgrade; it’s a lifeline for businesses reliant on reliable connectivity. David Barber, Strategy Director at Zen Internet, underscores the urgency. “While awareness of the switch-off is relatively high, there’s a significant gap between knowledge and action. Too many businesses are leaving their transition to the last minute, which could result in severe disruption.” Delaying the migration to all-IP networks carries substantial risks. The ageing PSTN infrastructure is already showing its limitations, with users reporting increased downtime and reliability issues. As the switch-off approaches, these problems are only set to worsen. For businesses, failure to migrate could lead to complete loss of phone connectivity, critical phone numbers, and dependent systems such as payment processing, security, and IoT devices. A rushed migration could also result in poor choices, with businesses adopting suboptimal solutions that fail to meet their specific needs. Barber advises businesses to act now: “Preparation is key. Start by assessing what’s available in your area, auditing systems dependent on the current network, and engaging with technology partners to explore the best solutions.” While the transition presents challenges, it also offers opportunities. Moving to all-IP solutions not only ensures continuity but opens the door to advanced features and greater flexibility in communications. Early adopters can gain a competitive edge, leveraging enhanced technology to improve operations and customer experiences. “Making the switch ahead of the deadline isn’t just about avoiding disruption,” Barber adds. “It’s a chance to unlock the full potential of digital communications and position your business for growth.” The shift to all-IP is not merely a technical upgrade; it’s a fundamental change that will redefine how businesses operate. As the 2027 deadline looms, businesses must act decisively to secure their future in a digital-first world.",https://fibrenews.co.uk/uk-businesses-alarmingly-unprepared-for-pstn-and-isdn-switch-off-zen-research-reveals/,2025-01-03T09:41:46+00:00
https://fibrenews.co.uk/category/all-news/,Fibrenews Podcast – EP. 13 – Jeremy Chelot – CEO YouFibre/Brsk & Netomnia,"In this episode, Jonny Rae sits down with Jeremy Chelot, CEO of one of the fastest-growing “altnets” in the market. We discuss the YouFibre/Brsk merger, what it’s like to scale at such a pace, the details of securing investment, the importance of internal tech resources in scaling a business, and everything in between. A huge thank you to this episode’s sponsors! Elevate Wholesale : Making wholesale connectivity as effortless as it should be GetCrisp : The go-to industry marketing agency",https://fibrenews.co.uk/fibrenews-podcast-ep-13-jeremy-chelot-ceo-youfibre-brsk-netomnia/,2024-12-13T13:32:59+00:00
https://fibrenews.co.uk/category/all-news/,"Gigaclear Marks Record Growth Year, Bringing Total Connected Customers to 130,000","Gigaclear, one of the UK’s leading rural full fibre broadband specialist, is celebrating a milestone year in 2024. With over 130,000 customers now connected, the Abingdon-based provider added 40,000 connections this year alone—an impressive 50% growth in its customer base. Focusing on hard-to-reach communities, Gigaclear’s expansion highlights its commitment to bridging the digital divide, bringing ultrafast broadband to areas historically underserved by traditional networks. This record year solidifies its position as a key player in rural connectivity. Nathan Rundle, CEO of Gigaclear, said: “Our mission is to bring the fastest full fibre broadband to rural Britain so I am delighted to report that we have connected more hard to reach customers in 2024 than ever before. “As the year draws to a close, I would like to thank the Gigaclear team for their contributions towards achieving this important milestone and I look forward to continued growth in 2025.” Chief Marketing Officer Nick Rawlings said: “Reaching the milestone of 130,000 customers is a huge achievement – but we’re not stopping there! “We have continued to invest in building our network in hard to reach places adding a further 100,000 properties in 2024, which now means we have over 580,000 properties Ready for Service. “As a result, even more rural homes and businesses can look forward to a new year of ultrafast broadband.”",https://fibrenews.co.uk/gigaclear-marks-record-growth-year-bringing-total-connected-customers-to-130000/,2024-12-11T10:48:27+00:00
https://fibrenews.co.uk/category/all-news/,Wessex Internet Breaks Ground on £33.5M Project Gigabit Rollout,"Wessex Internet has officially launched its £33.5 million Project Gigabit initiative to deliver full fibre broadband to rural Dorset and South Somerset. Construction began in Halstock and Dorset, following the completion of detailed planning for the five-year programme awarded in April. This ambitious rollout will connect 21,400 hard-to-reach homes and businesses, bridging the digital divide for underserved communities. Key areas include Swanage, Dorchester, and Sherborne in Dorset, alongside Crewkerne and Glastonbury in Somerset, empowering residents and businesses with gigabit-capable broadband speeds. Telecoms Minister Sir Chris Bryant said: “Dorset and Somerset are the latest regions to see spades in the ground, laying fibre that will deliver the fastest internet speeds on the market – thanks to our nationwide rollout of Project Gigabit. “The upgrades will help put an end to buffering broadband in hard-to-reach rural communities and support our mission to kickstart economic growth and break down barriers to opportunity. We are on track to keep plugging digital gaps and achieve nationwide gigabit coverage by 2030.” Hector Gibson Fleming, CEO of Wessex Internet, said: “We’re delighted to have started the construction phase our fourth Project Gigabit contract, which will benefit thousands of residents and businesses in rural Dorset and Somerset. This follows the start of construction for our South Wiltshire contract a few weeks ago and demonstrates the commitment and hard work of our teams to rapidly progress the delivery of these vital infrastructure projects. For too long, rural communities have had to make do with outdated, unreliable internet connections, and this rollout of full fibre broadband represents a great leap in digital infrastructure that will support local residents and rural economies for years to come.”",https://fibrenews.co.uk/wessex-internet-breaks-ground-on-33-5m-project-gigabit-rollout/,2024-12-11T10:20:08+00:00
https://fibrenews.co.uk/category/all-news/,Connect Fibre rolls out Wi-Fi 7 across all broadband plans,"Connect Fibre, a community-focused full fibre broadband provider, has launched Wi-Fi 7 across all its contracted packages. After thorough testing with top global manufacturers, the company is bringing next-gen tech to customers at no extra cost, sticking to its fair-pricing promise. The upgrade sets a new standard in the UK fibre market, making cutting-edge connectivity accessible without premium fees. Alongside Wi-Fi 7, Connect Fibre offers flexibility with 24-month contracts for lower rates or 12-month options for shorter commitments. The provider has also boosted its entry-level plan from 150Mbps to 250Mbps at no additional cost (on a 24-month deal), while its top-tier package now hits 2000Mbps. What Wi-Fi 7 brings Wi-Fi 7 uses advanced radio tech and new frequencies for faster, interference-free connections. Benefits include: Faster speeds : Multi-gigabit performance beats Wi-Fi 6, perfect for streaming and gaming. Lower latency : Reduced delays enhance gaming, AR/VR, and video calls. More capacity : Supports multiple devices with 8×8 MU-MIMO, ideal for smart homes. Stefan Stanislawski, CEO of Connect Fibre, said: “The launch of Wi-Fi 7 is a game-changer, and we’re proud to be leading the charge in bringing this cutting-edge technology to our customers. At Connect Fibre, innovation and customer experience are at the heart of everything we do. We believe everyone should have access to the best possible connectivity without barriers or premium pricing. With Wi-Fi 7, we’re not just keeping up with the future – we’re shaping it.”",https://fibrenews.co.uk/connect-fibre-rolls-out-wi-fi-7-across-all-broadband-plans/,2025-03-07T09:11:00+00:00
https://fibrenews.co.uk/category/all-news/,Daisy Communications Strikes Long-Term Partnership with AllPoints Fibre Networks,"Daisy Communications has signed a long-term strategic partnership with AllPoints Fibre Networks (APFN), securing access to a national full-fibre network through APFN’s aquila wholesale platform. With aquila , Daisy can instantly connect to millions of premises via a single, API-first platform—eliminating the complexity of managing multiple fibre networks. As part of the deal, Daisy will also acquire APFN’s B2B direct customer base, previously managed under the Giganet brand. Both companies have confirmed that customers will see no change to their service levels or pricing, while also gaining access to Daisy’s wider product suite and industry-leading support. The partnership takes effect immediately, and customers moving to Daisy have already been informed. Jarlath Finnegan, Group CEO at AllPoints Fibre Networks, said: “The Daisy deal marks another key milestone for APFN. Daisy now has access to the UK’s largest full-fibre wholesale network, benefiting the customers who have supported us along the way. We want to thank them and look forward to continuing that support through Daisy in the years ahead.” Dave McGinn, CEO at Daisy Communications, added: “We’re excited to bring the UK’s largest full-fibre wholesale network to our customers through this partnership. We also welcome the new businesses joining Daisy as part of the deal and look forward to working with them to keep Britain connected.”",https://fibrenews.co.uk/daisy-communications-strikes-long-term-partnership-with-allpoints-fibre-networks/,2025-03-03T09:41:12+00:00
https://fibrenews.co.uk/category/all-news/,Voiceflex Partners with Vorboss to Strengthen Business Connectivity,"Voiceflex has joined forces with Vorboss, London’s leading business ethernet fibre provider, to support partners with connectivity growth in the capital. Reliable connectivity is essential for modern businesses. Without a solid connection to the cloud, operations slow down or stop entirely. Many of Voiceflex’s services run in real-time, making uptime and performance critical. A system is only as strong as its weakest link. Partnering with a specialist fibre provider gives businesses access to high-speed, low-latency internet built for handling data-heavy applications, cloud services, and communication tools. Fibre isn’t just faster than traditional broadband—it’s more stable, scalable, and designed to support growing demands. Paul Taylor, CCO of Voiceflex, said: “We’re really impressed by their uptime stats, but even more so by the money-back service credits. If an outage goes beyond four minutes, an automatic credit is applied at the end of the month. That level of accountability is rare.” For businesses that need dependable, high-quality connectivity, this partnership makes a lot of sense.",https://fibrenews.co.uk/voiceflex-partners-with-vorboss-to-strengthen-business-connectivity/,2025-02-27T11:01:19+00:00
https://fibrenews.co.uk/category/all-news/,Quickline Rolls Out Full Fibre to Hard-to-Reach Homes in Lincolnshire & East Yorkshire,"Thousands of rural homes and businesses across Lincolnshire and the East Riding of Yorkshire are finally getting the broadband speeds they deserve. Quickline is delivering full fibre broadband as part of the government-backed Project Gigabit, bringing next-generation connectivity to communities that have long been left behind. Since securing the contract in summer 2024, Quickline has already connected nearly 850 funded homes and businesses to gigabit-capable broadband. The first areas to benefit include the villages of Ruskington, Ancaster, and Burgh le Marsh in the south of Lincolnshire. But this is just the start. Work is now pushing further north, with North Cave and Gilberdyke in the East Riding of Yorkshire next in line. Holme on Spalding Moor will follow soon after. The rollout is moving fast—just six months after securing the contract, the first homes were live, and four months after breaking ground, residents were able to connect. In total, the contract will bring full fibre to nearly 72,000 properties. On top of that, another 50,000 premises will benefit from Quickline’s separate commercial rollout. This means tens of thousands of people in rural areas will finally have access to reliable, high-speed internet. Dan Hague, Project Delivery Director at Quickline, said: “Bringing high-speed broadband to rural communities is what we do best. From day one, the focus has been on getting results quickly, and connecting over 800 premises in just a few months is a huge milestone. Our teams are working tirelessly to bring reliable broadband to areas that have struggled for too long.” Telecoms Minister Sir Chris Bryant added: “Poor connectivity has been a major challenge for people living and working in rural Lincolnshire and East Yorkshire. Whether it’s remote NHS consultations or simply staying in touch with loved ones, fast broadband is essential. Thanks to this government-funded rollout, thousands of homes and businesses will now have access to the fastest speeds on the market, boosting the local economy and improving everyday life.” Homes and businesses in the rollout areas can now book their installation and get connected. The digital divide is closing—one village at a time.",https://fibrenews.co.uk/quickline-rolls-out-full-fibre-to-hard-to-reach-homes-in-lincolnshire-east-yorkshire/,2025-02-25T23:09:00+00:00
https://fibrenews.co.uk/category/all-news/,"Gigaclear Begins Project Gigabit Build to Connect 9,500 Oxfordshire Premises","Gigaclear has begun work on Project Gigabit in Oxfordshire, aiming to connect around 9,500 homes and businesses to full-fibre broadband. The £25.4m government-funded initiative targets hard-to-reach areas, with Gigaclear installing over 250km of new ducting—50% of which will utilise existing infrastructure. Nathan Rundle, CEO of Gigaclear, said: “Our mission is to bring full-fibre broadband to rural communities, and Project Gigabit is key to making that happen. As an Oxfordshire-based business, we’re committed to improving digital access in the county and delivering fast, reliable connectivity to local residents.” Telecoms Minister Sir Chris Bryant added: “Many communities in Oxfordshire have been excluded from the benefits of fast broadband. Through Project Gigabit, we’re closing those digital gaps and moving closer to our goal of full gigabit coverage by 2030.” Work is now underway, with completion expected by November 2026. Project Gigabit is part of the government’s strategy to ensure no rural community is left behind, delivering the same digital opportunities already available in larger towns and cities.",https://fibrenews.co.uk/gigaclear-begins-project-gigabit-build-to-connect-9500-oxfordshire-premises/,2025-02-18T08:27:45+00:00
https://fibrenews.co.uk/category/all-news/,Freedom Fibre Appoints Lindsey Sutherland as Chief Operations Officer,"Freedom Fibre has appointed Lindsey Sutherland as Chief Operations Officer (COO), effective 4th March 2025. Lindsey brings 30 years of experience in engineering and IT, with a background spanning the military, data systems, and telecoms. His career began with active service in Bosnia and Northern Ireland before founding a data systems business that supported transformation projects in the NHS and military shipbuilding. He later led technology integration at Community Fibre and served as CTO at SaaS VoIP provider Nebula. Lindsey said: “I’m proud to join Freedom Fibre at such a pivotal time. The broadband industry is evolving rapidly, and we must stay ahead to ensure we deliver the best possible service.” Nathan Vautier, CEO of Freedom Fibre, added: “Lindsey’s experience and leadership are a perfect fit for our ambitions. We’re excited to have him on board as we continue to scale.”",https://fibrenews.co.uk/freedom-fibre-appoints-lindsey-sutherland-as-chief-operations-officer/,2025-02-17T08:58:55+00:00
https://fibrenews.co.uk/category/all-news/,IDNet Partners with MS3 to Expand Full Fibre Connectivity for Homes and Businesses,"Hull-based full fibre network operator MS3 Networks has teamed up with IDNet, a premium UK internet service provider, to expand broadband options for homes and businesses across Hull, Scunthorpe, Grimsby, Immingham, Cleethorpes, and Mexborough. IDNet, established in 1996, is known for delivering fast and reliable internet to businesses and has recently expanded into home broadband, catering to the growing demand for quality internet for hybrid workers. Their offering includes flexible one-month contracts, 24/7 technical support, and services like leased lines and telephone solutions. As the first UK ISP to achieve B Corp certification, IDNet combines environmental responsibility with excellent customer care. This collaboration leverages MS3’s rapidly growing gigabit network, which has already reached 200,000 premises, aiming to surpass 535,000 by 2025, enabling high-speed, reliable connectivity across Hull and the Humber. Tim Davies, Co Founder of IDNet said: “For over 25 years, we’ve ensured that our customers can enjoy a reliable, resilient broadband connection. Partnering with MS3 is a great opportunity to expand our reach to new homes and businesses, while maintaining the same high-quality service.” Sam Hales, business development director (B2B) at MS3, said: “Welcoming IDNet to our network is exciting, not only because it increases choice for our customers, but also because they share our commitment to social impact. At MS3, we aim to improve the lives of local residents, whether that’s by providing fast and reliable internet through our growing network of ISP partners, or with community partnerships and initiatives.”",https://fibrenews.co.uk/idnet-partners-with-ms3-to-expand-full-fibre-connectivity-for-homes-and-businesses/,2024-12-11T10:16:27+00:00
https://fibrenews.co.uk/category/all-news/,Infranomics Analyse Latest BDUK OMR Results Showing 3.2 million premises without any commercial plans to build,"Infranomics has shed light on the UK’s 3.24 million “white premises,” areas identified as having no commercial or public gigabit broadband plans. Their analysis reveals challenges with the dataset’s accuracy, which unchanged would misalign up to £125 million in public funds. The guys and girls at Infranomics are obsessed with data, metrics, and AI, and their latest “side project” has unveiled a huge hole in the latest OMR (Open Market Review) data. The report highlighted the following: 1. Non-Habitable UPRNs: Over 150,000 UPRNs (Unique Property Reference Numbers) flagged, including UPRN’s that are PO boxes (65,033), graveyards (116), and lakes (65), with no need for connectivity. 2. New Builds & Overlap: 100,000+ UPRNs already connected by homebuilders like Fibrenest and ONFL but misclassified as white premises. 3. Gigabit Build Proximity from existing operators: 1.1 million white premises lie within 25 metres of existing gigabit-capable networks that is RFS or under construction – with a potential cost-to-connect (CTC) efficiencies of around £300-£500 for many locations, well within commercial means. Despite activity near 1.1 million UPRNs, discrepancies in data submission or interpretation by Ofcom and BDUK could be misclassifying these premises as underserved, leading to inefficiencies in public funds allocation. Leveraging advanced Infranomics tools like Atlas, Hercules, and Hermes, Infranomics equips telecom providers with actionable insights, enabling smarter investments, streamlined network builds, and effective sales targeting. Their expertise underscores the importance of precise data management in shaping the UK’s digital future. Reach out to the Infranomics team here: Book a meeting We also had a chance to speak to Alistair Goulden, Director at Infranomics, on our Fibrenews podcast, which you can listen to here .",https://fibrenews.co.uk/infranomics-analise-latest-bduk-omr-results-showing-3-2million-premises-without-any-commercial-plans-to-build/,2024-12-18T14:04:16+00:00
https://fibrenews.co.uk/category/all-news/,Dotlines UK Unveils Audra Security: Simplifying Internet Safety,"Dotlines UK is set to launch Audra Security , an innovative range of hardware and software designed to redefine how UK homes and small businesses secure their online activities. Audra will be focusing on the channel to push their products into market, which is great news for both ISP’s and B2B resellers. Audra’s key strengths are its affordability, eco-conscious design, and user-friendly functionality. For households, Audra Safe offers a secure Wi-Fi router with app-based parental controls, while AudraVPN ensures secure browsing across multiple devices. For businesses, Audra Secure combines router and firewall capabilities, managing up to 250 devices through a cloud-based dashboard—perfect for businesses stepping into digital security without an IT team. With roots in Southeast Asia, Dotlines now aims to bring this proven technology to the UK, providing simple, scalable solutions for online safety. Jaki Chowdhury, CEO of Dotlines UK, said: “We believe that staying safe online should be a basic right, not a privilege. We’re incredibly excited to bring Audra to the UK, where it can empower anyone – from busy parents to small business owners – to take control of their internet security, even if they have little to no technical knowledge. “Many homes and small businesses are targeted by opportunistic cyber criminals in a scattergun approach because they usually don’t have much or any protection. They also don’t have the time, knowledge or resources to implement advanced security systems, and they perhaps don’t even need such incredibly powerful features in the first place. Audra will protect at a price and simplicity level that anyone can handle and will help to deter the most common of threats.” “We’re not just here to sell a product, we’re committed to creating the biggest possible positive impact, both for the planet and for communities that lack the digital tools many of us take for granted. “Our goal is to democratise internet security. We want to make sure that the benefits of staying safe online are available to everyone, not just large corporations with large IT budgets.”",https://fibrenews.co.uk/dotlines-uk-unveils-audra-security-simplifying-internet-safety/,2024-12-09T11:40:00+00:00
https://fibrenews.co.uk/category/all-news/,Quickline Launches Its First Telecoms Apprenticeship Programme,"Quickline is investing in regional talent with its first cohort of telecoms apprentices. Eight recruits, aged 18 to mid-40s, joined in October and have completed initial training, now gaining field experience in Yorkshire and Lincolnshire. The programme supports Quickline’s Project Gigabit goals, bringing high-speed broadband to rural communities. Recruits like Chris Bedford, transitioning from cybersecurity, and Mohammed Ameen, with IT qualifications, reflect the diverse talent driving the initiative. Quickline plans to extend apprenticeships beyond engineering, aiming to grow talent while bridging the digital divide. Wendy Hiley, HR and Talent Acquisition Business Partner at Quickline, said: “Welcoming our first telecoms apprentices is an exciting moment for Quickline. As we continue to grow rapidly and expand our network, these new recruits are joining us at a pivotal time. “By offering structured apprenticeships, we’re not only investing in the future talent of our industry but also reinforcing our commitment to the communities we serve. Apprenticeships provide a fantastic opportunity for individuals to develop valuable skills while contributing to Quickline’s ambitious plans.”",https://fibrenews.co.uk/quickline-launches-its-first-telecoms-apprenticeship-programme/,2024-12-09T11:14:36+00:00
https://fibrenews.co.uk/category/all-news/,Earth Broadband Refreshes Its Brand and Its Mission to Save the Planet,"Earth Broadband, the planet-focused ISP provider, has launched a brand refresh, updating its logo, colors, and website. This marks a fresh push for innovation in 2025. Earth positions itself in the market with a strong “people and planet first” mantra, planting trees for every connected customer. A statement on their website reads: *”By partnering with Earth, you will plant mangroves in Madagascar every month, protecting wildlife habitats and creating opportunities for local communities to restore our planet. We chose Madagascar because it is renowned for its unique biodiversity, home to thousands of plant and animal species that exist nowhere else on Earth. Mangroves play a crucial role in sustaining this biodiversity by providing essential habitats and nursery grounds for a variety of marine and terrestrial species.”* Fibrenews spoke with Luke Chapman, CEO of Earth Broadband, and asked: What’s next? Luke said: *”We want to educate consumers on the network operator they’re connecting with. Not enough consumers understand their broadband or what goes on behind the scenes, and this needs to change. We’re carefully planning how to position this on our website without causing confusion, and we aim to launch something by January 2025. More needs to be done in the industry to educate consumers, which would make this task a whole lot easier.”* He added: “This is the brand’s next chapter, and we’ll continue to innovate throughout 2025.” Exciting times lie ahead in 2025, and we’ll be sure to pin down Luke for a conversation on the Fibrenews Podcast .",https://fibrenews.co.uk/earth-broadband-refreshes-its-brand-and-its-mission-to-save-the-planet/,2024-12-06T15:07:12+00:00
https://fibrenews.co.uk/category/all-news/,Neos Networks Enhances UK Ethernet Offering with CityFibre Partnership,"Neos Networks has expanded its partnership with CityFibre to boost the reach of CityFibre’s National Ethernet network by 50% on Neos’ LIVEQUOTE platform. This move gives businesses greater access to scalable, competitive connectivity options. CityFibre’s upgrades, including 10Gbps XGS-PON technology, align with Neos Networks’ commitment to quality, speed, and service. By collaborating with alternative networks, Neos is offering businesses more choice and addressing gaps left by legacy providers. This strategic collaboration underscores a shared vision of improving business connectivity across the UK. Lee Myall, CEO at Neos Networks, said : “Neos Networks is committed to offering the most comprehensive connectivity solutions for businesses across the UK. CityFibre has helped us expand the reach of the last-mile Ethernet services we can offer to meet the growing demands of our customers. By bringing more Ethernet choice onto our LIVEQUOTE platform, we’re strengthening our ability to deliver a diverse range of high-performance, scalable connectivity solutions that are critical to UK businesses’ digital success.” Andrew Wilson, Sales Director Wholesale at CityFibre, said: “By expanding our Ethernet network on LIVEQUOTE, we aim to make it easier for businesses to access our high-performance Ethernet network to support their digital ambitions. Our combined network footprints offer a comprehensive solution for any business that wants a viable, faster, and cheaper alternative to the incumbent solutions in the market.”",https://fibrenews.co.uk/neos-networks-enhances-uk-ethernet-offering-with-cityfibre-partnership/,2024-12-04T09:40:26+00:00
https://fibrenews.co.uk/category/all-news/,Elevate Wholesale® Partners with Flotek Group to Deliver Hyperfast Connectivity to Cardiff,"Elevate Wholesale® (formerly Telcom) has joined forces with Cardiff-based IT provider Flotek Group to revolutionize internet access for over 5,000 businesses across the city. This partnership is part of a £7m network initiative by Cardiff Council and the Welsh Government, aiming for 100% full fibre coverage by 2025. The collaboration will replace outdated copper systems with gigabit-capable broadband, addressing the city’s digital divide. Elevate’s Will Goodall called this a critical step for regional innovation, while Flotek’s Jay Ball highlighted its transformative impact on local businesses. Will Goodall , Head of Elevate Wholesale, said: “We are delighted to have onboarded Flotek as our first strategic partner for Cardiff as we prepare to support the region in its quest to access hyperfast internet. As the administrative, cultural, and commercial centre of Wales, it’s critical that businesses across the region have equitable access to digital technologies & we’re so excited to have a leading, local technology partner on board to drive this for us” Jay Ball , CEO at Flotek, said: “Having worked with local Cardiff businesses for over 20 years, we understand the challenges of accessing high-speed internet in our capital. Being chosen as a strategic partner to deliver this critical service means we can now help more businesses grow by embracing digital services that were previously out of reach. High-speed and reliable internet is essential for cloud services, and this partnership allows businesses to access these services without the high costs they were accustomed to. This new network will either provide access to previously unattainable services or significantly reduce their internet connectivity expenses by offering a more affordable solution..” ‍",https://fibrenews.co.uk/elevate-wholesale-partners-with-flotek-group-to-deliver-hyperfast-connectivity-to-cardiff/,2024-12-03T13:38:46+00:00
https://fibrenews.co.uk/category/all-news/,TalkTalk To Action More Redundancies After Refinancing Deal,"Last year, TalkTalk Group restructured, splitting into three distinct companies: TalkTalk Consumer, with over two million broadband customers; TalkTalk Business Direct; and PXC Communications, the wholesale brand. The company warned earlier this year of potential collapse without securing new financing. By July, its annual report flagged insolvency risks as early as August 2024. A TalkTalk spokesperson told the Manchester Evening News : “This is the first stage in a multi-year transformation of our business to deliver differentiated service and products to our customers. We are simplifying our business to ensure that we can continue to offer great value connectivity to our millions of customers across the UK. As part of this, we have made the difficult decision to launch a consultation about the future of some roles at TalkTalk’s consumer business.” According to the article, TalkTalk will be extending the redundancy consultation period to pause for two weeks over Christmas, but around 130 redundancies are likely to be announced. The business recently secured a £400m lifeline to manage its £1bn debt, ensuring both TalkTalk and PXC remain competitive and well-positioned for future growth.",https://fibrenews.co.uk/talktalk-to-action-more-redundancies-after-refinancing-deal/,2024-12-03T09:05:46+00:00
https://fibrenews.co.uk/category/all-news/,West Midlands £2.8 Billion Boost From Full Fibre,"Openreach’s ongoing upgrades to Ultrafast Full Fibre broadband could inject an estimated £2.8 billion into the West Midlands economy by 2029, according to a new report from the Centre for Economics and Business Research (Cebr) and Stantec. This transformative project is poised to enhance connectivity, boost local economies, and support social development. The research highlights that the Full Fibre rollout could contribute £66 billion in GVA to the UK economy by 2029. It also projects significant societal benefits, including the creation of over 620,000 flexible job opportunities, improved NHS efficiencies with five million online appointments, and educational advancements potentially increasing student pass rates in key subjects. The environmental impact is equally compelling, with more home workers reducing car journeys and carbon emissions. Kasam Hussain, Openreach’s regional director, emphasized the broader implications of this rollout. “We’re not just upgrading internet speeds—we’re creating a foundation for economic growth, job creation, and new opportunities in remote work, digital learning, and healthcare innovation.” The rollout’s transformative potential is already evident. Healthcare platforms like eConsult, used by 1,800 practices across the UK, demonstrate how improved connectivity can enhance access to GP services and streamline patient care. Similarly, schools adopting online learning tools are seeing improved outcomes, with thousands more students expected to achieve higher pass rates in key subjects by 2029. With Full Fibre now available to over 16 million UK homes and businesses and plans to reach 25 million by 2026, Openreach’s network is reshaping connectivity. Residents can check the Openreach postcode tool to explore Full Fibre availability and upgrade through their chosen broadband provider.",https://fibrenews.co.uk/west-midlands-2-8-billion-boost-from-full-fibre/,2024-12-03T08:55:43+00:00
https://fibrenews.co.uk/category/all-news/,Connect Fibre rolls out Wi-Fi 7 across all broadband plans,"Connect Fibre, a community-focused full fibre broadband provider, has launched Wi-Fi 7 across all its contracted packages. After thorough testing with top global manufacturers, the company is bringing next-gen tech to customers at no extra cost, sticking to its fair-pricing promise. The upgrade sets a new standard in the UK fibre market, making cutting-edge connectivity accessible without premium fees. Alongside Wi-Fi 7, Connect Fibre offers flexibility with 24-month contracts for lower rates or 12-month options for shorter commitments. The provider has also boosted its entry-level plan from 150Mbps to 250Mbps at no additional cost (on a 24-month deal), while its top-tier package now hits 2000Mbps. What Wi-Fi 7 brings Wi-Fi 7 uses advanced radio tech and new frequencies for faster, interference-free connections. Benefits include: Faster speeds : Multi-gigabit performance beats Wi-Fi 6, perfect for streaming and gaming. Lower latency : Reduced delays enhance gaming, AR/VR, and video calls. More capacity : Supports multiple devices with 8×8 MU-MIMO, ideal for smart homes. Stefan Stanislawski, CEO of Connect Fibre, said: “The launch of Wi-Fi 7 is a game-changer, and we’re proud to be leading the charge in bringing this cutting-edge technology to our customers. At Connect Fibre, innovation and customer experience are at the heart of everything we do. We believe everyone should have access to the best possible connectivity without barriers or premium pricing. With Wi-Fi 7, we’re not just keeping up with the future – we’re shaping it.”",https://fibrenews.co.uk/connect-fibre-rolls-out-wi-fi-7-across-all-broadband-plans/,2025-03-07T09:11:00+00:00
https://fibrenews.co.uk/category/all-news/,Daisy Communications Strikes Long-Term Partnership with AllPoints Fibre Networks,"Daisy Communications has signed a long-term strategic partnership with AllPoints Fibre Networks (APFN), securing access to a national full-fibre network through APFN’s aquila wholesale platform. With aquila , Daisy can instantly connect to millions of premises via a single, API-first platform—eliminating the complexity of managing multiple fibre networks. As part of the deal, Daisy will also acquire APFN’s B2B direct customer base, previously managed under the Giganet brand. Both companies have confirmed that customers will see no change to their service levels or pricing, while also gaining access to Daisy’s wider product suite and industry-leading support. The partnership takes effect immediately, and customers moving to Daisy have already been informed. Jarlath Finnegan, Group CEO at AllPoints Fibre Networks, said: “The Daisy deal marks another key milestone for APFN. Daisy now has access to the UK’s largest full-fibre wholesale network, benefiting the customers who have supported us along the way. We want to thank them and look forward to continuing that support through Daisy in the years ahead.” Dave McGinn, CEO at Daisy Communications, added: “We’re excited to bring the UK’s largest full-fibre wholesale network to our customers through this partnership. We also welcome the new businesses joining Daisy as part of the deal and look forward to working with them to keep Britain connected.”",https://fibrenews.co.uk/daisy-communications-strikes-long-term-partnership-with-allpoints-fibre-networks/,2025-03-03T09:41:12+00:00
https://fibrenews.co.uk/category/all-news/,Voiceflex Partners with Vorboss to Strengthen Business Connectivity,"Voiceflex has joined forces with Vorboss, London’s leading business ethernet fibre provider, to support partners with connectivity growth in the capital. Reliable connectivity is essential for modern businesses. Without a solid connection to the cloud, operations slow down or stop entirely. Many of Voiceflex’s services run in real-time, making uptime and performance critical. A system is only as strong as its weakest link. Partnering with a specialist fibre provider gives businesses access to high-speed, low-latency internet built for handling data-heavy applications, cloud services, and communication tools. Fibre isn’t just faster than traditional broadband—it’s more stable, scalable, and designed to support growing demands. Paul Taylor, CCO of Voiceflex, said: “We’re really impressed by their uptime stats, but even more so by the money-back service credits. If an outage goes beyond four minutes, an automatic credit is applied at the end of the month. That level of accountability is rare.” For businesses that need dependable, high-quality connectivity, this partnership makes a lot of sense.",https://fibrenews.co.uk/voiceflex-partners-with-vorboss-to-strengthen-business-connectivity/,2025-02-27T11:01:19+00:00
https://fibrenews.co.uk/category/all-news/,Quickline Rolls Out Full Fibre to Hard-to-Reach Homes in Lincolnshire & East Yorkshire,"Thousands of rural homes and businesses across Lincolnshire and the East Riding of Yorkshire are finally getting the broadband speeds they deserve. Quickline is delivering full fibre broadband as part of the government-backed Project Gigabit, bringing next-generation connectivity to communities that have long been left behind. Since securing the contract in summer 2024, Quickline has already connected nearly 850 funded homes and businesses to gigabit-capable broadband. The first areas to benefit include the villages of Ruskington, Ancaster, and Burgh le Marsh in the south of Lincolnshire. But this is just the start. Work is now pushing further north, with North Cave and Gilberdyke in the East Riding of Yorkshire next in line. Holme on Spalding Moor will follow soon after. The rollout is moving fast—just six months after securing the contract, the first homes were live, and four months after breaking ground, residents were able to connect. In total, the contract will bring full fibre to nearly 72,000 properties. On top of that, another 50,000 premises will benefit from Quickline’s separate commercial rollout. This means tens of thousands of people in rural areas will finally have access to reliable, high-speed internet. Dan Hague, Project Delivery Director at Quickline, said: “Bringing high-speed broadband to rural communities is what we do best. From day one, the focus has been on getting results quickly, and connecting over 800 premises in just a few months is a huge milestone. Our teams are working tirelessly to bring reliable broadband to areas that have struggled for too long.” Telecoms Minister Sir Chris Bryant added: “Poor connectivity has been a major challenge for people living and working in rural Lincolnshire and East Yorkshire. Whether it’s remote NHS consultations or simply staying in touch with loved ones, fast broadband is essential. Thanks to this government-funded rollout, thousands of homes and businesses will now have access to the fastest speeds on the market, boosting the local economy and improving everyday life.” Homes and businesses in the rollout areas can now book their installation and get connected. The digital divide is closing—one village at a time.",https://fibrenews.co.uk/quickline-rolls-out-full-fibre-to-hard-to-reach-homes-in-lincolnshire-east-yorkshire/,2025-02-25T23:09:00+00:00
https://fibrenews.co.uk/category/all-news/,"Gigaclear Begins Project Gigabit Build to Connect 9,500 Oxfordshire Premises","Gigaclear has begun work on Project Gigabit in Oxfordshire, aiming to connect around 9,500 homes and businesses to full-fibre broadband. The £25.4m government-funded initiative targets hard-to-reach areas, with Gigaclear installing over 250km of new ducting—50% of which will utilise existing infrastructure. Nathan Rundle, CEO of Gigaclear, said: “Our mission is to bring full-fibre broadband to rural communities, and Project Gigabit is key to making that happen. As an Oxfordshire-based business, we’re committed to improving digital access in the county and delivering fast, reliable connectivity to local residents.” Telecoms Minister Sir Chris Bryant added: “Many communities in Oxfordshire have been excluded from the benefits of fast broadband. Through Project Gigabit, we’re closing those digital gaps and moving closer to our goal of full gigabit coverage by 2030.” Work is now underway, with completion expected by November 2026. Project Gigabit is part of the government’s strategy to ensure no rural community is left behind, delivering the same digital opportunities already available in larger towns and cities.",https://fibrenews.co.uk/gigaclear-begins-project-gigabit-build-to-connect-9500-oxfordshire-premises/,2025-02-18T08:27:45+00:00
https://fibrenews.co.uk/category/all-news/,Freedom Fibre Appoints Lindsey Sutherland as Chief Operations Officer,"Freedom Fibre has appointed Lindsey Sutherland as Chief Operations Officer (COO), effective 4th March 2025. Lindsey brings 30 years of experience in engineering and IT, with a background spanning the military, data systems, and telecoms. His career began with active service in Bosnia and Northern Ireland before founding a data systems business that supported transformation projects in the NHS and military shipbuilding. He later led technology integration at Community Fibre and served as CTO at SaaS VoIP provider Nebula. Lindsey said: “I’m proud to join Freedom Fibre at such a pivotal time. The broadband industry is evolving rapidly, and we must stay ahead to ensure we deliver the best possible service.” Nathan Vautier, CEO of Freedom Fibre, added: “Lindsey’s experience and leadership are a perfect fit for our ambitions. We’re excited to have him on board as we continue to scale.”",https://fibrenews.co.uk/freedom-fibre-appoints-lindsey-sutherland-as-chief-operations-officer/,2025-02-17T08:58:55+00:00
