Website,Article Title,Article content,Article Link,Date
https://www.ispreview.co.uk/,Broadband ISP TalkTalk Increases UK Mid-Contract Price Hikes to £4,"Perhaps inevitably, TalkTalk has today become the latest internet and phone provider to increase the customer cost impact of their existing mid-contract pricing policy, which will be introduced from 16th November 2025. But the price increase itself won’t hit until April 2026.",https://www.ispreview.co.uk/index.php/2025/11/broadband-isp-talktalk-increases-uk-mid-contract-price-hikes-to-4.html,17th Nov 2025
https://www.ispreview.co.uk/,House of Lords Report Calls for UK Broadband Investment to Boost Home Working,"The cross-party Home-based Working Committee (Lords Select Committee) has published its report on remote and hybrid working in the UK, which among other things finds that the government should “increase long-term investment in digital infrastructure, particularly broadband” in order to properly support such working.",https://www.ispreview.co.uk/index.php/2025/11/house-of-lords-report-calls-for-uk-broadband-investment-to-boost-home-working.html,17th Nov 2025
https://www.ispreview.co.uk/,Full Fibre’s Impact – Fibrus Report Makes Three Predictions for UK Rural Areas in 2025,"Infracapital-backed alternative broadband ISP Fibrus , which is building a full fibre network across parts of Cumbria (England) and Northern Ireland, has published a new report that outlines three predictions for how the UK’s rural areas might look in 2050 and highlights the “extraordinary potential” of such communities as engines of growth.",https://www.ispreview.co.uk/index.php/2025/11/full-fibres-impact-fibrus-report-makes-three-predictions-for-uk-rural-areas-in-2025.html,17th Nov 2025
https://www.ispreview.co.uk/,Virgin Media UK Make Linear FAST TV Channel Content Available On-Demand,"Customers of broadband ISP Virgin Media ( O2 ), specifically those who also take a Pay TV service via one of their TV 360, Stream or v6 box platforms, have today been informed that they’ve added video-on-demand (VoD) capabilities, “at no extra cost“, to at least some of their growing line up of FAST channels.",https://www.ispreview.co.uk/index.php/2025/11/virgin-media-uk-make-linear-fast-tv-channel-content-available-on-demand.html,17th Nov 2025
https://www.ispreview.co.uk/,Great Western Railway Pilots Hybrid Network to Boost Onboard Wi-Fi,"The Great Western Railway (GWR), which operates most train services across the Great Western Main Line (GWML) – the rail line in England that runs between London Paddington and Bristol Temple Meads, has joined with Peninsula Transport, Network Rail and Motion Applied to pilot faster on-board broadband ( WiFi ) using “technology from the world of Formula 1“.",https://www.ispreview.co.uk/index.php/2025/11/great-western-railway-pilots-hybrid-network-to-boost-onboard-wi-fi.html,17th Nov 2025
https://www.ispreview.co.uk/,Ofcom Consult on Impact of Openreach PIA on the UK Leased Line Market UPDATE,"The UK telecoms regulator, Ofcom , has today opened a “narrow consultation” that proposes to amend their leased line access (LLA) market analysis for the ongoing Telecoms Access Review 2026 (TAR) to reflect a “greater potential impact” from Openreach ’s Physical Infrastructure Access (PIA) product (this allows rivals to run new fibre via existing cable ducts and poles).",https://www.ispreview.co.uk/index.php/2025/11/ofcom-consult-on-impact-of-openreach-pia-on-the-uk-leased-line-market.html,17th Nov 2025
https://www.ispreview.co.uk/,Nokia Interview – 6G to Focus on Efficiency More than Mobile Broadband Speed,"The Head of Standards at Nokia Technologies, Peter Merz, has today told ISPreview – as part of our latest interview – that they’re conscious of wanting to avoid what mobile operators call “G-fatigue” (over-hyping) with their development of future 6G mobile (broadband) technology, which he says will be more about “intelligence and efficiency” than raw data throughput.",https://www.ispreview.co.uk/index.php/2025/11/nokia-interview-6g-to-focus-on-efficiency-more-than-mobile-broadband-speed.html,17th Nov 2025
https://www.ispreview.co.uk/,"O2 UK Hit Customer with £1,000 Bill After Losing their Mobile Number","Most people who call up their mobile operator’s retentions team to negotiate a better deal don’t expect to walk away from that with an unexpected £1,000 bill and to later be told that “sorry … we’ve lost your [mobile] number [and] … there isn’t anything we can do about it“. Nevertheless, that’s what recently happened to one of O2 ’s ( Virgin Media ) customers.",https://www.ispreview.co.uk/index.php/2025/11/o2-uk-hit-customer-with-1000-bill-after-losing-their-mobile-number.html,16th Nov 2025
https://www.ispreview.co.uk/,CEO of Broadband ISP Zen Internet Calls for Ban of Mid-Contract Price Hikes,"The boss of venerable UK broadband and phone provider Zen Internet , Richard Tang, has backed the Government’s Secretary of State for Science, Innovation and Technology (DSIT), Liz Kendall, in her alleged “call for an ‘outright ban on absurd’ mid-contract telecoms price rises“. But it remains unclear whether Ofcom will go that far.",https://www.ispreview.co.uk/index.php/2025/11/ceo-of-broadband-isp-zen-internet-calls-for-ban-of-mid-contract-price-hikes.html,15th Nov 2025
https://www.ispreview.co.uk/,No Solution Yet for West Herefordshire and Peak District Gigabit Broadband Project,The UK government has furnished ISPreview with a brief update on their progress toward finding a solution for Project Gigabit’s stalled full fibre broadband upgrades for rural parts of the Derbyshire Peak District and West Herefordshire. Both areas ran into difficulty ( here ) earlier this year after FullFibre Ltd “mutually agreed to terminate” their publicly funded contracts.,https://www.ispreview.co.uk/index.php/2025/11/no-solution-yet-for-west-herefordshire-and-peak-district-gigabit-broadband-project.html,15th Nov 2025
https://www.ispreview.co.uk/,Starlink Toys with Cheaper Residential 100Mbps Broadband Satellite Plan,"The Starlink (SpaceX) internet service, which reflects a mega constellation of ultrafast broadband satellites in Low Earth Orbit (LEO), recently introduced a new residential package for consumers – currently only available in the USA (but it may yet come to the UK) – that caps download speeds at 100Mbps, but drops the monthly price to just $50 (c.£30).",https://www.ispreview.co.uk/index.php/2025/11/starlink-toys-with-cheaper-residential-100mbps-broadband-satellite-plan.html,14th Nov 2025
https://www.ispreview.co.uk/,Project Kuiper’s Global Satellite Broadband Network Rebrands to Amazon Leo,"Internet retail giant Amazon has announced that their in-development Project Kuiper constellation of ultrafast broadband satellites in Low Earth Orbit (LEO) has been renamed to Amazon Leo . The first customer connections are also now expected to go live by the end of this year – initially in the US, Canada, UK, Germany and France.",https://www.ispreview.co.uk/index.php/2025/11/project-kuipers-global-satellite-broadband-network-rebrands-to-amazon-leo.html,14th Nov 2025
https://www.ispreview.co.uk/,Streetwave Publish Map of South Yorkshire 4G and 5G Mobile Cover and Data Speed,A few months ago we reported that the South Yorkshire Mayoral Combined Authority (SYMCA) in England and network analyst firm Streetwave had begun a new project to map 4G and 5G mobile broadband coverage and speed across the region using bin lorries ( here ). The data from this has now been made available to the public via a new interactive map.,https://www.ispreview.co.uk/index.php/2025/11/streetwave-publish-map-of-south-yorkshire-4g-and-5g-mobile-cover-and-data-speed.html,14th Nov 2025
https://www.ispreview.co.uk/,ISPA Reveal WINNERS of the 2025 UK ISP Internet Industry Awards,"The UK Internet Service Providers Association ( ISPA ) has tonight revealed the winners of their 27th annual 2025 internet industry and broadband awards. The night’s biggest winners included CommunityFibre , Lightning Fibre , and Wightfibre , each of which took home multiple awards. The former CEO of CityFibre , Greg Mesch, was also named ‘Internet Hero‘.",https://www.ispreview.co.uk/index.php/2025/11/ispa-reveal-winners-of-the-2025-uk-isp-internet-industry-awards.html,14th Nov 2025
https://www.ispreview.co.uk/,"Openreach Update – Project Gigabit Builds in Wales, Surrey, Hertfordshire and Wiltshire","Network operator Openreach ( BT ) has issued a progress update on their deployment of a new Fibre-to-the-Premises ( FTTP ) based broadband ISP network in rural parts of Wales, Surrey, Hertfordshire and Wiltshire, which form part of their Project Gigabit contracts with the UK government.",https://www.ispreview.co.uk/index.php/2025/11/openreach-update-project-gigabit-builds-in-wales-surrey-hertfordshire-and-wiltshire-uk.html,13th Nov 2025
https://www.ispreview.co.uk/,London ISP Community Fibre Launch 100Mbps “Business Ready” Broadband,"Network builder and broadband ISP CommunityFibre , which has invested c.£1bn to deploy a 5Gbps speed full fibre ( FTTP ) network across 1.342 million UK homes (inc. 185k businesses within 200 metres of their network) – mostly in London, have today launched a new entry-level 100Mbps package for small businesses.",https://www.ispreview.co.uk/index.php/2025/11/london-isp-community-fibre-launch-100mbps-business-ready-broadband.html,13th Nov 2025
https://www.ispreview.co.uk/,BDUK Publish Q2 – Q3 2025 Project Gigabit Broadband Rollout Progress Report,"The Government’s Building Digital UK agency has today published the latest Q2 – Q3 2025 progress report on their £5bn Project Gigabit broadband rollout scheme. The data reveals that some 1.3 million premises have now received coverage from BDUK’s gigabit programmes since their inception, albeit only 131,090 via Project Gigabit’s contracts.",https://www.ispreview.co.uk/index.php/2025/11/bduk-publish-q2-q3-2025-project-gigabit-broadband-rollout-progress-report.html,13th Nov 2025
https://www.ispreview.co.uk/,Business ISP FluidOne Appoints New CEO as Current Boss Steps Down,"Business focused UK broadband ISP, IT and Cloud solutions provider FluidOne has today announced that their existing Chief Executive Officer (CEO), Russell Horton, is to step down after seven and a half years in the post. Russell is to be replaced by Paul Kahn.",https://www.ispreview.co.uk/index.php/2025/11/business-isp-fluidone-appoints-new-ceo-as-current-boss-steps-down.html,13th Nov 2025
https://www.ispreview.co.uk/,City of London Corp Picks Roc Technologies to Deliver New Network,"The City of London (CoL) Corporation has picked Roc Technologies to deliver a new end-to-end networking connectivity solution, encompassing a UK-first enterprise SASE rollout for public services, AI-driven wireless capability and high-availability internet connectivity. The move comes after Roc reached a deal to harness Vorboss’ 100Gbps full fibre network in the area ( here ).",https://www.ispreview.co.uk/index.php/2025/11/city-of-london-corp-picks-roc-technologies-to-deliver-new-network.html,13th Nov 2025
https://www.ispreview.co.uk/,Netomnia Rapidly Expands UK FTTP Broadband as Take-up and Revenues Rise,"One of the country’s largest alternative broadband networks, Netomnia (Substantial Group), will today publish their Q3 2025 results. The figures reveal that revenues on their multi-gigabit speed full fibre ( FTTP ) network increased to £27.7m (up from £23.6m in Q2 and 125% YoY) and take-up reached 14% (up from 13.4%). Some 2.8 million premises are now covered (up 241k in Q3 vs 243k in Q2).",https://www.ispreview.co.uk/index.php/2025/11/netomnia-rapidly-expands-uk-fttp-broadband-as-take-up-and-revenues-rise.html,13th Nov 2025
https://www.ispreview.co.uk/,B4RN Secure Finance from Triodos Bank UK to Expand Rural 10Gbps Broadband,"Broadband ISP B4RN (Broadband for the Rural North), which is a community built and supported network that has so far deployed their 10Gbps full fibre ( FTTP ) lines to cover 30,000 rural premises in England, has announced that they’ve secured new finance from Triodos Bank UK to help expand their network into the North East of England.",https://www.ispreview.co.uk/index.php/2025/11/b4rn-secure-finance-from-triodos-bank-uk-to-expand-rural-10gbps-broadband.html,13th Nov 2025
https://www.ispreview.co.uk/,Openreach Raises Prices on Copper Lines to Boost UK Fibre Broadband Adoption,"Openreach has today announced above inflation price hikes on some of their older copper-based line products for UK internet and phone providers, which are designed to “encourage” comms providers to upgrade their customers to “digital alternatives” and full fibre (FTTP) technology; before legacy services are switched off in January 2027.",https://www.ispreview.co.uk/index.php/2025/11/openreach-raises-prices-on-copper-lines-to-boost-uk-fibre-broadband-adoption.html,12th Nov 2025
https://www.ispreview.co.uk/,Survey Claims 41 Percent of UK People Hit by Broadband Outages,"A new Uswitch commissioned Opinium survey of 2,000 UK adults, which was conducted between 31st October and 4th November 2025, has claimed that 41% of respondents experienced at least one loss of broadband connectivity in the past 12 months and “15 million Brits” (67%) experienced outages lasting for three hours or more.",https://www.ispreview.co.uk/index.php/2025/11/survey-claims-41-percent-of-uk-people-hit-by-broadband-outages.html,12th Nov 2025
https://www.ispreview.co.uk/,Altnet Broadband ISP Toob Wins Two North East Contact Centre Awards,"Hampshire-based alternative broadband network and UK ISP toob , which has deployed a full fibre (FTTP) network across parts of South England and also harnesses CityFibre ’s network in other areas, have today announced that they’ve won two awards at the North East Contact Centre Awards (NECCA) 2025.",https://www.ispreview.co.uk/index.php/2025/11/altnet-broadband-isp-toob-wins-two-north-east-contact-centre-awards.html,12th Nov 2025
https://www.ispreview.co.uk/,UK ISP TalkTalk Business Follows Consumer Division by Refreshing its Brand,"Business broadband and Ethernet provider TalkTalk Business (TTB), which was demerged from the wider TalkTalk Group in 2023, has now followed the re-branding of the group’s wholesale (PXC) consumer division by today unveiling a “bold new brand identity and website” of its own.",https://www.ispreview.co.uk/index.php/2025/11/uk-isp-talktalk-business-follows-consumer-division-by-refreshing-its-brand.html,12th Nov 2025
https://www.ispreview.co.uk/,Cellnex Delivers its First Consolidated 4G and 5G Mast Site for Vodafone and Three UK,"Wireless infrastructure firm Cellnex has today announced that they’ve delivered their “very first” consolidated 4G and 5G mast site for the recently merged mobile operators of Vodafone and Three UK (VodafoneThree) – five months ahead of schedule, which was established in the Lancashire (England) town of Burnley. Many more are expected to follow.",https://www.ispreview.co.uk/index.php/2025/11/cellnex-delivers-first-consolidated-4g-and-5g-mast-site-for-vodafone-and-three-uk.html,12th Nov 2025
https://www.ispreview.co.uk/,ISP Octaplus Test New AI Support System with UK Broadband Customers,"Internet service provider Octaplus , which sells broadband packages to consumers via various full fibre networks, has today begun an exclusive “early-stage” rollout of their new AI (Artificial Intelligence) powered support system – Ask Octa AI – with a selected group of existing customers.",https://www.ispreview.co.uk/index.php/2025/11/isp-octaplus-test-new-ai-support-system-with-uk-broadband-customers.html,12th Nov 2025
https://www.ispreview.co.uk/,ISP Quickline Improve UK Business Broadband Packages for Rural Areas,"Alternative network provider Quickline , which is building a new mixed Fibre-to-the-Premises (FTTP) and wireless (FWA) broadband network across rural parts of Yorkshire and Lincolnshire in England ( 3-Year Rollout Plan ), has refreshed their business packages with a new pricing structure and strengthened Service Level Agreement (SLA).",https://www.ispreview.co.uk/index.php/2025/11/isp-quickline-improve-uk-business-broadband-packages-for-rural-areas.html,12th Nov 2025
https://www.ispreview.co.uk/,Openreach Trial Trenchless Drilling Robot to Boost UK FTTP Broadband Build,"Network operator Openreach ( BT ) has revealed that they’re conducting trials of a new “advanced robotic … space-age” trenchless drilling technology, known as MicroBORE, to help accelerate their ongoing rollout of Fibre-to-the-Premises (FTTP) based broadband ISP lines across the United Kingdom. It could also cut civil engineer costs and reduce disruption.",https://www.ispreview.co.uk/index.php/2025/11/openreach-trial-trenchless-drilling-robot-to-boost-uk-fttp-broadband-build.html,12th Nov 2025
https://www.ispreview.co.uk/,New Cyber Security and Resilience Bill Introduced to UK Parliament,"The UK government will today introduce their new Cyber Security and Resilience Bill (CSRB) to parliament, which aims to toughen existing defences against cyberattacks – particularly those that impact the health, energy, water and transport networks – and imposes new requirements on broadband, mobile, managed service providers, data centres and even their suppliers.",https://www.ispreview.co.uk/index.php/2025/11/new-cyber-security-and-resilience-bill-introduced-to-uk-parliament.html,12th Nov 2025
https://www.ispreview.co.uk/,Openreach Temporarily Withdraw Multiport ONT on UK FTTP Broadband Lines,Network access provider Openreach ( BT ) has informed UK broadband ISPs that they will be “temporarily withdrawing” the provision of their Multiport Optical Network Terminal (ONT) device and the related Box Swap service (i.e. replacing an existing / older ONT with a new Multiport ONT). The move is due to some “technical issues experienced” by providers.,https://www.ispreview.co.uk/index.php/2025/11/openreach-temporarily-withdraw-multiport-ont-on-uk-fttp-broadband-lines.html,11th Nov 2025
https://www.ispreview.co.uk/,SMARTY Mobile Launches New UK Everyone Unlimited Data Group Plan,"Consumer mobile provider SMARTY , which is a virtual mobile operator (MVNO) on the Three UK (VodafoneThree) network, has today launched a new “Everyone Unlimited” group plan that offers unlimited data (4G / 5G mobile broadband) deals for all group members (each group can include up to 8 members). Savings of up to £35 per month are said to be possible.",https://www.ispreview.co.uk/index.php/2025/11/smarty-mobile-launches-new-uk-everyone-unlimited-data-group-plan.html,11th Nov 2025
https://www.ispreview.co.uk/,Repairs to Broken Subsea Broadband Cable for Tiree Island Set to Begin,"Good news for residents and businesses on the tiny, remote Inner Hebrides Island of Tiree, which suffered a break in its only subsea fibre cable after Storm Amy struck Scotland at the start of October – resulting in disruption to local broadband and phone services ( here ). Cable repairs are finally about to get underway.",https://www.ispreview.co.uk/index.php/2025/11/repairs-to-broken-subsea-broadband-cable-for-tiree-island-set-to-begin.html,11th Nov 2025
https://www.ispreview.co.uk/,Broadband ISP Virgin Media UK Adds Identity Protection to Security Add-on UPDATE,"Internet, TV and phone provider Virgin Media ( O2 ) and security partner F-Secure have today announced that they’ve now begun offering customers of their optional (paid) ‘Advanced Security’ add-on service an additional “Identity Protection” feature, which is designed to help prevent identity theft.",https://www.ispreview.co.uk/index.php/2025/11/broadband-isp-virgin-media-uk-adds-identity-protection-to-security-add-on.html,11th Nov 2025
https://www.ispreview.co.uk/,Virgin Media UK Add Extra FAST TV Channel to Service – Inside Outside,"Customers of broadband ISP Virgin Media ( O2 ), specifically those who also take a Pay TV service via one of their TV 360, Stream or v6 box platforms, may like to know that they’ve added another FAST channel to their TV service – Inside Outside (Channel 231) – “at no extra cost“.",https://www.ispreview.co.uk/index.php/2025/11/virgin-media-uk-add-extra-fast-tv-channel-to-service-inside-outside.html,11th Nov 2025
https://www.ispreview.co.uk/,Ofcom Monitoring UK VPN Use Due to Circumvention of Online Safety Act,"The UK telecoms and internet content regulator, Ofcom , has revealed they’re using an unidentified third-party monitoring tool – seemingly with AI capabilities – to track the public’s use of Virtual Private Network (VPN) tools as part of Government concerns that they’re being used to circumvent internet censorship measures under the Online Safety Act (OSA).",https://www.ispreview.co.uk/index.php/2025/11/ofcom-monitoring-uk-vpn-use-due-to-circumvention-of-online-safety-act.html,11th Nov 2025
https://www.ispreview.co.uk/,VodafoneThree Tops 1.7 Million UK Broadband Users as Mobile Rises to 28.82m,Broadband and mobile operator Vodafone and Three UK (VodafoneThree) have published their latest Q2 FY26 financial results. The figures show that they now have 1.704 million fixed broadband customers (up by 50k in Q2 vs +44k in Q1) and a huge combined mobile base of 28.824m (up from 28.765m).,https://www.ispreview.co.uk/index.php/2025/11/vodafonethree-tops-1-7-million-uk-broadband-users-as-mobile-rises-to-28-82m.html,11th Nov 2025
https://www.ispreview.co.uk/,Business IT and Cloud Provider labdesk Acquires UK ISP Cheshire Telecom,"Warrington-based Cloud, Cyber and IT solutions provider labdesk has acquired business broadband, IT and phone provider Cheshire Telecom for an undisclosed sum. The “strategic move” is said to be the culmination of a longstanding partnership, with labdesk having already provided technical services and support to CT partners over the years.",https://www.ispreview.co.uk/index.php/2025/11/business-it-and-cloud-provider-labdesk-acquires-uk-isp-cheshire-telecom.html,10th Nov 2025
https://www.ispreview.co.uk/,Business UK Broadband ISP Fibre1 Acquired by Kube Networks Limited,"Glasgow-based ISP, managed IT and Cloud provider KubeNet (Kube Networks), which is backed by investment from Maven Capital Partners and Kerrera Newco Limited, has announced the acquisition of the client base of Moray-based business broadband provider Fibre1 for an undisclosed sum.",https://www.ispreview.co.uk/index.php/2025/11/business-uk-broadband-isp-fibre1-acquired-by-kube-networks-limited.html,10th Nov 2025
https://www.ispreview.co.uk/,Poverty Alliance Warn Vulnerable Users at Risk from UK 2G and 3G Mobile Switch Off UPDATE,"A new report from the Digital Poverty Alliance (DPA) has warned that the ongoing switch-off by mobile operators Vodafone / Three UK , EE and O2 of legacy 3G and 2G networks “exposes a deep fault line in digital inclusion,” which they say could risk disconnecting vulnerable users (e.g. those with telecare systems and safety devices) from essential communication and support.",https://www.ispreview.co.uk/index.php/2025/11/poverty-alliance-warn-vulnerable-users-at-risk-from-uk-2g-and-3g-mobile-switch-off.html,10th Nov 2025
https://www.ispreview.co.uk/,TalkTalk UK Broadband Group Appoints New Chief Financial Officer,"The debt troubled TalkTalk Group, which at this point has been through a demerger of its businesses, several funding deals ( here , here and here ), job cuts and is currently said to be considering the possible disposal (sale) of its remaining businesses ( here ), has today announced the appointment of Henry Davies as its new Chief Financial Officer (CFO). Not an easy job, we suspect.",https://www.ispreview.co.uk/index.php/2025/11/talktalk-uk-broadband-group-appoints-new-chief-financial-officer.html,10th Nov 2025
https://www.ispreview.co.uk/,INCA Calls for Clarity from Openreach on Which UK Homes Won’t Get Full Fibre,"The Independent Networks Co-operative Association (INCA), which represents many of the UK’s alternative broadband networks, has today called on incumbent network operator Openreach ( BT ) to clarify which homes it’s likely to sacrifice if they carry out their threat to scale-back the deployment of full fibre ( FTTP ) broadband. The altnets will then know where to target.",https://www.ispreview.co.uk/index.php/2025/11/inca-calls-for-clarity-from-openreach-on-which-uk-homes-wont-get-full-fibre.html,10th Nov 2025
https://www.ispreview.co.uk/,Gigaclear Call for Openreach Changes to Bring Gigabit Broadband to UK Rural Areas,"Abingdon-based alternative broadband ISP Gigaclear , which has built a full fibre ( FTTP ) network across 612,000 premises in rural parts of England (inc. 160,000 customers), has responded to Openreach ’s recent threat to scale-back their own fibre roll-out ( here ) by calling for “fair regulation between the incumbent and altnets to level the playing field“.",https://www.ispreview.co.uk/index.php/2025/11/gigaclear-calls-for-openreach-changes-to-bring-gigabit-broadband-to-uk-rural-areas.html,10th Nov 2025
https://www.ispreview.co.uk/,Openreach Faces Protest in Lincoln Over Rollout of 40 Broadband Poles,"The Street Works and Permitting Manager at Lincolnshire County Council (LCC) in England, Ashley Behan, has asked network access provider Openreach ( BT ) to “pause” the roll-out of 40 new telecoms poles – needed to expand the coverage of their full fibre (FTTP) broadband network – until they can explain how they’re going to respond to local complaints and engage with the community.",https://www.ispreview.co.uk/index.php/2025/11/openreach-faces-protest-in-lincoln-over-rollout-of-40-broadband-poles.html,9th Nov 2025
https://www.ispreview.co.uk/,ISP KCOM Start Black Friday SALE on UK Broadband Packages,"Macquarie-backed network operator KCOM , which has already deployed their own full fibre (FTTP) network across 305,000 premises in parts of East Yorkshire (primarily Hull) and Lincolnshire in England, has finally kicked off their big Black Friday sale and slashed the monthly rental on their broadband packages for new customers.",https://www.ispreview.co.uk/index.php/2025/11/isp-kcom-start-black-friday-sale-on-uk-broadband-packages.html,9th Nov 2025
https://www.ispreview.co.uk/,Ofcom Predict 97 Percent of UK Covered by Gigabit Broadband in Jan 2028,"Somehow, we overlooked that the telecoms regulator had published the fourth edition of their forecast for Planned Network Deployments, which has revised down its expectations of future coverage after UK broadband operators did the same. The report now predicts that full fibre (FTTP) lines will reach 86-95% of homes by January 2028 – rising to 91-97% for gigabit-capable networks (i.e. FTTP and Cable).",https://www.ispreview.co.uk/index.php/2025/11/ofcom-predict-97-percent-of-uk-covered-by-gigabit-broadband-in-jan-2028.html,8th Nov 2025
https://www.ispreview.co.uk/,Sky UK in Talks to Acquire ITV’s Media and Entertainment Divisions,"Broadband and media giant Sky UK (Comcast) is reportedly engaged in “preliminary” talks over the possible £1.6bn acquisition of ITV’s broadcasting business, specifically the company’s Media and Entertainment divisions, which include both their free-to-air TV channels and the ITV X video streaming service.",https://www.ispreview.co.uk/index.php/2025/11/sky-uk-in-talks-to-acquire-itvs-media-and-entertainment-divisions.html,7th Nov 2025
https://www.ispreview.co.uk/,Nexfibre Publish Q3 2025 UK Full Fibre Broadband Build Update – 2.44M Premises,"Network operator nexfibre , which shares some parentage with ISP partners Virgin Media (O2) and giffgaff , has published their latest quarterly Q3 2025 build update and confirmed that their new 10Gbps capable Fibre-to-the-Premises (FTTP) broadband network now covers 2.44 million UK premises. But future deployments beyond 2025 remain uncertain.",https://www.ispreview.co.uk/index.php/2025/11/nexfibre-publish-q3-2025-uk-full-fibre-broadband-build-update-2-44m-premises.html,7th Nov 2025
https://www.ispreview.co.uk/,ISP LightSpeed Broadband Drops 2000Mbps Package to £33.99,"Alternative network operator and UK ISP LightSpeed Broadband , which has already deployed their full fibre (FTTP) network to cover 250,000 premises across the East of England and Midlands, have just launched their Black Friday deals – headline by their 2Gbps package being cut to £33.99 per month for the first 12 months, then £39.99 for the remaining 12 months.",https://www.ispreview.co.uk/index.php/2025/11/isp-lightspeed-broadband-drops-2000mbps-package-to-33-99.html,7th Nov 2025
https://www.ispreview.co.uk/,Vodafone UK Gifts Free Global Roaming to all UK Armed Forces Personnel,"Mobile network operator Vodafone has today become the “sole UK telecommunications provider” offering complimentary global roaming for armed forces personnel, which will allow troops to call, message and use data (mobile broadband) abroad “at no extra cost” in 83 countries.",https://www.ispreview.co.uk/index.php/2025/11/vodafone-uk-gifts-free-global-roaming-for-all-uk-armed-forces-personnel.html,7th Nov 2025
https://www.ispreview.co.uk/,British Airways to Supply Free In-flight WiFi by Starlink Broadband Satellites,"Good news if you fly British Airways. The associated International Airlines Group (IAG), which also includes Aer Lingus, Iberia, LEVEL and Vueling aircraft, has reached an agreement with SpaceX’s global Starlink service to upgrade 500+ of their planes (long and short-haul) to harness the ultrafast broadband constellation in Low Earth Orbit (LEO) for in-flight WiFi .",https://www.ispreview.co.uk/index.php/2025/11/british-airways-to-supply-free-in-flight-wifi-by-starlink-broadband-satellites.html,7th Nov 2025
https://www.ispreview.co.uk/,Vodafone and Three UK to Increase Mid-Contract Price Hikes on Broadband and Mobile UPD,"Mobile and broadband provider Vodafone (inc. Three UK ) is preparing to follow BT (inc. EE and Plusnet ), Virgin Media and O2 by becoming the latest telecoms provider to increase the customer cost impact of their existing mid-contract pricing policy, which will be introduced on 9th November 2025 for Three UK and 12th for Vodafone . But existing customers are safe, for now.",https://www.ispreview.co.uk/index.php/2025/11/vodafone-uk-increases-mid-contract-price-hikes-on-broadband-and-mobile.html,6th Nov 2025
https://www.ispreview.co.uk/,Pop Telecom Joins Freedom Fibre’s UK Broadband Network,"Internet provider Pop Telecom has today become the latest ISP to join Freedom Fibre’s alternative open access network, which has so far grown their Fibre-to-the-Premises ( FTTP / XGS-PON) based infrastructure to cover 350,000 premises and connected 24,000 customers across various parts of England and North Wales.",https://www.ispreview.co.uk/index.php/2025/11/pop-telecom-joins-freedom-fibres-uk-broadband-network.html,6th Nov 2025
https://www.ispreview.co.uk/,ISP Connect Fibre Offer 3 Months Free Broadband and £50 Cashback,"Alternative broadband operator and UK ISP Connect Fibre , which has been rolling out their gigabit-capable full fibre ( FTTP ) network across the East of England, has launched a series of new Black Friday discounts on certain packages that will give you the first 3 months of FREE service and £50 cashback.",https://www.ispreview.co.uk/index.php/2025/11/isp-connect-fibre-offer-3-months-free-broadband-and-50-cashback.html,6th Nov 2025
https://www.ispreview.co.uk/,BLACK FRIDAY – UK ISP Virgin Media Offers First 3 Months Free Broadband,"New customers looking to join Virgin Media may like to know that they’ve kicked off their Black Friday sale this week, which is offering the first three months of service for free across many of their broadband packages, including some major TV and TV + O2 SIM bundles. This is on top of the discounted monthly rental prices and an up to £200 Contract Buyout.",https://www.ispreview.co.uk/index.php/2025/11/black-friday-uk-isp-virgin-media-offers-first-3-months-free-broadband.html,6th Nov 2025
https://www.ispreview.co.uk/,Ofcom to Boost UK Telecoms Security by Working with Key Countries,"The UK communications, internet and media regulator, Ofcom , has today announced that they’ve agreed to work “more closely” with their counterparts in the US, Canada, Australia and New Zealand. The move aims to “strengthen the security and resilience of telecoms networks” and tackle consumer-facing risks from scams and fraud.",https://www.ispreview.co.uk/index.php/2025/11/ofcom-to-boost-uk-telecoms-security-by-working-with-key-countries.html,6th Nov 2025
https://www.ispreview.co.uk/,"Virgin Media UK and Nexfibre Extend Full Fibre to 6,000 Homes in Widnes","Broadband ISP Virgin Media (O2) and network partner nexfibre , which enjoy some of the same parentage, have today announced that they’ve expanded the reach of their symmetric 2Gbps speed full fibre (FTTP) network to add more than 6,000 additional homes in the industrial Cheshire (England) town of Widnes.",https://www.ispreview.co.uk/index.php/2025/11/virgin-media-uk-and-nexfibre-extend-full-fibre-to-6000-homes-in-widnes.html,6th Nov 2025
https://www.ispreview.co.uk/,BT See Openreach UK Broadband Lines Fall by 242k as FTTP Covers 20.3M Premises,"The BT Group has today published their H1 FY26 biannual results to Sept 2025, which reveals that Openreach ’s full fibre (FTTP) network added 2.2 million premises to their UK coverage to total 20.3m (level with H2 FY25 growth); including 5.5m in rural areas. But broadband line losses to rivals jumped to 242k in the last quarter (up from 169k).",https://www.ispreview.co.uk/index.php/2025/11/bt-see-openreach-uk-broadband-lines-fall-by-242k-as-fttp-covers-20-3m-premises.html,6th Nov 2025
https://www.ispreview.co.uk/,BT and EE to Sell Starlink as UK Rural Broadband Solution to Customers,"Telecoms giant BT ( EE ) has this morning announced a “landmark agreement” to make Starlink ’s mega constellation of ultrafast broadband satellites in Low Earth Orbit (LEO) available to their consumer broadband customers in “rural and remote areas“, where traditional fixed-line infrastructure is “economically unviable or geographically challenging” to build.",https://www.ispreview.co.uk/index.php/2025/11/bt-and-ee-to-sell-starlink-as-uk-rural-broadband-solution-to-customers.html,6th Nov 2025
https://www.ispreview.co.uk/,Key News for Virgin Media O2 as Telefonica’s Strategic Plan to Focus on UK,"Spanish telecoms giant Telefónica, which forms part of the joint venture that controls broadband and mobile operators Virgin Media and O2 UK, has today announced the outcome of their recent Strategic Review and set out the six pillars underpinning their new five-year strategic plan. This includes consolidation and retaining the UK as one of their core markets.",https://www.ispreview.co.uk/index.php/2025/11/key-news-for-virgin-media-o2-as-telefonicas-strategic-plan-to-focus-on-uk.html,5th Nov 2025
https://www.ispreview.co.uk/,Sky UK to Scrap Sky Live 4K Smart Camera for Sky Glass After Just 2 Years,"Customers of Sky Glass , which uses your broadband and WiFi connection to stream on-demand video and live TV channels directly to Sky’s own brand TV sets (without a satellite dish), have been informed that if they also took out the £290 dedicated 4K HDR smart camera add-on (Sky Live) then this will shortly become an expensive paper weight.",https://www.ispreview.co.uk/index.php/2025/11/sky-uk-to-scrap-sky-live-4k-smart-camera-for-sky-glass-after-just-2-years.html,5th Nov 2025
https://www.ispreview.co.uk/,Openreach CEO Threatens to Scrap 30M UK Premises Target for FTTP Broadband,"The CEO of network access provider Openreach (BT), Clive Selley, has warned Ofcom and the UK Government that he is “going to hold fire” on seeking approval for the final phase of the operator’s plan to deploy full fibre (FTTP) based broadband ISP technology to 30 million premises. At least until the regulator and tax environment show themselves to be favourable.",https://www.ispreview.co.uk/index.php/2025/11/openreach-ceo-threatens-to-scrap-30m-uk-premises-target-for-fttp-broadband.html,5th Nov 2025
https://www.ispreview.co.uk/,London ISP Vorboss Launch New Connectivity Product for Smart Public Services,"London-focused ISP Vorboss , which has built and operates a 100Gbps speed fibre optic network for businesses in the UK’s capital city, has today announced the launch of a connectivity product that’s “built to enable essential public services across the capital“.",https://www.ispreview.co.uk/index.php/2025/11/london-isp-vorboss-launch-new-connectivity-product-for-smart-public-services.html,5th Nov 2025
https://www.ispreview.co.uk/,ISP Lightning Fibre Launch UK Business Broadband Services via CityFibre,"Eastbourne-based broadband ISP Lightning Fibre , which is building a new multi-gigabit speed full fibre (FTTP) broadband network across parts of Sussex + Kent in England (140,000 premises) and also holds a partnership to harness CityFibre ’s wider UK network ( here ), has today launched a new range of business packages via the CF side of their service (off-net).",https://www.ispreview.co.uk/index.php/2025/11/isp-lightning-fibre-launch-uk-business-broadband-services-via-cityfibre.html,5th Nov 2025
https://www.ispreview.co.uk/,London Internet Exchange Launch New Bandwidth Options for Peering,"The not-for-profit London Internet Exchange , which handles a large chunk of UK and global data traffic through their switches via around 900+ members (broadband ISPs, mobile and CDN providers etc.), has announced that networks with multiple 100GE ports (lagged ports) will now be able to access new peering bandwidths of 130Gbps and 150Gbps for “increased flexibility and value“.",https://www.ispreview.co.uk/index.php/2025/11/london-internet-exchange-launch-new-bandwidth-options-for-peering.html,5th Nov 2025
https://www.ispreview.co.uk/,Rural Broadband ISP Voneus Secure UK Funding to 2030 as More Job Cuts Loom,"Alternative UK broadband network Voneus has today officially confirmed what we touched on last month ( here ), which reveals that they’ve strengthened their position for “long-term growth” with a business reorganisation and have secured funding through to 2030 (i.e. renegotiation of an existing £70m debt facility). But more job cuts are set to follow.",https://www.ispreview.co.uk/index.php/2025/11/rural-broadband-isp-voneus-secure-uk-funding-to-2030-as-more-job-cuts-loom.html,5th Nov 2025
https://www.ispreview.co.uk/,"R100 Gigabit Broadband Rollout Reaches 93,800 Premises in Scotland","The Scottish Government (SG) recently revealed that 93,800 premises have now benefitted from their £697m Reaching 100% (R100) project with Openreach (up from 83,419 in July 2025), which is rolling out full fibre (FTTP) broadband to remote rural areas. But the full roll-out is still not expected to complete until early 2028.",https://www.ispreview.co.uk/index.php/2025/11/r100-gigabit-broadband-rollout-reaches-93800-premises-in-scotland.html,5th Nov 2025
https://www.ispreview.co.uk/,Broadband ISP TalkTalk Issue Trading Update and Explores New Ownership Structures,"The TalkTalk Group has today published a very brief trading update for the half year ended 31st August 2025, which largely only highlights the positives ( unlike their annual accounts ) and claims to have “delivered a solid first-half performance“. The group is currently aiming to tackle its debts by targeting £146m in total savings by FY28.",https://www.ispreview.co.uk/index.php/2025/11/broadband-isp-talktalk-issue-trading-update-and-explores-new-ownership-structures.html,5th Nov 2025
https://www.ispreview.co.uk/,Major UK Phone Providers Agree to Crackdown on Scam Calls and Fraud,"A new landmark Telecommunications Charter has today been agreed between several of the UK’s leading broadband, mobile and phone providers, which commits BT ( EE ), Virgin Media ( O2 ), VodafoneThree, Tesco Mobile , TalkTalk , Sky ( Sky Broadband ) and the Comms Council UK to a “crack down on scam calls and fraud“. A sub-charter also exists for B2B phone services.",https://www.ispreview.co.uk/index.php/2025/11/major-uk-phone-providers-agree-to-crackdown-on-scam-calls-and-fraud.html,5th Nov 2025
https://www.ispreview.co.uk/,INCA Continues Work to Standardise Wholesale Full Fibre Among UK Altnets,"The Independent Networks Co-operative Association (INCA), which represents many of the UK’s alternative broadband networks, has today provided a progress update on their work to standardise wholesale access (‘Wholesale Standards Initiative‘) and make it easier for retail ISPs to purchase services from such operators.",https://www.ispreview.co.uk/index.php/2025/11/inca-continues-work-to-standardise-wholesale-full-fibre-among-uk-altnets.html,4th Nov 2025
https://www.ispreview.co.uk/,New Spec Looks to Make 5G Fixed Wireless Broadband Viable for Blocks of Flats,"The Broadband Forum has published a new technical report that outlines how multiple tenants and apartments (MDU – Multi-Dwelling Units) could receive gigabit broadband connectivity through a single 5G based Fixed Wireless Access (FWA) network connection, not least by reusing some of the building’s existing infrastructure.",https://www.ispreview.co.uk/index.php/2025/11/new-spec-looks-to-make-5g-fixed-wireless-broadband-viable-for-blocks-of-flats.html,4th Nov 2025
https://www.ispreview.co.uk/,eSIM.net Launch eSIM Using iOS 26’s Automatic Travel Activation Feature,"Virtual mobile provider eSIM.net , which specialises in offering travel eSIMs (embedded SIMs) for roaming use, has launched a new travel eSIM – Global64 – that claims to be “the first” to take advantage of Apple’s latest iOS 26 innovation — automatic travel SIM activation.",https://www.ispreview.co.uk/index.php/2025/11/esim-net-launch-esim-using-ios-26s-automatic-travel-activation-feature.html,4th Nov 2025
https://www.ispreview.co.uk/,Vodafone UK Launch New Together Discount on Mobile and Broadband Bundles,"Telecoms giant Vodafone (VodafoneThree) has just refreshed their “Together” discount, which now also offer new savings to families that combine (bundle) their unlimited Pay Monthly mobile ( 4G / 5G) plans with one of their fixed line full fibre broadband packages (supplied via Openreach , CommunityFibre or CityFibre ). Savings of up to £636 are being promoted.",https://www.ispreview.co.uk/index.php/2025/11/vodafone-uk-launch-new-together-discount-on-mobile-and-broadband-bundles.html,4th Nov 2025
https://www.ispreview.co.uk/,Business ISP 4Com Criticised Over UK Broadband and Phone Contracts,"Bournemouth-based communications, IT and broadband provider 4Com has come in for criticism from some of their UK customers, who have complained about being hit by dramatically higher prices than they originally agreed over the phone. Sadly, business-to-business contracts lack many of the same protections as consumers enjoy, leaving some small firms in a dire situation.",https://www.ispreview.co.uk/index.php/2025/11/business-isp-4com-criticised-over-uk-broadband-and-phone-contracts.html,4th Nov 2025
https://www.ispreview.co.uk/,Gov Push Ofcom to Tackle Mid Contract UK Broadband and Mobile Price Hikes,"The Secretary of State for Science, Innovation and Technology (DSIT), Liz Kendall, has now joined the chorus of displeasure at O2 ’s recent decision ( here ) to increase their annual mid-contract price rises beyond what customers agreed when they signed-up. In response, the minister has directed Ofcom ’s CEO, Dame Melanie Dawes, to “look at in-contract price rises again“.",https://www.ispreview.co.uk/index.php/2025/11/gov-push-ofcom-to-tackle-mid-contract-uk-broadband-and-mobile-price-hikes.html,4th Nov 2025
https://www.ispreview.co.uk/,Fibrus Launch Black Friday Broadband Sale in N.Ireland and Cumbria UK,"Infracapital-backed broadband ISP Fibrus , which is rolling out a full fibre network across parts of Northern Ireland and Cumbria (England), has joined other internet providers in launching their Black Friday sales for new customers. The provider is also offering up to £400 of buyout credit if your old ISP hits you with Early Termination Charges (ETC).",https://www.ispreview.co.uk/index.php/2025/11/fibrus-launch-black-friday-broadband-sale-in-n-ireland-and-cumbria-uk.html,4th Nov 2025
https://www.ispreview.co.uk/,Community Fibre Offers 6 Months Free Full Fibre Broadband in London,"Network builder and broadband ISP CommunityFibre , which has invested c.£1bn to deploy a 5Gbps speed full fibre ( FTTP ) network across 1.342 million UK homes (inc. 185k businesses within 200 metres of their network) – mostly in London, has launched their Black Friday discounts and begun offering the first 6 months of service for free on ALL of their packages.",https://www.ispreview.co.uk/index.php/2025/11/community-fibre-offers-6-months-free-full-fibre-broadband-in-london.html,4th Nov 2025
https://www.ispreview.co.uk/,Giffgaff Expands Full Fibre Broadband Availability to Include Chester UK,"Mobile and internet provider giffgaff , which is owned by Telefónica UK (VMO2), has today informed ISPreview that their recently launched ( here ) full fibre broadband products for homes – powered by nexfibre and Virgin Media ’s networks – have now been made available to people living in the Cathedral City of Chester (Cheshire, England).",https://www.ispreview.co.uk/index.php/2025/11/giffgaff-expands-full-fibre-broadband-availability-to-include-chester-uk.html,3rd Nov 2025
https://www.ispreview.co.uk/,Openreach Expand Project Gigabit Broadband Build in Staffordshire and Lancashire UK,"Network operator Openreach ( BT ) has issued a progress update on their ongoing roll-out of a new Fibre-to-the-Premises ( FTTP ) based broadband ISP network in rural parts of Staffordshire and Lancashire (England), which forms part of their Project Gigabit contracts with the government (these entered the construction phase earlier this year).",https://www.ispreview.co.uk/index.php/2025/11/openreach-expand-project-gigabit-broadband-build-in-staffordshire-and-lancashire-uk.html,3rd Nov 2025
https://www.ispreview.co.uk/,Guernsey Switches Off Copper Network as Full Fibre Rollout Nears Completion,"Mobile and broadband operator Sure has today started the process of switching off their old copper line telecoms (phone and broadband) network on the English Channel Island of Guernsey, which comes as the network operator’s roll-out of a new gigabit-capable full fibre (FTTP) network on the island nears imminent completion.",https://www.ispreview.co.uk/index.php/2025/11/guernsey-switches-off-copper-network-as-full-fibre-rollout-nears-completion.html,3rd Nov 2025
https://www.ispreview.co.uk/,Altnet Broadband ISP Lightning Fibre Launches UK Black Friday SALE,"Eastbourne-based broadband ISP Lightning Fibre , which is building a new multi-gigabit speed full fibre (FTTP) broadband network across parts of Sussex and Kent in England (they also hold a partnership to harness CityFibre ’s network around the South Coast – here ), has today launched a range of early Black Friday sales on their packages.",https://www.ispreview.co.uk/index.php/2025/11/altnet-broadband-isp-lightning-fibre-launches-uk-black-friday-sale.html,3rd Nov 2025
https://www.ispreview.co.uk/,Virgin Media O2 Appoint Kate Dohaney as CEO of UK Mobile Provider giffgaff,"The parent(s) of mobile network operator giffgaff , which is controlled by Virgin Media and O2, have today announced that outgoing Chief Executive Officer (CEO), Ash Schofield, who announced he was stepping down back in July 2025 ( here ), is to be replaced by Kate Dohaney.",https://www.ispreview.co.uk/index.php/2025/11/virgin-media-o2-appoint-kate-dohaney-as-ceo-of-uk-mobile-provider-giffgaff.html,3rd Nov 2025
https://www.ispreview.co.uk/,Broadband ISP Gigaclear Kicks Off UK Black Friday Discounts,"Abingdon-based rural broadband ISP Gigaclear , which covers 612,000 premises (c.160,000 customers) across parts of England via their Fibre-to-the-Premises (FTTP) network, has launched a range of new Black Friday discounts that look set to be available for new customers to order until 2nd December 2025.",https://www.ispreview.co.uk/index.php/2025/11/broadband-isp-gigaclear-kicks-off-uk-black-friday-discounts.html,3rd Nov 2025
https://www.ispreview.co.uk/,Ofcom Warns UK Phone Providers to Ensure Customers Can Contact 999,"The telecoms regulator, Ofcom , has opened a new compliance programme to assess whether regulated UK phone providers are meeting their obligations concerning the need to ensure access to emergency calls (e.g. 999 and 112). The move comes after a string of broadband and VoIP providers, including BT, Gigaclear and Vonage, were fined over various related failings ( here , here and here ).",https://www.ispreview.co.uk/index.php/2025/11/ofcom-warns-uk-phone-providers-to-ensure-customers-can-contact-999.html,3rd Nov 2025
https://www.ispreview.co.uk/,Boss of UK Rural Broadband ISP Quickline Exits as New Top Team Formed,"The current CEO of alternative rural broadband provider Quickline , Sean Royce, has today announced that he’s retiring after nearly 5 years leading the business and is to be replaced by their Chief Transformation Officer, Mark Bowden. At the same time, the provider has promoted Martin Cook to Chief Financial Officer (CFO).",https://www.ispreview.co.uk/index.php/2025/11/boss-of-uk-rural-broadband-isp-quickline-exits-as-new-top-team-formed.html,3rd Nov 2025
https://www.ispreview.co.uk/,O2 UK Reach Grim Milestone as Mobile Network Blocks 1 Billion Scam Texts,Mobile operator O2 ( Virgin Media ) has today revealed that over 1 billion scam text messages have been blocked by their network and prevented from reaching customers. The provider is now calling on the government to ensure that their forthcoming Fraud Strategy helps to tackle this by empowering law enforcement with the tools and resources needed to crackdown on the problem.,https://www.ispreview.co.uk/index.php/2025/11/o2-uk-reach-grim-milestone-as-mobile-network-blocks-1-billion-scam-texts.html,3rd Nov 2025
https://www.ispreview.co.uk/,Rural UK Broadband ISP Quickline Discounts 1Gbps Plan to GBP 32,"Homes covered by Quickline ’s new gigabit full fibre ( FTTP ) broadband network, which by the end of 2025 will have covered 200,000 premises across rural parts of Yorkshire and Lincolnshire (up from 65,000 premises in Nov 2023), may like to know that they’ve discounted the price of their top 1Gbps tier from £49 to just £32 per month.",https://www.ispreview.co.uk/index.php/2025/11/rural-uk-broadband-isp-quickline-discounts-1gbps-plan-to-gbp-32.html,3rd Nov 2025
https://www.ispreview.co.uk/,Virgin Media O2 Integrate Neutral Host Small Cell into Live UK 5G SA Network,"O2 ( Virgin Media ) has partnered with IONX Networks to become one of the first mobile operators in the UK to successfully integrate a neutral host Small Cell into their live 5G Standalone (SA) core network, which supports the ongoing expansion of their new ultrafast mobile broadband service (currently available to more than 70% of the population).",https://www.ispreview.co.uk/index.php/2025/11/virgin-media-o2-integrate-neutral-host-small-cell-into-live-uk-5g-sa-network.html,3rd Nov 2025
https://www.ispreview.co.uk/,October 2025 Progress Update on BT 10Mbps UK Broadband USO,"ISP BT has published the biannual (October 2025) progress update on their delivery of Ofcom ’s somewhat unpopular 10Mbps Universal Service Obligation (USO) for broadband. The provider has so far helped to build a USO connection to over 8,553 premises (up from 8,411 in April 2025), with 186 further builds in-progress (down from 349).",https://www.ispreview.co.uk/index.php/2025/11/october-2025-progress-update-on-bt-10mbps-uk-broadband-uso.html,3rd Nov 2025
https://www.ispreview.co.uk/,Falkland Islands Government Grants Licence for Starlink Satellite Broadband,"The Falkland Islands Government (FIG) has, after plenty of confusion and debate earlier in the year ( here and here ), finally granted a VSAT Broadband Connectivity Licence to SpaceX’s Starlink service. The move allows homes and businesses on the remote islands, which are a British Overseas Territory, to take an ultrafast internet service via Starlink ’s satellite network.",https://www.ispreview.co.uk/index.php/2025/11/falkland-islands-government-grants-licence-for-starlink-satellite-broadband.html,3rd Nov 2025
https://www.ispreview.co.uk/,Rural UK Broadband Altnet Gigaclear Hunts Buyer to Tackle £1bn Debt,"A new report has claimed that Abingdon-based broadband ISP Gigaclear , which has built a full fibre ( FTTP ) network across 612,000 premises in rural parts of England and is home to c.160,000 customers, have begun the process of hunting for a buyer as one of the preferred options for tackling their £1bn debt mountain.",https://www.ispreview.co.uk/index.php/2025/11/rural-uk-broadband-altnet-gigaclear-hunts-buyer-to-tackle-1bn-debt.html,1st Nov 2025
https://www.ispreview.co.uk/,Broadband ISP Aquiss Prep 2025 UK Black Friday Discounts – 6 Months Half Price,"Shropshire-based independent broadband ISP Aquiss has this morning unveiled its planned Black Friday discounts early by offering new customers six months of half-price service on their Openreach (FTTP + FTTC /SOGEA) and CityFibre (FTTP) based packages, which will be available to order between 1st and 30th November 2025.",https://www.ispreview.co.uk/index.php/2025/11/broadband-isp-aquiss-prep-2025-uk-black-friday-discounts-6-months-half-price.html,1st Nov 2025
https://www.ispreview.co.uk/,Openreach Cuts UK Price of 1.2Gbps and 1.8Gbps FTTP Broadband Tiers,"Network operator Openreach ( BT ) has today informed ISPs about a “realignment of prices” on their top two fastest Fibre-to-the-Premises (FTTP) broadband tiers – 1.2Gbps and 1.8Gbps (both 120Mbps upstream), which in practice appears to mark a further price reduction. Rivals will perhaps remark that we’ve seen quite a few special offers from the incumbent of late.",https://www.ispreview.co.uk/index.php/2025/10/openreach-cuts-uk-price-of-1-2gbps-and-1-8gbps-fttp-broadband-tiers.html,31st Oct 2025
https://www.ispreview.co.uk/,Vodafone and Three UK to Cut Jobs from Network Development Division UPDATE,"Mobile operator VodafoneThree ( Vodafone and Three UK ) has reportedly begun informing some staff members that they face redundancy in the future, due to their roles being outsourced to India under new contracts with network suppliers Ericsson and Nokia. On top of that, the Transfer of Undertakings (Protection of Employment) – or TUPE – rules will not apply.",https://www.ispreview.co.uk/index.php/2025/10/vodafone-and-three-uk-to-cut-jobs-from-network-development-division.html,31st Oct 2025
https://www.ispreview.co.uk/,Mobile Operator Spusu Launches New SIM Only Plans for UK Customers,"The SIM-Only mobile provider spusu , which holds a virtual operator (MVNO) agreement via BTWholesale to harness EE ’s national 4G and 5G network, has today announced the launch of several new mobile plans. But unfortunately their “unlimited data” plan seems to have vanished and it’s unclear when it will return.",https://www.ispreview.co.uk/index.php/2025/10/mobile-operator-spusu-launches-new-sim-only-plans-for-uk-customers.html,31st Oct 2025
https://www.ispreview.co.uk/,Ofcom and UK Mobile Providers Agree on Wholesale Price of Bulk Biz Texts,"Ofcom has today announced that they’ve secured “voluntary commitments” from mobile operators including EE , O2, Sky and VodafoneThree ( Vodafone and Three UK ) to help stabilise the wholesale prices of automated text (SMS) messages that organisations send to people (A2P – application-to-person); these are widely used by organisations across the public and private sectors.",https://www.ispreview.co.uk/index.php/2025/10/ofcom-and-uk-mobile-providers-agree-on-wholesale-price-of-bulk-biz-texts.html,31st Oct 2025
https://www.ispreview.co.uk/,Three UK Discounts Unlimited 4G and 5G Home Broadband to £16,"Mobile operator Three UK appears to have further reduced the price of their 4G and 5G powered unlimited Three Home Broadband package, which means it’s been discounted to only £16 per month on a 24-month minimum contract term (or £28 if you take it as a rolling monthly plan).You will also get a £50 Prepaid Mastercard.",https://www.ispreview.co.uk/index.php/2025/10/three-uk-discounts-unlimited-4g-and-5g-home-broadband-to-16.html,31st Oct 2025
https://www.ispreview.co.uk/,Broadband Provider GoFibre Named One of Scotland’s Fastest Growing Companies,"Edinburgh-based UK alternative network GoFibre , which is rolling out a gigabit broadband (FTTP) network across remote rural parts of Scotland and Northern England, has been named as one of the top 50 fastest-growing businesses in Scotland by the UK Fast Growth Index for 2025 .",https://www.ispreview.co.uk/index.php/2025/10/broadband-provider-gofibre-named-one-of-scotlands-fastest-growing-companies.html,31st Oct 2025
https://www.ispreview.co.uk/,"O2 UK Reduce Flexibility to Swap Your Phone After 90 Days, Now it’s 11 Months","Customers of mobile operator O2 (Virgin Media), specifically those with the ‘Switch Up‘ service on their plan that gives you the flexibility to swap your Smartphone after 90 days (without having to pay off your contract), have recently been informed that the operator will shortly extend this period to 11 months.",https://www.ispreview.co.uk/index.php/2025/10/o2-uk-reduce-flexibility-to-swap-your-phone-after-90-days-now-its-11-months.html,31st Oct 2025
https://www.ispreview.co.uk/,Uncertainty Clouds Future of North Shropshire Project Gigabit Broadband Rollout,"The MP for North Shropshire in England, Helen Morgan (Liberal Democrat), has called on the Government to take urgent action in its ongoing attempts to find a solution after network provider Freedom Fibre scaled back their £24m (public subsidy) Project Gigabit broadband roll-out contract for the region in June 2025.",https://www.ispreview.co.uk/index.php/2025/10/uncertainty-clouds-future-of-north-shropshire-project-gigabit-broadband-rollout.html,31st Oct 2025
https://www.ispreview.co.uk/,Swansea Bay City Deal’s Digital Infrastructure Scheme Given Green Rating,"The Swansea Bay City Deal’s Digital Infrastructure Programme , which includes various broadband and other digital infrastructure upgrades as part of the wider £1.3bn Swansea Bay City Region project, has received a green rating in its latest Gateway Review, which is said to reflect its progress in improving digital connectivity across the region.",https://www.ispreview.co.uk/index.php/2025/10/swansea-bay-city-deals-digital-infrastructure-scheme-given-green-rating.html,31st Oct 2025
https://www.ispreview.co.uk/,Ofcom UK Grant Gateway Licence for Amazon’s Project Kuiper Broadband Network,"The UK communications regulator, Ofcom, has today granted a new gateway licence for Amazon ’s future Project Kuiper network. The move supports the retail giant’s effort to launch a global mega-constellation of satellites in Low Earth Orbit (LEO), which will deliver affordable ultrafast broadband and mobile (4G, 5G) services to rival Starlink (SpaceX).",https://www.ispreview.co.uk/index.php/2025/10/ofcom-uk-grant-gateway-licence-for-amazons-project-kuiper-broadband-network.html,30th Oct 2025
https://www.ispreview.co.uk/,"Ofcom Express Disappointment over O2’s UK Mobile Price Hike, But Doesn’t Act UPDATE","The UK telecoms regulator, Ofcom , has today said they’re “disappointed” by mobile operator O2 ’s ( Virgin Media ) recent decision ( here ) to increase their annual mid-contract price rises beyond what customers agreed when they signed-up (often above inflation too) and then forcing that upon existing customers. But so far an expression of disappointment is all they’ll do.",https://www.ispreview.co.uk/index.php/2025/10/ofcom-express-disappointment-over-o2s-uk-mobile-price-hike-but-doesnt-act.html,30th Oct 2025
https://www.ispreview.co.uk/,EE and Three UK Attract Most Complaints for Broadband and Mobile in Q2 2025,"Ofcom has today published their latest quarterly Q2 2025 study of UK consumer telecoms and TV complaints, which names EE as attracting the most gripes from customers for fixed broadband and Pay TV services, while Three UK took the most flak for Mobile services.",https://www.ispreview.co.uk/index.php/2025/10/ee-and-three-uk-attract-most-complaints-for-broadband-and-mobile-in-q2-2025.html,30th Oct 2025
https://www.ispreview.co.uk/,Openreach Improve Reappointment Process for Some UK FTTP Broadband Installs,"Network operator Openreach ( BT ) looks set to improve the flexibility and cost of their reappointment process for changes to new provisions of Fibre-to-the-Premises ( FTTP ) based broadband lines, which will introduce an end customer reappointing calendar and waive the related amendment charge for ISPs.",https://www.ispreview.co.uk/index.php/2025/10/openreach-improve-reappointment-process-for-some-uk-fttp-broadband-installs.html,30th Oct 2025
https://www.ispreview.co.uk/,ISP BT to Launch New AI Anti-Virus Service for Small UK Businesses,"Broadband and telecoms giant BT has announced that they’ve partnered with cloud-based cybersecurity firm CrowdStrike to launch a new AI-powered antivirus service for their small business customers – Business Antivirus Detect and Respond (BADR), which is designed to “proactively stop threats before they become breaches” (every AV solutions could be described this way).",https://www.ispreview.co.uk/index.php/2025/10/isp-bt-to-launch-new-ai-anti-virus-service-for-small-uk-businesses.html,30th Oct 2025
https://www.ispreview.co.uk/,Virgin Media UK See Broadband Customers Grow as O2 Joins Starlink for Mobile,"The latest Q3 2025 results from Virgin Media and O2 have revealed that their FTTP broadband network increased its coverage by 139,300 premises in the quarter (up from 114.9k in Q2). Similarly, related customers grew to total 5,704,300 (up by 60.8k in Q3 vs -51.4k in Q2) and O2’s mobile base jumped by 419,400 in the quarter, while also doing a multi-year deal with Starlink for satellite mobile (Direct to Cell).",https://www.ispreview.co.uk/index.php/2025/10/virgin-media-uk-see-broadband-customers-grow-as-o2-joins-starlink-for-mobile.html,30th Oct 2025
https://www.ispreview.co.uk/,Virgin Media O2 Ponder £2bn UK Broadband Deal to Acquire Netomnia UPDATE,"A major newspaper has this morning claimed that broadband giant Virgin Media (O2) have opened non-exclusive talks with alternative full fibre network operator Netomnia ( Youfibre , Brsk ), which could result in a £2bn deal that would expand VMO2’s network coverage and potentially remove a key competitor from the market. CityFibre are also said to be interested in the altnet.",https://www.ispreview.co.uk/index.php/2025/10/virgin-media-o2-ponders-2bn-uk-broadband-deal-to-acquire-netomnia.html,30th Oct 2025
https://www.ispreview.co.uk/,Vodafone UK Expands Availability of Fix and Go Repair Service for Smartphones,"Mobile operator Vodafone (VodafoneThree) has expanded the availability of their “Fix & Go” service for repairing various issues (battery and screen replacement etc.), which is now present across 14 UK stores and is available for Samsung, Apple or Google devices on any network, as well as those with out-of-warranty handsets.",https://www.ispreview.co.uk/index.php/2025/10/vodafone-uk-expands-availability-of-fix-and-go-repair-service-for-smartphones.html,29th Oct 2025
https://www.ispreview.co.uk/,Mast Removal in Hebden Bridge Leaves O2 and Vodafone UK Users Without Signal UPDATE2,"Residents and businesses in the West Yorkshire (England) market town of Hebden Bridge, which is home to 4,500 people, have been warned that they could suffer from weak to non-existent mobile signals on O2 and Vodafone ’s network, potentially lasting into early 2026, after a local mobile mast was suddenly removed.",https://www.ispreview.co.uk/index.php/2025/10/mast-removal-in-hebden-bridge-leaves-o2-and-vodafone-uk-users-without-signal.html,29th Oct 2025
https://www.ispreview.co.uk/,Ofcom UK Propose New Rules to Tackle Mobile Messaging Scams,"Ofcom has today announced a “comprehensive package of planned measures” that are designed to improve protection for mobile phone users against messaging scams. According to the regulator, some 50% of UK mobile users said they received a suspicious message between Nov 2024 and Feb 2025 via text or iMessage, but it’s hoped today’s changes may reduce that figure.",https://www.ispreview.co.uk/index.php/2025/10/ofcom-uk-propose-new-rules-to-tackle-mobile-messaging-scams.html,29th Oct 2025
https://www.ispreview.co.uk/,"SignalTracker Compares UK 5G Performance with India, Greece, Spain and Finland","A new study from SignalTracker , which runs a popular Android mobile app (not iOS) for monitoring and testing mobile network performance, has compared the 5G mobile (mobile broadband) performance (speeds, coverage etc.) in India against the UK, Greece, Spain and Finland.",https://www.ispreview.co.uk/index.php/2025/10/signaltracker-compares-uk-5g-performance-with-india-greece-spain-and-finland.html,29th Oct 2025
https://www.ispreview.co.uk/,Starlink Threatens to Brick Dormant UK Broadband Kit if Users Don’t Update,"A lot of people use SpaceX’s LEO satellite -based Starlink ultrafast broadband service as a backup or for occasional roaming, which means that outside of those times their terminal kit (dish and router) will be left dormant (i.e. the service is paused or cancelled but can be reactivated). If you’re one of those, you need to reconnect it ASAP to avoid it being bricked.",https://www.ispreview.co.uk/index.php/2025/10/starlink-threatens-to-brick-dormant-uk-broadband-kit-if-users-dont-update.html,29th Oct 2025
https://www.ispreview.co.uk/,EE and Three UK Offer Free Calls and Data for Jamaica as Hurricane Melissa Hits UPDATE,"Mobile network operator EE (BT) has notified customers in Jamaica (Caribbean) that, due to the likely devastating impact of Hurricane Melissa (Category 5) today, they’re promising to credit back charges for mobile calls, texts and data (mobile broadband) used in Jamaica, as well as mobile and landline calls from the UK to Jamaica.",https://www.ispreview.co.uk/index.php/2025/10/ee-uk-offers-free-calls-and-data-for-jamaica-as-hurricane-melissa-hits.html,28th Oct 2025
https://www.ispreview.co.uk/,Ofcom Grant Starlink an E Band Capacity Boost for UK Satellite Broadband,"The telecoms regulator, Ofcom, has today granted “temporary authorisation” for SpaceX’s Starlink service to harness the E band (71-76GHz and 81-86GHz) frequencies for their mega constellation of compact ultrafast broadband satellites in Low Earth Orbit (LEO). The move will boost their backhaul data capacity at three gateway earth station sites.",https://www.ispreview.co.uk/index.php/2025/10/ofcom-grant-starlink-an-e-band-capacity-boost-for-uk-satellite-broadband.html,28th Oct 2025
https://www.ispreview.co.uk/,Grain Start Building UK Full Fibre Broadband Network in Gainsborough,"Carlisle-based alternative broadband network and UK ISP Grain , which recently secured a £225m funding boost to continue their expansion ( here ), has revealed that they’ve now begun to expand their Fibre-to-the-Premises (FTTP) lines across the Lincolnshire (England) market town of Gainsborough; home to over 20,000 people.",https://www.ispreview.co.uk/index.php/2025/10/grain-start-building-uk-full-fibre-broadband-network-in-gainsborough.html,28th Oct 2025
https://www.ispreview.co.uk/,BT Group Explore Launch of Budget UK Mobile Brand to Complement EE UPDATE,"Telecoms and broadband giant BT is reportedly exploring the possibility of launching a new low-cost mobile service brand to complement their premium EE service. Such a move would seek to replicate Three UK ’s approach with sub-brand Smarty or Vodafone’s approach with VOXI , albeit with some of BT’s own unique twists.",https://www.ispreview.co.uk/index.php/2025/10/bt-group-explore-launch-of-budget-uk-mobile-brand-to-complement-ee.html,28th Oct 2025
https://www.ispreview.co.uk/,Virgin Media O2 CEO Joins BT in Raising Concern Over UK Biz Rates Hike,"The CEO of broadband and mobile giant Virgin Media and O2 (VMO2), Lutz Schüler, has today warned the UK government against reforming business rates in a way that would impose a “hefty hike” on telecoms providers because, he says, it would act as a “disincentive to invest that will be a real kick in the cabinets” to the industry. At a time when they’re already under pressure.",https://www.ispreview.co.uk/index.php/2025/10/virgin-media-o2-ceo-joins-bt-in-raising-concern-over-uk-biz-rates-hike.html,27th Oct 2025
https://www.ispreview.co.uk/,5G on Aircraft and 5.8GHz for UK FWA Broadband as Ofcom Make Kit Licence Exempt,"The UK communications regulator, Ofcom, has today decided to proceed with all the proposals they outlined in January 2025 to exempt lots of additional equipment from needing a wireless telegraphy licence, such as 5G handsets and dongles on aircraft or ships and 5.8GHz (5725-5850 MHz) Fixed Wireless Access kit – used by many wireless broadband ISPs.",https://www.ispreview.co.uk/index.php/2025/10/5g-on-aircraft-and-5-8ghz-for-uk-fwa-broadband-as-ofcom-make-kit-licence-exempt.html,27th Oct 2025
https://www.ispreview.co.uk/,Openreach UK Launch Rental Discount on up to 1Gbps EAD Ethernet Tiers UPDATE,Network operator Openreach ( BT ) has notified UK internet providers (ISPs) about the looming launch of a new special offer on their Ethernet Access Direct (EAD) lines for speeds of 1Gbps or below. The deal will apply a rental discount of 10% on the current one-year term rental prices with no CPI price rises for a full 36 or 60 months in return for signing up to a new 36 or 60-month term.,https://www.ispreview.co.uk/index.php/2025/10/openreach-uk-launch-rental-discount-on-up-to-1gbps-ead-ethernet-tiers.html,27th Oct 2025
https://www.ispreview.co.uk/,Sky UK Launch Business Focused SIM-Only Pay Monthly Mobile Service,"Sky Business , the business broadband and wholesale focused division of Sky UK, has today expanded their product offerings by launching a new SIM-Only mobile service that’s been designed for small and medium-sized businesses (SME) across the country. Prices start at £11 +vat per month for a 10GB data plan (inc. unlimited calls & texts) and go up to £35 for an unlimited data.",https://www.ispreview.co.uk/index.php/2025/10/sky-uk-launch-business-focused-sim-only-pay-monthly-mobile-service.html,27th Oct 2025
https://www.ispreview.co.uk/,Broadband ISP WightFibre Start Charging for “Free” Phone Line Service,"Internet service provider WightFibre , which is deploying a Fibre-to-the-Premises ( FTTP ) based gigabit broadband network across the Isle of Wight – just off the South Coast of Hampshire (England), have begun informing existing customers of their full fibre packages that they’ll now have to pay a monthly fee to keep their “free” phone line service.",https://www.ispreview.co.uk/index.php/2025/10/broadband-isp-wightfibre-start-charging-for-free-phone-line-service.html,27th Oct 2025
https://www.ispreview.co.uk/,Bad Weather Delays Fix for Broken Shetland Subsea Fibre Cable Until Tuesday UPDATE,"Bad weather means customers of broadband and mobile providers Vodafone , Sky Broadband and TalkTalk on Shetland, which is a remote UK subarctic archipelago that resides north of the Scottish mainland, will have to wait until Tuesday until repair ship Cable Vigilance can complete its fix of the recently broken SHEFA-2 (Faroese Telecom) subsea cable.",https://www.ispreview.co.uk/index.php/2025/10/bad-weather-delays-fix-for-broken-shetland-subsea-fibre-cable-until-tuesday.html,27th Oct 2025
https://www.ispreview.co.uk/,JT Group Acquire Isle of Man Broadband and Mobile Provider Manx Telecom,"Broadband, technology and telecoms operator JT (Jersey Telecom), which is owned by The States of Jersey and headquartered in St Helier, has expanded its reach from the English Channel Islands to include the Isle of Man after they partnered with CVC DIF (CVC Capital Partners) to acquire the Manx Telecom Group .",https://www.ispreview.co.uk/index.php/2025/10/jt-group-acquire-isle-of-man-broadband-and-mobile-provider-manx-telecom.html,26th Oct 2025
https://www.ispreview.co.uk/,Openreach Damages Netomnia’s Main Fibre Optic Cable Near Bristol,"Hundreds of customers on Netomnia ’s (Substantial Group) alternative broadband network in the Bristol (South West England) area, which has now covered 2.8 million UK premises RFS (inc. 400,000 customers) with their full fibre ( FTTP ) lines, are suffering connectivity problems after Openreach “took down one of our main cables” yesterday afternoon.",https://www.ispreview.co.uk/index.php/2025/10/openreach-damages-netomnias-main-fibre-optic-cable-near-bristol.html,25th Oct 2025
https://www.ispreview.co.uk/,Scottish Government Upgrades Broadband Coverage Checker UPDATE,"The Scottish Government put out a brief notice this week to say that their “upgraded address checker … is now live” for broadband coverage, which apparently “now includes more detailed info on access and our delivery programmes“, albeit seemingly without providing any further specifics to better explain what’s changed.",https://www.ispreview.co.uk/index.php/2025/10/scottish-government-upgrades-broadband-coverage-checker.html,25th Oct 2025
https://www.ispreview.co.uk/,New Scotland-based UK Broadband ISP Fibeo Set to Launch in 2026,"The United Kingdom isn’t exactly short on consumer ISP options right now, but Glasgow-based Fibeo has revealed to ISPreview that they’re currently planning to join the club sometime in “early” 2026 – powered by the Dotlines Catena Cloud platform and the PXC (formerly TalkTalk Wholesale) broadband network.",https://www.ispreview.co.uk/index.php/2025/10/new-scotland-based-uk-broadband-isp-fibeo-set-to-launch-in-2026.html,25th Oct 2025
https://www.ispreview.co.uk/,Ofcom Make Part of 1900MHz Band Available for 5G Mobile on UK’s Rail Network,"As expected, Ofcom has today confirmed that they will make part of the 1900MHz radio spectrum band (1900-1920MHz), which had previously gone unused by mobile operators, available for use by both the UK’s rail network ( 5G / data services) and to extend coverage for the 4G Emergency Services Network (ESN).",https://www.ispreview.co.uk/index.php/2025/10/ofcom-make-part-of-1900mhz-band-available-for-5g-mobile-on-uks-rail-network.html,24th Oct 2025
https://www.ispreview.co.uk/,BDUK Summarise Progress of UK Project Gigabit Broadband Rollout Contracts,"The Government’s (DSIT) Building Digital UK agency has today finally started to publish monthly updates on the delivery progress of contracts that have been awarded under their £5bn Project Gigabit broadband rollout scheme, which among other things reveals that some 150,730 contracted premises have already been built out of a planned total of 1,002,270 (October 2025).",https://www.ispreview.co.uk/index.php/2025/10/bduk-summarise-progress-of-uk-project-gigabit-broadband-rollout-contracts.html,24th Oct 2025
https://www.ispreview.co.uk/,Ofcom Publish Final Results of UK 5G Mobile Auction for 26GHz and 40GHz,"The UK telecoms regulator, Ofcom , has this morning revealed the final (assignment stage) results of last week’s auction of the 26GHz and 40GHz millimetre wave (mmW) spectrum bands for use by 5G mobile broadband operators, which sets out precisely which frequencies within each band will be allocated to EE , O2 and VodafoneThree ( Vodafone and Three UK ).",https://www.ispreview.co.uk/index.php/2025/10/ofcom-publish-final-results-of-uk-5g-mobile-auction-for-26ghz-and-40ghz.html,24th Oct 2025
https://www.ispreview.co.uk/,Internal Auditors Seek Greater UK Telecoms Role via New Security Code,"The Chartered Institute of Internal Auditors (CIIA), which recently complained that some of the UK’s major broadband ISPs operated without an internal audit ( here ) – potentially exposing them to “unchecked risks and increasing the likelihood of corporate collapse“, has now sought to drum up new business by pressing the government to make it a requirement of their revised telecoms security code.",https://www.ispreview.co.uk/index.php/2025/10/internal-auditors-seek-greater-uk-telecoms-role-via-new-security-code.html,24th Oct 2025
https://www.ispreview.co.uk/,Energy Smart Meters May Soon Link via UK Home Broadband Connectivity,"A new Government consultation has revealed that the Data Communications Company (DCC), which is in the process of working to upgrade existing Smart Meters in UK homes with a new 4G Communication Hub ( here and here ), will in 2026 also launch a Virtual WAN service. This will mean that home broadband can be used to connect premises not covered by their normal wireless network.",https://www.ispreview.co.uk/index.php/2025/10/energy-smart-meters-may-soon-link-via-uk-home-broadband-connectivity.html,24th Oct 2025
https://www.ispreview.co.uk/,Survey Claims Half of UK Broadband Users Leave Routers Open to Cyberattack,"A new survey of 3,242 UK internet users, which was conducted on behalf of Broadband Genie and supported by McAfee’s cybersecurity researchers (inc. threat intelligence data), has claimed that millions of people could be leaving their home networks open to hackers because 47% fail to change ANY of their router’s default settings.",https://www.ispreview.co.uk/index.php/2025/10/survey-claims-half-of-uk-broadband-users-leave-routers-open-to-cyberattack.html,24th Oct 2025
https://www.ispreview.co.uk/,Tim Creswick Departs as CEO and Founder of London Full Fibre ISP Vorboss,"London-focused ISP Vorboss , which has built and operates a 100Gbps speed fibre optic network for businesses in the UK’s capital city, has this afternoon informed ISPreview that long-serving company Founder and CEO, Tim Creswick, will be stepping down from the role after 19 long years.",https://www.ispreview.co.uk/index.php/2025/10/tim-creswick-departs-as-ceo-and-founder-of-london-full-fibre-isp-vorboss.html,23rd Oct 2025
https://www.ispreview.co.uk/,Vodafone UK Discounts Family Device Insurance by 15 Percent,"Mobile network operator Vodafone UK has today introduced a new multi-line discount, which entitles customers to 15% off when they insure additional phones, tablets, laptops and watches. Customers can also benefit from half-price device insurance for the first 2 months, available until 11th November 2025.",https://www.ispreview.co.uk/index.php/2025/10/vodafone-uk-discounts-family-device-insurance-by-15-percent.html,23rd Oct 2025
https://www.ispreview.co.uk/,O2 UK Increases Mid-Contract Price Hikes for Mobile Customers UPDATE,"Customers of mobile operator O2 may be displeased, if not surprised, to learn that the provider has today followed sibling Virgin Media ’s recent increase to their existing mid-contract pricing policy on broadband packages ( here ), by announcing a similar hike for their own mobile subscribers.",https://www.ispreview.co.uk/index.php/2025/10/o2-uk-increases-mid-contract-price-hikes-for-mobile-customers.html,23rd Oct 2025
https://www.ispreview.co.uk/,"Building Digital UK Publish Annual Report, Accounts and Fraud Data for 2024 – 2025","The Government’s Building Digital UK (BDUK) agency, which oversees their £5bn Project Gigabit broadband roll-out and the Shared Rural Network (SRN) programme for upgrading 4G coverage in remote areas, has today published their combined annual progress report and accounts for the period 1st April 2024 to 31st March 2025. This also includes some data on the level of fraud in their programmes.",https://www.ispreview.co.uk/index.php/2025/10/building-digital-uk-publish-annual-report-accounts-and-fraud-for-2024-2025.html,23rd Oct 2025
https://www.ispreview.co.uk/,London Broadband ISP Community Fibre Launch Fibre to your Room Installs,"Internet provider and network builder CommunityFibre , which has deployed their 5Gbps speed Fibre-to-the-Premises ( FTTP ) broadband network to cover 1.342 million homes (inc. 185k businesses within 200 metres of their network) – mostly in London, has today launched a new installation option – “Fibre to your Room“.",https://www.ispreview.co.uk/index.php/2025/10/london-broadband-isp-community-fibre-launch-fibre-to-your-room-installs.html,23rd Oct 2025
https://www.ispreview.co.uk/,"Virgin Media UK and Nexfibre Extend Full Fibre to 6,000 Homes in Llantwit","Broadband ISP Virgin Media ( O2 ) and network operator partner nexfibre , which share some of the same parentage, have today announced that they’ve once again expanded the reach of their symmetric 2Gbps speed full fibre ( FTTP ) network to more than 6,000 additional homes in the coastal South Wales town of Llantwit for the first time.",https://www.ispreview.co.uk/index.php/2025/10/virgin-media-uk-and-nexfibre-extend-full-fibre-to-6000-homes-in-llantwit.html,23rd Oct 2025
https://www.ispreview.co.uk/,Survey Claims UK Broadband and Mobile Users Save up to £258 by Haggling or Switching,"A recent survey of 5,014 UK adult consumers, which was conducted by Which? , has claimed that the average broadband-only ISP customer could save £100 per year by switching to a new provider – rising to £160 and £155 on Sky Broadband and Virgin Media respectively. Similarly, those who haggled saved £65 (rising to £92 and £85 respectively on Virgin Media and BT ).",https://www.ispreview.co.uk/index.php/2025/10/survey-claims-uk-broadband-and-mobile-users-save-up-to-258-by-haggling-or-switching.html,23rd Oct 2025
https://www.ispreview.co.uk/,Rural UK Broadband Altnet Voneus Quietly Completes Refinancing of Debts,"The Senior MD at Macquarie, Oliver Bradley, has revealed that that one of the alternative broadband networks they support, Voneus , recently completed a renegotiation on their existing £70m debt facility over the summer. The move saw existing investors inject an unspecified amount of fresh funding to keep the operator going.",https://www.ispreview.co.uk/index.php/2025/10/rural-uk-broadband-altnet-voneus-quietly-completes-refinancing-of-debts.html,23rd Oct 2025
https://www.ispreview.co.uk/,Quickline Bring FTTP Broadband to 6 More East Yorkshire UK Villages UPDATE,"Alternative network ISP Quickline , which is rolling out a new gigabit-capable full fibre (FTTP) and wireless (FWA) broadband network across rural parts of Yorkshire and Lincolnshire in England ( 3-Year Rollout Plan ), has just extended their fibre network to three more rural communities along the banks of the River Ouse – the villages of Swinefleet, Reedness and Whitgift. Plus Patrington, Tickton and Broomfleet in other areas.",https://www.ispreview.co.uk/index.php/2025/10/quickline-bring-fttp-broadband-to-3-more-east-yorkshire-uk-villages.html,23rd Oct 2025
https://www.ispreview.co.uk/,20 Broadband Altnets Launch New UK Network Infrastructure Sharing Venture,"The Independent Networks Co-operative Association (INCA), which represents many of the UK’s alternative broadband ISP networks, has announced that their efforts through the previously announced Infrastructure Sharing Group (ISG) have now resulted in the creation of a new infrastructure sharing venture – supporting the use of 500,000km of “spare fibre capacity“.",https://www.ispreview.co.uk/index.php/2025/10/20-broadband-altnets-launch-new-uk-network-infrastructure-sharing-venture.html,22nd Oct 2025
https://www.ispreview.co.uk/,Major UK Banks Scale Back Support for Alternative Broadband Networks,"Two of the largest backers of the UK’s alternative broadband networks, NatWest and Lloyds, have now scaled back new lending to the heavily indebted sector. The move follows an earlier report in August 2025 ( here ), which revealed that a number of banks had set aside funding to cover loans issued to altnets (now deemed unlikely to be repaid in full).",https://www.ispreview.co.uk/index.php/2025/10/major-uk-banks-scale-back-support-for-alternative-broadband-networks.html,22nd Oct 2025
https://www.ispreview.co.uk/,Study Sees Coverage and Speed Improvements from Vodafone and Three UK Merger,"Network benchmarking firm Opensignal has reported that they’ve seen the “first measurable improvements” in their data from the recent merger between mobile operators Vodafone and Three UK , which appears to indicate that VodafoneThree is delivering some “significant coverage” improvements and “faster speeds” (mobile broadband).",https://www.ispreview.co.uk/index.php/2025/10/study-sees-coverage-and-speed-improvements-from-vodafone-and-three-uk-merger.html,22nd Oct 2025
https://www.ispreview.co.uk/,ScaleFibre Launches in the UK Market to Supply Broadband Networks,"American network supplier ScaleFibre , which manufactures and delivers optical fibre connectivity kit and cables to broadband operators, has announced that they’ve established ScaleFibre UK Ltd as part of their expansion into Europe. Giving digital network builders in the UK another option to consider.",https://www.ispreview.co.uk/index.php/2025/10/scalefibre-launches-in-the-uk-market-to-supply-broadband-networks.html,22nd Oct 2025
https://www.ispreview.co.uk/,Manx Telecom Scraps Free Email and Migrates Users to Paid Platform,"Broadband, phone and mobile operator Manx Telecom (MT), which is the primary telecoms network for premises across the remote Isle of Man, has announced that their free email service (Manx.net) is to be migrated to a new platform run by Junara. But customers that wish to continue using the service will, from 21st Jan 2026, need to pay £65 a year (or £6.50 per month).",https://www.ispreview.co.uk/index.php/2025/10/manx-telecom-scraps-free-email-and-migrates-users-to-paid-platform.html,22nd Oct 2025
https://www.ispreview.co.uk/,Court Fines BT £9K Over Permits and Substandard Roadworks in Cumbria UK UPDATE,"Broadband and telecoms giant BT ( Openreach ) has been fined a total of £9,000 at the Barrow Magistrates Court in Cumbria (England) after Westmorland and Furness Council (WFC) brought a successful prosecution against the operator for carrying out roadworks “without permits“, while also “failing to reinstate the road adequately“.",https://www.ispreview.co.uk/index.php/2025/10/court-fines-bt-9k-over-permits-and-substandard-roadworks-in-cumbria-uk.html,22nd Oct 2025
https://www.ispreview.co.uk/,ASA UK Ban Broadband ISP Zzoomm’s Ethically Questionable Direct Mail Ad,"The UK Advertising Standards Authority (ASA) has today banned yet another direct mailing advert for alternative full fibre broadband ISP Zzoomm , which occurred after it was found that the mail was NOT “obviously identifiable as a marketing communication” and misled recipients about the importance of its content.",https://www.ispreview.co.uk/index.php/2025/10/asa-uk-ban-broadband-isp-zzoomms-ethically-questionable-direct-mail-ad.html,22nd Oct 2025
https://www.ispreview.co.uk/,Broadband ISP TalkTalk Tries to Entice UK Customers with 900Mbps for £30,"Internet provider TalkTalk has today continued their efforts to boost the take-up of their home broadband services by launching their self-proclaimed “lowest ever price” on a 900Mbps full fibre (FTTP) package, which drops it from £38 to £30 per month on a 24-month minimum term for new subscribers.",https://www.ispreview.co.uk/index.php/2025/10/broadband-isp-talktalk-tries-to-entice-uk-customers-with-900mbps-for-30.html,21st Oct 2025
https://www.ispreview.co.uk/,Elevate Make Rapid Progress on New Fibre Broadband Network in St Helens,"Alternative network operator Elevate , which back in April 2025 secured the contract to build a new “hyperfast” full fibre broadband network in the Merseyside (England) town of St Helens ( here ), has today revealed that they’ve made “substantial progress” on the deployment with 4,874 metres worth of fibre already installed.",https://www.ispreview.co.uk/index.php/2025/10/elevate-make-rapid-progress-on-new-fibre-broadband-network-in-st-helens.html,21st Oct 2025
https://www.ispreview.co.uk/,CEO of UK Broadband Altnet MS3 to Step Down at Christmas After 4 Years UPDATE,"The CEO of Hull-based alternative UK network operator MS3 , Guy Miller, has today announced his intention to “step away” from the company at Christmas after an “incredible four years“. The provider’s full fibre (FTTP) broadband network currently covers 234,000 premises (212k RFS) in the North of England and has connected 20,000 customers.",https://www.ispreview.co.uk/index.php/2025/10/ceo-of-uk-broadband-altnet-ms3-to-step-down-at-christmas-after-4-years.html,21st Oct 2025
https://www.ispreview.co.uk/,Openreach Publish October 2025 Update on UK FTTP Broadband Rollout,National network operator Openreach (BT) has published the latest quarterly update on their roll-out of Fibre-to-the-Premises (FTTP) based gigabit broadband ISP technology. The update reflects all the recent changes and progress with their existing locations and doesn’t appear to add any new areas beyond those confirmed in July 2025 ( here ).,https://www.ispreview.co.uk/index.php/2025/10/openreach-publish-october-2025-update-on-uk-fttp-broadband-rollout.html,21st Oct 2025
https://www.ispreview.co.uk/,Major Amazon Web Services Outage Disrupting Global Internet Services UPDATE5,"Connectivity to many popular internet services and systems across the world, such as Alexa, Snapchat, Fortnite, Signal, Perplexity, Slack, HMRC, Roblox, Ring and many more (payment providers, VoIP services etc.), are being disrupted this morning after cloud-platform Amazon Web Services (AWS) appeared to suffer a major global outage.",https://www.ispreview.co.uk/index.php/2025/10/major-amazon-web-services-outage-disrupting-global-internet-services.html,20th Oct 2025
https://www.ispreview.co.uk/,Broadband ISP Virgin Media UK Sees 285 Percent Rise in Phishing Threats,"Broadband, phone and TV provider Virgin Media ( O2 ) and their security partner, Akamai, have this morning warned that they’ve seen a 285% rise in phishing attempts this year. This figure has jumped to a huge 232,365 average new phishing threat entries to their threat intelligence feeds each day between April to June 2025.",https://www.ispreview.co.uk/index.php/2025/10/broadband-isp-virgin-media-uk-sees-285-percent-rise-in-phishing-threats.html,20th Oct 2025
https://www.ispreview.co.uk/,Major UK Pension Funds Commit £40m to Improve Rural Broadband UPDATE,"The UK Government has announced the launch of the Sterling 20 initiative, which is a partnership of the country’s twenty largest pension funds and insurance companies (Nest, Aviva, Legal & General, M&G etc.) that have all agreed to pump extra investment into local infrastructure and businesses to boost growth. Rural broadband will be one of the winners.",https://www.ispreview.co.uk/index.php/2025/10/major-uk-pension-funds-commit-40m-to-improve-rural-broadband.html,20th Oct 2025
https://www.ispreview.co.uk/,Shetland Expecting Fix for Broken Subsea Fibre Cable to Occur Next Weekend,"Homes and businesses on Shetland, which is a remote UK subarctic archipelago that resides north of the Scottish mainland, could see the full restoration of local broadband services by around next weekend. Connectivity was disrupted earlier this month after Storm Amy caused damage to the main SHEFA-2 (Faroese Telecom) subsea fibre optic cable ( here ).",https://www.ispreview.co.uk/index.php/2025/10/shetland-expecting-fix-for-broken-subsea-fibre-cable-to-occur-next-weekend.html,18th Oct 2025
https://www.ispreview.co.uk/,Derbyshire County Council Commits £900k to Plug Rural Broadband Gaps UPDATE,"The Derbyshire County Council (DCC) in England has agreed to invest £900,000 to support the launch of two grant programmes, which will aim to improve broadband connectivity in at least some of the communities – predominantly rural ones – that are currently still expected to miss out on access to faster connections.",https://www.ispreview.co.uk/index.php/2025/10/derbyshire-county-council-commits-900k-to-plug-rural-broadband-gaps.html,18th Oct 2025
https://www.ispreview.co.uk/,Full Fibre Broadband ISP 4th Utility Sees UK Turnover and Take-up Surge,"Network operator and broadband ISP 4th Utility , which have been quietly deploying their gigabit speed Fibre-to-the-Premises ( FTTP ) service to UK homes (SDU) and large residential buildings (MDU), this week published their annual accounts for the year ended 31st March 2025 and reported a “doubling of monthly subscriptions sold through the year“.",https://www.ispreview.co.uk/index.php/2025/10/full-fibre-broadband-isp-4th-utility-sees-uk-turnover-and-take-up-surge.html,18th Oct 2025
https://www.ispreview.co.uk/,ISP Virgin Media UK Discount 1130Mbps Home Broadband to £29.99 with Netflix,"New customers looking to join Virgin Media ( O2 ) should note that the ISP has just introduced some bigger discounts across some of their home broadband and bundle packages. For example, Virgin’s 1130Mbps (1Gbps) package is now just £29.99 per month on a 24-month minimum term (price increases to £33.99 from April 2026 and £37.99 from April 2027).",https://www.ispreview.co.uk/index.php/2025/10/isp-virgin-media-uk-discounts-1130mbps-home-broadband-to-29-99.html,17th Oct 2025
https://www.ispreview.co.uk/,Crossed BT Wires Led to Three Innocent UK People Being Accused of Child Abuse,"A recently published judgement by the UK’s Investigatory Powers Tribunal (IPT) has revealed the disturbing case of how a simple mistake by one of BT ’s ( Openreach ) broadband engineers led to three people, who shared the same house, having their lives turned upside down after they were wrongly accused of child sex offences.",https://www.ispreview.co.uk/index.php/2025/10/crossed-bt-wires-led-to-three-innocent-uk-people-being-accused-of-child-abuse.html,17th Oct 2025
https://www.ispreview.co.uk/,Altnet Broadband ISP Gigabit IQ to Crowdfund for Fresh UK Investment,"Internet access and online security provider Gigabit IQ (formerly Grayshott Gigabit) has begun inviting selected people to invest in their company via crowdfunding, which they rightly warn is a “high risk investment” and one where those who make a commitment are “unlikely to be protected if something goes wrong“.",https://www.ispreview.co.uk/index.php/2025/10/altnet-broadband-isp-gigabit-iq-to-crowdfund-for-fresh-uk-investment.html,17th Oct 2025
https://www.ispreview.co.uk/,Broadband ISP Virgin Media UK Upgrades Customers to Hub 5 Router for Free,"Customers of fixed broadband provider Virgin Media (O2) have today been informed that the ISP is “starting to upgrade” those with their older Hub 3 (TG2492S/CE) and Hub 4 (TG3492LG-VMB) Wi-Fi routers to its newer, more advanced Hub 5 device “at no extra cost“.",https://www.ispreview.co.uk/index.php/2025/10/broadband-isp-virgin-media-uk-upgrades-customers-to-hub-5-for-free.html,17th Oct 2025
https://www.ispreview.co.uk/,Tiree Island Suffers Protracted Broadband Outage After Subsea Cable Break,"Apparently, Shetland wasn’t the only remote UK island to suffer broadband and phone disruption ( here ) due to a broken subsea fibre cable after Storm Amy struck Scotland earlier this month. Homes and businesses on the tiny Inner Hebrides island of Tiree are suffering from a similar problem, but have been left with much more uncertainty over its resolution.",https://www.ispreview.co.uk/index.php/2025/10/tiree-island-suffers-protracted-broadband-outage-after-subsea-cable-break.html,17th Oct 2025
https://www.ispreview.co.uk/,Ofcom Consult on Alternative UK Pricing for Openreach’s UK Fibre Broadband Products,"The UK telecoms regulator, Ofcom , has today proposed changes under their 5-yearly Telecoms Access Review 2026 (TAR) to how they set charge controls and regulate the pricing of certain Openreach based fibre broadband ( FTTC /P) products, such as the regulated 80Mbps (currently 40Mbps) wholesale tier and connection fees for FTTP lines.",https://www.ispreview.co.uk/index.php/2025/10/ofcom-consult-on-alternative-uk-pricing-for-openreachs-uk-fibre-broadband-products.html,17th Oct 2025
https://www.ispreview.co.uk/,Openreach Offers Free FTTP to UK Fixed Wireless Broadband ISP Users,"Network operator Openreach ( BT ), which has recently taken some flak for its broadband discounts ( here ), have launched another somewhat curious new promotion for ISPs that cuts the rental charge on all New to Network (NTN) full fibre (FTTP) lines to £0 for the first 12 months when the customer originates from a Fixed Wireless Access (FWA) service.",https://www.ispreview.co.uk/index.php/2025/10/openreach-offers-free-fttp-to-uk-fixed-wireless-broadband-isp-users.html,17th Oct 2025
https://www.ispreview.co.uk/,Broadband ISP Ogi Expand Full Fibre Spine to Connect More Cardiff Businesses,"Infracapital-backed alternative network operator and ISP Ogi , which has deployed their FTTP broadband network across 100,000 homes and businesses in South Wales (RFS), has managed to expand their full fibre spine in Cardiff to reach more businesses following an earlier deal to hook up Cardiff Arms Park as an anchor tenant.",https://www.ispreview.co.uk/index.php/2025/10/broadband-isp-ogi-expand-full-fibre-spine-to-connect-more-cardiff-businesses.html,16th Oct 2025
https://www.ispreview.co.uk/,BT Group Appoint Greg McCall as New UK Chief Security and Networks Officer,"Telecoms giant BT Group has today announced the retirement of industry veteran Howard Watson as its Chief Security and Networks Officer (CSNO), which will take effect in March 2026. Greg McCall, the operator’s current Chief Networks Officer (CNO), will be promoted to replace him – effective 1st January 2026.",https://www.ispreview.co.uk/index.php/2025/10/bt-group-appoint-greg-mccall-as-new-uk-chief-security-and-networks-officer.html,16th Oct 2025
https://www.ispreview.co.uk/,BT Group Warn UK Gov Not to Choke Broadband Investment with Biz Rates Hikes,"The Chief Financial Officer (CFO) of BT Group, Simon Lowth, has called on the UK government to “rethink” its proposed changes to UK business rates, which they warn could “risk a slowdown” in digital infrastructure (broadband and mobile) investment and lead to “higher bills” for consumers and businesses.",https://www.ispreview.co.uk/index.php/2025/10/bt-group-warn-uk-gov-not-to-choke-broadband-investment-with-biz-rates-hikes.html,16th Oct 2025
https://www.ispreview.co.uk/,Car Crash Knocks Out Openreach Broadband and Pole in Dorset UK Town UPDATE2,"Hundreds of people in the Dorset town of Beaminster have reportedly been left without working broadband and digital phone connectivity for several days after a car crashed into one of Openreach’s telecoms (telegraph) poles in the area and promptly burst into flames. Police are currently still trying to locate the driver, which could suggest a criminal aspect.",https://www.ispreview.co.uk/index.php/2025/10/car-crash-knocks-out-openreach-broadband-and-pole-in-dorset-uk-town.html,16th Oct 2025
https://www.ispreview.co.uk/,Virgin Media O2 UK Trial mmW 5G Band for Broadband Speeds of 4Gbps UPDATE,"Mobile operator O2 ( Virgin Media ), which just spent £13m to secure 800MHz (frequency) of 26GHz (band) spectrum and 1,000MHz of 40GHz spectrum in Ofcom ’s auction of the two 5G centric millimetre wave (mmW) bands ( here ), has revealed that a test of the new spectrum has already delivered mobile broadband speeds of 4Gbps (4,000Mbps).",https://www.ispreview.co.uk/index.php/2025/10/virgin-media-o2-uk-trial-mmw-5g-band-for-broadband-speeds-of-4gbps.html,16th Oct 2025
https://www.ispreview.co.uk/,Ofcom Reveal Initial Results of UK 5G Mobile Auction for 26GHz and 40GHz,"The UK communications regulator, Ofcom , has this morning revealed the initial (principal stage) results from their auction of the 26GHz and 40GHz millimetre wave (mmW) spectrum bands for use by 5G mobile (mobile broadband) operators, which saw EE ( BT ), O2 ( Virgin Media ) and Vodafone (VodafoneThree) pay a combined £39m to secure more airwaves.",https://www.ispreview.co.uk/index.php/2025/10/ofcom-reveal-initial-results-of-uk-5g-mobile-auction-for-26ghz-and-40ghz.html,16th Oct 2025
https://www.ispreview.co.uk/,University of Portsmouth Team Get £772k to Develop Subsea Cable Surveillance,"A scientist from the University of Portsmouth’s School of Mathematics and Physics has successfully bid for £772,372 of funding from the Lloyd’s Register Foundation, which will be used to design a surveillance algorithm and maritime training programme to help identify, repair and reduce damage to undersea infrastructure (e.g. energy pipes and fibre optic internet cables).",https://www.ispreview.co.uk/index.php/2025/10/university-of-portsmouth-team-get-772k-to-develop-subsea-cable-surveillance.html,15th Oct 2025
https://www.ispreview.co.uk/,Freely’s UK Broadband TV Streaming Service to Get 10 New Channels,"Broadband-based live TV streaming service Freely , which is supported by several major UK TV broadcasters ( BBC , ITV etc.) and is an evolution – not (yet) a replacement – for the existing Freeview service (inc. Freeview Play and Freesat), has revealed that they’ll add 10 new streaming channels to the free platform in 2026.",https://www.ispreview.co.uk/index.php/2025/10/freelys-uk-broadband-tv-streaming-service-to-get-10-new-channels.html,15th Oct 2025
https://www.ispreview.co.uk/,Virgin Media O2 UK Agrees New 10-year Renewable Energy Deal,"Broadband and mobile giant Virgin Media and O2 (VMO2), which currently aims to achieve Net Zero Carbon (i.e. removing as many emissions as they produce) across their operations, products and supply chain by 2040, has today signed a new 10-year Power Purchase Agreement with The Renewables Infrastructure Group (TRIG) to harness renewable electricity.",https://www.ispreview.co.uk/index.php/2025/10/virgin-media-o2-uk-agrees-new-10-year-renewable-energy-deal.html,15th Oct 2025
https://www.ispreview.co.uk/,Parliament Publishes Useful UK Summary of Rules for Broadband Poles,"The House of Commons Library within the UK Parliament has published a useful new document that helps to summarise and explain some of the core rules around the deployment of poles (telegraph poles) for broadband network expansion. In recent years, these have often become a point of some contention for communities that don’t want them.",https://www.ispreview.co.uk/index.php/2025/10/parliament-publishes-useful-uk-summary-of-rules-for-broadband-poles.html,15th Oct 2025
https://www.ispreview.co.uk/,"Fixed UK Broadband Subscribers Predicted to Fall by 250,000 in 2025","A recent study from New Street Research has predicted that the UK will lose around 250,000 subscribers to fixed broadband services this year, which would mark “the first time there has ever been a decline” in the market. Competition from Starlink ( satellite ), fixed wireless and mobile broadband rivals are said to be the main cause.",https://www.ispreview.co.uk/index.php/2025/10/fixed-uk-broadband-subscribers-predicted-to-fall-by-250000-in-2025.html,15th Oct 2025
https://www.ispreview.co.uk/,Guernsey Regulator to Approve Spectrum for 5G Mobile Rollout from JT and Sure,"The Guernsey Competition & Regulatory Authority (GCRA) has “provisionally approved” the release of new radio spectrum in the 700MHz and 3.6GHz bands in order to enable telecoms operators JT and Sure to roll-out 5G mobile (mobile broadband) services across the islands of Guernsey, Alderney and Sark from “early 2026“.",https://www.ispreview.co.uk/index.php/2025/10/guernsey-regulator-to-approve-spectrum-for-5g-mobile-rollout-from-jt-and-sure.html,15th Oct 2025
https://www.ispreview.co.uk/,SpaceX Gives Closer Look at its Next Generation v3 Broadband Satellites,"SpaceX’s global Starlink service, which offers ultrafast broadband speeds across the UK and globally via a mega constellation of compact satellites in Low Earth Orbit (LEO), has provided their best view yet of what the company’s next generation v3 (GEN3) satellites will look like when deployed to orbit. Each one will have 10 times more capacity than earlier v2 satellites.",https://www.ispreview.co.uk/index.php/2025/10/spacex-gives-closer-look-at-its-next-generation-v3-broadband-satellites.html,15th Oct 2025
https://www.ispreview.co.uk/,Broadband Focused TalkTalk Group Set to Cut a Further 100 UK Jobs,"The debt strained TalkTalk Group, which at this point has been through a demerger of its businesses and in 2024 secured a £400m refinancing package to avoid a default on its debts ( here , here ) – not to mention the recent £120m funding deal ( here ), is reportedly set to axe around 100 more jobs as part of its latest restructuring effort.",https://www.ispreview.co.uk/index.php/2025/10/broadband-focused-talktalk-group-set-to-cut-a-further-100-uk-jobs.html,15th Oct 2025
https://www.ispreview.co.uk/,Nurtur and BroadbandUK Launch New Availability Checker for Property Listings,Proptech solutions provider Nurtur and comparison service developer BroadbandUK have just become the latest to offer UK property listing providers (Estate Agents etc.) another address-level option for enabling house hunters to see what kind of broadband connectivity and speeds are available to the houses they’re considering.,https://www.ispreview.co.uk/index.php/2025/10/nurtur-and-broadbanduk-launch-new-availability-checker-for-property-listings.html,14th Oct 2025
https://www.ispreview.co.uk/,Ofcom Will Tomorrow Kick Off the UK 5G Mobile Auction for 26GHz and 40GHz,"The telecoms regulator, Ofcom, has today confirmed that the first bidding on their auction of the 26GHz and 40GHz millimetre wave (mmW) spectrum bands for use by 5G mobile (mobile broadband) operators will get underway tomorrow, with BT ( EE ), O2 (Telefonica UK / Virgin Media) and Vodafone (VodafoneThree) all taking part.",https://www.ispreview.co.uk/index.php/2025/10/ofcom-will-tomorrow-kick-off-the-uk-5g-mobile-auction-for-26ghz-and-40ghz.html,14th Oct 2025
https://www.ispreview.co.uk/,Lit Fibre Introduce New UK Broadband Pricing on National and Local Networks,"Internet provider Lit Fibre , which harnesses CityFibre ’s national UK Fibre-to-the-Premises ( FTTP ) network (they originally ran their own fibre network too – here ), has today introduced a new national broadband pricing framework that charges residential consumers more for those on their National (off-net) vs Local (on-net) network tiers.",https://www.ispreview.co.uk/index.php/2025/10/lit-fibre-introduce-new-uk-broadband-pricing-on-national-and-local-networks.html,14th Oct 2025
https://www.ispreview.co.uk/,Neos Networks Claim UK Data Centre Builds Being Delayed by Fibre Availability,"Connectivity provider Neos Networks , which operates one of the biggest 34,000km long and 400Gbps capable business fibre networks in the UK – spanning 550 exchanges, 90+ data centres and 600+ Points of Presence (PoPs), has claimed in a new survey that 82% of UK data centre operators have delayed site builds or expansion due to fibre availability.",https://www.ispreview.co.uk/index.php/2025/10/neos-networks-claim-uk-data-centre-site-builds-being-delayed-by-fibre-availability.html,14th Oct 2025
https://www.ispreview.co.uk/,TP-Link Boasts “breakthrough” with First Wi-Fi 8 Connectivity Test,"Networking kit manufacturer TP-Link , which develops a lot of broadband routers, WiFi extenders and smart home devices for network operators and consumers, today claims to have hit a “major technological milestone” after they conducted their first successful connectivity test using a prototype of the next gen Wi-Fi 8 standard (802.11bn – Ultra High Reliability).",https://www.ispreview.co.uk/index.php/2025/10/tp-link-boasts-breakthrough-with-first-wi-fi-8-connectivity-test.html,14th Oct 2025
https://www.ispreview.co.uk/,Vodafone UK Suffer Major Outage of Mobile and Broadband Connectivity UPDATE4,"Over the past few minutes we’ve started to receive reports from customers of Vodafone UK about a significant outage of their national network. The details are currently quite limited, with reports coming in from users of both their fixed line home broadband and mobile services, albeit mostly from mobile data (4G/5G) users.",https://www.ispreview.co.uk/index.php/2025/10/vodafone-uk-suffering-major-outage-of-data-connectivity.html,13th Oct 2025
https://www.ispreview.co.uk/,INCA Blasts Ofcom for Rejecting Competition Concerns Over Openreach FTTP Price Cut,"The Independent Networks Co-operative Association (INCA), which represents many of the UK’s alternative broadband networks, has today expressed its “huge disappointment” after Ofcom rejected the competition concerns they helped raise over a recent price cut to Openreach ’s “full fibre” ( FTTP ) lines where proactive migrations are used.",https://www.ispreview.co.uk/index.php/2025/10/inca-blasts-ofcom-for-rejecting-competition-concerns-over-openreach-fttp-price-cut.html,13th Oct 2025
https://www.ispreview.co.uk/,Vodafone Test Pushes 2.5Gbps Mobile 5G Broadband Speeds via 6GHz Band,"Mobile operator Vodafone has demonstrated how harnessing 200MHz of radio spectrum in the Upper 6GHz band, using a chipset with the MediaTek M90 Modem within a standard Smartphone, can deliver download speeds of 2.5Gbps over a 5G network using carrier aggregation to combine multiple radio frequencies on a single link. Upload speeds ranged from 50-180Mbps.",https://www.ispreview.co.uk/index.php/2025/10/vodafone-test-pushes-2-5gbps-mobile-5g-broadband-speeds-via-6ghz-band.html,13th Oct 2025
https://www.ispreview.co.uk/,Virgin Media and O2 UK Refresh Volt Bundles of Broadband and Mobile,"Telecoms giants Virgin Media and O2 UK (VMO2) have today announced a refresh of their Volt bundles, which enable customers to combine both the broadband and mobile services of both providers into a single package at a discounted rate. New and upgrading customers who purchase a Volt bundle can now choose between a Classic, Plus or Ultimate Plan.",https://www.ispreview.co.uk/index.php/2025/10/virgin-media-and-o2-uk-refresh-volt-bundles-of-broadband-and-mobile.html,13th Oct 2025
https://www.ispreview.co.uk/,Government to Reintegrate Building Digital UK Agency Back into DSIT UPDATE,"The Government has today informed ISPreview that its Building Digital UK (BDUK) executive agency, which has responsibility for delivering gigabit broadband and better mobile connectivity across the nation (e.g. the £5bn Project Gigabit scheme), is to be integrated back into the Department for Science, Innovation and Technology (DSIT) from 1st November 2025.",https://www.ispreview.co.uk/index.php/2025/10/government-to-reintegrate-building-digital-uk-agency-back-into-dsit.html,13th Oct 2025
https://www.ispreview.co.uk/,Zen Internet UK Rejigs Management Team to Boost Consumer and Partner Focus,"Rochdale-based UK broadband ISP Zen Internet has today appointed Paul North as Managing Director (MD) of its Partner division. At the same time, Stephen Warburton, who previously ran Zen’s Partner division for over 20 years and was also holding responsibility for Zen’s Consumer divisions, will now be able to focus exclusively on the consumer side of things.",https://www.ispreview.co.uk/index.php/2025/10/zen-internet-uk-rejigs-management-team-to-boost-consumer-and-partner-focus.html,13th Oct 2025
https://www.ispreview.co.uk/,Openreach Unable to Predict When UK Broadband Line Losses will Stop,"The Deputy CEO of national network access provider Openreach ( BT ), Katie Milligan, has warned that until “the market really stabilises” then they won’t be able to predict when their current broadband line losses to rivals will stop ( Openreach lost 707k in 2024 and expects to lose about 900,000 this financial year).",https://www.ispreview.co.uk/index.php/2025/10/openreach-unable-to-predict-when-uk-broadband-line-losses-will-stop.html,13th Oct 2025
https://www.ispreview.co.uk/,Now UK Metal Thieves are Stealing the Shells of Broadband Cabinets UPDATE,"The saying goes that criminals will steal anything that isn’t bolted down, but the opposite now seems to be true in Nottinghamshire (England), where a spate of recent metal thefts has seen criminals making off with the steel covers from several of Virgin Media ’s ( O2 ) broadband and phone street cabinets.",https://www.ispreview.co.uk/index.php/2025/10/now-uk-metal-thieves-are-stealing-the-shells-of-broadband-cabinets.html,13th Oct 2025
https://www.ispreview.co.uk/,Planet Telecom Launch New UK-based Mobile eSIM-only Operator SIMOVO,"Business broadband and phone provider Planet Telecom has announced the launch of SIMOVO , which is said to be a new UK-based mobile eSIM-only operator built for “modern travellers who want a simpler, more flexible way to stay connected in the UK and abroad“.",https://www.ispreview.co.uk/index.php/2025/10/planet-telecom-launch-new-uk-based-mobile-esim-only-operator-simovo.html,13th Oct 2025
https://www.ispreview.co.uk/,Broadband Provider Exascale Creates Own Midlands UK Internet Exchange,"Broadband ISP and UK network builder Exascale , which has deployed their own gigabit speed Fibre-to-the-Premises ( FTTP ) network to a few thousand premises in part of Telford and Wrekin, this week did something quite unique by quietly founding a brand new Internet Exchange (IX) in the Midlands (MidlandsIX).",https://www.ispreview.co.uk/index.php/2025/10/broadband-provider-exascale-creates-own-midlands-uk-internet-exchange.html,11th Oct 2025
https://www.ispreview.co.uk/,Openreach List Next 94 UK Areas for Copper to FTTP Switch – Tranche 22,"Openreach ( BT ) has today published the next (Tranche 22) batch of 94 exchanges in their “ FTTP Priority Exchange Stop Sell” programme, which reflects areas where over 75% of premises are able to get full fibre lines and will thus stop selling copper based legacy phone and broadband products (i.e. FTTP becomes the only product option).",https://www.ispreview.co.uk/index.php/2025/10/openreach-list-next-94-uk-areas-for-copper-to-fttp-switch-tranche-22.html,10th Oct 2025
https://www.ispreview.co.uk/,Rural UK ISP Airband Expands Full Fibre Broadband Reach via Openreach UPDATE,"Rural broadband provider Airband , which has deployed its own Fibre-to-the-Premises (FTTP) and Fixed Wireless Access (FWA) based networks to cover various parts of Wales and South West England, appears to have become the latest alternative network (altnet) to expand beyond their existing reach by adopting Openreach’s full fibre lines for off-net areas.",https://www.ispreview.co.uk/index.php/2025/10/rural-uk-isp-airband-expands-full-fibre-broadband-reach-via-openreach.html,10th Oct 2025
https://www.ispreview.co.uk/,BDUK Switch Gigabit Broadband Contract for Mid West Shropshire to Openreach UPDATE2,"The Government’s Building Digital UK (BDUK) agency has just announced that their Project Gigabit broadband roll-out contract for Mid West Shropshire (Lot 25.01), which was originally held by Voneus until they “mutually agreed to terminate” it at the end of 2024 ( here ), has now been merged into Openreach’s (BT) existing call-off 3 deployment contract.",https://www.ispreview.co.uk/index.php/2025/10/bduk-switch-gigabit-broadband-contract-for-mid-west-shropshire-to-openreach.html,10th Oct 2025
https://www.ispreview.co.uk/,Opensignal Examine Performance Gap Between Fixed Line and Wireless Broadband,"Network benchmarking firm Opensignal , which gathers crowdsourced data from consumer speedtests via its App, has today published a new report that attempts to identify how far behind fixed wireless broadband (FWA) networks are in terms of performance and quality vs modern fixed line networks between 11 different countries. The gap is biggest in countries like the UK.",https://www.ispreview.co.uk/index.php/2025/10/opensignal-examine-performance-gap-between-fixed-line-and-wireless-broadband.html,10th Oct 2025
https://www.ispreview.co.uk/,"Virgin Media UK and Nexfibre Extend Full Fibre to 13,000 Homes in Sheffield","Broadband ISP Virgin Media (O2) and network operator partner nexfibre , which share some of the same parentage, have today announced that they’ve once again expanded the reach of their symmetric 2Gbps speed full fibre (FTTP) network to more than 13,000 additional homes in the South Yorkshire (England) city of Sheffield.",https://www.ispreview.co.uk/index.php/2025/10/virgin-media-uk-and-nexfibre-extend-full-fibre-to-13000-homes-in-sheffield.html,10th Oct 2025
https://www.ispreview.co.uk/,Broadband ISP Rebel Internet Join CityFibre’s UK Full Fibre Network,"Retail broadband ISP Rebel Internet , which was set up a couple of years ago by two former BT executives ( here ), has this morning announced that they’ve signed a new partnership to harness CityFibre ’s growing 5.5Gbps speed Fibre-to-the-Premises (FTTP) network – covering around 4.6 million UK premises (4.3m Ready for Service).",https://www.ispreview.co.uk/index.php/2025/10/broadband-isp-rebel-internet-join-cityfibres-uk-full-fibre-network.html,10th Oct 2025
https://www.ispreview.co.uk/,CWP Domain Goes Down and Disrupts Some UK Broadband ISP Switching UPDATE,"The Common Wholesale Platform (CWP), which is a non-profit member-owned organisation that helps alternative broadband networks to connect with the retail ISP market, appears to be suffering some sort of disruption today after their main website domain went down (CWPUK.org) and stopped some consumer switching between ISPs.",https://www.ispreview.co.uk/index.php/2025/10/cwp-domain-goes-down-and-disrupts-some-uk-broadband-isp-switching.html,9th Oct 2025
https://www.ispreview.co.uk/,Channel 4 and the BBC’s UKTV Platform to Exchange UK Streaming TV Content,"British TV broadcasters Channel 4 and UKTV (U platform), which is owned by the BBC ’s commercial division, have today announced a major new multi-year carriage agreement, which will see C4 gaining access to stream thousands of hours of additional free TV content and shows from the BBC via their online service (The Office, Red Dwarf etc.).",https://www.ispreview.co.uk/index.php/2025/10/channel-4-and-the-bbcs-uktv-platform-to-exchange-uk-streaming-tv-content.html,9th Oct 2025
https://www.ispreview.co.uk/,O2 UK Mobile Customers Can Now Pick TNT Sports as an Extra and Save £6 PM,"Mobile operator O2 has today announced that millions of their UK customers can now enjoy the TNT Sports TV content on the discovery+ streaming app at a discounted price via O2 Extras on a 30-day rolling contract (i.e. £26.99 per month instead of the usual £30.99), while at the same time saving an additional £2 per month off their Airtime bill.",https://www.ispreview.co.uk/index.php/2025/10/o2-uk-mobile-customers-can-now-pick-tnt-sports-as-an-extra-and-save-6-pm.html,9th Oct 2025
https://www.ispreview.co.uk/,Ofcom UK Reject Competition Concerns over Openreach’s FTTP Upgrades Offer,"At the start of this week ISPreview revealed that a number of rival broadband networks had raised competition concerns with the UK telecoms regulator after Openreach introduced a new discount on upgrades to full fibre lines ( here ). Ofcom has now responded to these concerns via a new open letter, which largely rejects them but remains “alive” to the concerns.",https://www.ispreview.co.uk/index.php/2025/10/ofcom-uk-reject-competition-concerns-over-openreachs-fttp-upgrades-offer.html,9th Oct 2025
https://www.ispreview.co.uk/,Broadband ISP Virgin Media UK Launch Single Visit FTTP Install Programme,"Broadband, phone and TV provider Virgin Media ( O2 ) has this morning announced the launch of its new Single Visit Install (SVI) programme, which aims to provide customers with a faster and more reliable approach to installations. But it’s currently only live across their nexfibre built full fibre ( FTTP ) connections (c.2.4 million UK premises).",https://www.ispreview.co.uk/index.php/2025/10/broadband-isp-virgin-media-uk-launch-single-visit-fttp-install-programme.html,9th Oct 2025
https://www.ispreview.co.uk/,Tees Valley Authority Publish Performance Map of Local Mobile Signals,"The Tees Valley Combined Authority (TVCA) in North East England, which covers Darlington, Hartlepool, Middlesbrough, Redcar and Cleveland and Stockton-on-Tees, has today published a map of mobile signal quality and mobile broadband performance – the result of their prior work with Inakalum to harness local bin lorries to help test 4G and 5G coverage.",https://www.ispreview.co.uk/index.php/2025/10/tees-valley-authority-publish-performance-map-of-local-mobile-signals.html,9th Oct 2025
https://www.ispreview.co.uk/,Gigaclear Start East Gloucestershire UK Project Gigabit Broadband Rollout,"Rural broadband provider Gigaclear , which has already deployed their full fibre ( FTTP ) network to cover 612,000 UK premises, has this morning finally announced the start of their roll-out under Project Gigabit’s East Gloucestershire (Lot 18) contract. The £10.81m deployment is currently expected to help upgrade 3,547 premises in hard to reach areas.",https://www.ispreview.co.uk/index.php/2025/10/gigaclear-start-east-gloucestershire-project-gigabit-broadband-rollout.html,9th Oct 2025
https://www.ispreview.co.uk/,Cable Thieves Knock Out Openreach Broadband in County Durham Village,Broadband internet connectivity across part of the County Durham (England) village of Shotton Colliery was left disconnected for five days earlier this week after Openreach ’s local network was targeted by copper cable thieves. The activity also caused damage to some local fibre optic cables.,https://www.ispreview.co.uk/index.php/2025/10/cable-thieves-knock-out-openreach-broadband-in-county-durham-village.html,9th Oct 2025
https://www.ispreview.co.uk/,Network Operator and Broadband ISP ICUK Suffers Protracted Attack,"Network operator ICUK , which provides wholesale connectivity and broadband solutions to ISPs and businesses, appears to be in the process of trying to fully recover all of its services after suffering an ongoing cyber-attack that has disrupted some of their systems.",https://www.ispreview.co.uk/index.php/2025/10/network-operator-and-broadband-isp-icuk-suffers-protracted-attack.html,8th Oct 2025
https://www.ispreview.co.uk/,eSIM.net Launch Free 30 Day Vodafone eSIM Mobile Plan Called AirFree,"Mobile provider eSIM.net , which normally specialises in offering travel eSIMs for roaming usage, has today launched a Vodafone -based plan called AirFree that gives UK customers 30 days of free data, calls, and texts. After that you can either continue on a flexible 30-day rolling plan for a monthly fee, upgrade to a higher data package, or cancel at any time without obligation.",https://www.ispreview.co.uk/index.php/2025/10/esim-net-launch-free-30-day-vodafone-esim-mobile-plan-called-airfree.html,8th Oct 2025
https://www.ispreview.co.uk/,Welsh Gov Tenders for £70m Extending High Speed Broadband Project,"ISPreview has spotted that the Welsh Government (WG) have today issued a formal tender notice for their £70m (state aid) “Extending High Speed Broadband” (EHSB) project for Wales. In its current form, this aims to help extend faster broadband to around 29,000 premises in poorly served areas (i.e. locations that can’t yet access 30Mbps+ speeds).",https://www.ispreview.co.uk/index.php/2025/10/welsh-gov-tenders-for-70m-extending-high-speed-broadband-project.html,8th Oct 2025
https://www.ispreview.co.uk/,Rural UK Broadband Provider Airband Promotes MD to Position of CEO,"Alternative rural broadband ISP Airband , which has deployed their gigabit-speed capable Fibre-to-the-Premises (FTTP) and Fixed Wireless Access (FWA) networks to cover parts of Wales and South West England, has today announced that the company’s existing Managing Director, Kashif Rahman, has been promoted to Chief Executive Officer (CEO) – effective immediately.",https://www.ispreview.co.uk/index.php/2025/10/rural-uk-broadband-provider-airband-promotes-md-to-position-of-ceo.html,8th Oct 2025
https://www.ispreview.co.uk/,Ookla Finds UK Trains Deliver Some of the Slowest Wi-Fi Speeds in Europe,"Network testing firm Ookla, which collects broadband performance data from consumers via their popular Speedtest.net service, has examined the onboard WiFi performance of train services across Europe (inc. some Asian rail networks) and found that the United Kingdom delivers some of the slowest internet speeds on trains.",https://www.ispreview.co.uk/index.php/2025/10/ookla-finds-uk-trains-deliver-some-of-the-slowest-wi-fi-speeds-in-europe.html,8th Oct 2025
https://www.ispreview.co.uk/,ASA Ban UK ISP Community Fibre’s “Misleading” Best Internet Provider Claims,"The Advertising Standards Authority (ASA) has banned a website promotion for London-focused broadband ISP CommunityFibre , which occurred after it was found to have misleadingly claimed to be both the “#1 rated internet provider on Trustpilot – with the most 5 star reviews” and “#1 Best ‘Internet Provider’“.",https://www.ispreview.co.uk/index.php/2025/10/asa-ban-uk-isp-community-fibres-misleading-best-internet-provider-claims.html,8th Oct 2025
https://www.ispreview.co.uk/,Wessex Internet Builds Rural Broadband to 50k UK Premises as Revenues Rise,"Rural-focused broadband ISP and alternative network builder Wessex Internet , which is deploying a mix of full fibre (FTTP) and fixed wireless networks across Southern England, has today published their annual accounts to the end of 2024 and highlighted both their “best-in-class” take-up of over 30% and a 20.5% rise in revenues to £5.76m (2023: £4.78m).",https://www.ispreview.co.uk/index.php/2025/10/wessex-internet-builds-rural-broadband-to-50k-uk-premises-as-revenues-rise.html,7th Oct 2025
https://www.ispreview.co.uk/,Broadband and Mobile Considered as Part of UK Home Buying and Selling Reform,"The UK government has begun consulting on new proposals aimed at speeding up the process of home buying and selling, while also improving the material information that Estate Agents are required to provide for every transaction. The availability of broadband, as well as mobile signal and coverage, are some of the data points proposed for inclusion in future guidance.",https://www.ispreview.co.uk/index.php/2025/10/broadband-and-mobile-considered-as-part-of-uk-home-buying-and-selling-reform.html,7th Oct 2025
https://www.ispreview.co.uk/,Ofcom Confirm Bidders for the UK 5G Mobile Auction of 26GHz and 40GHz,"The UK telecoms regulator, Ofcom , has today confirmed that the final bidders due to take part in their auction of the 26GHz and 40GHz millimetre wave (mmW) bands for faster 5G data (mobile broadband) services will include BT ( EE ), Telefonica UK ( O2 / Virgin Media ) and Vodafone (VodafoneThree). No surprises this time around.",https://www.ispreview.co.uk/index.php/2025/10/ofcom-confirm-bidders-for-the-uk-5g-mobile-auction-of-26ghz-and-40ghz.html,7th Oct 2025
https://www.ispreview.co.uk/,Boldyn Networks Boost London’s 5G Mobile Cover via 200 Small Cells,"Digital infrastructure firm Boldyn Networks has this morning announced that they’ve so far deployed over 200 5G capable small cells across busy parts of London, which can be harnessed by all the major mobile network operators (i.e. Vodafone / Three UK , O2 and EE ) to boost their coverage, local capacity and mobile broadband performance.",https://www.ispreview.co.uk/index.php/2025/10/boldyn-networks-boost-londons-5g-mobile-cover-via-200-small-cells.html,7th Oct 2025
https://www.ispreview.co.uk/,Rural UK Broadband Altnet Quickline Sees Revenues Grow to £3.9m,"Alternative network ISP Quickline , which is rolling out a new gigabit-capable Fibre-to-the-Premises (FTTP) and wireless (FWA) broadband network across rural parts of Yorkshire and Lincolnshire in England ( 3-Year Rollout Plan ), has published their accounts to the end of 2024 and revealed revenues grew to £3.9m (2023: £3m). But they had an operating loss of £33.1m (2023: £28.8m).",https://www.ispreview.co.uk/index.php/2025/10/rural-uk-broadband-altnet-quickline-sees-revenues-grow-to-3-9m.html,7th Oct 2025
https://www.ispreview.co.uk/,Virgin Media O2 UK Claims 1.8 Million over-65s Have Fallen for Online Scams,"Broadband and mobile giant Virgin Media and O2 has this morning published new research, which claims to reveal that more than 1.8 million people over the age of 65 have been scammed online in the past year, with the average victim losing £831. In response, they’re launching a free Scam Schools programme with sessions “across the UK” to help Brits get safer online.",https://www.ispreview.co.uk/index.php/2025/10/virgin-media-o2-uk-claims-1-8-million-over-65s-have-fallen-for-online-scams.html,7th Oct 2025
https://www.ispreview.co.uk/,Briant Broadband Bring 5Gbps Speeds to Own Network Around Worthing UK,"Alternative network operator and UK ISP Briant Broadband has informed ISPreview that customers covered by their own Fibre-to-the-Premises ( FTTP ) network around the seaside town of Worthing (West Sussex, England), which now reaches 10,500 properties passed (and serviceable), can access symmetric speeds of up to 5,000Mbps (5Gbps).",https://www.ispreview.co.uk/index.php/2025/10/briant-broadband-bring-5gbps-speeds-to-own-network-around-worthing-uk.html,6th Oct 2025
https://www.ispreview.co.uk/,Greater Anglia Tops Ranking of UK Train Operators for Onboard Connectivity,"A new study has been published today that ranks the top 11 out of 28 UK train operators for onboard connectivity to identify which ones are the best for working on the go. The study examines everything from WiFi quality to the availability of plug sockets, punctuality, passenger satisfaction, complaints, rolling stock quality, crowding and cleanliness.",https://www.ispreview.co.uk/index.php/2025/10/greater-anglia-tops-ranking-of-uk-train-operators-for-onboard-connectivity.html,6th Oct 2025
https://www.ispreview.co.uk/,London Internet Exchange Deploys 25th 400Gbps Ethernet Port,"The not-for-profit London Internet Exchange (LINX), which handles a large chunk of UK and global data traffic through their switches via around 900 members (broadband, mobile, CDN providers etc.), has celebrated achieving a “major milestone” after they deployed their 25th 400GE (Gigabits per second) port across their global network.",https://www.ispreview.co.uk/index.php/2025/10/london-internet-exchange-deploys-25th-400gbps-ethernet-port.html,6th Oct 2025
https://www.ispreview.co.uk/,Oak Tree Housing Association Agrees Deal to Deploy Full Fibre in Greenock,"The Oak Tree Housing Association , which provides social housing across parts of Inverclyde in Scotland and owns 1,960 homes, has reached a new access agreement (wayleave) with Openreach ( BT ). The deal will enable the operator to extend their Fibre-to-the-Premises ( FTTP ) broadband ISP network across numerous buildings in the town of Greenock.",https://www.ispreview.co.uk/index.php/2025/10/oak-tree-housing-association-agrees-deal-to-deploy-full-fibre-in-greenock.html,6th Oct 2025
https://www.ispreview.co.uk/,Competition Concerns Raised Over New Openreach FTTP Broadband Discount,"A number of Openreach ’s rivals are understood to have raised fresh competition concerns with Ofcom after the operator introduced a new discount on upgrades ( here ). The offer was designed to help encourage ISPs to shift customers off older copper-based broadband services and on to newer full fibre (FTTP) lines, but not everyone is happy.",https://www.ispreview.co.uk/index.php/2025/10/competition-concerns-raised-over-new-openreach-fttp-broadband-discount.html,6th Oct 2025
https://www.ispreview.co.uk/,Broadband Outages on Shetland After Second Subsea Fibre Break in 3 Months UPDATE,"Customers of ISP Sky Broadband , Vodafone and possibly others on Shetland, which is a remote UK subarctic archipelago that resides north of the Scottish mainland, started suffering from a loss of internet connectivity yesterday after the main SHEFA-2 (Faroese Telecom) subsea fibre optic cable suffered damage on Friday; the second time in 3 months.",https://www.ispreview.co.uk/index.php/2025/10/broadband-outages-on-shetland-after-second-subsea-fibre-break-in-3-months.html,4th Oct 2025
https://www.ispreview.co.uk/,Virgin Media UK Give TV Customers Free Access to Kids Channels During Oct 2025,"Customers of broadband ISP Virgin Media ( O2 ), specifically those who also take their pay TV service and have children, may like to know that the provider will be offering free access to their premium children’s TV channels throughout the whole of October 2025 “at no extra cost“.",https://www.ispreview.co.uk/index.php/2025/10/virgin-media-uk-give-tv-customers-free-access-to-kids-channels-during-oct-2025.html,3rd Oct 2025
https://www.ispreview.co.uk/,Broadband ISP Aquiss Launch UK FTTP Broadband Packages via Gigaclear,"Shropshire-based UK ISP Aquiss this week appears to have added yet another alternative network to their platform after reaching an agreement to sell packages to homes and businesses covered by Gigaclear ’s full fibre (FTTP) lines, which primarily cover rural premises across various parts of England.",https://www.ispreview.co.uk/index.php/2025/10/broadband-isp-aquiss-launch-uk-fttp-broadband-packages-via-gigaclear.html,3rd Oct 2025
https://www.ispreview.co.uk/,Sky and RM Tech to Improve High-Speed Fibre Connectivity for UK Schools,"Education technology provider RM Technology and Sky Business Wholesale (Comcast) have signed a new partnership. The move aims to provide a fully resilient, high-speed connectivity solution for schools across the UK by leveraging Sky’s network to deliver a 100Gbps-ready, fibre-first network.",https://www.ispreview.co.uk/index.php/2025/10/sky-and-rm-tech-to-improve-high-speed-fibre-connectivity-for-uk-schools.html,3rd Oct 2025
https://www.ispreview.co.uk/,BT Completes £1.9m Full Fibre Build for Swansea Bay City Deal,"The Swansea Bay City Deal’s Digital Infrastructure Programme has today announced the completion of their £1.9m Full Fibre Infrastructure Build project with BT , which has helped to upgrade 69 key public sector sites with “future proofed” broadband connectivity.",https://www.ispreview.co.uk/index.php/2025/10/bt-completes-1-9m-full-fibre-build-for-swansea-bay-city-deal.html,2nd Oct 2025
https://www.ispreview.co.uk/,Study Claims Half of Brits Face Broadband Disruptions Twice a Month or More,"Mobile and internet provider giffgaff has today published the results of a new 3Gem survey of 2,000 UK adults (conducted during Sept 2025), which claims to have found that 53% of respondents face “broadband disruptions” at least twice a month and the average Brit spends nearly 50 hours a year troubleshooting poor internet connectivity.",https://www.ispreview.co.uk/index.php/2025/10/study-claims-half-of-brits-face-broadband-disruptions-twice-a-month-or-more.html,2nd Oct 2025
https://www.ispreview.co.uk/,VeloxServ Add Gigaclear’s Rural UK Broadband Network to Wholesale Platform,"The independent wholesale broadband and leased-lines aggregator, VeloxServ , has today announced that they’ve added Gigaclear ’s rural full fibre broadband network to their platform as part of a new supplier partnership. The move gives partners (ISPs etc.) access to yet another alternative network, the fourth new supplier partner they’ve onboarded in 2025.",https://www.ispreview.co.uk/index.php/2025/10/veloxserv-add-gigaclears-rural-uk-broadband-network-to-wholesale-platform.html,2nd Oct 2025
https://www.ispreview.co.uk/,Vodafone and Nokia Trial Lag Busting L4S Tech on Live Home Broadband Link,"Telecom giant Vodafone and strategic supplier Nokia have today revealed that they conducted their first real-world trial of “lag-busting” L4S (Low Latency, Low Loss, and Scalable Throughput) technology on a “live home broadband fibre [FTTP] connection“. The trial was able to significant reduce the delay (latency) time during gaming and videoconferencing by 94%.",https://www.ispreview.co.uk/index.php/2025/10/vodafone-and-nokia-trial-lag-busting-l4s-tech-on-live-home-broadband-link.html,2nd Oct 2025
https://www.ispreview.co.uk/,"Gov Encourages Pension Firms to Invest in UK Science, Tech and Digital","The UK Government has today launched a new Innovation Cluster Map, which forms part of a fresh drive to encourage pensions firms to commit more of their private investment toward the country’s science and technology sectors, which could include anything from research into new vaccines and medicines to AI or future satellite broadband technologies etc.",https://www.ispreview.co.uk/index.php/2025/10/gov-encourages-pension-firms-to-invest-in-uk-science-tech-and-digital.html,2nd Oct 2025
https://www.ispreview.co.uk/,Emtelle UK Expands Fibre Supply Deal to Support Highland Broadband,"Fibre optic network supplier Emtelle UK, which is a global manufacturer of blown fibre, cabling and ducted solutions, has today announced that they’ve “deepened” their existing partnership with altnet ISP Highland Broadband (formerly Lothian Broadband) to help accelerate their roll-out of full fibre (FTTP) infrastructure across Scotland’s rural communities.",https://www.ispreview.co.uk/index.php/2025/10/emtelle-uk-expands-fibre-supply-deal-to-support-highland-broadband.html,2nd Oct 2025
https://www.ispreview.co.uk/,O2 to Boost UK 5G Mobile Performance with New Nokia Massive MIMO Tech,"Mobile operator O2 ( Virgin Media ) has today announced the deployment of a “first-of-its-kind” mobile Giga Site in Paddington (London), which utilises Nokia’s latest dual-band massive MIMO (Multiple-Input Multiple-Output) tech to boost 5G mobile broadband performance and network capacity. The plan is to deploy 1,000 more of these during 2026.",https://www.ispreview.co.uk/index.php/2025/10/o2-to-boost-uk-5g-mobile-performance-with-new-nokia-massive-mimo-tech.html,2nd Oct 2025
https://www.ispreview.co.uk/,EE to Expand 5G Standalone Mobile Cover to 99 Percent of UK Population by 2030,Broadband ISP and mobile operator EE (BT) have today announced that they’re aiming to expand the population coverage of their latest 5G Standalone (5GSA) mobile network to reach 99% of the UK by the end of FY30. The move appears to be a reaction to VodafoneThree’s (Vodafone and Three UK ) target ( here ) of achieving the same outcome by 2034.,https://www.ispreview.co.uk/index.php/2025/10/ee-to-expand-5g-standalone-mobile-cover-to-99-percent-of-uk-population-by-2030.html,2nd Oct 2025
https://www.ispreview.co.uk/,Broadband Disrupted Near Durham UK After Vandals Cut Fibre Optic Cables,"A number of homes, businesses and several network operators, including Netomnia ( Youfibre , Brsk ) and Openreach ( BT ), were impacted yesterday outside the City of Durham after vandals gained access to a chamber and cut vital fibre optic cables; disrupting local broadband connectivity for a protracted period.",https://www.ispreview.co.uk/index.php/2025/10/broadband-disrupted-near-durham-uk-after-vandals-cut-fibre-optic-cables.html,2nd Oct 2025
https://www.ispreview.co.uk/,Virgin Media UK Increases Mid-Contract Price Hikes to £4 and Refreshes Bundles,Mixed news for customers of Virgin Media ’s broadband and pay TV services today. The provider has decided to follow BT ’s (inc. Plusnet and EE ) recent move ( here ) by increasing their existing mid-contract pricing policy to adopt an annual rise of £4 (monthly) each April (up from £3.50). But Netflix is now included in more of their broadband and TV bundles.,https://www.ispreview.co.uk/index.php/2025/10/virgin-media-uk-increases-annual-mid-contract-price-hikes-to-4.html,2nd Oct 2025
https://www.ispreview.co.uk/,Mobile Operator Lebara UK Finally Starts Introducing eSIM Support,"Mobile operator Lebara , which harnesses Vodafone UK’s mobile virtual network operator (mvno) platform, today finally confirmed to ISPreview that they had begun rolling out eSIM (Electronic SIM) support in a phased manner. But initially this will only be available to new customers joining with an Apple iPhone Air, although support will soon expand.",https://www.ispreview.co.uk/index.php/2025/10/mobile-operator-lebara-uk-finally-starts-introducing-esim-support.html,1st Oct 2025
https://www.ispreview.co.uk/,Broadband ISP Brillband Launch WiFi 7 Routers as Standard on UK Plans,"Glasgow-based full fibre broadband ISP Brillband , which was acquired by AllPoints Fibre Networks (APFN) back in October 2024 ( here ) and sells packages to homes over the same wholesale platform, has today announced that “every new Brillband customer” will receive their next-generation Wi-Fi 7 router as standard. No price hikes needed.",https://www.ispreview.co.uk/index.php/2025/10/broadband-isp-brillband-launch-wifi-7-routers-as-standard-on-uk-plans.html,1st Oct 2025
https://www.ispreview.co.uk/,"O2 UK and Freshwave Expand 4G Small Cells in Perth, Scotland",Mobile network operator O2 ( Virgin Media ) and partner Freshwave have today revealed that they’ve expanded their 4G mobile (mobile broadband) network coverage in the centre of Perth (Scotland). This has been achieved via the deployment of six new 4G outdoor small cells.,https://www.ispreview.co.uk/index.php/2025/10/o2-uk-and-freshwave-expand-4g-small-cells-in-perth-scotland.html,1st Oct 2025
https://www.ispreview.co.uk/,Disney+ Internet Video Streaming Service Hikes UK Prices for 2025,"Internet video streaming provider Disney+ has followed its usual annual trend by once again hitting new UK customers with a fresh round of price hikes, which are due to all be introduced from on or after 4th November 2025 (or 25th November 2025 if you have an annual plan).",https://www.ispreview.co.uk/index.php/2025/10/disney-internet-video-streaming-service-hikes-uk-prices-for-2025.html,1st Oct 2025
https://www.ispreview.co.uk/,CityFibre Report 730K UK Broadband Customers as FTTP Covers 4.6M Premises,"The UK’s largest alternative full fibre ( FTTP ) broadband ISP network, CityFibre , has today published their latest results and revealed that they now cover 4.6 million premises (4.3m RFS) and have seen record growth in customer connections, with 108,000 customers connected in Q3 2025 (up from 58k in Q2) to total 730,000.",https://www.ispreview.co.uk/index.php/2025/10/cityfibre-report-730k-uk-broadband-customers-as-fttp-covers-4-6m-premises.html,1st Oct 2025
https://www.ispreview.co.uk/,Broadband ISPs Brsk and YouFibre Launch Black Friday Sale – Make WiFi 7 Standard,"Sister UK ISPs Brsk and YouFibre ( Netomnia ) will today launch special Black Friday pricing across their range of broadband packages. On top of that, Brsk also confirmed that their new WiFi 7 routers will, from today (1st Oct 2025), be included as standard for all new customer orders (YouFibre did the same in August – here ).",https://www.ispreview.co.uk/index.php/2025/10/broadband-isp-brsk-launch-uk-black-friday-sale-and-make-wifi-7-standard.html,1st Oct 2025
https://www.ispreview.co.uk/,New ISP Orbus Broadband Launches and Promises Best WiFi Across UK,"The United Kingdom’s existing market for internet service providers is already quite an overcrowded place, but today it got a little busier after a new ISP called Orbus Broadband (a trading name of London-based AnyLead Ltd ) launched with a promise to deliver “Better Broadband and the Best WiFi Across the UK“.",https://www.ispreview.co.uk/index.php/2025/09/new-isp-orbus-broadband-launches-and-promises-best-wifi-across-uk.html,30th Sep 2025
https://www.ispreview.co.uk/,Popular Image Sharing Site Imgur.com Blocks Access to UK Visitors UPDATE4,"The popular online image sharing website Imgur.com, which was first founded in 2009 and has been widely used to host viral images, short videos and memes that can be linked to from other sites, appears as if it may have responded to a recent Information Commissioner’s Office ( ICO ) investigation by blocking UK IP (Internet Protocol) addresses.",https://www.ispreview.co.uk/index.php/2025/09/popular-image-sharing-site-imgur-com-blocks-access-to-uk-visitors.html,30th Sep 2025
https://www.ispreview.co.uk/,Toob Expand FTTP Broadband Reach via CityFibre to 33 UK Towns and Cities,"Hampshire-based alternative network operator and UK ISP toob , which has built a gigabit speed full fibre ( FTTP ) broadband network across parts of South England and also harnesses CityFibre ’s network in other areas, has this morning announced that they’ve just added 33 new towns and cities (1.1 million additional premises) to their coverage via CityFibre.",https://www.ispreview.co.uk/index.php/2025/09/toob-expand-fttp-broadband-reach-via-cityfibre-to-33-uk-towns-and-cities.html,30th Sep 2025
https://www.ispreview.co.uk/,IOEMA’s 1Pbps Subsea Fibre Cable Project Between UK and Europe Expands,"The IOEMA Fibre project, which was first announced last year ( here ) and now plans to build a 1,600km long repeatered subsea fibre optic cable between the UK and several neighbouring countries, has revealed that its seventh landing point in Northern Europe – Scheveningen (Netherlands) – has now been confirmed and is to be delivered by Greenhouse Datacenters.",https://www.ispreview.co.uk/index.php/2025/09/ioemas-1pbps-subsea-fibre-cable-project-between-uk-and-europe-expands.html,30th Sep 2025
https://www.ispreview.co.uk/,Openreach Launches Alternative UK Analogue Phone Line Product,"Openreach has today notified UK telecoms providers that their SOTAP Analogue product will, following a “successful pilot” ( here ), get its full commercial launch on 28th October 2025. This is a phone line service that does NOT require broadband to work and will be targeted at vulnerable users who would otherwise struggle with migrating to an All- IP (internet) based phone service.",https://www.ispreview.co.uk/index.php/2025/09/openreach-launches-alternative-uk-analogue-phone-line-product.html,29th Sep 2025
https://www.ispreview.co.uk/,Mobile Infrastructure Firm Cornerstone Adopts AI to Boost UK Rollout,"Mobile infrastructure company Cornerstone (CTIL), which was originally established as part of a UK network sharing agreement between O2 (Virgin Media) and Vodafone (Vantage Towers), has today become the latest network operator to adopt Vyntelligence’s AI technology (Agentic Video Intelligence) to speed up the roll-out of new masts and cut costs.",https://www.ispreview.co.uk/index.php/2025/09/mobile-infrastructure-firm-cornerstone-adopts-ai-to-boost-uk-rollout.html,29th Sep 2025
https://www.ispreview.co.uk/,Virgin Media O2 Expand UK 3G Mobile Switch Off to Scotland,"Mobile network operator O2 (Virgin Media) has this morning revealed that customers in Scotland will be the next to go through their 3G mobile (broadband) switch-off programme on 5th November 2025. The announcement follows completed withdrawals across various other locations in England (Durham, Norwich, Telford, Watford etc).",https://www.ispreview.co.uk/index.php/2025/09/virgin-media-o2-expand-uk-3g-mobile-switch-off-to-scotland.html,29th Sep 2025
https://www.ispreview.co.uk/,Broadband Altnet Hyperoptic Not Hunting Fresh UK Funding as Gross Profit Hits £87m,"City-focused broadband ISP Hyperoptic , which claims to have deployed their full fibre (FTTP/B) network to cover 1.9 million UK premises, has told ISPreview they’re NOT currently seeking more funding to keep their network expansion going. The company’s latest accounts to the end of 2024 show they generated maiden adjusted earnings of £2.7m in 2024 (vs a loss of £4.7m in 2023) and gross profit rose 20% to £87m.",https://www.ispreview.co.uk/index.php/2025/09/broadband-altnet-hyperoptic-hunt-fresh-uk-funding-as-gross-profit-hits-87m.html,29th Sep 2025
https://www.ispreview.co.uk/,Humax to Release PVR Set Top Box for Freely’s UK Broadband TV Service,"Set-top-box manufacturer Humax appears to be preparing to launch its first box with video recording capabilities for the new broadband-based live TV streaming service Freely , which is supported by several of the major UK TV broadcasters ( BBC , ITV etc.) and is an evolution – not yet a full replacement – of the existing Freeview service (inc. Freeview Play and Freesat).",https://www.ispreview.co.uk/index.php/2025/09/humax-to-release-pvr-set-top-box-for-freelys-uk-broadband-tv-service.html,29th Sep 2025
https://www.ispreview.co.uk/,Broadband ISP Airband Target Positive EBITDA for 2028 as Funding Concerns Loom UPDATE,"Alternative rural UK broadband ISP Airband , which has built a full fibre ( FTTP ) and wireless (FWA) network that covers parts of Wales and South West England, has shared a copy of their latest group accounts with ISPreview and revealed that they expect to reach EBITDA positivity in 2028. But the provider is still facing a “material uncertainty” over its funding.",https://www.ispreview.co.uk/index.php/2025/09/broadband-isp-airband-target-positive-ebitda-for-2028-as-funding-concerns-loom.html,29th Sep 2025
https://www.ispreview.co.uk/,Hints of 5Gbps Broadband and Package Tweaks from Virgin Media UK,"In recent weeks ISPreview has started to see more indications that customers of UK ISP Virgin Media ( O2 ), particularly those covered by their XGS-PON based Fibre-to-the-Premises ( FTTP ) broadband lines (either via coax upgrades or nexfibre ), may soon see a package refresh and possibly even the launch of a 5000Mbps (5Gbps) symmetric speed tier.",https://www.ispreview.co.uk/index.php/2025/09/hints-of-5gbps-broadband-and-package-tweaks-from-virgin-media-uk.html,28th Sep 2025
https://www.ispreview.co.uk/,Zen Internet UK Gives Free Speed Boost to Some CityFibre Customers,Broadband ISP Zen Internet appears to have quietly begun a new programme of package upgrades (regrades) for some of their customers on CityFibre ’s national Fibre-to-the-Premises (FTTP) network. The move essentially upgrades those on their 100Mbps (symmetric speed) plan to the faster rate of 160Mbps “at no extra cost“.,https://www.ispreview.co.uk/index.php/2025/09/zen-internet-uk-gives-free-speed-boost-to-some-cityfibre-customers.html,27th Sep 2025
https://www.ispreview.co.uk/,Landline UK Phones Still Popular with Some Groups – 28 Percent of GEN Z Have One,"A new Opinium survey of 2,000 UK adults, conducted during June 2025, has revealed that 28% of respondents aged 18-27 years old (Gen Z) still have a landline phone at home and 21% of that same group only retain it “as a decoration”. But interestingly, 43% of respondents remain unaware of the looming change to digital phones by the end of 2027.",https://www.ispreview.co.uk/index.php/2025/09/landline-uk-phones-still-popular-with-some-groups-28-percent-of-gen-z-have-one.html,26th Sep 2025
https://www.ispreview.co.uk/,Broadband ISP Virgin Media UK Offers £70 to Customers Who Refer a Friend,"Broadband, phone and pay TV provider Virgin Media has this morning launched a new promotion that gives existing customers the opportunity to earn up to £70 if they refer a friend (it’s normally £50). The incentive will also give the new customer up to £70 too.",https://www.ispreview.co.uk/index.php/2025/09/broadband-isp-virgin-media-uk-offers-70-to-customers-who-refer-a-friend.html,26th Sep 2025
https://www.ispreview.co.uk/,Openreach Give ISPs 48 Hours to Remove Lithium Batteries from UK Exchanges UPDATE,"Network operator Openreach took a few communications providers by surprise yesterday after they gave them just 48 hours to remove any lithium batteries from BT exchanges. The batteries are said to be prohibited by the operator’s building safety policy “due to the significant risks … [of] thermal runaway, fire and explosion“.",https://www.ispreview.co.uk/index.php/2025/09/openreach-give-isps-48-hours-to-remove-lithium-batteries-from-uk-exchanges.html,26th Sep 2025
https://www.ispreview.co.uk/,Sky Mobile Customers Suffer Spate of UK eSIM Activation Problems,"Some customers of the Sky Mobile ( Sky Broadband , Sky TV etc.) service, which harnesses O2 ’s Mobile Virtual Network Operator platform, have recently been complaining about a spate of problems with getting eSIMs activated. But the good news is that Sky now appears to have removed the faulty eSIMs and has begun contacting users to sort replacements.",https://www.ispreview.co.uk/index.php/2025/09/sky-mobile-customers-suffer-spate-of-uk-esim-activation-problems.html,26th Sep 2025
https://www.ispreview.co.uk/,iD Mobile UK Offers 5G Unlimited Mobile Broadband Data Plan for £8,"Low-cost mobile operator iD Mobile (Currys), which harnesses Three UK ’s (VodafoneThree) national 4G and 5G network via a virtual operator partnership (mvno), has discounted their 4G and 5G unlimited data (broadband) plan on a 24-month term to half price – £8 per month – for the first 6 months of service, rising to just £16 thereafter.",https://www.ispreview.co.uk/index.php/2025/09/id-mobile-uk-offers-5g-unlimited-mobile-broadband-data-plan-for-8.html,26th Sep 2025
https://www.ispreview.co.uk/,Government to Expand UK Availability of Gigabit Broadband Voucher Scheme,"Good news. The Government’s Building Digital UK (BDUK) agency will shortly announce that more areas of the United Kingdom are to be re-opened to the Gigabit Broadband Voucher Scheme (GBVS), which means that homes and businesses in poorly served areas will be able to apply for funding to help get faster internet connections installed.",https://www.ispreview.co.uk/index.php/2025/09/government-to-expand-uk-availability-of-gigabit-broadband-voucher-scheme.html,26th Sep 2025
https://www.ispreview.co.uk/,Ofcom Warn UK People to Watch for Scammers Impersonating the Regulator,"The UK telecoms and media regulator, Ofcom , has warned consumers that fraudsters are attempting to impersonate them. In short, some people have received calls from scammers, which claim that services (e.g. broadband, phone etc.) have been fraudulently taken out in their name, when this is not the case.",https://www.ispreview.co.uk/index.php/2025/09/ofcom-warn-uk-people-to-watch-for-scammers-impersonating-the-regulator.html,25th Sep 2025
https://www.ispreview.co.uk/,Comms Council UK Name Winners of Best 2025 VoIP Provider Awards,"The Comms Council UK , which represents the United Kingdom’s national Unified Communications and Voice-over-Internet-Protocol ( VoIP ) phone industry, has today announced the winners of their 17th annual 2025 awards event at a ceremony at The IET in London. Some of the winners include bOnline , 8×8, and Yealink.",https://www.ispreview.co.uk/index.php/2025/09/comms-council-uk-name-winners-of-best-2025-voip-provider-awards.html,25th Sep 2025
https://www.ispreview.co.uk/,Full Fibre Provider ITS Technology Launch Enterprise-Grade Security for Every Business,"The ITS Technology Group , which has deployed various open access full fibre broadband and Ethernet networks across parts of the United Kingdom, has today announced the launch of its new Cisco-powered ‘ITS SecureEdge’ product. The new value-added service is designed to “protect businesses of all sizes” from Distributed Denial of Service (DDoS) attacks.",https://www.ispreview.co.uk/index.php/2025/09/full-fibre-provider-its-technology-launch-enterprise-grade-security-for-every-business.html,25th Sep 2025
https://www.ispreview.co.uk/,Virgin Media UK Deploys New TV 360 and STREAM OS Software Update,"As first hinted at last month ( here ), broadband and TV provider Virgin Media (O2) has now begun the process of rolling out the latest firmware update (v5.21) for their TV 360 and STREAM platforms (set-top-boxes). The change introduces a new search feature and some smaller changes / fixes, but nothing major.",https://www.ispreview.co.uk/index.php/2025/09/virgin-media-uk-deploys-new-tv-360-and-stream-os-software-update.html,25th Sep 2025
https://www.ispreview.co.uk/,ISP Zen Internet Signs Deal to Harness MS3’s UK Full Fibre Network UPDATE,Rochdale-based UK broadband ISP Zen Internet has today announced that MS3 have become the latest alternative network to sign a wholesale partnership deal. The move means that Zen’s customers will soon be able to order packages via the new FTTP network and no doubt the altnet will also join their Fibre Hub (network aggregation platform for use by other ISPs).,https://www.ispreview.co.uk/index.php/2025/09/isp-zen-internet-signs-deal-to-harness-ms3s-uk-full-fibre-network.html,25th Sep 2025
https://www.ispreview.co.uk/,Broadband ISP TalkTalk Launch “Better Way to Wi-Fi” via New U Product UPDATE,"Internet provider TalkTalk has today unveiled the “next step in our Wi-Fi transformation” with the launch of “U“, which as well as being a letter in the alphabet also seems to be both a new class of UK broadband product and order process that aims to deliver a “tailored setup for each customer’s home, with speed that flexes as they need it, all for one price“.",https://www.ispreview.co.uk/index.php/2025/09/broadband-isp-talktalk-launch-better-way-to-wi-fi-via-new-u-product.html,25th Sep 2025
https://www.ispreview.co.uk/,BT Study Claims UK Digital Network Upgrades to Deliver £3bn in Economic Benefits,"Broadband, mobile and telecoms giant BT has today published a new economic modelling study from Assembly Research, which examines how the ongoing migration from legacy networks (PSTN/WLR, 2G mobile etc.) to All- IP (Internet Protocol) services could “deliver billions in benefits” (£3bn) to the UK’s critical national infrastructure sectors.",https://www.ispreview.co.uk/index.php/2025/09/bt-study-claims-uk-digital-network-upgrades-to-deliver-3bn-in-economic-benefits.html,25th Sep 2025
https://www.ispreview.co.uk/,Ofcom Fines UK VoIP Provider Vonage £700k Over 999 Access Failure UPDATE,"The UK telecoms regulator, Ofcom , has today hit internet phone ( VoIP ) provider Vonage with a £700,000 fine after an investigation that started in March 2024 ( here ). The penalty follows an incident that resulted in disruption for its business customers to emergency calling (999) services between 23rd October and 3rd November 2023.",https://www.ispreview.co.uk/index.php/2025/09/ofcom-fines-uk-voip-provider-vonage-700k-over-999-access-failure.html,25th Sep 2025
https://www.ispreview.co.uk/,Citizens Advice Reveal “murky practice” of Hidden UK Broadband and Mobile Deals,"The Citizens Advice agency has warned that broadband ISPs and mobile operators are making it difficult for people trying to negotiate for a better renewal, which it’s estimated could save UK consumers more than £325 a year for both services combined. The charity has called on Ofcom to take action in order to ensure greater pricing transparency.",https://www.ispreview.co.uk/index.php/2025/09/citizens-advice-reveal-murky-practice-of-hidden-uk-broadband-and-mobile-deals.html,25th Sep 2025
https://www.ispreview.co.uk/,Connected Britain Names 2025 UK Broadband Award Winners,"The annual Connected Britain Awards 2025 (Total Telecom) took place this week, which among other things saw alternative full fibre ISP Lightning Fibre scoop the coveted “Broadband Provider of the Year” award, while Openreach won the “Access Innovation Award” and Fibrus was handed the “Project Rollout Award“.",https://www.ispreview.co.uk/index.php/2025/09/connected-britain-names-2025-uk-broadband-award-winners.html,25th Sep 2025
https://www.ispreview.co.uk/,First 50 Students in Lincolnshire Benefit from Quickline’s New Bursary,"At the start of this year Quickline , which is building a rural gigabit broadband network across parts of Yorkshire and Lincolnshire (England), announced that they and the Lincolnshire Institute of Technology (LIoT) would support 500 students through a bursary scheme (i.e. money to help with study, travel and childcare costs). The first 50 students have now benefitted from this.",https://www.ispreview.co.uk/index.php/2025/09/first-50-students-in-lincolnshire-benefit-from-quicklines-new-bursary.html,24th Sep 2025
https://www.ispreview.co.uk/,EE UK Named Official UK Partner for the Call of Duty Black Ops 7 Launch,"Broadband ISP and mobile operator EE ( BT ) has today announced that they’ll once again be an official partner for the next Call of Duty video game (Black Ops 7), which is currently scheduled for release on 14th November 2025 for PlayStation 4, PlayStation 5, Windows (PC), Xbox One, and Xbox Series X/S. Customers of the service can also expect a few perks, like beta access.",https://www.ispreview.co.uk/index.php/2025/09/ee-uk-named-official-uk-partner-for-the-call-of-duty-black-ops-7-launch.html,24th Sep 2025
https://www.ispreview.co.uk/,BT CEO Complains UK Telecoms Operators Pay 10 Times More Than Peers,"The CEO of BT Group, Allison Kirkby, appears to be gearing up for the government’s annual 2025 Budget announcement by complaining that the operator pays “10 times the amount our peers pay in countries like Germany and the Netherlands” on things like business rates, energy levies and other costs associated with regulation and compliance.",https://www.ispreview.co.uk/index.php/2025/09/bt-ceo-complains-uk-telecoms-operators-pay-10-times-more-than-peers.html,24th Sep 2025
https://www.ispreview.co.uk/,"Vodafone, Meta and Google Show Impact of Video Compression on Mobile Networks","British-registered mobile operator Vodafone has today published a new white paper with Meta and Google, which shows the benefits of advanced video compression technology, via the AV1 video codec, for Smartphone users on their mobile broadband networks. But it also notes that many people use budget handsets, which often lack full support it.",https://www.ispreview.co.uk/index.php/2025/09/vodafone-meta-and-google-show-impact-of-video-compression-on-mobile-networks.html,24th Sep 2025
https://www.ispreview.co.uk/,Channel 4 Prep Exclusive UK Streaming Channels for Freely’s Broadband TV Service,"Public service broadcaster Channel 4 has this morning announced the launch of three new streaming channels – 4Reality, 4Homes, and 4Life, which are to made exclusively available via the new broadband-based live TV streaming service – Freely – in the UK.",https://www.ispreview.co.uk/index.php/2025/09/channel-4-prep-exclusive-uk-streaming-channels-for-freelys-broadband-tv-service.html,24th Sep 2025
https://www.ispreview.co.uk/,Top 17 Largest UK Full Fibre Broadband Networks by Coverage – H2 2025,"The latest independent data from Thinkbroadband has today helped us to produce an updated assessment of how big – in terms of network coverage (premises passed) – the top 17 largest Fibre-to-the-Premises ( FTTP ) based broadband ISP networks in the UK have become by September 2025. Once again, we compare this data against official coverage claims.",https://www.ispreview.co.uk/index.php/2025/09/top-17-largest-full-fibre-broadband-networks-by-uk-coverage-h2-2025.html,24th Sep 2025
https://www.ispreview.co.uk/,Openreach Build FTTP Broadband to 20 Million UK Homes as Uptake Hits 38 Percent,"National network operator Openreach (BT) has this morning confirmed that their Fibre-to-the-Premises ( FTTP ) network, which offers broadband speeds of up to 1,800Mbps to homes via hundreds of UK ISPs, has now covered 20 million premises (up from 18.3m on 1st May 2025) and take-up has risen to around 38%.",https://www.ispreview.co.uk/index.php/2025/09/openreach-build-fttp-broadband-to-20-million-uk-homes-as-uptake-hits-38-percent.html,24th Sep 2025
https://www.ispreview.co.uk/,Fibrus Founder Claims Outdated Rules Force UK Taxpayers to Fund Rural Broadband,"The Co-Founder and Chairman of alternative rural broadband ISP Fibrus , Conal Henry, will tomorrow tell the Connected Britain event that Government subsidies (e.g. the £5bn Project Gigabit programme) are being “wasted” due to Ofcom ’s rules allegedly making the roll-out of rural broadband “unnecessarily expensive“.",https://www.ispreview.co.uk/index.php/2025/09/fibrus-founder-claims-outdated-rules-force-uk-taxpayers-to-fund-rural-broadband.html,23rd Sep 2025
https://www.ispreview.co.uk/,Broadband ISP Olilo Connects First UK Customers via AllPoints Fibre Networks,"New techy-focused broadband ISP Olilo , which only launched a few short weeks ago ( here ), has this week announced that they’ve just placed their first consumer Fibre-to-the-Premises (FTTP) orders via the aquila platform from AllPoints Fibre Networks’ (APFN). The latter is a wholesale platform that aggregates connectivity from several different full fibre networks.",https://www.ispreview.co.uk/index.php/2025/09/broadband-isp-olilo-connects-first-uk-customers-via-allpoints-fibre-networks.html,23rd Sep 2025
https://www.ispreview.co.uk/,"Virgin Media UK and Nexfibre Bring Full Fibre to 21,000 Homes in Littlehampton","Network operator nexfibre and supporting broadband ISP partner Virgin Media ( O2 ), which share some of the same parentage, have today announced that they’ve expanded the reach of their symmetric 2Gbps speed full fibre (FTTP) network to more than 21,000 homes in the West Sussex seaside town of Littlehampton “for the first time“.",https://www.ispreview.co.uk/index.php/2025/09/virgin-media-uk-and-nexfibre-bring-full-fibre-to-21000-homes-in-littlehampton.html,23rd Sep 2025
https://www.ispreview.co.uk/,Thousands of myenergi EV Chargers to Help Openreach Charge Vans at Home,"Openreach (BT), which is currently in the process of converting the “majority” of their commercial UK vehicle fleet (i.e. 23,000 vans and cars) to Electric Vehicles by the end of March 2031, has announced a new deal that will see myenergi supply thousands of smart ‘zappi’ EV chargers to its engineers – giving them a simple way to charge vehicles at home overnight.",https://www.ispreview.co.uk/index.php/2025/09/thousands-of-myenergi-ev-chargers-to-help-openreach-charge-vans-at-home.html,23rd Sep 2025
https://www.ispreview.co.uk/,LNER Further Improves 4G Mobile and WiFi Coverage on East Coast Main Line,"The London North Eastern Railway (LNER) has announced that customers travelling along a picturesque 45-mile stretch of the line in Northumberland (England) can now access “significantly improved mobile phone and Wi-Fi connectivity“. This is thanks to a joint project with Railsite Telecom, O2 and VodafoneThree ( Vodafone and Three UK ).",https://www.ispreview.co.uk/index.php/2025/09/lner-further-improves-4g-mobile-and-wifi-coverage-on-east-coast-main-line.html,23rd Sep 2025
https://www.ispreview.co.uk/,Starlink Updates App for Satellite Broadband Service with Event Log,"Customers of SpaceX’s popular Starlink broadband service, which offers ultrafast low-latency internet speeds across the UK and the world via a mega constellation of compact satellites in Low Earth Orbit (LEO), may like to know that they’ve added a useful “Event Log” feature to their accompanying App.",https://www.ispreview.co.uk/index.php/2025/09/starlink-updates-app-for-satellite-broadband-service-with-event-log.html,23rd Sep 2025
https://www.ispreview.co.uk/,"ISP Toob Connect 100,000 Customers to its UK Fibre Broadband Network","Hampshire-based alternative network builder and UK ISP toob , which has deployed a gigabit speed Fibre-to-the-Premises (FTTP) network across parts of South England and also harnesses CityFibre ’s network in other areas, has today announced that they’ve connected their 100,000th customer (up from 90k on 12th June 2025).",https://www.ispreview.co.uk/index.php/2025/09/isp-toob-connects-100000-customers-to-its-uk-broadband-network.html,23rd Sep 2025
https://www.ispreview.co.uk/,Openreach to Trial UK FTTP Broadband Speeds of 8.5Gbps in Q1 2026,"Network access provider Openreach (BT) has today provided more details to ISPreview on their future plans for a trial of full fibre broadband (FTTP) using 10Gbps capable XGS-PON technology in early 2026. The trial is planned to reach about 40,000 premises in Guildford and push download speeds from ISPs up to a blistering 8.5Gbps (8,500Mbps).",https://www.ispreview.co.uk/index.php/2025/09/openreach-to-trial-uk-fttp-broadband-speeds-of-8-5gbps-in-q1-2026.html,23rd Sep 2025
https://www.ispreview.co.uk/,Netomnia Refreshes UK Brand as FTTP Broadband Network Expands,"One of the country’s largest alternative broadband networks, Netomnia (Substantial Group), which has now covered 2.8 million UK premises RFS (inc. 400,000 customers) with their Fibre-to-the-Premises ( FTTP ) based broadband ISP network (up from 2.7m on 1st Sept 2025), have this morning announced a refresh of their brand following the merger with Brsk .",https://www.ispreview.co.uk/index.php/2025/09/netomnia-refreshes-uk-broadband-brand-as-fttp-network-expands.html,23rd Sep 2025
https://www.ispreview.co.uk/,Vodafone UK Set to Switch Off 2G Mobile Services During 2030,"Mobile operator Vodafone UK (VodafoneThree) has revealed that they intend to switch off their now ancient 2G based mobile network “during 2030“, roughly three years ahead of the government’s official 2033 deadline for the phasing out of both 2G and 3G services ( here ). The operator has already shut down its 3G network ( here ).",https://www.ispreview.co.uk/index.php/2025/09/vodafone-uk-set-to-switch-off-2g-mobile-services-during-2030.html,22nd Sep 2025
https://www.ispreview.co.uk/,Tarana Make 6GHz Fixed Wireless Broadband Update Available to UK ISPs,"Tarana Wireless has announced that their next-generation “6GHz” capable G1 wireless (ngFWA) platform and kit is now ready to deploy in the UK with the addition of support for the UK’s Band C (5725-5850 MHz). This can be enabled via an “optional, free software upgrade to unlock the 6 GHz spectrum as it is available“.",https://www.ispreview.co.uk/index.php/2025/09/tarana-make-6ghz-fixed-wireless-broadband-update-available-to-uk-isps.html,22nd Sep 2025
https://www.ispreview.co.uk/,Openreach Update on Progress of Innovations in UK FTTP Broadband Build,"Network access provider Openreach ( BT ) has today provided a progress update on the difference that their innovations (e.g. drones, mini-exchanges, LiDAR-powered planning etc.) are making to their ongoing roll-out of Fibre-to-the-Premises ( FTTP ) based broadband ISP technology. This network now covers 20 million premises.",https://www.ispreview.co.uk/index.php/2025/09/openreach-update-on-progress-of-innovations-in-uk-fttp-broadband-build.html,22nd Sep 2025
https://www.ispreview.co.uk/,Channel Islands Customers on Airtel Vodafone Start Migration to Sure,"Mobile and broadband operator Sure , which serves the English Channel Islands of Jersey and Guernsey, has confirmed that customers of the Airtel Vodafone service have started to be migrated on to their network. The move follows last year’s £48m deal to build a new “world-class” 5G mobile broadband network across the islands as part of Sure’s acquisition of the operator.",https://www.ispreview.co.uk/index.php/2025/09/channel-islands-customers-on-airtel-vodafone-start-migration-to-sure.html,22nd Sep 2025
https://www.ispreview.co.uk/,"MS3 Hit 20,000 Customer Milestone on Hull UK FTTP Broadband Network","Hull-based alternative UK network operator MS3 , which has deployed their full fibre (FTTP) broadband ISP network across 234,000 premises (207k RFS) in the North of England, has announced that they’ve just connected their 20,000th customer in the Hull and Humber region (up from 19,000 on 3rd July 2025).",https://www.ispreview.co.uk/index.php/2025/09/ms3-hit-20000-customer-milestone-on-hull-uk-fttp-broadband-network.html,22nd Sep 2025
https://www.ispreview.co.uk/,VodafoneThree Sign £2bn UK Network Upgrade Deal with Ericsson and Nokia,"Mobile operator VodafoneThree ( Vodafone and Three UK ) has this morning announced that they’ve signed two multi-billion-pound and 8-year long partnerships with network technology suppliers Ericsson and Nokia. The deals will see both suppliers provide radios and other cell / core network kit and services for 17,000+ mobile sites across the United Kingdom.",https://www.ispreview.co.uk/index.php/2025/09/vodafonethree-sign-multi-billion-uk-networking-deals-with-ericsson-and-nokia.html,22nd Sep 2025
https://www.ispreview.co.uk/,Broadband Group TalkTalk Set to Appoint PJT Partners to Oversee UK Break-up,"The debt strained TalkTalk Group, which has already been through a demerger of its businesses and last year secured a £400m refinancing package to avoid a default on its debts ( here , here ) – not to mention the latest £120m funding deal to help tackle recent financial pressures ( here ), is reportedly set to appoint advisers PJT Partners to help sell off its remaining operations.",https://www.ispreview.co.uk/index.php/2025/09/broadband-group-talktalk-set-to-appoint-pjt-partners-to-oversee-uk-break-up.html,21st Sep 2025
https://www.ispreview.co.uk/,Grain Adds Town of Nelson to UK Full Fibre Broadband Rollout Plan,"Carlisle-based broadband ISP Grain , which recently secured a major £225m funding boost to continue their expansion ( here ), has today announced that they’ve added the Lancashire (England) town of Nelson – home to a population of almost 30,000 people – to their build plan for a new full fibre (FTTP) network.",https://www.ispreview.co.uk/index.php/2025/09/grain-adds-town-of-nelson-to-uk-full-fibre-broadband-rollout-plan.html,20th Sep 2025
https://www.ispreview.co.uk/,Cross-Party Inquiry Finds UK Unprepared for Attacks on Subsea Fibre Cables,"The Joint Committee on the National Security Strategy (JCNSS) has today published the results of their cross-party inquiry into the growing threats facing the country’s undersea fibre optic data cables. The report finds that the UK has “plenty of cable routes and good repair processes” for routine breakages, but the UK can’t protect all of it from adversaries and must improve.",https://www.ispreview.co.uk/index.php/2025/09/cross-party-inquiry-finds-uk-unprepared-for-disruption-to-subsea-fibre-cables.html,19th Sep 2025
https://www.ispreview.co.uk/,Welsh Full Fibre Broadband ISP Ogi Confirms Departure of Current CEO UPDATE,"Infracapital-backed UK ISP Ogi , which is rolling out a 10Gbps capable full fibre (FTTP) broadband network across South Wales (110,000 RFS premises passed by end of 2024), has today announced the departure of their current Chief Executive Officer (CEO) and founding member, Ben Allwright, after 5 years in the post.",https://www.ispreview.co.uk/index.php/2025/09/welsh-full-fibre-broadband-isp-ogi-confirms-ceos-departure.html,19th Sep 2025
https://www.ispreview.co.uk/,Owners of Fishing Trawler Ordered to Pay Virgin Media £346k Over Cable Break UPDATE,"The High Court of Ireland has ruled that the owners of an Irish-registered fishing trawler, MV The Lida Suzanna, should pay the wholesale division of broadband provider Virgin Media some $397,514 (£346k) to cover the cost of repairing a key undersea fibre cable that runs between the UK and Ireland.",https://www.ispreview.co.uk/index.php/2025/09/owners-of-fishing-trawler-ordered-to-pay-virgin-media-346k-over-cable-break.html,19th Sep 2025
https://www.ispreview.co.uk/,New UK Broadband ISP NuFibre Adopts WiFi 6 Home Routers from Genexis,"New internet provider NuFibre , which was recently established by the existing owners of Yayzi Broadband ( here ), have signed an agreement to adopt broadband routers and mesh WiFi extenders from European network kit manufacturer Genexis. The ISP will thus become the first such UK provider to deploy the Genexis Elite HX30 residential gateway (router) and Home CX30 WiFi extender.",https://www.ispreview.co.uk/index.php/2025/09/new-uk-broadband-isp-nufibre-adopts-wifi-6-home-routers-from-genexis.html,19th Sep 2025
https://www.ispreview.co.uk/,Hollow Core Fibre Cables Step Closer to Commercialisation in the UK,"Fibre optic network technology provider Relativity Networks has entered into a strategic partnership with UK-based Network Planning Solutions (NPS), an international provider of fibre installation and support services, in order to support commercial deployments of Hollow-Core Fibre (HCF) cables and infrastructure.",https://www.ispreview.co.uk/index.php/2025/09/hollow-core-fibre-cables-step-closer-to-commercialisation-in-the-uk.html,19th Sep 2025
https://www.ispreview.co.uk/,Altnet Broadband ISP Grain Expands UK Full Fibre Network in Grimsby,"Carlisle-based alternative broadband operator Grain , which in July 2025 secured a major £225m funding boost ( here ), has announced that they’re expanding the coverage of their gigabit-capable Fibre-to-the-Premises (FTTP) network deeper into one of their original deployment towns – Grimsby in Lincolnshire.",https://www.ispreview.co.uk/index.php/2025/09/altnet-broadband-isp-grain-expands-uk-full-fibre-network-in-grimsby.html,19th Sep 2025
https://www.ispreview.co.uk/,CWP Develops Own Broadband Switching Solution for UK Business ISPs,"The Common Wholesale Platform (CWP), which is a non-profit member-owned organisation that helps alternative broadband networks to connect with the retail ISP market, has said that it plans to preview its new Business Switching solution for ISPs and UK businesses at next week’s Connected Britain 2025 event.",https://www.ispreview.co.uk/index.php/2025/09/cwp-develops-own-broadband-switching-solution-for-uk-business-isps.html,18th Sep 2025
https://www.ispreview.co.uk/,"Virgin Media UK and Nexfibre Bring Full Fibre to 12,000 Homes in Sleaford","Network operator nexfibre and supporting broadband ISP partner Virgin Media ( O2 ), which share some of the same parentage, have today announced that they’ve expanded the reach of their symmetric 2Gbps speed Fibre-to-the-Premises (FTTP) network to more than 12,000 homes in the Lincolnshire market town of Sleaford “for the first time“.",https://www.ispreview.co.uk/index.php/2025/09/virgin-media-uk-and-nexfibre-bring-full-fibre-to-12000-homes-in-sleaford.html,18th Sep 2025
https://www.ispreview.co.uk/,PlatformX Communications to Make 300 More UK Staff Redundant,"Network operator PlatformX Communications (PXC), which is a trading name of TalkTalk that sells wholesale solutions to broadband ISPs and other network providers, yesterday notified hundreds of staff that they could be made redundant by around the end of this year. Some support teams will also be moving offshore from the UK.",https://www.ispreview.co.uk/index.php/2025/09/platformx-communications-to-make-300-more-uk-staff-redundant.html,18th Sep 2025
https://www.ispreview.co.uk/,Broadband Altnet Fibrus Publish Audited UK Accounts and Pre-Tax Loss of £57.6m,"Infracapital-backed ISP Fibrus , which has been rolling out a full fibre broadband network across N.Ireland and Cumbria (England), has published their audited accounts for the year to March 2025. The results reveal that their network now covers 440k premises (up from 410k on 2nd May 2025) and EBITDA improved by £13m year-on-year, but they also made a pre-tax loss of £57.6m.",https://www.ispreview.co.uk/index.php/2025/09/broadband-altnet-fibrus-publish-audited-uk-accounts-and-pre-tax-loss-of-57-6m.html,18th Sep 2025
https://www.ispreview.co.uk/,TBB Launch Postcode Broadband Availability Notifications by Subscription,Independent broadband mapping experts Thinkbroadband have today launched a useful new tool that allows you to subscribe to receive notifications about any changes to local fixed broadband availability within a postcode area. Users of the service can track up to 5 postcodes and it will send an email when changes occur.,https://www.ispreview.co.uk/index.php/2025/09/tbb-launch-postcode-broadband-availability-notifications-by-subscription.html,18th Sep 2025
https://www.ispreview.co.uk/,UK ISP TalkTalk Business Replaces Legacy Systems and Appoints New Ops Director,"Business Ethernet and broadband ISP TalkTalk Business (TTB), which was demerged from the TalkTalk Group in 2023 and thus hasn’t mirrored the new branding from their consumer division, has today announced that they’ve restructured their operations function and appointed Dean Giblin to be their Director of Operations to “enhance client-centricity“.",https://www.ispreview.co.uk/index.php/2025/09/uk-isp-talktalk-business-replaces-legacy-systems-and-appoints-new-ops-director.html,18th Sep 2025
https://www.ispreview.co.uk/,A Look at Amazon’s Project Kuiper Satellite Broadband Terminals and Speeds,Internet retail giant Amazon recently turned up at the UK’s DSEI 2025 Defence Exhibition & Trade Show in London to showcase their Project Kuiper network of ultrafast broadband satellites in Low Earth Orbit (LEO). The good news is that some of ISPreview’s readers were there and managed to collect a few new details on service speeds and network terminals.,https://www.ispreview.co.uk/index.php/2025/09/a-look-at-amazons-project-kuiper-satellite-broadband-terminals-and-speeds.html,18th Sep 2025
https://www.ispreview.co.uk/,GoFibre to Grow UK Broadband Engineering Fleet by 140 Vehicles,"Edinburgh-based UK alternative network GoFibre , which is rolling out a gigabit broadband ( FTTP ) network across remote rural parts of Scotland and Northern England, has today signed a new deal with JCT600 Vehicle Leasing Solutions (VLS) to deliver a 140-vehicle fleet in order to support their network deployments.",https://www.ispreview.co.uk/index.php/2025/09/gofibre-to-grow-uk-broadband-engineering-fleet-by-140-vehicles.html,17th Sep 2025
https://www.ispreview.co.uk/,Openreach Launch New Telecare Phone Migration Services Across UK,Network operator Openreach ( BT ) has today announced the official launch of their new telecare migration services across the UK. The service is designed to help UK consumers with old analogue based phone (PSTN / WLR) and medical telecare systems to safely migrate to modern broadband-based ( FTTP etc.) connections with digital phone ( IP -based) services.,https://www.ispreview.co.uk/index.php/2025/09/openreach-launch-new-telecare-phone-migration-services-across-uk.html,17th Sep 2025
https://www.ispreview.co.uk/,Ofcom UK Open Second Investigation into IX Wireless’ Broadband Poles,"The UK telecoms regulator, Ofcom , has today opened a second investigation into wireless broadband operator IX Wireless (supported by ISP 6Gi / Opus Broadband). The probe will examine whether the provider failed in its duty to ensure that its overhead lines were at the correct height and that they complied with rules around the inspection and maintenance of infrastructure.",https://www.ispreview.co.uk/index.php/2025/09/ofcom-uk-open-second-investigation-into-ix-wireless-broadband-poles.html,17th Sep 2025
https://www.ispreview.co.uk/,Virgin Media UK Create Fixed Wholesale Broadband Unit for Consumer and Business,"Broadband network operator and retail ISP Virgin Media ( O2 ) has this morning announced the creation of a single dedicated Fixed Wholesale unit, which will bring together their consumer and business facing wholesale teams under one roof. This will allow rival ISPs to access their Fibre-to-the-Premises (FTTP / XGS-PON) network – currently available to 7 million premises.",https://www.ispreview.co.uk/index.php/2025/09/virgin-media-o2-uk-create-dedicate-fixed-wholesale-unit-for-consumer-and-business.html,17th Sep 2025
https://www.ispreview.co.uk/,Rural UK ISP Gigaclear Adopts AI to Improve Customer Broadband Installs,"Abingdon-based broadband ISP Gigaclear , which has built their full fibre (FTTP) network to cover 600,000 premises (mostly in remote rural parts of England) and is home to 150,000 customers, has today announced that they’ve adopted Vyntelligence’s AI video technology – the first UK retail fibre provider to do so – to improve customer installation journeys by reducing unnecessary work.",https://www.ispreview.co.uk/index.php/2025/09/rural-uk-isp-gigaclear-adopts-ai-to-improve-customer-broadband-installs.html,17th Sep 2025
https://www.ispreview.co.uk/,Openreach Sees UK Full Fibre Broadband Traffic Grow 35 Percent in H1 2025,"Network access provider Openreach ( BT ) has today revealed that broadband data traffic across their UK full fibre (FTTP) network alone increased by more than 35% between Jan and June 2025, compared to the same period in 2024. The busiest day so far was on 21st Feb, when a large Fortnite (video game) patch saw users gobble a total of 372PB (PetaBytes).",https://www.ispreview.co.uk/index.php/2025/09/openreach-sees-uk-full-fibre-broadband-traffic-grow-35-percent-in-h1-2025.html,17th Sep 2025
https://www.ispreview.co.uk/,Transport for Wales Trials Satellite Broadband for Bus WiFi Services,"Transport for Wales (TfW), which is a not-for-profit organisation owned by the Welsh Government , has begun trials of a new satellite internet solution to connect the unique demand-responsive transport (DRT) based fflecsi bus services in the rural area of Machynlleth (Powys). Users of the service can now benefit from onboard WiFi .",https://www.ispreview.co.uk/index.php/2025/09/transport-for-wales-trials-satellite-broadband-for-bus-wifi-services.html,16th Sep 2025
https://www.ispreview.co.uk/,Wireless ISP WiFi Scotland Brings Full Fibre Broadband to Rural Moray,Some 43 homes and businesses around remote rural parts of Moray in the Scottish Highlands have gained access to gigabit broadband speeds thanks to a new deployment by local ISP WiFi Scotland . The provider was able to harness public funding via the R100 Voucher Scheme (SBVS) to connect premises around the Craigellachie and Ben Aigan areas.,https://www.ispreview.co.uk/index.php/2025/09/wireless-isp-wifi-scotland-brings-full-fibre-broadband-to-rural-moray.html,16th Sep 2025
https://www.ispreview.co.uk/,Sky UK Informs Workers that up to 600 Staff Face the Chop,"Sky UK ( Sky Broadband , Sky TV, Sky Mobile – Comcast etc.) has today begun notifying their workforce that up to 600 of them are likely to be made redundant by the end of this year, while around 300 more may be impacted by a wider business reorganisation. Many of those expected to be cut appear to come from Sky’s tech and networking teams.",https://www.ispreview.co.uk/index.php/2025/09/sky-uk-informs-workers-that-up-to-600-staff-face-the-chop.html,16th Sep 2025
https://www.ispreview.co.uk/,"New Full Fibre Broadband Network Goes Live at Margam Park, Neath Port Talbot","The Swansea Bay City Deal’s Digital Infrastructure Programme has announced the completion of a £150,000 project to deploy a new full fibre broadband network across Margam Park (Neath Port Talbot) in South Wales, which will also reach homes in the surrounding area.",https://www.ispreview.co.uk/index.php/2025/09/new-full-fibre-broadband-network-goes-live-at-margam-park-neath-port-talbot.html,16th Sep 2025
https://www.ispreview.co.uk/,Ofcom UK Propose to Speed Up NGSO Licensing for LEO Broadband Satellites,"The UK broadband, media and communications regulator, Ofcom , has today opened a new consultation that proposes to improve the existing license process for non-geostationary satellite orbit (NGSO) systems, such as those like Starlink , OneWeb and others that offer broadband from satellites in a Low or Medium Earth Orbit (LEO and MEO).",https://www.ispreview.co.uk/index.php/2025/09/ofcom-uk-propose-to-speed-up-ngso-licensing-for-leo-broadband-satellites.html,16th Sep 2025
https://www.ispreview.co.uk/,Freedom Fibre Expand UK Wholesale Broadband Partnership with PXC,"Alternative network operator Freedom Fibre , which has so far grown their FTTP (XGS-PON) based gigabit broadband network to cover 350,000 premises across various parts of England and North Wales, has this morning announced the expansion of its established partnership with PlatformX Communications (formerly TalkTalk Wholesale).",https://www.ispreview.co.uk/index.php/2025/09/freedom-fibre-expand-uk-wholesale-broadband-partnership-with-pxc.html,16th Sep 2025
https://www.ispreview.co.uk/,Beware Email Scams Seeking Feedback on the UK’s Emergency Alerts Test,"The recent nationwide mobile test of the UK’s new Emergency Alerts service has, perhaps inevitably, been followed by a new wave of email phishing scams and spams over the past week. This attempts to impersonate the government by claiming to seek feedback from recipients on whether or not they received the alert.",https://www.ispreview.co.uk/index.php/2025/09/beware-email-scams-seeking-feedback-on-the-uks-emergency-alerts-test.html,16th Sep 2025
https://www.ispreview.co.uk/,O2 UK Expands Mobile 5G Standalone Network to 500 Towns and Cities,"Mobile operator O2 ( Virgin Media ) has announced that they now have the “country’s largest 5G Standalone deployment” after extending the coverage of their new ultrafast mobile broadband network to parts of 500 towns and cities, reaching more than 70% of the UK’s population (c.49 million people). Crucially this is provided to consumers “at no extra cost“.",https://www.ispreview.co.uk/index.php/2025/09/o2-uk-expands-mobile-5g-standalone-network-to-500-towns-and-cities.html,16th Sep 2025
https://www.ispreview.co.uk/,SignalTracker Compares Performance of UK Mobile Operators to Virtual Siblings,"A new study from SignalTracker , which runs a popular Android mobile app (not iOS) for monitoring and examining mobile network performance, has revealed the results of a study into the speed differences between the UK’s primary mobile operators (MNO) and their virtual operator (MVNO) siblings. Unsurprisingly, EE , Vodafone , Three UK and O2 outperformed mvnos.",https://www.ispreview.co.uk/index.php/2025/09/signaltracker-compares-performance-of-uk-mobile-operators-to-virtual-siblings.html,16th Sep 2025
https://www.ispreview.co.uk/,Broadband ISP LitFibre Launch New UK Business Packages up to 2.4Gbps UPDATE,"Internet provider Lit Fibre , which harnesses CityFibre ’s national UK full fibre ( FTTP ) network (covering c.4.5 million premises), has this afternoon announced the launch of three new line-only broadband packages for business customers – offering symmetric speeds from 500Mbps and up to 2.4Gbps, with contract options of 36, 24 and 12 months available.",https://www.ispreview.co.uk/index.php/2025/09/broadband-isp-litfibre-launch-new-uk-business-packages-up-to-2-4gbps.html,15th Sep 2025
https://www.ispreview.co.uk/,Mobile Operator GiffGaff Launch UK Full Fibre Broadband Packages UPDATE2,"Mobile network provider giffgaff , which is owned by Telefónica and uses O2’s associated virtual operator (MVNO) platform, has today officially taken their home broadband products – powered by nexfibre and Virgin Media ’s full fibre networks – out of trial and made them available as commercial products for consumers to order.",https://www.ispreview.co.uk/index.php/2025/09/mobile-operator-giffgaff-launch-uk-full-fibre-broadband-packages.html,15th Sep 2025
https://www.ispreview.co.uk/,TalkTalk Survey Claims Wi-Fi is Most Popular UK Name for Broadband UPDATE,"A new online survey of 2,000 UK adults, which was commissioned by Axicom on behalf of broadband ISP TalkTalk and conducted by OnePoll, claims to have found that “Wi-Fi” is the “most popular name” for home internet connections. One third of those asked said they use Wi-Fi to describe their internet connection, pipping “broadband” and “internet” to the post.",https://www.ispreview.co.uk/index.php/2025/09/talktalk-survey-claims-wi-fi-is-most-popular-uk-name-for-home-broadband.html,15th Sep 2025
https://www.ispreview.co.uk/,Ookla Launch Scheme to Help People Verify if Places Offer Good Broadband,"Network testing firm Ookla , which collects data from consumers via their popular broadband Speedtest.net service, has today launched a new Speedtest Certified™ scheme. The program seems to be designed to help people verify whether properties like hotels, stadiums, event venues, office buildings, and airports are able to deliver “superior connectivity“.",https://www.ispreview.co.uk/index.php/2025/09/ookla-launch-scheme-to-help-people-verify-if-places-offer-good-broadband.html,15th Sep 2025
https://www.ispreview.co.uk/,Mobile Operator Talkmobile UK Finally Introduce eSIM Support,"Mobile operator Talkmobile , which is a Mobile Virtual Network Operator (MVNO) on parent Vodafone ’s (VodafoneThree) national UK 4G and 5G network, has finally begun to offer eSIM (Electronic SIM) support to new customers who join by taking one of their SIM Only plans.",https://www.ispreview.co.uk/index.php/2025/09/mobile-operator-talkmobile-uk-finally-introduce-esim-support.html,15th Sep 2025
https://www.ispreview.co.uk/,Bharti Bosses Join BT Group’s UK Board as Non-Executive Directors,"Telecoms and broadband giant BT Group has this morning announced that Bharti Mittal, the Founder and Chairman of Bharti Enterprises, and Gopal Vittal, Vice Chairman and Managing Director of Bharti Airtel Limited, will both join the company’s Board as non-independent non-executive directors.",https://www.ispreview.co.uk/index.php/2025/09/bharti-bosses-join-bt-groups-uk-board-as-non-executive-directors.html,15th Sep 2025
https://www.ispreview.co.uk/,Starlink Suffers Another Global Broadband Outage of Satellite Network,"SpaceX’s popular Starlink service, which offers ultrafast low-latency broadband speed across the world via a mega constellation of compact satellites in Low Earth Orbit (LEO), suffered another global outage this morning that started at around 5am. But services now appear to be returning to normal for many, but not all, users.",https://www.ispreview.co.uk/index.php/2025/09/starlink-suffers-another-global-broadband-outage-of-satellite-network.html,15th Sep 2025
https://www.ispreview.co.uk/,Rural Wales Village of Rhydlewis Raises £1.4m to Complete FTTP Broadband Build,"Residents covered by the Rhydlewis Exchange in Ceredigion (Wales), which serves 1,058 premises across 127 postcodes, may be pleased to learn that their stop-start deployment of a new Openreach based Fibre-to-the-Premises ( FTTP ) broadband ISP network can now finally complete after they worked together to raise £1.4m in pledges.",https://www.ispreview.co.uk/index.php/2025/09/rural-wales-village-of-rhydlewis-raises-1-4m-to-complete-fttp-broadband-build.html,13th Sep 2025
https://www.ispreview.co.uk/,Newcastle to Deploy Free City-Wide Public WiFi Wireless Network,"The Newcastle City Council has announced the launch of a pilot scheme with digital connectivity provider Purple, which will see an “extensive city-wide Wi-Fi” network being rolled out for residents, students and visitors to help them connect to the internet. The service is expected to be free to access.",https://www.ispreview.co.uk/index.php/2025/09/newcastle-to-deploy-free-city-wide-public-wifi-wireless-network.html,13th Sep 2025
https://www.ispreview.co.uk/,BBC Expands Low Latency Video Streaming Trial on iPlayer Service,The BBC ’s Research & Development division has extended the testing period and increased the number of devices able to take part in their beta trial of “low latency streaming” on their iPlayer service. This aims to reduce the delay on live TV shows/events that exists between terrestrial broadcasts and streamed content.,https://www.ispreview.co.uk/index.php/2025/09/bbc-expands-low-latency-video-streaming-trial-on-iplayer-service.html,12th Sep 2025
https://www.ispreview.co.uk/,First UK Project Gigabit Broadband Contract Completes in North Northumberland,"The UK Government have this morning confirmed that GoFibre has become the first network operator to complete one of their subsidised roll-out contracts under the £5bn Project Gigabit broadband rollout scheme. The announcement relates to GoFibre ‘s £7.3m (state aid) contract to deploy a full fibre (FTTP) network across 3,750 hard-to-reach premises in North Northumberland.",https://www.ispreview.co.uk/index.php/2025/09/first-uk-project-gigabit-broadband-contract-completes-in-north-northumberland.html,12th Sep 2025
https://www.ispreview.co.uk/,Ofcom Celebrate as 1.6 Million UK People Switch Broadband or Phone via OTS UPDATE,"The UK communications and media regulator, Ofcom , has this morning hailed the fact that 1.62 million consumers have now switched landline (phone) or broadband provider using their new One Touch Switch (OTS) process since it launched for the first time exactly one year ago.",https://www.ispreview.co.uk/index.php/2025/09/ofcom-celebrate-as-1-6-million-uk-people-switch-broadband-or-phone-via-ots.html,12th Sep 2025
https://www.ispreview.co.uk/,Vodafone Launch UEFA Champions League Travel eSIM for Football Fans,"Mobile and broadband telecoms giant Vodafone Group has announced the launch of a new Champions Travel eSIM, which forms part of the operator’s major new multi-year partnership with UEFA and UC31 to support the development of women’s and men’s European football.",https://www.ispreview.co.uk/index.php/2025/09/vodafone-to-launch-uefa-champions-league-travel-esim-for-football-fans.html,12th Sep 2025
https://www.ispreview.co.uk/,Openreach to Cut Price of FTTP Broadband Rental on UK Proactive Upgrades,"Network operator Openreach ( BT ) appears to be giving UK migrations from legacy fixed lines to modern Fibre-to-the-Premises (FTTP) based broadband services a boost by offering UK ISPs and their customers a special discount on rental prices, albeit only when upgrades occur via their Proactive Upgrades process.",https://www.ispreview.co.uk/index.php/2025/09/openreach-to-cut-price-of-fttp-broadband-rental-on-uk-proactive-upgrades.html,12th Sep 2025
https://www.ispreview.co.uk/,Giffgaff Expand UK Full Fibre Broadband Trial with Extra Speed Options,"Mobile network provider giffgaff , which is owned by Telefónica and uses O2 ’s associated virtual operator (MVNO) platform, has provided customers of their new home broadband trial – based on nexfibre and Virgin Media ’s 10Gbps capable full fibre ( FTTP / XGS-PON) network – with additional speed options other than 500Mbps.",https://www.ispreview.co.uk/index.php/2025/09/giffgaff-expand-uk-full-fibre-broadband-trial-with-extra-speed-options.html,12th Sep 2025
https://www.ispreview.co.uk/,Sky Mobile UK Offers Discounted £1 Pay Monthly 5G SIM Only Plan,"New customers looking to join mobile operator Sky Mobile ( Sky Broadband ), which is a virtual provider (mvno) on O2 ’s national 4G and 5G network, may like to know that they’ve launched a bunch of new discounts on their SIM Only plans. For example, you can now get 1GB of data, including unlimited calls and texts, for just £1 per month (down from £3).",https://www.ispreview.co.uk/index.php/2025/09/sky-mobile-uk-offers-discounted-1-pay-monthly-5g-sim-only-plan.html,12th Sep 2025
https://www.ispreview.co.uk/,Broadband ISP TalkTalk Follows Brand Refresh with FTTP Price Cut and TV Campaign,"UK ISP TalkTalk has followed last week’s launch of their refreshed branding ( here ) by kicking off a nationwide marketing and TV campaign. The campaign will run across social media, video-on-demand, outdoor, and audio channels, and features the provider’s new tag line: “Now you’re TalkTalkin“. They’ve also cut the price of their 150Mbps full fibre package.",https://www.ispreview.co.uk/index.php/2025/09/broadband-isp-talktalk-follows-brand-refresh-with-fttp-price-cut-and-tv-campaign.html,11th Sep 2025
https://www.ispreview.co.uk/,ISP Zen Internet Acquire Fibrehop’s UK Consumer Broadband Base,"Rochdale-based UK broadband ISP Zen Internet has today revealed that they’ve acquired the consumer customer base of Fibrehop . The development came to light as part of Richard Tang’s (Zen’s CEO) latest interview with the boss of business connectivity provider Triangle Networks , Paul Anslow – the now former owner of Fibrehop.",https://www.ispreview.co.uk/index.php/2025/09/isp-zen-internet-acquire-fibrehops-uk-consumer-broadband-base.html,11th Sep 2025
https://www.ispreview.co.uk/,Ofcom Publishes 2025 UK Report on Openreach’s Independence,"The UK telecoms regulator, Ofcom , has today published their annual 2025 monitoring report into Openreach ’s independence from BT , which found only a “low number of breaches of compliance” and noted that, overall, “compliance appears to be well-established and well-embedded“.",https://www.ispreview.co.uk/index.php/2025/09/ofcom-publishes-2025-uk-report-on-openreachs-independence.html,11th Sep 2025
https://www.ispreview.co.uk/,Wi-Fi Alliance Launch New Certification for Smart Home and IoT Devices,"The Wi-Fi Alliance has launched a new “Wi-Fi for Matter” certification for Smart Home and IoT (Internet of Things) products, which is intended to help consumers and manufacturers identify when a particular device supports a key set of features – delivering a stronger level of confidence in their capabilities.",https://www.ispreview.co.uk/index.php/2025/09/wi-fi-alliance-launch-new-certification-for-smart-home-and-iot-devices.html,11th Sep 2025
https://www.ispreview.co.uk/,UK ISP Zen Internet Boost Core Network with 400Gbps Neos Networks Link,"Connectivity provider Neos Networks , which runs one of the biggest 34,000km long and 400Gbps capable business fibre networks in the UK – spanning 550 exchanges, 90+ data centres and 600+ Points of Presence (PoPs), has boosted their partnership with broadband ISP Zen Internet by providing a 400Gbps upgrade between Manchester and London.",https://www.ispreview.co.uk/index.php/2025/09/uk-isp-zen-internet-boost-core-network-with-400gbps-neos-networks-link.html,11th Sep 2025
https://www.ispreview.co.uk/,Which? Reveals Best and Worst UK Areas for Mobile Signal via New MAP,"Consumer magazine Which? has today teamed up with crowdsourced network benchmarking firm Opensignal to produce a new UK map of mobile network quality. The map uses real-world data to create a percentage score for how consistent the signal is in each postcode area in the year to August 2025 – split by EE , O2, Three UK and Vodafone .",https://www.ispreview.co.uk/index.php/2025/09/which-reveals-best-and-worst-uk-areas-for-mobile-signal-via-new-map.html,11th Sep 2025
https://www.ispreview.co.uk/,Altnet Broadband ISP Lightning Fibre Expand FTTP Cover on CityFibre’s Network,"Eastbourne-based alternative broadband network and UK ISP Lightning Fibre , which is building a new gigabit speed full fibre ( FTTP ) service across parts of Sussex and Kent in England, has today announced that they’ve also expanded their existing wholesale partnership with CityFibre to help them reach “thousands of new premises” in towns across the South Coast of England.",https://www.ispreview.co.uk/index.php/2025/09/altnet-broadband-isp-lightning-fibre-expand-fttp-cover-on-cityfibres-network.html,10th Sep 2025
https://www.ispreview.co.uk/,Rural UK Broadband ISP Airband Launch 1Gbps Wireless Package,"Rural internet provider Airband , which has deployed a full fibre (FTTP) and fixed wireless (FWA) broadband network to cover various parts of Wales and South West England, has today announced that they’ve launched a 1Gbps speed package for those homes and businesses covered by their latest wireless networking technology.",https://www.ispreview.co.uk/index.php/2025/09/rural-uk-broadband-isp-airband-launch-1gbps-wireless-package.html,10th Sep 2025
https://www.ispreview.co.uk/,Openreach Gives Rival Networks Access to Improved Underground PIA Process,Openreach has announced that rivals looking to run new fibre optic broadband lines via their existing UK cable ducts and poles (i.e. Physical Infrastructure Access) will shortly be able to benefit from a new Underground (UG) process. This is aimed at managing retrospective UG self provide (SPO) Network Adjustment (NA) orders.,https://www.ispreview.co.uk/index.php/2025/09/openreach-gives-rival-networks-access-to-improved-underground-pia-process.html,10th Sep 2025
https://www.ispreview.co.uk/,"Virgin Media O2 UK Celebrates Hiring 1,000th Apprentice","Broadband and mobile provider Virgin Media and O2 (VMO2) have this afternoon announced that they’ve hired their 1,000th apprentice. The move follows the August 2025 launch of their new £1 million Apprenticeship Talent Fund, which is creating funded opportunities for smaller organisations to train apprentices and build a future workforce.",https://www.ispreview.co.uk/index.php/2025/09/virgin-media-o2-uk-celebrates-hiring-1000th-apprentice.html,10th Sep 2025
https://www.ispreview.co.uk/,Jersey Competition Regulator Softens Rules on Mobile Spectrum for 5G,The Jersey Competition Regulatory Authority (JCRA) has followed Ofcom ’s changes in the UK by making radio spectrum licences for mobile networks on the English Channel Island of Jersey more technology neutral. The move should make it easier for local mobile operators to harness existing allocated spectrum to support the latest 5G (mobile broadband) services.,https://www.ispreview.co.uk/index.php/2025/09/jersey-competition-regulator-softens-rules-on-mobile-spectrum-for-5g.html,10th Sep 2025
https://www.ispreview.co.uk/,"Virgin Media UK Expand FTTP Broadband to 13,000 Homes in Worcester","Network operator nexfibre and supporting broadband ISP partner Virgin Media (O2), which share some of the same parentage, have today announced that they’ve expanded the reach of their symmetric 2Gbps speed capable Fibre-to-the-Premises (FTTP) network to more than 13,000 homes in the Cathedral City of Worcester (Worcestershire, England).",https://www.ispreview.co.uk/index.php/2025/09/virgin-media-uk-expand-fttp-broadband-to-13000-homes-in-worcester.html,10th Sep 2025
https://www.ispreview.co.uk/,"Quickline Extend East Yorkshire FTTP Broadband Cover by 8,500 Premises","Rural UK ISP Quickline , which is busy rolling out their new gigabit-capable Fibre-to-the-Premises (FTTP) broadband network across rural parts of Yorkshire and Lincolnshire in England ( 3-Year Rollout Plan ), has revealed that their deployment in East Yorkshire has now covered around 8,500 premises in East Riding.",https://www.ispreview.co.uk/index.php/2025/09/quickline-extend-east-yorkshire-fttp-broadband-cover-by-8500-premises.html,10th Sep 2025
https://www.ispreview.co.uk/,Openreach to Start Exiting Next 12 UK Exchanges in Q3 2025-26,"Network access provider Openreach ( BT ) has revealed to broadband ISPs that they will begin the next phase of their UK exchange closure programme in Q3 2025/26 (i.e. roughly this time next year), which will impact a further 12 exchanges. This follows their initial closure pilot with 3 exchanges (Deddington, Ballyclare and Kenton Road), which has nearly completed .",https://www.ispreview.co.uk/index.php/2025/09/openreach-to-start-exiting-next-12-uk-exchanges-in-q3-2025-26.html,9th Sep 2025
https://www.ispreview.co.uk/,Ofcom to Authorise Satellite Networks to Deliver UK 4G and 5G Mobile,"The telecoms regulator, Ofcom, has today confirmed that they will “move ahead with plans” to make the UK the “first country in Europe” to authorise Direct to Device (D2D) satellite services for use in regular mobile bands via “standard smartphones“. The change could be used to help mobile operators improve their 4G and 5G coverage and roaming features.",https://www.ispreview.co.uk/index.php/2025/09/ofcom-to-authorise-satellite-networks-to-deliver-uk-4g-and-5g-mobile.html,9th Sep 2025
https://www.ispreview.co.uk/,UK ISP Zen Internet Appoints New MD of its Business Division,"Rochdale-based UK broadband ISP Zen Internet has announced that they’ve appointed Jon Nowell to be the new Managing Director (MD) of their business division. Jon will be responsible for overseeing the related sales, engineering, architecture and business development functions.",https://www.ispreview.co.uk/index.php/2025/09/uk-isp-zen-internet-appoints-new-md-of-its-business-division.html,9th Sep 2025
https://www.ispreview.co.uk/,"Altnet ISP Community Fibre Tops 400,000 UK Broadband Customers","CommunityFibre , which has deployed a 5Gbps speed Fibre-to-the-Premises ( FTTP ) based broadband network to cover 1.342 million homes (inc. 185k businesses within 200 metres of their network) – mostly in London, has this morning announced that they’ve connected more than 400,000 properties (customers) to the service (up from 336k at the end of 2024).",https://www.ispreview.co.uk/index.php/2025/09/altnet-isp-community-fibre-tops-400000-uk-broadband-customers.html,9th Sep 2025
https://www.ispreview.co.uk/,Northumberland Council Get £2m Boost for Gigabit Broadband Vouchers,The Northumberland County Council (NCC) in England has confirmed that it will be able to commit an additional £2m (£0.556m in 2025-26 and £1.444m in 2026-27) to support broadband top-up vouchers (total budget of £3.5m). The aim is to help people in remote rural areas to get a gigabit speed internet connection installed. But there’s a catch.,https://www.ispreview.co.uk/index.php/2025/09/northumberland-council-get-2m-boost-for-gigabit-broadband-vouchers.html,9th Sep 2025
https://www.ispreview.co.uk/,EE Expand 5G Standalone Mobile to 17 New UK Areas and Deploys ARC Technology,"Broadband ISP and mobile operator EE ( BT ) has today announced that their latest 5G Standalone (5GSA) mobile network will be going live in a further 17 new towns and cities by the end of 2025. On top of that, customers have been told to expect a “significant boost” to 5G connectivity as they become the “first operator in the world” to deploy Advanced RAN Coordination (ARC) tech.",https://www.ispreview.co.uk/index.php/2025/09/ee-expand-5g-standalone-mobile-to-17-new-uk-areas-and-deploys-arc-technology.html,9th Sep 2025
https://www.ispreview.co.uk/,Openreach Offers 1Gbps Ethernet Discounts in the Central London Area,Network access provider Openreach ( BT ) has notified UK ISPs about the launch of a rental discount offer on their 1Gbps Ethernet Access Direct (EAD) product for Local Access and Standard Access for new service provisions within the Central London Area (CLA).,https://www.ispreview.co.uk/index.php/2025/09/openreach-offers-1gbps-ethernet-discounts-in-the-central-london-area.html,8th Sep 2025
https://www.ispreview.co.uk/,ISP Gamma and O2 Daisy Sign Long-Term UK Strategic Commitment,"Business ISP Gamma Communications has today announced that they’ve signed a 6-year commitment with B2B telecoms company O2 Daisy , which extends an existing agreement and has been expanded to reflect the recent merger between VMO2 Business ( Virgin Media and O2 ) and Daisy Group. A 7-year wholesale revenue agreement is also involved.",https://www.ispreview.co.uk/index.php/2025/09/isp-gamma-and-o2-daisy-sign-long-term-uk-strategic-commitment.html,8th Sep 2025
https://www.ispreview.co.uk/,Altnet UK Broadband ISP Trooli Reduces Some of its Package Prices,"Alternative network operator and ISP Trooli , which has deployed their full fibre broadband ( FTTP ) network across 423,000 premises RFS (2nd Jun 2025) in various parts of England and some of Scotland, appears to have recently refreshed their standard package pricing – resulting in cheaper services on several of their key tiers.",https://www.ispreview.co.uk/index.php/2025/09/altnet-uk-broadband-isp-trooli-reduces-some-of-its-package-prices.html,8th Sep 2025
https://www.ispreview.co.uk/,"After Rejections, Preston City Council Approve BT’s Gigabit WiFi Street Hub","The Preston City Council in Lancashire has approved BT’s proposed deployment of a new WiFi Street Hub on Church Street. The move comes shortly after the same local authority rejected a similar proposal to deploy the smart kiosks on both Friargate North and New Hall Lane ( here ), where they were deemed to be at risk of “increasing street clutter”.",https://www.ispreview.co.uk/index.php/2025/09/after-rejections-preston-city-council-approve-bts-gigabit-wifi-street-hub.html,8th Sep 2025
https://www.ispreview.co.uk/,"CEO of Telefonica Leaning Toward Buying UK Broadband Assets, Virgin Media etc.","The CEO of Spanish telecoms giant Telefónica, Marc Murtra, has told Reuters that the outcome of their Strategic Review will see the group buying up telecom assets in Europe, which could potentially include gobbling Liberty Global’s stakes in UK broadband and mobile giants nexfibre , Virgin Media and O2 (VMO2).",https://www.ispreview.co.uk/index.php/2025/09/ceo-of-telefonica-leaning-toward-buying-uk-broadband-assets-virgin-media-etc.html,8th Sep 2025
https://www.ispreview.co.uk/,Problems Remain as UK Broadband ISPs Mark First Year of One Touch Switching,"Ofcom and the rest of the industry will later this week mark the first anniversary of One Touch Switching , which reflects the new system of easier and quicker UK consumer migration between home broadband and phone providers on different networks. But despite OTS making life easier for most people, some problems persist.",https://www.ispreview.co.uk/index.php/2025/09/problems-remain-as-uk-broadband-isps-mark-first-year-of-one-touch-switching.html,8th Sep 2025
https://www.ispreview.co.uk/,Gov Change DSIT Secretary and Leaves UK Telecoms Minister Role Vacant,"The UK government currently seems to be going through an extended cabinet reshuffle, which yesterday saw the Secretary of State at the Department for Science, Innovation and Technology (DSIT), Peter Kyle MP, being moved to the role of Secretary of State for Business and replaced by Liz Kendall MP . But the UK Telecoms Minister, Chris Bryant MP, has also gone and is currently without a replacement.",https://www.ispreview.co.uk/index.php/2025/09/gov-change-dsit-secretary-and-leaves-uk-telecoms-minister-role-vacant.html,7th Sep 2025
https://www.ispreview.co.uk/,Streetwave Test Mobile Data Performance on London to Sheffield Train,"Network analyst firm Streetwave has today shared the results from a recent survey they conducted, which tested the mobile broadband coverage and performance of 4G and 5G networks – including EE , Three UK , Vodafone and O2 – while travelling along the Midland Main Line (MML) from London to Sheffield in Yorkshire via the East Midlands.",https://www.ispreview.co.uk/index.php/2025/09/streetwave-test-mobile-data-performance-on-london-to-sheffield-train.html,7th Sep 2025
https://www.ispreview.co.uk/,Freeola Launch New UK Broadband Services via Trooli’s Network,"Internet and web hosting provider Freeola has complemented their existing range of Openreach , CityFibre and Freedom Fibre based home broadband (FTTP) packages by launching a new range of complementary packages via Trooli ’s alternative network (onboard via Zen’s Fibre Hub ).",https://www.ispreview.co.uk/index.php/2025/09/freeola-launch-new-uk-broadband-services-via-troolis-network.html,6th Sep 2025
https://www.ispreview.co.uk/,Reminder – Tomorrow is a Nationwide Mobile Test of UK Emergency Alerts,"Just a reminder that the UK government will conduct another major nationwide test of the Emergency Alerts service at 3pm tomorrow (Sunday 7th September 2025), which will be sent out via mobile networks to supporting handsets. This is otherwise normally only intended to be used if there’s a “danger to life nearby” (severe flooding, fires and extreme weather etc.).",https://www.ispreview.co.uk/index.php/2025/09/reminder-tomorrow-is-a-nationwide-mobile-test-of-uk-emergency-alerts.html,6th Sep 2025
https://www.ispreview.co.uk/,Ship’s Maritime Mobile Roaming Network Causes Problems on Norfolk UK Coast,"People living, visiting and working along the North Norfolk (England) coast recently ran into an unusual problem with mobile roaming after their mobile phones began connecting to the ‘Maritime‘ network. The seamless change meant that locals ended up being hit with high roaming charges for calls and data usage, as they were no longer connected to a domestic network.",https://www.ispreview.co.uk/index.php/2025/09/ships-maritime-mobile-roaming-network-causes-problems-on-norfolk-uk-coast.html,5th Sep 2025
https://www.ispreview.co.uk/,Parliament Debates Broadband and the Future of Terrestrial UK Television,"The topic of UK broadband coverage and the future of TV came up for debate in Parliament yesterday, which did a good job of highlighting the challenges. On the one hand, some MPs believe that the “switch-off of terrestrial TV in the 2030s is completely premature and unrealistic“, while the government warned that as terrestrial TV audiences fall, the cost of keeping it would eventually become unsustainable.",https://www.ispreview.co.uk/index.php/2025/09/parliament-debates-broadband-and-the-future-of-terrestrial-uk-television.html,5th Sep 2025
https://www.ispreview.co.uk/,SMARTY Finally Introduce eSIM Support to UK Mobile Network,"Consumer mobile provider SMARTY , which is a virtual mobile operator (MVNO) on Three UK ’s (VodafoneThree) national UK network, yesterday finally joined the large club of providers able to offer eSIM (Electronic SIM) support to their customer base of mobile users.",https://www.ispreview.co.uk/index.php/2025/09/smarty-finally-introduce-esim-support-to-uk-mobile-network.html,5th Sep 2025
https://www.ispreview.co.uk/,Test of Amazon’s Initial Project Kuiper Broadband Satellites Hits 1.29Gbps,"Online retail giant Amazon has conducted a speed test on their initial deployments of Project Kuiper broadband satellites in Low Earth Orbit (LEO), which demonstrated a peak download speed hitting 1.29Gbps (Gigabits per second). But this is naturally on a new network, without any capacity strains (real-world load) from other users.",https://www.ispreview.co.uk/index.php/2025/09/test-of-amazons-initial-project-kuiper-broadband-satellites-hits-1-29gbps.html,5th Sep 2025
https://www.ispreview.co.uk/,Plusnet Discounts UK Full Fibre Broadband Plans and Adds £150 Gift Card,"UK ISP Plusnet has introduced a bunch of new discounts across their home broadband packages for new customers. For example, they’ve cut the monthly price of their top 900Mbps Fibre-to-the-Premises ( FTTP ) package to one of its lowest ever levels – £33.99 per month on a 24-month term – and thrown in a £150 Reward Card (pre-paid Mastercard) for good measure.",https://www.ispreview.co.uk/index.php/2025/09/plusnet-discounts-uk-full-fibre-broadband-plans-and-adds-150-gift-card.html,5th Sep 2025
https://www.ispreview.co.uk/,Openreach Offer Free Connections on FTTP New to Network (NTN) Orders,"Network access provider Openreach has launched a new special offer, which will be available to UK broadband ISPs “nationwide” and gives a free connection on New to Network (NTN) orders for Fibre-to-the-Premises ( FTTP ) based lines. But this will only apply to related orders placed between 3rd October 2025 and 31st December 2025.",https://www.ispreview.co.uk/index.php/2025/09/openreach-offer-free-connections-on-fttp-new-to-network-ntn-orders.html,4th Sep 2025
https://www.ispreview.co.uk/,O2 UK Warns of New Scam Texts as Network Blocks 600 Million Messages,"Mobile network operator O2 ( Virgin Media ) has today revealed that they’ve blocked more than 600 million scam text messages from reaching their customers phones so far in 2025 (more than double the number in 2023 and 2024 combined). But the operator warns that they’ve seen a “significant rise” in gambling, recruitment and car finance scam texts.",https://www.ispreview.co.uk/index.php/2025/09/o2-uk-warns-of-new-scam-texts-as-network-blocks-600-million-messages.html,4th Sep 2025
https://www.ispreview.co.uk/,BDUK Issue Annual Update on UK Project Gigabit Broadband Progress,"The Government’s (DSIT) Building Digital UK agency has today published their annual progress report on the £5bn Project Gigabit broadband rollout scheme, which covers the April 2024 to March 2025 period and reveals that related interventions delivered 152,700 premises with gigabit-capable coverage during this period (total so far of 1.227m – including past schemes/years).",https://www.ispreview.co.uk/index.php/2025/09/bduk-issue-annual-update-on-uk-project-gigabit-broadband-progress.html,4th Sep 2025
https://www.ispreview.co.uk/,Tesco Mobile UK Shifting All Pay As You Go Customers to New Tariff,"Tesco Mobile , which is a Mobile Virtual Network Operator (MVNO) on O2 ’s national platform, appears to be causing some confusion among their base by informing “all of our current Pay as you go (PAYG) customers” that they are in the process of being “migrated” to the provider’s new PAYG Essentials tariff.",https://www.ispreview.co.uk/index.php/2025/09/tesco-mobile-uk-shifting-all-pay-as-you-go-customers-to-new-tariff.html,4th Sep 2025
https://www.ispreview.co.uk/,Broadband ISP Uptime Allies Joins FullFibre’s UK FTTP Network,"Alternative network operator FullFibre Limited ( Zzoomm ), which has deployed their Fibre-to-the-Premises (FTTP) lines to cover 600,000 premises (RFS) and 80,000 customers across parts of 130+ market towns in England, has today announced that they’ve onboarded another ISP – Uptime Allies (The Cent.re Group) – to their UK network.",https://www.ispreview.co.uk/index.php/2025/09/broadband-isp-uptime-allies-joins-fullfibres-uk-fttp-network.html,4th Sep 2025
https://www.ispreview.co.uk/,New Techy Focused Broadband ISP Olilo Goes Live for UK Consumers,"The United Kingdom may not exactly be short on broadband ISPs at the moment, but today we welcome another one into the fold – Olilo . The new internet provider claims not to be targeting the mass market and has positioned itself more as a product for the “niche market … of geeks/nerds/homelabbers, sysadmins” etc.",https://www.ispreview.co.uk/index.php/2025/09/new-techy-focused-broadband-isp-olilo-goes-live-for-uk-consumers.html,4th Sep 2025
https://www.ispreview.co.uk/,Openreach Urge Action from UK ISPs as Pilot Exchange Closures Draw Near,"Openreach ( BT ) has warned broadband and phone providers impacted by three of their pilot UK exchange closures – Deddington, Ballyclare and Kenton Road – that they only have c.90 days left to identify their risk cohorts (e.g. telecare customers) and migrate them. The network operator said they were growing “increasingly concerned” about the pressure on their resources from ISPs leaving it too late.",https://www.ispreview.co.uk/index.php/2025/09/openreach-urge-action-from-uk-isps-as-pilot-exchange-closures-draw-near.html,3rd Sep 2025
https://www.ispreview.co.uk/,VIDEO – Altnet UK Broadband ISP Quickline Launches Rare TV Ad Campaign,"Alternative network operator and rural ISP Quickline , which is busy rolling out their new gigabit-capable Fibre-to-the-Premises (FTTP) broadband network across parts of Yorkshire and Lincolnshire in England ( 3-Year Rollout Plan ), has launched a new TV advert that will air throughout September 2025 on ITV.",https://www.ispreview.co.uk/index.php/2025/09/video-altnet-uk-broadband-isp-quickline-launches-rare-tv-ad-campaign.html,3rd Sep 2025
https://www.ispreview.co.uk/,"B4RN Welcomes 15,000th Customer to Rural FTTP Broadband Network","Alternative rural broadband ISP B4RN (Broadband for the Rural North), which is a community benefit society that has so far built their 10Gbps capable Fibre-to-the-Premises (FTTP) network to cover 30,000 premises across England, has today announced that they’ve just connected their 15,000th customer (up from 14,000 a year ago).",https://www.ispreview.co.uk/index.php/2025/09/b4rn-welcomes-15000th-customer-to-rural-fttp-broadband-network.html,3rd Sep 2025
https://www.ispreview.co.uk/,"Virgin Media UK Expand FTTP Broadband to 13,000 Homes in Stroud","Network operator nexfibre and supporting retail broadband ISP partner Virgin Media (O2), which share some of the same parentage, have today announced that they’ve expanded the reach of their symmetric 2Gbps speed capable Fibre-to-the-Premises (FTTP) network to more than 13,000 homes in the Gloucestershire market town of Stroud for the first time.",https://www.ispreview.co.uk/index.php/2025/09/virgin-media-uk-expand-fttp-broadband-to-13000-homes-in-stroud.html,3rd Sep 2025
https://www.ispreview.co.uk/,Ofcom to Open UK 5G Mobile Auction of 26GHz and 40GHz Bands on 17th Sept,"The telecoms regulator, Ofcom , has today revealed that they will begin accepting applications from network operators for their auction of the 26GHz and 40GHz millimetre wave (mmW) bands from 17th September 2025. The large chunk of radio spectrum will be used by mobile operators to deliver faster 5G data (broadband) services.",https://www.ispreview.co.uk/index.php/2025/09/ofcom-to-open-uk-5g-mobile-auction-of-26ghz-and-40ghz-bands-on-17th-sept.html,3rd Sep 2025
https://www.ispreview.co.uk/,BT Group Moves to Improve UK Video Streaming with New Delivery Network,"Broadband and telecoms giant BT Group has today announced a new partnership with edge video delivery network MainStreaming , which they hope will deliver a smoother and “more resilient streaming experience” for UK audiences by integrating it directly into their nationwide mobile and fixed networks.",https://www.ispreview.co.uk/index.php/2025/09/bt-group-moves-to-improve-uk-video-streaming-with-new-delivery-network.html,3rd Sep 2025
https://www.ispreview.co.uk/,Car Fire Triggers 3 Week Openreach Broadband Outage in East Sussex Village,"Some residents in the semi-rural village of Catsfield in East Sussex (England), which is home to nearly 900 people, have been left without access to fixed broadband and phone services for roughly three weeks after a car fire caused damage to Openreach’s nearby telecoms pole and fibre optic cables.",https://www.ispreview.co.uk/index.php/2025/09/car-fire-triggers-3-week-openreach-broadband-outage-in-east-sussex-village.html,3rd Sep 2025
https://www.ispreview.co.uk/,Consumer Activist Proposes to Sue Sky UK Over TV End of Contract Notifications,"A self-proclaimed “consumer rights litigant“, Marc John , claims to have notified the UK’s Competition Appeal Tribunal (CAT) of his plan to launch a £2bn opt-out collective proceedings claim against Sky UK (Comcast). The claim appears to focus on Sky’s alleged failure to issue end-of-contract notifications (ECNs) to millions of its satellite TV customers.",https://www.ispreview.co.uk/index.php/2025/09/consumer-activist-proposes-to-sue-sky-uk-over-tv-end-of-contract-notifications.html,3rd Sep 2025
https://www.ispreview.co.uk/,BT Agrees Deal to Sell its Radianz Business to Transaction Network Services,"Telecoms giant BT has today announced that their Radianz unit, which is a global network and connectivity platform for the financial services industry that generated revenues of approx. £142m during 2024/25, is to be sold to Transaction Network Services (TNS) – a provider of ultra-low latency trading infrastructure – for an undisclosed sum.",https://www.ispreview.co.uk/index.php/2025/09/bt-agrees-deal-to-sell-its-radianz-business-to-transaction-network-services.html,2nd Sep 2025
https://www.ispreview.co.uk/,Netmore to Hook Up 1 Million Severn Trent Water Meters to Wireless Network,"Global network operator Netmore has today signed a 3-year deal with the UK’s second-largest water company, Severn Trent, to deploy and manage network services for 1 million smart meters across more than 20 counties. This will involve the deployment of a dual wireless Long Range Wide Area (LoRaWAN) and Narrowband-loT (NB-IoT) network.",https://www.ispreview.co.uk/index.php/2025/09/netmore-to-hook-up-1-million-severn-trent-water-meters-to-wireless-network.html,2nd Sep 2025
https://www.ispreview.co.uk/,Openreach Offers Even Quicker Proactive FTTP Broadband Upgrades to UK ISPs,"Network access provider Openreach ( BT ) has once again tweaked their Proactive FTTP Upgrades process for ISPs, which will allow providers to optionally reduce the normal lead time down to just 15+ calendar days (vs the default 6 weeks). Normally it’s consumers that initiate an upgrade, but with proactive upgrades the initiator is your ISP (this may help with copper to full fibre migrations).",https://www.ispreview.co.uk/index.php/2025/09/openreach-offers-even-quicker-proactive-fttp-broadband-upgrades-to-uk-isps.html,2nd Sep 2025
https://www.ispreview.co.uk/,Survey Claims Forgetfulness Causes Brits to Miss £76.6m in Broadband Savings,"A new study by comparison site Go.Compare , which used data gathered from the ONS, internal data and a YouGov survey of 2,000 UK adults in May 2025, has claimed that over 77% of broadband users don’t switch ISPs as regularly as would be ideal to maximise their savings. Plus, of those users, 6% don’t switch more often because they forget to look for a better deal.",https://www.ispreview.co.uk/index.php/2025/09/survey-claims-forgetfulness-causes-brits-to-miss-76-6m-in-broadband-savings.html,2nd Sep 2025
https://www.ispreview.co.uk/,"Virgin Media O2 to Donate 1,200 Pre-Owned Smartphones in Scotland","Broadband ISP and mobile operator Virgin Media and O2 (VMO2) have today announced that they’re working with both the Scottish Government and Citizens Advice Scotland (CAS) to help people get online. This involves donating 1,200 refurbished smartphones and mobile data SIMs to Citizens Advice Bureaux (CABs) across 12 Local Authorities throughout Scotland.",https://www.ispreview.co.uk/index.php/2025/09/virgin-media-o2-to-donate-1200-pre-owned-smartphones-in-scotland.html,2nd Sep 2025
https://www.ispreview.co.uk/,Study Warns UK Students Face £142 Broadband Penalty Due to Shorter Deals,"New research from Broadband Genie , which analysed the cost of 12-month and 24-month broadband deals from major UK providers during August 2025, claims to have found that 12-month broadband contracts “ideal for students” are on average 49% more expensive (costing £142.88 more a year) than two-year deals.",https://www.ispreview.co.uk/index.php/2025/09/study-warns-uk-students-face-142-broadband-penalty-due-to-shorter-deals.html,2nd Sep 2025
https://www.ispreview.co.uk/,Founder and Boss of Major UK Broadband Altnet CityFibre to Step Down UPDATE,"Greg Mesch, the original founder and current CEO of the UK’s largest alternative full fibre ( FTTP ) broadband network for ISPs, CityFibre , is reportedly to step down after setting the Openreach competitor up some 14 years ago in January 2011. The move comes shortly after the operator secured a crucial UK funding agreement worth £2.3bn ( here ).",https://www.ispreview.co.uk/index.php/2025/09/founder-and-boss-of-major-uk-broadband-altnet-cityfibre-to-step-down.html,2nd Sep 2025
https://www.ispreview.co.uk/,EE UK Deploy 50 Extra Freshwave 5G Small Cells in Central London to Boost Mobile,"Wireless infrastructure provider Freshwave has today revealed that they’ve worked with UK mobile operator EE ( BT ) to deploy a further 50 new Small Cell based outdoor 4G and 5G mobile (mobile broadband) units across the City of London area, which are helping to expand the network operator’s coverage and performance.",https://www.ispreview.co.uk/index.php/2025/09/ee-uk-deploy-50-extra-freshwave-5g-small-cells-in-central-london-to-boost-mobile.html,2nd Sep 2025
https://www.ispreview.co.uk/,Broadband ISP TalkTalk Launch UK Brand Refresh to Help Forget the Troubles,"The financially troubled broadband provider TalkTalk has today attempted to start putting the recent past behind it by refreshing their brand identity a bit (inc. new website), while at the same time launching new digital platforms and a supporting marketing campaign. But it may yet take much more than this to help turn things around, although it’s a start.",https://www.ispreview.co.uk/index.php/2025/09/broadband-isp-talktalk-launches-uk-brand-refresh-to-help-forget-the-troubles.html,2nd Sep 2025
https://www.ispreview.co.uk/,Netomnia to Extend UK Broadband Reach via Openreach’s FTTP Network,"One of the UK’s largest alternative broadband networks, Netomnia (Substantial Group), has revealed that they’re in the process of joining Openreach’s (BT) network in order to harness their Fibre-to-the-Premises (FTTP) products in areas where their network doesn’t yet reach or may be unlikely to reach in the future. But the initial reach will be limited.",https://www.ispreview.co.uk/index.php/2025/09/netomnia-to-extend-uk-broadband-reach-via-openreachs-fttp-network.html,2nd Sep 2025
https://www.ispreview.co.uk/,Community Fibre Cuts Broadband Satisfaction Guarantee from 60 to 30 Days,"Alternative network provider and UK ISP CommunityFibre , which has deployed a 5Gbps speed full fibre broadband (FTTP) network to cover 1.342 million UK homes (plus c.200k businesses) – mostly in London, has today reduced their somewhat industry leading 60 Day Satisfaction Guarantee to 30 days. But this is still better than many other providers can do.",https://www.ispreview.co.uk/index.php/2025/09/community-fibre-cuts-broadband-satisfaction-guarantee-from-60-to-30-days.html,2nd Sep 2025
https://www.ispreview.co.uk/,Microsoft Backed Researchers Significantly Improve Hollow Core Fibre Cables,"A team of Microsoft backed and largely UK based researches, which were originally part of Lumenisity – a spinoff from the Optoelectronics Research Centre (ORC) at the University of Southampton, appear to have succeeded in reducing attenuation and other signal degradation phenomena in next gen hollow core fibre (HCF) broadband cables – boosting speeds by 45%.",https://www.ispreview.co.uk/index.php/2025/09/microsoft-backed-researchers-significantly-improve-hollow-core-fibre-cables.html,1st Sep 2025
https://www.ispreview.co.uk/,ISP GoFibre Hands Out Funding to Northumberland Community Projects,"Edinburgh-based UK alternative network GoFibre , which is rolling out a gigabit broadband (FTTP) network across remote parts of rural Scotland and Northern England, has today announced the first four charities in North Northumberland to secure investment under their community fund.",https://www.ispreview.co.uk/index.php/2025/09/isp-gofibre-hands-out-funding-to-northumberland-community-projects.html,1st Sep 2025
https://www.ispreview.co.uk/,ITS Wins Contract to Deploy Full Fibre Across Crawley’s Manor Royal Business Park UPDATE,"ISPreview has discovered that the Crawley Borough Council (CBC) in West Sussex (England) has just awarded the ITS Technology Group with a contract for their new £1.5 million (state aid) project, which aims to provide every business in Manor Royal (business park) with the ability to connect to gigabit broadband.",https://www.ispreview.co.uk/index.php/2025/09/its-wins-contract-to-deploy-full-fibre-across-crawleys-manor-royal-business-park.html,1st Sep 2025
https://www.ispreview.co.uk/,Roku UK Deploys First-Ever FAST TV Channels to Streaming Platform,"Streaming platform provider Roku UK has announced the imminent roll-out of their “first-ever” FAST (Free Ad-Supported Streaming TV) channels. A total of 40 FAST channels are due to go live across the company’s Apps, TVs and streaming boxes at no extra cost, starting from October next month.",https://www.ispreview.co.uk/index.php/2025/09/roku-uk-deploys-first-ever-fast-tv-channels-to-streaming-platform.html,1st Sep 2025
https://www.ispreview.co.uk/,Netomnia Raises £300m in Junior Debt to Boost UK FTTP Broadband Rollout,"Tewkesbury-based network operator Netomnia ( Brsk , Youfibre ), which has so far deployed their full fibre broadband (FTTP) lines to cover 2.7 million UK premises (375,000 customers), has today announced another major funding boost by successfully completing a £300 million junior debt raise, including an additional £140 million from new and existing investors.",https://www.ispreview.co.uk/index.php/2025/09/netomnia-raises-300m-in-junior-debt-to-boost-uk-fttp-broadband-rollout.html,1st Sep 2025
https://www.ispreview.co.uk/,Speed Fibre Group Complete Acquisition of BT’s Irish Wholesale Fibre and B2B Unit,"The Speed Fibre Group , which is an open access fibre infrastructure provider (managing or owning 5,400km of fibre) that is ultimately backed by Cordiant Capital, has today announced that they’ve completed the previously announced ( here ) acquisition of BT’s Irish wholesale fibre and enterprise business unit (BT Communications Ireland Ltd.).",https://www.ispreview.co.uk/index.php/2025/09/speed-fibre-group-complete-acquisition-of-bts-irish-wholesale-fibre-and-b2b-unit.html,1st Sep 2025
https://www.ispreview.co.uk/,O2 UK Starts Putting WiFi Calling Live on Pay As You Go Mobile Plans,"Some customers of mobile network operator O2 ( Virgin Media ), specifically those on their Pay As You Go (PAYG) plans, this week began to notice the sudden appearance of Wi-Fi Calling on their service ( ISPreview Forum ) and 4G Calling (VoLTE) is also expected to follow by the end of this year.",https://www.ispreview.co.uk/index.php/2025/09/o2-uk-starts-putting-wifi-calling-live-on-pay-as-you-go-mobile-plans.html,1st Sep 2025
https://www.ispreview.co.uk/,Concerns Raised Over Progress of Kent UK’s Project Gigabit Broadband Rollout UPDATE,"The Kent County Council (KCC) in England has complained to the UK government about a “lack of progress” being made on the region’s Project Gigabit broadband rollout contract for rural communities. The £112m (state aid) contract for this was awarded to CityFibre in early 2024 ( here ), which committed to extend full fibre to 50,000+ hard-to-reach premises.",https://www.ispreview.co.uk/index.php/2025/08/concerns-raised-over-progress-of-kent-uks-project-gigabit-broadband-rollout.html,30th Aug 2025
https://www.ispreview.co.uk/,Telecom Acquisitions Group Acquires Eco UK ISP Earth Broadband UPDATE2,"The Horsham-based Telecom Acquisitions Group (TAL), which is a holding company for a number of familiar residential-focused internet service provider brands (Home Telecom, Eclipse Broadband etc.), has acquired both the brand and customer base of another troubled ISP in the shape of Earth Broadband.",https://www.ispreview.co.uk/index.php/2025/08/telecom-acquisitions-group-acquires-eco-uk-isp-earth-broadband.html,30th Aug 2025
https://www.ispreview.co.uk/,O2 UK Hikes Prices for Some 30 Day Pay Monthly SIM Only Customers UPDATE,"Some customers of mobile network operator O2 ( Virgin Media ), specifically those on certain 30 day rolling SIM Only contracts, have informed ISPreview of how they’ve just been notified that they will be hit by a sharp price hike from 1st October 2025 (in many cases this equates to an increase of c.12%).",https://www.ispreview.co.uk/index.php/2025/08/o2-uk-hikes-prices-for-some-30-day-pay-monthly-sim-only-customers.html,30th Aug 2025
https://www.ispreview.co.uk/,Poverty Alliance Warns UK Social Broadband ISP Tariffs Suffer Critical Flaws,"The Digital Poverty Alliance (DPA) has published a new briefing that warns how Social Tariffs from UK broadband and mobile providers, which offer significant cost savings to those on state benefits (e.g. Pension Credit, Universal Credit etc.), continue to suffer from three “critical flaws” – minimal awareness, inconsistent quality and affordability.",https://www.ispreview.co.uk/index.php/2025/08/poverty-alliance-warns-uk-social-broadband-isp-tariffs-suffer-critical-flaws.html,29th Aug 2025
https://www.ispreview.co.uk/,INCA Warns Altnets Need Certainty and Delivery from UK’s Digital Sector Plan,"The Independent Networks Co-operative Association (INCA), which represents many of the UK’s alternative broadband networks, has today posted somewhat of a belated welcome to the new Digital and Technologies Sector Plan . But they also warn that “further clarity is needed” on how the Government will support competition as FTTP rollouts slow and consolidation pressures grow.",https://www.ispreview.co.uk/index.php/2025/08/inca-warns-altnets-need-certainty-and-delivery-from-uks-digital-sector-plan.html,29th Aug 2025
https://www.ispreview.co.uk/,Openreach Offer Limited Saturday FTTP Broadband Installs via UK ISPs UPDATE,"Network access provider Openreach ( BT ) has indicated, via a new briefing , that they are “making a limited volume” of Saturday provision (installation) appointments available for Fibre-to-the-Premises ( FTTP ) based broadband line deployments. Retail ISPs will be able to select these if they so desire, at least for a limited time.",https://www.ispreview.co.uk/index.php/2025/08/openreach-offer-limited-saturday-fttp-broadband-installs-via-uk-isps.html,29th Aug 2025
https://www.ispreview.co.uk/,Gov Boost Value of Openreach’s UK Project Gigabit Broadband Framework by £400m UPDATE,"The Government has modified the Single Supplier Framework agreement that they awarded to Openreach ( BT ) last year under their Project Gigabit broadband roll-out scheme ( here ). The deal was originally valued at “up to” £800m and designed to help upgrade 312,000 premises in some of the hardest to reach UK areas to FTTP. But this has just been boosted in value to £1.2bn.",https://www.ispreview.co.uk/index.php/2025/08/gov-boost-value-of-openreachs-uk-project-gigabit-broadband-framework-by-400m.html,29th Aug 2025
https://www.ispreview.co.uk/,Gov Set to Update 2022 UK Telecommunications Security Code of Practice,"The UK Government’s Department for Science, Innovation & Technology (DSIT) has proposed to update their Telecommunications Security Code of Practice (2022). This sets out what sort of specific security measures public telecoms providers (broadband, mobile etc.) must take in order to protect their networks from attack and data breaches.",https://www.ispreview.co.uk/index.php/2025/08/gov-set-to-update-2022-uk-telecommunications-security-code-of-practice.html,28th Aug 2025
https://www.ispreview.co.uk/,Broadband ISP Vodafone UK Now LIVE via CommunityFibre’s FTTP in London,"Mobile operator and broadband ISP Vodafone UK (VodafoneThree) has today confirmed that they’ve now gone live on CommunityFibre ’s alternative Fibre-to-the-Premises (FTTP) based fixed line network in London. The provider says this means that 550,000 “additional” homes across all 32 boroughs can now access their broadband plans at speeds of “up to” 2.2Gbps.",https://www.ispreview.co.uk/index.php/2025/08/broadband-isp-vodafone-uk-now-available-via-communityfibres-fttp-in-london.html,28th Aug 2025
https://www.ispreview.co.uk/,UK Banks Set to Take Losses on Loans to Alternative Broadband Networks,"In news that will surprise none of ISPreview’s regular readers. Several major UK banks, such as NatWest and Lloyds, among others, have confirmed that they’re setting aside funding to cover loans that were issued to alternative fibre broadband networks (altnets) and which are now deemed unlikely to be repaid in full.",https://www.ispreview.co.uk/index.php/2025/08/uk-banks-set-to-take-losses-on-loans-to-alternative-broadband-networks.html,28th Aug 2025
https://www.ispreview.co.uk/,EE UK Set to Cut BT Wholesale Out from Slower Broadband Packages,"Mobile and broadband ISP EE (BT) has confirmed to ISPreview that the approach they currently take on their top 1.6Gbps speed Full Fibre (FTTP) package, which partly cuts BT Wholesale out of the equation, is set to be adopted across their slower tiers too (900Mbps and lower). But customers aren’t expected to notice any real difference.",https://www.ispreview.co.uk/index.php/2025/08/ee-uk-set-to-cut-bt-wholesale-out-from-slower-broadband-packages.html,28th Aug 2025
https://www.ispreview.co.uk/,London Broadband ISP CommunityFibre Launch Data Roaming eSIM Mobile Plan UPDATE,"Alternative network ISP CommunityFibre , which has so far built their 5Gbps speed full fibre broadband (FTTP) network to cover 1.342 million UK homes (plus c.200k businesses) – mostly in London, today claims to have become one of the first altnets to launch an international data roaming eSIM mobile service – available across over 160 countries.",https://www.ispreview.co.uk/index.php/2025/08/london-broadband-isp-communityfibre-launch-data-roaming-esim-mobile-plan.html,27th Aug 2025
https://www.ispreview.co.uk/,"Connexin’s LoRaWAN Wireless Network Connects 250,000 UK Water Meters","Fixed wireless and broadband provider Connexin , which is in the process of being acquired by CityFibre ( here ), has today revealed that their existing Long Range Wide Area Network (LoRaWAN) network has already connected 250,000 smart water meters across parts of the UK.",https://www.ispreview.co.uk/index.php/2025/08/connexins-lorawan-wireless-network-connects-250000-uk-water-meters.html,27th Aug 2025
https://www.ispreview.co.uk/,Fibrus Confirm Completion of £200m Northern Ireland Fibre Broadband Contract,"Infracapital-backed UK ISP Fibrus today confirmed the completion of their £200m (state aid) Project Stratum contract in Northern Ireland, which helped to spread their gigabit-capable Fibre-to-the-Premises (FTTP) broadband network to 81,000 addition premises in poorly served rural areas “on time and within budget.”",https://www.ispreview.co.uk/index.php/2025/08/fibrus-confirm-completion-of-200m-northern-ireland-fibre-broadband-contract.html,27th Aug 2025
https://www.ispreview.co.uk/,Starlink’s Broadband Network Preps Mini Laser to Link Third-Party Satellites,"SpaceX’s Starlink service, which sells ultrafast broadband to the UK and globally via a mega constellation using thousands of compact satellites in Low Earth Orbit (LEO), has revealed the development of a new “mini laser” that will enable their satellites to connect with “third party satellites and space stations“.",https://www.ispreview.co.uk/index.php/2025/08/starlinks-broadband-network-preps-mini-laser-to-link-third-party-satellites.html,27th Aug 2025
https://www.ispreview.co.uk/,Openreach MD Calls for Softer Ofcom Regulation in Competitive UK Areas,"The Managing Director of Regulation at UK broadband operator Openreach (BT), Mark Shurmer, has called on Ofcom to ensure that they soften market regulation on them in areas of the UK deemed to be competitive due to the presence of either Virgin Media ’s fixed broadband network or those where there are three or more full fibre (FTTP) network providers present.",https://www.ispreview.co.uk/index.php/2025/08/openreach-md-calls-for-softer-ofcom-regulation-in-competitive-uk-areas.html,27th Aug 2025
https://www.ispreview.co.uk/,Openreach Adds New Non-Executive Member to its UK Board,"Broadband and network access provider Openreach, which remains a distinct “legally separate” company away from BT, has today appointed a new independent non-executive member (NED) and expert in corporate strategy to its Board in the shape of Michael Jary.",https://www.ispreview.co.uk/index.php/2025/08/openreach-adds-new-non-executive-member-to-its-uk-board.html,26th Aug 2025
https://www.ispreview.co.uk/,Preston Joins Other UK Councils in Rejecting BT’s Gigabit WiFi Street Hubs,"Telecoms and broadband giant BT has suffered another setback in its 10-year project, which aimed to convert a further 2,000 of their legacy payphones and kiosks – across more than 200 UK towns and cities – into smart Street Hubs ( here ). Preston Council rejected a couple of proposed deployments over concerns about rising “street clutter“.",https://www.ispreview.co.uk/index.php/2025/08/preston-joins-other-uk-councils-in-rejecting-bts-gigabit-wifi-street-hubs.html,26th Aug 2025
https://www.ispreview.co.uk/,"ISP Hey! Broadband Grow to 40,000 Customers on F&W’s UK Full Fibre Network","Internet provider Hey! Broadband , which offers services to homes in various areas covered by F&W Networks (Fibre and Wireless) alternative gigabit speed full fibre lines (mostly across the South East of England), have today announced that their customer based has surpassed 40,000 (up from 25,000 a year ago).",https://www.ispreview.co.uk/index.php/2025/08/isp-hey-broadband-grow-to-40000-customers-on-fws-uk-full-fibre-network.html,26th Aug 2025
https://www.ispreview.co.uk/,Ulster University Uses AI to Develop Faster MIMO Tech for 6G Mobile,"Researchers working out of Ulster University in Northern Ireland (UK) have harnessed AI (Artificial Intelligence) in order to develop a new type of Massive Multiple-Input Multiple-Output (ma-MIMO) technology. The team say this could be used to make future 6G ( IMT-2030 ) based mobile broadband networks “faster, smarter, and far more energy-efficient“.",https://www.ispreview.co.uk/index.php/2025/08/ulster-university-uses-ai-to-develop-faster-mimo-tech-for-6g-mobile.html,26th Aug 2025
https://www.ispreview.co.uk/,LSBUD Finds UK Telecoms Industry Delivers 37.5% of Searches for Digging Work,"The LSBUD (Line Search Before You Dig) organisation, which provides an online asset search facility to UK civil engineering firms for underground pipes and cables, has published their Digging Up Britain 2025 report and revealed that telecoms (broadband, mobile etc.) remains the “most active industry” when it comes to searching before digging (37.5% of all searches). But this was down from 39% last year.",https://www.ispreview.co.uk/index.php/2025/08/lsbud-finds-uk-telecoms-industry-delivers-37-5-of-searches-for-digging-work.html,26th Aug 2025
https://www.ispreview.co.uk/,Virgin Media O2 UK Users Struggle to Access Secondary Email Addresses,"Some customers of Virgin Media ’s ( O2 ) broadband service have been struggling, often for several weeks now, to regain access to their email accounts – those belonging to secondary account holders. The issue began after the ISP made a change to their ID system that seemed to lock related users out with a “FORBIDDEN” message.",https://www.ispreview.co.uk/index.php/2025/08/virgin-media-o2-uk-users-struggle-to-access-secondary-email-addresses.html,26th Aug 2025
https://www.ispreview.co.uk/,"GoFibre Aims to Cover 250,000 UK Premises with FTTP Broadband in 3 Years UPDATE","Edinburgh-based ISP and network builder GoFibre recently published their annual accounts to the end of 2024, which among other things revealed that their revenues increased by 71% to £2.02m (2023: £1.17m). The operator now expects their roll-out of FTTP broadband in rural Scotland and North England to reach a footprint of 250,000 premises “in the next 3 years“.",https://www.ispreview.co.uk/index.php/2025/08/gofibre-aims-to-cover-250000-uk-premises-with-fttp-broadband-in-3-years.html,24th Aug 2025
https://www.ispreview.co.uk/,Rob Bradley on Consolidation and Fixing the Turbulent UK Fibre Broadband Market,"The Managing Partner of M&A-focused consultancy firm the Bradley Strategy Group , Rob Bradley, has today spoken to ISPreview as part of a new interview that lifts the lid on the “strategic recalibration” that is currently occurring across the UK’s alternative fibre networks – driving a wave on consolidation to correct for today’s “structurally misaligned market“.",https://www.ispreview.co.uk/index.php/2025/08/rob-bradley-on-consolidation-and-fixing-the-turbulent-uk-fibre-broadband-market.html,23rd Aug 2025
https://www.ispreview.co.uk/,Court Rejects Sky UK’s Challenge to Ofcom’s End of Contract Pay TV Notifications UPDATE,"The Court of Appeal (Civil Division) has dismissed Sky UK’s (Sky TV, Sky Broadband etc.) attempt to overturn an earlier decision by the telecoms regulator, Ofcom , which back in 2022 ruled that the provider had broken consumer protection rules by failing to send End-of-Contract Notifications (ECN) to their satellite -based Pay TV customers.",https://www.ispreview.co.uk/index.php/2025/08/court-rejects-sky-uks-challenge-to-ofcoms-end-of-contract-pay-tv-notifications.html,22nd Aug 2025
https://www.ispreview.co.uk/,Broadband ISP Grain Expanding UK Full Fibre Network in Loughborough,"Alternative network operator and ISP Grain , which recently secured a major £225m funding boost ( here ), has announced a second expansion of their gigabit-capable full fibre ( FTTP ) broadband network this week. The latest location to benefit from this is the Leicestershire (England) city of Loughborough.",https://www.ispreview.co.uk/index.php/2025/08/broadband-isp-grain-expanding-uk-full-fibre-network-in-loughborough.html,22nd Aug 2025
https://www.ispreview.co.uk/,Router Connectivity Woes Strike Some of EE’s 1.6Gbps UK Broadband Users,"Some customers of mobile and broadband ISP EE ( BT ), specifically those on their top 1.6Gbps speed full fibre (FTTP) package via Openreach ’s UK network, appear to be experiencing some repeated connectivity problems with the provider’s latest Wi-Fi 7 capable Smart Hub Pro router (slower packages get the different Smart Hub Plus device).",https://www.ispreview.co.uk/index.php/2025/08/router-connectivity-woes-strike-some-of-ees-1-6gbps-uk-broadband-users.html,22nd Aug 2025
https://www.ispreview.co.uk/,SpinLaunch Prep 2Tbps LEO Satellite Broadband Network – Meridian Space,"The company responsible for developing a system of sending micro-satellites up into orbit by using a massive centrifuge instead of rockets, SpinLaunch, has partnered with Kongsberg Defence & Aerospace to help it separately develop a new global network of highly compact ultrafast broadband satellites – called ‘ Meridian Space ‘ – for Low Earth Orbit (LEO).",https://www.ispreview.co.uk/index.php/2025/08/spinlaunch-prep-2tbps-leo-satellite-broadband-network-meridian-space.html,21st Aug 2025
https://www.ispreview.co.uk/,Results of the UK’s Largest Mobile Network Survey for the River Severn Region,"Network analyst firm Streetwave has today published its results from the UK’s “largest mobile coverage survey“, which used bin lorries to test the 4G / 5G (mobile broadband) network coverage and speed of each mobile operator across the River Severn Partnership Advanced Wireless Innovation Region (RSPAWIR) – reflecting 33 councils in Wales and England’s West Midlands.",https://www.ispreview.co.uk/index.php/2025/08/results-of-the-uks-largest-mobile-network-survey-for-the-river-severn-region.html,21st Aug 2025
https://www.ispreview.co.uk/,Broadband ISPs Zzoomm and BeFibre Launch Wi-Fi 7 Routers for All UK Plans UPDATE,"Internet access providers Zzoomm and BeFibre , which are both now part of the recently merged FTTP broadband network from FullFibre Limited ( here ), appear to have recently become the latest ISPs to introduce a new Wi-Fi 7 (802.11be) capable wireless router – this will be available on all plans for new customers. Some packages and prices have also been refreshed.",https://www.ispreview.co.uk/index.php/2025/08/broadband-isps-zzoomm-and-befibre-launch-wi-fi-7-routers-for-all-uk-plans.html,21st Aug 2025
https://www.ispreview.co.uk/,"WightFibre Connect 25,000th FTTP Broadband User on Isle of Wight","Broadband ISP WightFibre , which is building their own gigabit speed Fibre-to-the-Premises (FTTP) network across the Isle of Wight – just off the South Coast of Hampshire (England), has revealed that their full fibre network now covers 72,000 premises (87% of the island) and they’ve just connected their 25,000th customer to it.",https://www.ispreview.co.uk/index.php/2025/08/wightfibre-connect-25000th-fttp-broadband-user-on-isle-of-wight.html,21st Aug 2025
https://www.ispreview.co.uk/,Broadband ISP Grain Expanding UK Full Fibre Network in Nottingham,"Carlisle-based alternative network operator and ISP Grain (Grain Connect), which recently secured a major £225m funding boost ( here ), has announced that they’re expanding their gigabit-capable full fibre ( FTTP ) broadband network in the Midlands (England) city of Nottingham.",https://www.ispreview.co.uk/index.php/2025/08/broadband-isp-grain-expanding-uk-full-fibre-network-in-nottingham.html,20th Aug 2025
https://www.ispreview.co.uk/,Concerns Grow as Small UK ISP Link Broadband Suddenly Vanishes UPDATE4,"Internet provider Link Broadband , which is a smaller ISP that has tended to work with several alternative full fibre networks, appears to be in a spot of trouble after its website vanished a few days ago (now showing a “503 Service Unavailable” message) and some feedback alleges that it may even be at risk of imminent closure.",https://www.ispreview.co.uk/index.php/2025/08/concerns-grow-as-small-uk-isp-link-broadband-suddenly-vanishes.html,20th Aug 2025
https://www.ispreview.co.uk/,Broadband ISP TalkTalk Launch New Team to Support UK Home Movers,"UK ISP TalkTalk has today announced the launch of a new “HomeMove Squad“, which as the name suggests reflects a dedicated team of “Wi-Fi moving experts” that can provide a single point of contact, simplifying the process of transferring services and ensuring customers are connected from day one in their new home.",https://www.ispreview.co.uk/index.php/2025/08/broadband-isp-talktalk-launch-new-team-to-support-uk-home-movers.html,20th Aug 2025
https://www.ispreview.co.uk/,O2 UK Finally Adding 5G Support to Pay As You Go Mobile Plans UPDATE,"Mobile operator O2 ( Virgin Media ) has confirmed that they’re currently in the process of “enhancing” their Pay As You Go (PAYG) SIM services and plans during the second half of 2025, which among other things seem to be finally adding support for their latest 5G (mobile broadband) network.",https://www.ispreview.co.uk/index.php/2025/08/o2-uk-finally-adds-5g-support-to-pay-as-you-go-mobile-plans.html,20th Aug 2025
https://www.ispreview.co.uk/,British Telecoms Provider Colt Updates After Major Cyber Attack and Data Breach,"Business communications and internet provider Colt Technology Services (COLT) has provided an update after hackers breached their business support systems late last week, which resulted in the provider choosing to proactively take some systems offline. Work to restore the service remains ongoing, but sadly it is now known that a data breach has occurred.",https://www.ispreview.co.uk/index.php/2025/08/british-telecoms-provider-colt-updates-after-major-cyber-attack-and-data-breach.html,20th Aug 2025
https://www.ispreview.co.uk/,Customers of UK ISP Earth Broadband Suffer Billing Errors and Support Woes,"Some customers of internet provider Earth Broadband (earth.) have recently established a Facebook based support group after they complained of having suffered a string of problems with billing errors, unexpected price rises and a lack of effective communication and customer support from the ISP.",https://www.ispreview.co.uk/index.php/2025/08/customers-of-uk-isp-earth-broadband-suffer-billing-errors-and-support-woes.html,20th Aug 2025
https://www.ispreview.co.uk/,Virgin Media UK Preparing New TV 360 and STREAM Software Update,"Customers of broadband ISP Virgin Media ( O2 ) may like to know that the provider will shortly begin rolling out a new firmware update for their TV 360 and STREAM platforms (set-top-boxes), which is expected to introduce a number of new features (e.g. enhanced search functionality that will use image tiles instead of a text heavy display).",https://www.ispreview.co.uk/index.php/2025/08/virgin-media-uk-preparing-new-tv-360-and-stream-software-update.html,19th Aug 2025
https://www.ispreview.co.uk/,O2 UK to Upgrade 4G and 5G Mobile Signals for 22 Haven Holiday Parks,Mobile network operator O2 (Virgin Media) and partner Freshwave have today revealed that they’re in the process of upgrading their 4G and 5G mobile (mobile broadband) network for visitors to 22 Haven holiday parks across the UK “ahead of a summer of staycations“. We’ll overlook that it’s already the latter half of summer and the deployment won’t finish until 2026.,https://www.ispreview.co.uk/index.php/2025/08/o2-uk-to-upgrade-4g-and-5g-mobile-signals-for-22-haven-holiday-parks.html,19th Aug 2025
https://www.ispreview.co.uk/,Survey Claims Broadband ISPs Expect AI and Streaming to “Crush” Today’s Networks,"A new survey of 200 “senior telecom decision-makers” from the USA, UK, and Australia, which was conducted by network technology firm RtBrick , has claimed that broadband ISP and mobile operators are at risk of being “overwhelmed by the demands of AI and streaming bandwidth” in the next 5 years – around 80% of respondents expect it to “crush” today’s networks.",https://www.ispreview.co.uk/index.php/2025/08/survey-claims-broadband-isps-expect-ai-and-streaming-to-crush-todays-networks.html,19th Aug 2025
https://www.ispreview.co.uk/,Monzo Looks to Copy Revolut by Preparing to Launch a UK Mobile Service,"Digital banking company Monzo has revealed that they’ve begun to “explore” how they could launch their own mobile provider in the UK, which seems likely to echo the approach that rival banking and money management app Revolut recently began to take ( here ); although we’re still waiting for the latter to take their training wheels off.",https://www.ispreview.co.uk/index.php/2025/08/monzo-looks-to-copy-revolut-by-preparing-to-launch-a-uk-mobile-service.html,19th Aug 2025
https://www.ispreview.co.uk/,VMO2 Confuse Nexfibre’s UK Build Target as More Homes Get FTTP Broadband UPDATE,"Virgin Media (O2) has revealed that their joint expansion of 2Gbps speed FTTP broadband ( nexfibre and FTTP upgrades) have now reached 94,867 new homes in Belfast (Northern Ireland), 68,631 in Birmingham, 56,652 in Leeds, 65,121 in Coventry and 63,870 in Stoke-on-Trent. But interestingly, the provider still suggests nexfibre will reach their target of covering 5 million homes across the UK by 2026.",https://www.ispreview.co.uk/index.php/2025/08/vmo2-stick-to-nexfibre-uk-build-target-as-more-homes-get-fttp-broadband.html,19th Aug 2025
https://www.ispreview.co.uk/,Former CEO of APFN Becomes Non-Executive Director of Wessex Internet,"The former Group CEO of All Points Fibre Networks (APFN), Jarlath Finnegan, has today been appointed as a Non-Executive Director for UK broadband ISP Wessex Internet , which is currently busy extending their gigabit-capable Fibre-to-the-Premises (FTTP) network across rural parts of Southern England.",https://www.ispreview.co.uk/index.php/2025/08/former-ceo-of-apfn-becomes-non-executive-director-of-wessex-internet.html,18th Aug 2025
https://www.ispreview.co.uk/,Quickline Gifts 6 Months Free Broadband to South Yorkshire Businesses,"Rural focused UK ISP Quickline has announced that, as part of their social value commitment under the Government’s Project Gigabit programme, they’ve launched a new offer to business premises covered by their alternative full fibre (FTTP) network in South Yorkshire – offering the first six months of service for free when they sign-up.",https://www.ispreview.co.uk/index.php/2025/08/quickline-gifts-6-months-free-broadband-to-south-yorkshire-businesses.html,18th Aug 2025
https://www.ispreview.co.uk/,Customers of UK Mobile Provider Mozillion Suffer WiFi Calling Problems UPDATE,"Mobile operator Mozillion , which is a virtual network operator (mvno) that harnesses EE ’s national 4G and 5G platform, has confirmed that some of its customers are experiencing ongoing connectivity problems (i.e. it stopped working) with their WiFi Calling service.",https://www.ispreview.co.uk/index.php/2025/08/customers-of-uk-mobile-provider-mozillion-suffer-wifi-calling-problems.html,18th Aug 2025
https://www.ispreview.co.uk/,UKRI Gives £13m to 11 UK Projects to Develop Future 6G and Fibre Technologies,"The UK Research and Innovation (UKRI) agency, which is the national funding agency for investing public money into science and research projects, recently announced that 11 telecoms and networking projects had each secured a slice of £13m to help commercialise their work on advanced connectivity technologies (e.g. 6G [mobile broadband], fibre optics and more).",https://www.ispreview.co.uk/index.php/2025/08/ukri-gives-13m-to-11-uk-projects-to-develop-future-6g-and-fibre-technologies.html,18th Aug 2025
https://www.ispreview.co.uk/,Three UK Users Complain of Outdoor Hub Reboots on 5G Broadband UPDATE,"Some customers of mobile network operator Three UK (VodafoneThree), specifically those who took the new 5G Outdoor Hub (Green Packet Y5-210MU) option for their Three Home Broadband service, are finding that the router has recently developed an annoying habit of rebooting itself – often once every hour (variable and intermittent).",https://www.ispreview.co.uk/index.php/2025/08/three-uk-users-complain-of-hourly-outdoor-hub-reboots-on-5g-broadband.html,18th Aug 2025
https://www.ispreview.co.uk/,RootMetrics Names EE as BEST UK Mobile Operator in H1 2025 Study,"Mobile benchmarking firm RootMetrics (Ookla) has today published their H1 2025 study of UK mobile networks (calls, texts etc.) and 4G/5G mobile broadband speeds. The results once again name EE as the best mobile provider after they scooped up the highest scores and fastest data speeds across most categories.",https://www.ispreview.co.uk/index.php/2025/08/rootmetrics-names-ee-as-best-uk-mobile-operator-in-h1-2025-study.html,18th Aug 2025
https://www.ispreview.co.uk/,GoFibre Get £125m Funding Boost to Support Scotland Gigabit Broadband Rollout,Edinburgh-based UK ISP and network builder GoFibre has this morning announced that they’ve secured a huge £125m funding boost from the Scottish National Investment Bank (SNIB) and Hamburg Commercial Bank. The money will support their roll-out of FTTP broadband under the government backed Project Gigabit contracts in South and North East Scotland.,https://www.ispreview.co.uk/index.php/2025/08/gofibre-get-125m-funding-boost-to-support-scotland-gigabit-broadband-rollout.html,18th Aug 2025
https://www.ispreview.co.uk/,Wavemobile Struggles to Get Big UK Mobile Operators to Fix WiFi Calling,"The Technical Director for rural connectivity provider Wavemobile , Anthony Timson, has complained that the “biggest issue” they face today is the interaction devices roamed onto their network face with respect to the popular WiFi Calling service. Users who roam on to Wave’s network find that the big mobile operators (EE, O2, Vodafone and Three UK ) seem to block it.",https://www.ispreview.co.uk/index.php/2025/08/wavemobile-struggles-to-get-big-uk-mobile-operators-to-fix-wifi-calling-block.html,16th Aug 2025
https://www.ispreview.co.uk/,TOTSCo – 1.5 Million UK Consumers Have Switched Broadband ISP Since Sept 2024,"The One Touch Switching Company , which is the industry-led company responsible for helping to deliver Ofcom ’s solution for easier and quicker UK switching between home broadband and phone providers on different networks ( One Touch Switching ), will next week pass the milestone of 1.5 million successfully completed migrations since launch (up from 1m in early May 2025).",https://www.ispreview.co.uk/index.php/2025/08/totsco-1-5-million-uk-consumers-have-switched-broadband-isp-since-sept-2024.html,15th Aug 2025
https://www.ispreview.co.uk/,Broadband ISP Plusnet Reportedly Cuts Over 100 More UK Jobs,"The latest company accounts for broadband ISP Plusnet , which is part of wider BT Group, has revealed that the company’s turnover fell by -15% to £343m in the year to 31st March 2025 (down from £402m last year) and their employee headcount declined by 133 to total 944.",https://www.ispreview.co.uk/index.php/2025/08/broadband-isp-plusnet-reportedly-cuts-over-100-more-uk-jobs.html,15th Aug 2025
https://www.ispreview.co.uk/,Emtelle UK to Support GoFibre’s £105m FTTP Broadband Build in Scotland,"Fibre optic network supplier Emtelle UK, which is a global manufacturer of blown fibre, cabling and ducted solutions, has been chosen to help supply GoFibre ’s new £105m (state aid) Project Gigabit contract for North East Scotland ( here ), which aims to extend their full fibre broadband ( FTTP ) network to “around” 63,000 premises in hard-to-reach rural areas.",https://www.ispreview.co.uk/index.php/2025/08/emtelle-uk-to-support-gofibres-105m-fttp-broadband-build-in-scotland.html,15th Aug 2025
https://www.ispreview.co.uk/,"Gov to Evaluate UK Project Gigabit, Mobile and Full Fibre Broadband Programmes","In a small but interesting update, the Government’s Building Digital UK (BDUK) agency has announced a string of new studies to evaluate the performance, delivery and value of its various mobile and broadband roll-out programmes – including Project Gigabit, Local Full Fibre Networks (LFFN), Shared Rural Network (SRN) and GigaHubs (extension of LFFN).",https://www.ispreview.co.uk/index.php/2025/08/gov-to-evaluate-uk-project-gigabit-mobile-and-full-fibre-broadband-programmes.html,15th Aug 2025
https://www.ispreview.co.uk/,Giffgaff UK Discounts 5G Unlimited Mobile Data Plan to £15 a Month,"Mobile network provider giffgaff , which harnesses O2 ’s virtual operator (MVNO) platform in the UK, has launched a new promotion that slashes the monthly price of their unlimited data (mobile broadband) plan on an 18-month “flexible” minimum term from £25 to £15 per month.",https://www.ispreview.co.uk/index.php/2025/08/giffgaff-uk-discounts-5g-unlimited-mobile-data-plan-to-15-a-month.html,15th Aug 2025
https://www.ispreview.co.uk/,Freeola Launch New UK Broadband Services via Freedom Fibre and CityFibre,"Internet and web hosting provider Freeola has complemented their existing range of Openreach -based broadband ( FTTC /P) packages by quietly launching a new range of complementary packages via two alternative networks, Freedom Fibre and CityFibre .",https://www.ispreview.co.uk/index.php/2025/08/freeola-launch-new-uk-broadband-services-via-freedom-fibre-and-cityfibre.html,15th Aug 2025
https://www.ispreview.co.uk/,1p Mobile UK Suffers Protracted Website Service Outage UPDATE,"Mobile network operator 1p Mobile , which is a virtual network operator (MVNO) on EE ’s UK platform, currently appears to be suffering from a significant and protracted outage of their website services. The situation also seems to be delaying the provider’s ability to activate new SIMs.",https://www.ispreview.co.uk/index.php/2025/08/1p-mobile-uk-suffers-protracted-website-and-app-service-outage.html,14th Aug 2025
https://www.ispreview.co.uk/,Highland Broadband Secures £50m Funding to Expand FTTP Rollout,"Alternative network operator and UK ISP Highland Broadband (formerly Lothian Broadband), which is deploying a 10Gbp capable Fibre-to-the-Premises ( FTTP ) network across rural parts of the Scottish Highlands, has today announced that they’ve secured a £50m funding boost to help support a “major expansion” of their network “throughout rural Scotland“.",https://www.ispreview.co.uk/index.php/2025/08/highland-broadband-secures-50m-funding-to-boost-expand-fttp-rollout.html,14th Aug 2025
https://www.ispreview.co.uk/,Broadband ISP YouFibre Launch New WiFi 7 Routers as Standard for UK Plans,"Internet provider YouFibre , which is the primary retail ISP outlet for Netomnia ’s ( Brsk ) 8Gbps speed Fibre-to-the-Premises (FTTP) network, has today announced that the latest Wi-Fi 7 tech will now be included as standard across all residential and business broadband packages “at no extra cost” – making it one of the first among major providers to do so.",https://www.ispreview.co.uk/index.php/2025/08/broadband-isp-youfibre-launch-new-wifi-7-router-as-standard-for-all-plans.html,14th Aug 2025
https://www.ispreview.co.uk/,Discovery+ App Access to be Removed from Some Older EE and BT UK TV Boxes,"Customers of broadband ISPs EE and BT who also take their Pay TV ( IPTV ) service, specifically those that continue to use older TV boxes, have been informed that their devices will lose support for the Discovery+ streaming app entirely from 22nd September 2025. This also impacts TNT Sports on-demand content (i.e. catch-up content, extended coverage etc.).",https://www.ispreview.co.uk/index.php/2025/08/ee-and-bt-uk-scrap-discovery-and-tnt-sports-content-from-old-tv-boxes.html,14th Aug 2025
https://www.ispreview.co.uk/,Starlink Broadband Scraps Free UK Pause Mode for Paid Standby Mode,"SpaceX’s Starlink service, which sells ultrafast broadband to the UK and globally via masses of compact satellites in Low Earth Orbit (LEO), has done what some might consider a bit of a ‘bait-and-switch’ by suddenly replacing their ‘Pause Mode‘ (i.e. allowing you to stop and restart the service at no extra cost) with a new ‘Standby Mode‘ that costs £4.50 per month.",https://www.ispreview.co.uk/index.php/2025/08/starlink-broadband-scraps-free-uk-pause-mode-for-paid-standby-mode.html,14th Aug 2025
https://www.ispreview.co.uk/,EE UK Preparing to Launch New Broadband Router for Slower Tiers,"Mobile network operator and home broadband ISP EE (BT) is reportedly preparing to launch a second Wi-Fi 7 powered router “later this year“, which is intended to complement their existing Smart Hub Pro router (inc. Smart WiFi Pro mesh kit) that is sold alongside their fastest 1.6Gbps FTTP packages on Openreach ’s network.",https://www.ispreview.co.uk/index.php/2025/08/ee-uk-preparing-to-launch-new-broadband-router-for-slower-tiers.html,13th Aug 2025
https://www.ispreview.co.uk/,Openreach Trial Use of UK Broadband Network to Detect Gas and Water Leaks,"Network access provider Openreach (BT) has joined with a number of major new partners, including Arcadis, Thames Water, Cadent, Affinity Water and Lightsonic, to trial a couple of different approaches for detecting mains water and gas leaks, which cleverly works by harnessing the operator’s existing fibre optic broadband network.",https://www.ispreview.co.uk/index.php/2025/08/openreach-trial-use-of-uk-broadband-network-to-detect-gas-and-water-leaks.html,13th Aug 2025
https://www.ispreview.co.uk/,TFW Fibre Delivers First Commercial Contract for Railway Fibre Network in Wales,"Network operator TfW Ffeibr (TFW Fibre), which is an arm’s-length initiative setup by Transport for Wales (TfW) and thus the Welsh Government , has today announced the delivered of its “first commercial fibre connectivity contract” with Cloud Centres Networks for the fibre that runs alongside local railways.",https://www.ispreview.co.uk/index.php/2025/08/tfw-fibre-delivers-first-commercial-contract-for-railway-fibre-network-in-wales.html,13th Aug 2025
https://www.ispreview.co.uk/,ISP Zen Internet Detail UK Ethernet Partnership with Sky Business Wholesale,"As first hinted at last week ( here ), broadband ISP Zen Internet has today revealed details of their new “strategic partnership” with Sky Business Wholesale (Comcast). The move gives Zen’s partners (other ISPs etc.) and direct business customers access to Sky’s Ethernet-enabled exchange footprint.",https://www.ispreview.co.uk/index.php/2025/08/isp-zen-internet-details-uk-ethernet-partnership-with-sky-business-wholesale.html,13th Aug 2025
https://www.ispreview.co.uk/,EE’s New UK Safer SIM Mobile Smartphone Plans for Under 18s Go LIVE,"Broadband and mobile operator EE (BT) has today confirmed that their new mobile plans for children under the age of 18 – called “Safer SIMs” – are now available to take, after being soft launched a few weeks ago ( here ). The plans form part of the operator’s commitment toward “being the UK’s best network for families“.",https://www.ispreview.co.uk/index.php/2025/08/ees-new-uk-safer-sim-mobile-smartphone-plans-for-under-18s-go-live.html,13th Aug 2025
https://www.ispreview.co.uk/,Survey Claims 35 Percent of UK Landowners Don’t Want to Host 5G Mobile Masts,"A new survey of 500 national landowners, which was conducted by telecoms investor AP Wireless UK – a company with a strong vested interest in this area, has claimed that 35% of respondents are considering terminating their mobile mast agreements, citing concerns over rent cuts, legal pressure and loss of trust in mobile network operators.",https://www.ispreview.co.uk/index.php/2025/08/survey-claims-35-percent-of-uk-landowners-dont-want-to-host-5g-mobile-masts.html,13th Aug 2025
https://www.ispreview.co.uk/,Virgin Media O2 Uncovers UK People’s Passwords in Just 3 Minutes,"Broadband and mobile operator Virgin Media and O2 (VMO2) have taken a break from telecoms service provision in order to highlight the ease to which cyber criminals can break into your online accounts. In order to do this they enlisted the help of an ethical hacker to conduct a security assessment on a group of volunteers. Needless to say, account passwords were broken within 3 minutes.",https://www.ispreview.co.uk/index.php/2025/08/virgin-media-o2-uncovers-uk-peoples-passwords-in-just-3-minutes.html,13th Aug 2025
https://www.ispreview.co.uk/,Gov Launches £9.5m Fund to Help More UK People Get Online,"The UK Government (DSIT) has today moved to complement their recently introduced Digital Inclusion Action Plan (DIAP) by launching a new £9.5m Digital Inclusion Innovation Fund (DIIF). The fund is designed to support local authorities, charities and research organisations in helping to get people online who might otherwise struggle.",https://www.ispreview.co.uk/index.php/2025/08/gov-launches-9-5m-fund-to-help-more-uk-people-get-online.html,13th Aug 2025
https://www.ispreview.co.uk/,"Fibrus Extend Gigabit Broadband Network to 100,000 Premises in Cumbria UK","Infracapital-backed network operator and UK ISP Fibrus has today revealed that their Fibre-to-the-Premises ( FTTP ) based gigabit-capable broadband network has now covered 100,000 homes and businesses across Cumbria in England, which has been achieved less than three years after they started to build in the region (Nov 2022).",https://www.ispreview.co.uk/index.php/2025/08/fibrus-extend-gigabit-broadband-network-to-100000-premises-in-cumbria-uk.html,12th Aug 2025
https://www.ispreview.co.uk/,Sky UK Increases its Premier League TV Sports Content and Coverage,"Customers of Sky’s ( Sky Broadband etc.) Pay TV services, such as Sky Glass and Sky Stream , may like to know that the UK provider has extended its partnership with the Premier League for the coming year and increased the exclusively live matches they carry from 128 to a minimum of 215. But that’s not all – new features are also coming to their streaming platforms.",https://www.ispreview.co.uk/index.php/2025/08/sky-uk-increases-its-premier-league-tv-sports-content-and-coverage.html,12th Aug 2025
https://www.ispreview.co.uk/,SMARTY UK Mobile Launches Double and Triple Data Boosted Plans,"SMARTY , which is a virtual mobile operator (MVNO) on Three UK ’s (VodafoneThree) network, has moved to celebrate the summer holidays by significantly boosting the data (mobile broadband) allowances on some of their Pay Monthly SIM Only plans. For example, one of the cheapest £7 plans now comes with 24GB of data (up from 8GB) at no extra cost.",https://www.ispreview.co.uk/index.php/2025/08/smarty-uk-mobile-launches-double-and-triple-data-boosted-plans.html,12th Aug 2025
https://www.ispreview.co.uk/,Netomnia Launch 8Gbps FTTP Biz Broadband to UK ISPs via Wholesale,"Tewkesbury-based network operator Netomnia ( Brsk , Youfibre ), which has so far rolled out their full fibre broadband ( FTTP ) lines to cover 2.56 million UK premises (341,000 customers), has today significantly expanded the wholesale availability of their infrastructure by making it available via new internet providers (ISPs). Starting with business (B2B) packages.",https://www.ispreview.co.uk/index.php/2025/08/netomnia-launch-8gbps-fttp-biz-broadband-to-uk-isps-via-wholesale.html,12th Aug 2025
https://www.ispreview.co.uk/,Jersey Competition Regulator Proposes New Telecoms Security Rules,"The Jersey Competition Regulatory Authority (JCRA) has begun a consultation on introducing new guidance for local telecoms companies on the English Channel Island of Jersey. The aim of this is to help ensure that their broadband, mobile and phone networks are both “inherently secure and reliable“.",https://www.ispreview.co.uk/index.php/2025/08/jersey-competition-regulator-propose-new-telecoms-security-rules.html,12th Aug 2025
https://www.ispreview.co.uk/,North Yorkshire UK Looks to Wind Up NYNet 100 Broadband Company,"The North Yorkshire Council (NYC) in England has proposed to wind-up the NYNet 100 company, which was originally created to help carry out procurement and contract management for the local authority’s Superfast North Yorkshire (SFNY) project. This has helped 201,000 premises in the rural county to access faster broadband over the last 15 years.",https://www.ispreview.co.uk/index.php/2025/08/north-yorkshire-uk-looks-to-wind-up-nynet-100-broadband-company.html,12th Aug 2025
https://www.ispreview.co.uk/,Vorboss Criticises Ofcom Plan to Water Down Definition of UK Leased Lines,"London-focused ISP Vorboss , which runs a 100Gbps speed fibre optic network in the UK’s capital city, has told Ofcom that reclassifying the UK’s market for high capacity leased lines to include “LeasedLine Equivalents” (LLEs), such as XGS-PON technology (underpins many FTTP broadband networks), would be “misguided, confusing, and ultimately detrimental“.",https://www.ispreview.co.uk/index.php/2025/08/vorboss-criticises-ofcom-plan-to-water-down-definition-of-uk-leased-lines.html,11th Aug 2025
https://www.ispreview.co.uk/,Openreach UK Restarts FTTP Broadband Build in Fuel Leak Hit Bramley,"Network operator Openreach has today revealed that their engineers, alongside those of other alternative networks, are now resuming efforts to both maintain their existing network in the village of Bramley (Surrey) and to deploy new full fibre broadband (FTTP) infrastructure. Much of this was stopped a few years ago after the seriousness of a local petrol leak became clear.",https://www.ispreview.co.uk/index.php/2025/08/openreach-commit-to-fttp-broadband-build-in-fuel-leak-hit-bramley.html,11th Aug 2025
https://www.ispreview.co.uk/,Vodafone and Three UK Update on Progress of Joint Network Sharing,"Mobile operator VodafoneThree ( Vodafone and Three UK ) has provided a progress update on their work to implement a new Multi-Operator Core Network (MOCN), which is one of the first big benefits of the recent merger ( here and here ) – allowing 27 million customers to roam across both networks at no extra cost (whichever one provides the best signal in your location).",https://www.ispreview.co.uk/index.php/2025/08/vodafone-and-three-uk-update-on-progress-of-joint-network-sharing.html,11th Aug 2025
https://www.ispreview.co.uk/,O2 UK Issue Progress Update on Removal of Inbound 2G and 3G Roaming,"Mobile network operator O2 ( Virgin Media ) has issued a progress update on their preparations for the imminent withdrawal of 2G and 3G inbound roaming services for business customers, which is due to occur in just two months’ time on 1st October 2025.",https://www.ispreview.co.uk/index.php/2025/08/o2-uk-issue-progress-update-on-removal-of-inbound-2g-and-3g-roaming.html,11th Aug 2025
https://www.ispreview.co.uk/,BBC Looks Set to Build its Own “radically simplified” Freely TV Streaming Box,"The BBC ’s Controller of Digital Transition, Helen Burrows, has confirmed that the corporation is “exploring the idea” of building its own UK set-top-box device to support the new broadband-based live TV streaming service, Freely , which until recently lacked any support among existing steaming boxes and sticks.",https://www.ispreview.co.uk/index.php/2025/08/bbc-looks-set-to-build-its-own-radically-simplified-freely-tv-streaming-box.html,11th Aug 2025
https://www.ispreview.co.uk/,Broadband ISP Brillband Goes Live on AllPoints Fibre’s UK Aquila Platform,"Glasgow-based full fibre broadband ISP Brillband , which was acquired by AllPoints Fibre Networks (APFN) back in October 2024 ( here ), has today announced that they’ve successfully placed their first orders via APFN’s new aquila wholesale platform – this aggregates fibre (FTTP) networks from several operators to help retail providers expand their coverage.",https://www.ispreview.co.uk/index.php/2025/08/broadband-isp-brillband-goes-live-on-allpoints-fibres-uk-aquila-platform.html,11th Aug 2025
https://www.ispreview.co.uk/,After 34 Years AOL Finally Closes its Dial-up Internet Service UPDATE,"In a somewhat surprising development, mainly because almost everybody assumed it had died a long time ago, AOL (America Online) – one of the very first consumer ISPs in both the USA and UK – recently caused a stir again by announcing that it had “decided to discontinue Dial-up Internet” on 30th September 2025.",https://www.ispreview.co.uk/index.php/2025/08/after-34-years-aol-finally-closes-its-dial-up-internet-service.html,10th Aug 2025
https://www.ispreview.co.uk/,Hyperoptic Appoint Ex-Virgin Media UK Veteran Sam Horrocks as New CFO,"City-focused broadband ISP Hyperoptic , which has spent the past few years rolling out their own full fibre (FTTP/B) network to cover 1.9 million UK premises and is also in the process of onboarding via Openreach ’s network ( here ), this week announced that they had appointed Sam Horrocks to take on the role of Chief Financial Officer (CFO).",https://www.ispreview.co.uk/index.php/2025/08/hyperoptic-appoint-ex-virgin-media-uk-veteran-sam-horrocks-as-new-cfo.html,9th Aug 2025
https://www.ispreview.co.uk/,Broadband ISP Zen Internet Integrate ITS Technology and Prep Sky Leased Lines,"Rochdale-based ISP Zen Internet has today announced that ITS Technology ‘s business-focused UK full fibre network is now live on their Fibre Hub, which forms part of their recently agreed partnership ( here ) and essentially aggregates access to a number of full fibre broadband networks for partner providers. But that’s not the only development that Zen has announced.",https://www.ispreview.co.uk/index.php/2025/08/broadband-isp-zen-internet-integrate-its-technology-and-prep-sky-leased-lines.html,8th Aug 2025
https://www.ispreview.co.uk/,Hampshire Town Goes 6 Weeks Without a Fully Working EE UK Mobile Signal,Some homes and businesses in the Hampshire (South Coast of England) town of Bishops Waltham have been left with poor 4G and 5G mobile (broadband) reception from EE for around six weeks. This appears to have occurred after one of the few primary shared masts in the area went partly offline during stormy weather.,https://www.ispreview.co.uk/index.php/2025/08/hampshire-town-goes-6-weeks-without-a-fully-working-ee-uk-mobile-signal.html,8th Aug 2025
https://www.ispreview.co.uk/,Plusnet Discounts UK FTTP Broadband Packages and Adds Rewards,"UK ISP Plusnet has refreshed the discounts they offer across their home broadband plans for new customers, which for example has cut the monthly price of their top 900Mbps Fibre-to-the-Premises ( FTTP ) package to just £36.99 per month on a 24-month term (mid-contract price hikes apply). Some packages also now include reward cards worth up to £100.",https://www.ispreview.co.uk/index.php/2025/08/plusnet-discounts-uk-fttp-broadband-packages-and-adds-rewards.html,8th Aug 2025
https://www.ispreview.co.uk/,Shareholders Boost UK Broadband ISP TalkTalk’s Funding Deal to £120m,"The debt riddled TalkTalk Group has issued an additional update this afternoon on their recent £100m funding deal ( here ), which reveals that the funding level has been increased by £20m to total £120m. The modest boost came other existing financial stakeholders agreed to participate.",https://www.ispreview.co.uk/index.php/2025/08/shareholders-boost-broadband-isp-talktalks-recent-funding-deal-to-120m.html,7th Aug 2025
https://www.ispreview.co.uk/,O2 UK Deploys 4G and 5G Freshwave Small Cells to 13 Sites in Cornwall,Mobile network operator O2 ( Virgin Media ) has today continued to boost the provider’s 4G and 5G mobile (mobile broadband) capacity and coverage by deploying Freshwave’s small cells across 13 holiday resort locations in Cornwall (South West England). Most of these are being deployed across the towns of St Ives and Newquay.,https://www.ispreview.co.uk/index.php/2025/08/o2-uk-deploys-4g-and-5g-freshwave-small-cells-to-13-sites-in-cornwall.html,7th Aug 2025
https://www.ispreview.co.uk/,Giffgaff Offers 100GB Mobile Data SIM to UK Students for £10,"Mobile provider giffgaff , which is owned by Telefónica and harnesses O2 ’s virtual network operator (MVNO) platform in the UK, has today launched a new mobile plan specifically for students that offers them 100GB (GigaBytes) of mobile broadband data for just £10 per month on a 12-month term.",https://www.ispreview.co.uk/index.php/2025/08/giffgaff-offers-100gb-mobile-data-sim-to-uk-students-for-10.html,7th Aug 2025
https://www.ispreview.co.uk/,Broadband ISP Fusion Fibre Group Joins F&W’s UK Full Fibre Network,"Rural network builder and ISP Fusion Fibre Group , which has deployed a few of its own FTTP broadband networks to various remote communities, has today entered into a new strategic partnership with alternative network operator F&W Networks (Fibre and Wireless) to “accelerate the rollout of ultrafast, reliable full-fibre broadband across Southern England“.",https://www.ispreview.co.uk/index.php/2025/08/broadband-isp-fusion-fibre-group-joins-fws-uk-full-fibre-network.html,7th Aug 2025
https://www.ispreview.co.uk/,New Civil Engineering Firm Allestra Group Setup to Tackle UK Telecoms,"The former MD of street works firm Light Source, Steve Hill, this week announced that he’d established the Nottingham-based Allestra Group to serve the telecommunications (broadband etc.), renewable energy, multi-utilities, network design, and traffic management sectors with similar engineering solutions.",https://www.ispreview.co.uk/index.php/2025/08/new-civil-engineering-firm-allestra-group-setup-to-tackle-uk-telecoms.html,7th Aug 2025
https://www.ispreview.co.uk/,Ofcom Shame TalkTalk and O2 for UK Broadband and Mobile Complaints in Q1 2025,"Ofcom have today published their latest quarterly (Q1 2025) study of UK consumer telecoms complaints, which names TalkTalk as attracting the most negative feedback from customers for fixed broadband, while O2 took the most heat for Mobile and Virgin Media were put on the naughty step for Pay TV services.",https://www.ispreview.co.uk/index.php/2025/08/ofcom-shame-talktalk-and-o2-for-uk-broadband-and-mobile-complaints-in-q1-2025.html,7th Aug 2025
https://www.ispreview.co.uk/,"Plusnet, Sky and EE Win UK Broadband Awards in Telegraph Readers Survey","A new survey of broadband ISPs by Telegraph readers has handed out awards across several categories to Sky Broadband , EE and Plusnet , with the latter scooping wins across three categories. But neither BT , Vodafone , Virgin Media nor TalkTalk were deemed good enough to win anything, which is despite Virgin technically being the fastest provider.",https://www.ispreview.co.uk/index.php/2025/08/plusnet-sky-and-ee-win-uk-broadband-awards-in-telegraph-readers-survey.html,7th Aug 2025
https://www.ispreview.co.uk/,Nexfibre Publish Q2 2025 UK Full Fibre Broadband Build Update,"Network operator nexfibre , which shares some of its parentage with ISP partner Virgin Media (O2), has published their latest quarterly (Q2 2025) build update and confirmed that their new 10Gbps capable Fibre-to-the-Premises (FTTP) broadband network now covers 2.3 million UK premises. But its future remains uncertain.",https://www.ispreview.co.uk/index.php/2025/08/nexfibre-publish-q2-2025-uk-full-fibre-broadband-build-update.html,7th Aug 2025
https://www.ispreview.co.uk/,Broadband ISP TalkTalk Publish UK Accounts to Reveal Surge in Losses,"In a perhaps unsurprising development, the TalkTalk Group finally published their annual accounts yesterday and revealed that they made a statutory loss before tax of £465m for the year ended 28th February 2025 (up from £153m last year). The company also lost 420,000 UK broadband customers, leaving them with a group total of 3.2 million.",https://www.ispreview.co.uk/index.php/2025/08/broadband-isp-talktalk-publish-uk-accounts-to-reveal-surge-in-losses.html,6th Aug 2025
https://www.ispreview.co.uk/,NordVPN Names UK as Third Most Targeted Country for Internet Malware,"The latest Q2 2025 threat protection report from NordVPN , which is a familiar Virtual Private Network (VPN) provider, has revealed that the UK now ranks third in the world for the number of cyberattacks it attracts – having seen a surge of 103 million incidents (up by 7% in Q1) of malware being sent to Brits via emails and texts, malicious sites and infected attachments etc.",https://www.ispreview.co.uk/index.php/2025/08/nordvpn-names-uk-as-third-most-targeted-country-for-internet-malware.html,6th Aug 2025
https://www.ispreview.co.uk/,Gov Consults on Fees for New Digital UK Map of Underground Cables,"The Government has today opened a new consultation on the sharing of information and fees payable by street works firms as part of operating the new National Underground Asset Register (NUAR), which is a digital map of underground UK pipes and cables (broadband, water etc.) that is partly designed to help reduce accidental damage.",https://www.ispreview.co.uk/index.php/2025/08/gov-consults-on-fees-for-new-digital-uk-map-of-underground-cables.html,6th Aug 2025
https://www.ispreview.co.uk/,Virgin Media O2 Expand UK 3G Mobile Switch Off to Watford,"Mobile network operator O2 (Virgin Media) has today revealed that customers in the large Hertfordshire (England) town and borough of Watford will be the next UK location to go through their 3G mobile (broadband) switch-off programme on 17th September 2025. This follows completed withdrawals in Durham, Norwich, Telford, Guildford and Torquay.",https://www.ispreview.co.uk/index.php/2025/08/virgin-media-o2-expand-uk-3g-mobile-switch-off-to-watford.html,6th Aug 2025
https://www.ispreview.co.uk/,Gigaclear’s East Gloucestershire FTTP Broadband Rollout Contract Shrinks,"The UK government has posted a Project Gigabit contract modification that shrinks Gigaclear ’s £16.6m contract for rural parts of East Gloucestershire (Lot 18), which originally aimed to expand their gigabit-capable broadband network to 4,400 additional premises. But the change shrinks the value of this contract to £10.81m “due to removal of 899 premises” from its scope.",https://www.ispreview.co.uk/index.php/2025/08/gigaclears-east-gloucestershire-fttp-broadband-rollout-contract-shrinks.html,6th Aug 2025
https://www.ispreview.co.uk/,Wessex Internet to Expand South Wiltshire Project Gigabit Broadband Rollout,"The UK Government (DSIT) appears set to expand their £18.8m (state aid) Project Gigabit contract with rural UK ISP Wessex Internet for South Wiltshire (LOT 30). This originally aimed to build their 10Gbps capable FTTP broadband network to cover “around” 14,500 hard-to-reach premises in the area ( here ), but will now look to reach 21,197 premises.",https://www.ispreview.co.uk/index.php/2025/08/wessex-internet-to-expand-south-wiltshire-project-gigabit-broadband-rollout.html,5th Aug 2025
https://www.ispreview.co.uk/,SpaceX Plan Cheap Starlink Community Broadband Sharing Service,"SpaceX’s Starlink service, which offers ultrafast broadband speeds to the UK and globally via a massive constellation of satellites in Low Earth Orbit (LEO), appears to have leaked out plans for a new “Community” product that could allow multiple subscribers to share access to the service via a single terminal (dish) in return for a cheaper rental.",https://www.ispreview.co.uk/index.php/2025/08/spacex-plan-cheap-starlink-community-broadband-sharing-service.html,5th Aug 2025
https://www.ispreview.co.uk/,Study Claims UK Public WiFi Networks Failing Child Safety Standards,"A new study from Guest Metrics , which has a vested interest in selling content filtering solutions, claims to have identified “widespread failures in public WiFi compliance” after it identified that 80% of the venues it tested had no content filtering (no age checks, no splash pages, no logging) to protect children from adult content – a key part of the UK government’s new Online Safety Act (2023).",https://www.ispreview.co.uk/index.php/2025/08/study-claims-uk-public-wifi-networks-failing-child-safety-standards.html,5th Aug 2025
https://www.ispreview.co.uk/,AssetHUB and ITS Tech Partnership Aims to Boost Fibre Builds in UK Cities,"The ITS Technology Group , which runs various open access full fibre broadband and Ethernet networks across parts of the United Kingdom, has today announced a new partnership with network asset reuse specialist AssetHUB that aims to “speed up fibre rollouts in major UK cities“.",https://www.ispreview.co.uk/index.php/2025/08/assethub-and-its-tech-partnership-aims-to-boost-fibre-builds-in-uk-cities.html,5th Aug 2025
https://www.ispreview.co.uk/,ISP Aquiss Launch Netomnia Based UK 8Gbps Biz Broadband Packages,"Shropshire-based UK broadband ISP Aquiss has today announced that they’ve become one of the first third-party retail internet providers to offer full fibre packages for businesses via Netomnia ’s growing national network, which includes symmetric speeds from 75Mbps and up to 8Gbps (7000Mbps average).",https://www.ispreview.co.uk/index.php/2025/08/isp-aquiss-launch-netomnia-based-uk-8gbps-biz-broadband-packages.html,5th Aug 2025
https://www.ispreview.co.uk/,Broadband Router Giant AVM Rebrands Company Name to FRITZ!,"German-based network kit manufacturer AVM , which is a familiar developer of home networking products (e.g. FRITZ!Box routers are used by various UK consumers and several ISPs), has officially notified their customers and clients of how the company name is being changed from AVM to FRITZ!.",https://www.ispreview.co.uk/index.php/2025/08/broadband-router-giant-avm-rebrands-company-name-to-fritz.html,5th Aug 2025
https://www.ispreview.co.uk/,Repair Ship Cable Vigilance Aims to Fix Shetland Subsea Fibre Break by Thursday,"Good news. Broadband and mobile services on the remote Shetland and Orkney Islands (Scotland), which have been disrupted since part of the main SHEFA-2 (Faroese Telecom) submarine (subsea) fibre optic cable was damaged over a week ago ( here ), could be restored as soon as this Wednesday or Thursday after the French repair ship ‘Cable Vigilance‘ arrived.",https://www.ispreview.co.uk/index.php/2025/08/repair-ship-cable-vigilance-aims-to-fix-shetland-subsea-fibre-break-by-thursday.html,5th Aug 2025
https://www.ispreview.co.uk/,Six Major UK Broadband ISPs Found to Lack an Internal Audit Function UPDATE,"The Chartered Institute of Internal Auditors (CIIA) has today raised “serious concerns” about the financial resilience of the UK’s broadband sector, which appears to be based on the fact that six of the country’s thirteen “major” ISPs currently operate without an internal audit – potentially exposing them to “unchecked risks and increasing the likelihood of corporate collapse“.",https://www.ispreview.co.uk/index.php/2025/08/six-major-uk-broadband-isps-found-to-lack-an-internal-audit-function.html,4th Aug 2025
https://www.ispreview.co.uk/,Mobile Provider O2 UK to Remove Website Access for Priority Rewards,"Customers of mobile network operator O2 ( Virgin Media ) have recently been notified that, from 11th August 2025, they will no longer be able to access the provider’s “Priority” service via the website. Priority exists to reward loyal subscribers with various special offers and discounts.",https://www.ispreview.co.uk/index.php/2025/08/mobile-provider-o2-uk-to-remove-website-access-for-priority-rewards.html,4th Aug 2025
https://www.ispreview.co.uk/,IX Wireless Remove 15m Metal Broadband Mast in Heywood After 2yr Campaign,A two-year-long campaign by residents and councillors in the Rochdale town of Heywood has succeeded in getting broadband provider IX Wireless (UK ISP 6Gi / Opus Broadband ) to remove their 15-metre tall metal mast / pole on Snowden Street. The council said the structure had an “unsightly appearance” and that there had been “little or no consultation with local communities” before its deployment.,https://www.ispreview.co.uk/index.php/2025/08/ix-wireless-remove-15m-metal-broadband-mast-in-heywood-after-2yr-campaign.html,4th Aug 2025
https://www.ispreview.co.uk/,Virgin Media O2 and Daisy Group Launch New Merged B2B Company O2 Daisy,The business division of UK broadband and mobile giant Virgin Media and O2 – VMO2 Business – have this morning announced that their recent merger with the Daisy Group has today resulted in the launch of a new B2B telecoms company called O2 Daisy (not to be confused with O2’s anti-scam AI chatbot of the same name).,https://www.ispreview.co.uk/index.php/2025/08/virgin-media-o2-and-daisy-group-launch-new-merged-b2b-company-o2-daisy.html,4th Aug 2025
https://www.ispreview.co.uk/,CityFibre Hints at Future Plans for 100Gbps UK Broadband Network in 2030s,"Network operator CityFibre , which has already deployed their 10Gbps capable Fibre-to-the-Premises ( FTTP ) based broadband ISP network across around 4.5 million UK premises, recently indicated to Mobile Europe’s Digital Telco event that they would be looking to upgrade to 50G-PON or 100G-PON during the early to mid 2030s.",https://www.ispreview.co.uk/index.php/2025/08/cityfibre-hints-at-future-plans-for-100gbps-uk-broadband-network-in-2030s.html,4th Aug 2025
https://www.ispreview.co.uk/,Qualcomm Reveals How Next Gen WiFi 8 Will Prioritise Reliability Over Speed,"The development of the next gen Wi-Fi 8 (802.11bn – Ultra High Reliability) standard – led by Task group IEEE802.11bn – is said to be making “steady progress” and, according to Qualcomm Technologies, a high-level of consensus has now been achieved on a significant portion of the future standard that will focus more on improving network reliability than speed.",https://www.ispreview.co.uk/index.php/2025/08/qualcomm-reveals-how-next-gen-wifi-8-to-prioritise-reliability-over-speed.html,3rd Aug 2025
https://www.ispreview.co.uk/,Openreach Trial Panic Alarms for UK Broadband Engineers as Abuse Rises,"Network access provider Openreach ( BT ) has begun to trial panic alarms for their staff after revealing that UK engineers reported 450 incidents of abuse and assault in the year to the end of March 2025, which is up 8% in the last year and represents a shocking 40% increase when compared with 2022-23. Other providers have seen a similar trend.",https://www.ispreview.co.uk/index.php/2025/08/openreach-trial-panic-alarms-for-uk-broadband-engineers-as-abuse-rises.html,2nd Aug 2025
https://www.ispreview.co.uk/,PXC Cause Confusion with Shifting Withdrawal Dates for SMPF Broadband Lines,"Network operator PlatformX Communications (PXC), which is a trading name of UK provider TalkTalk that sells wholesale solutions to ISPs and other network providers, has recently been causing some frustration among their partners. The problem began after they attempted to set an early date for the withdrawal of SMPF based broadband products (shared unbundled lines).",https://www.ispreview.co.uk/index.php/2025/08/pxc-cause-confusion-with-shifting-withdrawal-dates-for-smpf-broadband-lines.html,2nd Aug 2025
https://www.ispreview.co.uk/,Court Rejects Second Appeal vs Dismissal of BT UK Landline Overcharging Case,The London Court of Appeal has refused permission for Justin Le Patourel to appeal against an earlier dismissal ( here ) of his £1.3bn class action claim against BT via the Collective Action on Land Lines (CALL) campaign. The organisation had accused the broadband and phone provider of overcharging several million of its landline-only phone customers.,https://www.ispreview.co.uk/index.php/2025/08/court-rejects-second-appeal-vs-dismissal-of-bt-uk-landline-overcharging-case.html,1st Aug 2025
https://www.ispreview.co.uk/,"Fibrus Donate £57,805 to 32 Community Groups in Northern Ireland","Infracapital-backed alternative network operator Fibrus , which is rolling out their full fibre ( FTTP ) broadband network across Northern Ireland and Cumbria (England), has today announced that they’ve so far donated £57,805 to 32 community groups across Northern Ireland as part of their 2025 Community Fund.",https://www.ispreview.co.uk/index.php/2025/08/fibrus-donate-57805-to-32-community-groups-in-northern-ireland.html,1st Aug 2025
https://www.ispreview.co.uk/,Civil Engineering Giant M Group Completes Telent Acquisition,"Civil engineering firm M Group , which was itself acquired by private equity firm CVC ( here ) in 2024 and also harbours a telecoms (broadband and mobile) focused division, has today announced the completion of their deal to acquire rival UK and Ireland focused technology, telecoms and street works firm Telent for an undisclosed sum.",https://www.ispreview.co.uk/index.php/2025/08/civil-engineering-giant-m-group-completes-telent-acquisition.html,1st Aug 2025
https://www.ispreview.co.uk/,"Quickline Cover 2,000 North Yorkshire Homes Under Gigabit Broadband Contract","Rural focused UK ISP Quickline has revealed that they’ve now covered 2,000 premises as part of their £73.5m state-aid supported Project Gigabit roll-out contract for North Yorkshire (Lot 31), which was awarded a year ago ( here ). The contract aims to extend gigabit-capable broadband to reach an additional 36,300 premises in some of the hardest-to-reach areas.",https://www.ispreview.co.uk/index.php/2025/08/quickline-cover-2000-north-yorkshire-homes-under-gigabit-broadband-contract.html,1st Aug 2025
https://www.ispreview.co.uk/,Government Funded 4G Mobile Mast Upgrades Go Live in Yorkshire Dales,"The UK Government has this morning revealed that a total of 58 government-funded rural 4G (mobile broadband) mast upgrades have now gone live as part of the industry-led £1bn Shared Rural Network (SRN) project. The most recent additions have occurred around the North Yorkshire town of Hawes – also impacting Hardraw, Appersett, Snaizeholme and Sedbusk.",https://www.ispreview.co.uk/index.php/2025/08/government-funded-4g-mobile-mast-upgrades-go-live-in-yorkshire-dales.html,1st Aug 2025
https://www.ispreview.co.uk/,Virgin Media’s Broadband Data Suggest Brits Clock Off Early on Fridays,"Broadband ISP Virgin Media ( O2 ) has published some new insights from their fixed line network, which among other things reveals a fall in UK data traffic on Friday afternoons during the summer months, with as much as an 8% dip between 3-5pm compared to the winter, as “remote workers clock off early“.",https://www.ispreview.co.uk/index.php/2025/08/virgin-media-broadband-data-suggest-brits-clock-off-early-on-fridays.html,1st Aug 2025
https://www.ispreview.co.uk/,Rural Full Fibre Broadband ISP Gigaclear Appoint Two New UK Directors,"Abingdon-based alternative broadband ISP Gigaclear , which has deployed their full fibre ( FTTP ) network to cover 600,000 premises (mostly in remote rural parts of England), has today announced that they’ve appointed two new Directors to their board – Stephanie Liston, Chair of the Jersey Competition Regulatory Authority (JCRA), and Catherine Colloms, former Openreach executive.",https://www.ispreview.co.uk/index.php/2025/08/rural-full-fibre-broadband-isp-gigaclear-appoint-two-new-uk-directors.html,1st Aug 2025
https://www.ispreview.co.uk/,Telefonica CEO – Virgin Media Scrap UK NetCo Broadband Wholesale Plans,"The CEO of Telefónica, Marc Murtra, has clarified his own recent remarks and revealed that Virgin Media and O2 ’s (VMO2) plan for opening up their fixed residential broadband ISP network in the UK to wholesale ( here ) – via a new entity (NetCo) – is now “stopped” and not merely “on a pause” as initially indicated.",https://www.ispreview.co.uk/index.php/2025/08/telefonica-ceo-virgin-media-scrap-uk-netco-broadband-wholesale-plans.html,1st Aug 2025
https://www.ispreview.co.uk/,UK Government Warns Promoting the Use of VPNs Could Attract Fines UPDATE,"The UK government has warned that online platforms which “deliberately target UK children and promote [Virtual Private Network] use” could now “face enforcement action, including significant financial penalties“. The statement comes after many people – ironically mostly adults – rushed to adopt VPNs to avoid the wide adoption of age verification.",https://www.ispreview.co.uk/index.php/2025/07/uk-government-warns-promoting-the-use-of-vpns-could-attract-fines.html,31st Jul 2025
https://www.ispreview.co.uk/,London ISP CommunityFibre Discounts 500Mbps Broadband to £20,"Alternative UK broadband ISP CommunityFibre , which has deployed their 5Gbps speed full ( FTTP ) network to cover 1.342 million homes (plus c.200k businesses) – mostly across London, has launched a flash sale that discounts their 500Mbps (symmetric speed) package to just £20 per month on a 24-month term.",https://www.ispreview.co.uk/index.php/2025/07/london-isp-communityfibre-discounts-500mbps-broadband-to-20.html,31st Jul 2025
https://www.ispreview.co.uk/,Zayo Europe Highlights Fibre Network Expansion Across UK and Germany,"Network firm Zayo Europe , which operates a large high-capacity (400G capable) metro and long-haul fibre optic network across Europe, has today revealed that they’ve increased the route miles they power by 61% in H1 2025, compared to H2 2024. Both the UK and Germany have had the biggest impact on this.",https://www.ispreview.co.uk/index.php/2025/07/zayo-europe-highlights-fibre-network-expansion-across-uk-and-germany.html,31st Jul 2025
https://www.ispreview.co.uk/,Virgin Media O2 Joins Age UK to Help Raise Awareness of 3G Switch-Off,"Mobile operator O2 (Virgin Media) has this morning announced that they’ve partnered with leading charity, Age UK, to help raise awareness of the 3G switch-off and provide customers using older devices with “tailored guidance and support” to help with the transition to more modern ( 4G , 5G) networks.",https://www.ispreview.co.uk/index.php/2025/07/virgin-media-o2-joins-age-uk-to-help-raise-awareness-of-3g-switch-off.html,31st Jul 2025
https://www.ispreview.co.uk/,KCOM to Launch Broadband Infrastructure Sharing in Hull UK on 1st August 2025,"Hull-based network operator KCOM , which has already deployed their own full fibre (FTTP) broadband network across a big chunk of East Yorkshire and Lincolnshire, has today confirmed that their new infrastructure sharing solution (i.e. giving rivals access to their cable ducts and poles) will officially go live on 1st August 2025. But is it too little, too late.",https://www.ispreview.co.uk/index.php/2025/07/kcom-to-launch-broadband-infrastructure-sharing-in-hull-uk-on-1st-august-2025.html,31st Jul 2025
https://www.ispreview.co.uk/,Opensignal Examine Impact of WiFi on Real vs Subscribed UK Broadband Speeds,Network testing firm Opensignal has published a new study that examines the “striking gap” between the home broadband speeds users are promised by ISPs and the speeds they actually experience – “the biggest factor behind this disconnect is the in-home Wi-Fi environment“.,https://www.ispreview.co.uk/index.php/2025/07/ookla-examine-impact-of-wifi-on-real-vs-subscribed-uk-broadband-speeds.html,31st Jul 2025
https://www.ispreview.co.uk/,Squirrel Internet Launch 2.3Gbps Broadband Package via Freedom Fibre,"Broadband ISP Squirrel Internet has introduced their first 2.3Gbps (2300Mbps) speed unlimited usage packages for UK homes via Freedom Fibre’s network, which will set those able to access such services back just £55 per month on a 24-month minimum term.",https://www.ispreview.co.uk/index.php/2025/07/squirrel-internet-launch-2-3gbps-broadband-package-via-freedom-fibre.html,31st Jul 2025
https://www.ispreview.co.uk/,Freely’s UK Broadband TV Service to Adopt Netgem Streaming Boxes,"Broadband-based live TV streaming service Freely , which is supported by major UK TV broadcasters ( BBC , ITV, Channel 4 and 5 etc.) and is an evolution – not a replacement – of the existing Freeview service (inc. Freeview Play and Freesat), has finally revealed that they’ll be launching on a streaming media device via the Netgem TV platform. But you’ll need a new box.",https://www.ispreview.co.uk/index.php/2025/07/freelys-uk-broadband-tv-service-to-adopt-netgems-streaming-boxes.html,31st Jul 2025
https://www.ispreview.co.uk/,CityFibre UK Finish Primary £50m Wolverhampton FTTP Broadband Rollout,"Network operator CityFibre , which has so far built their 5.5Gbps speed Fibre-to-the-Premises (FTTP) broadband ISP network to cover 4.5 million UK premises, has today confirmed the completion of their “primary” £50 million build across the West Midland’s city of Wolverhampton.",https://www.ispreview.co.uk/index.php/2025/07/cityfibre-uk-finish-primary-50m-wolverhampton-fttp-broadband-rollout.html,30th Jul 2025
https://www.ispreview.co.uk/,Study Claims Altnet Broadband ISPs Deliver More Speed for 28 Percent Less Money,"New research from Broadband Genie , which surveyed 3,996 UK broadband customers, claims to have found that consumers who adopt packages from ISPs that harness alternative networks (i.e. not Openreach or Virgin Media based) could be getting twice the internet speed for almost a third (28%) off the price.",https://www.ispreview.co.uk/index.php/2025/07/study-claims-altnet-broadband-isps-deliver-more-speed-for-28-percent-less-money.html,30th Jul 2025
https://www.ispreview.co.uk/,Ofcom Fine UK Broadband ISP Gigaclear £122k Over Calling Info Failure,"The UK telecoms and media regulator has today fined alternative rural broadband ISP Gigaclear £122,500 after they were found to have failed to “provide accurate and reliable caller location information to emergency services,” which could have made it more difficult for the police, fire and ambulances to find callers.",https://www.ispreview.co.uk/index.php/2025/07/ofcom-fine-uk-broadband-isp-gigaclear-122k-over-calling-info-failure.html,30th Jul 2025
https://www.ispreview.co.uk/,ISPA Unveil First Finalists for 2025 UK ISP Internet Industry Awards,"The UK Internet Service Providers Association ( ISPA ) has this morning revealed the shortlist of finalists for their 2025 annual industry awards event, which sees a record of 50 separate organisations (broadband ISPs, network builders etc.) being nominated across 17 categories. Except the “Internet Hero” and “Digital Inclusion” categories, which will be announced later this year.",https://www.ispreview.co.uk/index.php/2025/07/ispa-unveil-first-finalists-for-2025-uk-isp-internet-industry-awards.html,30th Jul 2025
https://www.ispreview.co.uk/,Full Fibre Provider ITS Technology Appoints Charlie Versi as its COO,"The ITS Technology Group , which has deployed various open access full fibre broadband and Ethernet networks across parts of the United Kingdom, has today announced that they’ve appointed Charlie Versi to be their new Chief Operating Officer (COO).",https://www.ispreview.co.uk/index.php/2025/07/full-fibre-provider-its-technology-appoints-charlie-versi-as-its-coo.html,30th Jul 2025
https://www.ispreview.co.uk/,Ofcom – YouTube and Streaming is Slowly Taking Over UK TV Sets,"The UK communications and media regulator, Ofcom , has today published its Media Nations 2025 report, which reveals how linear TV viewing continues to decline in favour of broadband-based video streaming platforms (particularly YouTube and Netflix). But broadcast TV currently still accounts for the majority (56%) of in-home viewing (down from 57% last year).",https://www.ispreview.co.uk/index.php/2025/07/ofcom-youtube-and-streaming-is-slowly-taking-over-uk-tv-sets.html,30th Jul 2025
https://www.ispreview.co.uk/,Virgin Media O2 Grow UK FTTP Premises by 114k in Q2 as Broadband Users Fall,"The latest Q2 2025 results from Virgin Media and O2 today have revealed that their gigabit broadband network increased by 114,900 premises in the quarter to cover 18.53 million UK homes. But related customers suffered another fall to total 5,643,500 (down by -51.4k in Q2 vs -44k in Q1) and O2 ’s mobile base also suffered a fall (albeit with positive results in wholesale).",https://www.ispreview.co.uk/index.php/2025/07/virgin-media-o2-add-114k-new-uk-fttp-lines-in-q2-as-broadband-users-fall.html,30th Jul 2025
https://www.ispreview.co.uk/,EE UK Launches New Mobile Smartphone Plans for Under 18s,"Broadband and mobile operator EE ( BT ) has today responded to the UK government’s drive to wrap everybody under the age of 18 in cotton wool by becoming the “first major network” to launch a dedicated Smartphone proposition (mobile plans) for U18s, called “Safer SIMs” – part of its commitment toward “being the UK’s best network for families“.",https://www.ispreview.co.uk/index.php/2025/07/ee-uk-launches-new-mobile-smartphone-plans-for-under-18s.html,29th Jul 2025
https://www.ispreview.co.uk/,BT Completes Refund of £18m to UK Customers Over Contract Failings,"The telecoms regulator has today revealed that UK broadband ISP and phone giant BT (inc. EE and Plusnet ) have now refunded or credited £18m back to customers. This follows last year’s Ofcom ruling ( here ), which found that the provider had “failed to provide” 1.1 million customers with clear and simple contract information before signing up to a new deal.",https://www.ispreview.co.uk/index.php/2025/07/bt-completes-refund-of-18m-to-uk-customers-over-contract-failings.html,29th Jul 2025
https://www.ispreview.co.uk/,"O2 UK Boost 4G and 5G Mobile at 700 Postcodes in Dundee, Scotland",Mobile network operator O2 ( Virgin Media ) has today announced that they’ve completed a project to upgrade the network capacity and coverage of their 4G and 5G mobile (mobile broadband) services around a total of 700 postcodes across the coastal Scottish city of Dundee on the Firth of Tay estuary.,https://www.ispreview.co.uk/index.php/2025/07/o2-uk-boost-4g-and-5g-mobile-at-700-postcodes-in-dundee-scotland.html,29th Jul 2025
https://www.ispreview.co.uk/,"GoFibre Extends FTTP Broadband Build to Witton-le-Wear, County Durham",Edinburgh-based UK broadband provider GoFibre has today announced that they’ve begun to expand their new full fibre ( FTTP ) network into the rural village of Witton-le-Wear in County Durham. The build forms part of their state aid supported Project Gigabit contract with the government.,https://www.ispreview.co.uk/index.php/2025/07/gofibre-begins-fttp-broadband-build-in-witton-le-wear-county-durham.html,29th Jul 2025
https://www.ispreview.co.uk/,Netomnia to Expand Wholesale FTTP Broadband to More UK ISPs as New MD Appointed,"Network operator Netomnia ( Brsk , Youfibre ), which has so far rolled out their Fibre-to-the-Premises ( FTTP ) broadband network to cover 2.56 million UK homes (inc. 341,000 customers), has appointed industry veteran Matthew Skipsey to be its new Managing Director (MD) of wholesale ahead of an expected adoption by more ISPs.",https://www.ispreview.co.uk/index.php/2025/07/netomnia-to-expand-wholesale-fttp-broadband-to-more-uk-isps-as-new-md-appointed.html,29th Jul 2025
https://www.ispreview.co.uk/,Broadband and Phone Provider KCOM Bids Farewell to CEO Tim Shaw,"Hull-based UK network operator KCOM , which has deployed their own Fibre-to-the-Premises (FTTP) broadband network across a big chunk of East Yorkshire and Lincolnshire (England), has announced that current Chief Executive Officer (CEO), Tim Shaw, is to step down. The outgoing CEO will hand over the reins to CFO Richard Schäfer on an interim basis.",https://www.ispreview.co.uk/index.php/2025/07/broadband-and-phone-provider-kcom-bids-farewell-to-ceo-tim-shaw.html,29th Jul 2025
https://www.ispreview.co.uk/,Gov Update on Plan to Help Push FTTP Broadband into UK Flats and Build Mobile Masts,"The Telecoms Minister, Sir Chris Bryant, recently issued an important update on their efforts to boost growth by removing barriers to digital infrastructure deployment. The statement covered progress with flexi-permits and softening the rules for new mobile masts, but it also touched on how they intend to help get gigabit broadband into large residential buildings (blocks of flats / apartments).",https://www.ispreview.co.uk/index.php/2025/07/gov-update-on-plan-to-help-push-fttp-broadband-into-uk-flats-and-build-mobile-masts.html,29th Jul 2025
https://www.ispreview.co.uk/,Broadband ISP File Sanctuary Launch UK 2.3Gbps CityFibre FTTP Plan,"Consumers looking to join UK internet provider File Sanctuary , which sells broadband packages via Openreach and CityFibre ’s national networks, may like to know that they’ve today launch a 2300Mbps (symmetric) speed package via the latter’s platform. The price starts at just £55 per month.",https://www.ispreview.co.uk/index.php/2025/07/broadband-isp-file-sanctuary-launch-uk-2-3gbps-cityfibre-fttp-plan.html,28th Jul 2025
https://www.ispreview.co.uk/,"BT, EE and Plusnet to Raise UK Mid Contract Price Hikes up to £4 UPDATE","BT (inc. Plusnet and EE) is expected to reveal a change to their existing mid-contract pricing policy, which means that new customers who sign-up for a broadband package on or after 31st July 2025 (5th August with Plusnet) will be subject to a +£4 price rise on 31st March 2026 and then +£4 again on 31st March 2027 (up from the previous £3 increase). Mobile plans will also increase, by different amounts.",https://www.ispreview.co.uk/index.php/2025/07/broadband-isps-bt-ee-and-plusnet-to-raise-uk-mid-contract-price-hikes-to-4.html,28th Jul 2025
https://www.ispreview.co.uk/,Giffgaff UK Launches New Travel Data Add Ons for Mobile Roaming,"Mobile network provider giffgaff , which is owned by Telefónica and harnesses O2’s virtual operator (MVNO) platform in the UK, has today launched a new range of travel data (4G/5G mobile broadband) add-ons that will be available to customers who plan on roaming across any one of over 40 EU countries and several selected locations (e.g. USA, Turkey).",https://www.ispreview.co.uk/index.php/2025/07/giffgaff-uk-launches-new-travel-data-add-ons-for-mobile-roaming.html,28th Jul 2025
https://www.ispreview.co.uk/,"Openreach Deploys 5,000th Electric Vehicle as Part of UK Fleet Transition","Network access provider Openreach (BT) has today revealed that they’ve just put their 5000th EV (Electric Vehicle) on the road to support their broadband and phone engineers (up from 4,300 at the start of 2025). The move marks a key milestone on their plan to become a zero emissions business by March 2031.",https://www.ispreview.co.uk/index.php/2025/07/openreach-deploys-5000th-electric-vehicle-as-part-of-uk-fleet-transition.html,28th Jul 2025
https://www.ispreview.co.uk/,Virgin Media O2 UK to Boost Customer Service with New Lumi AI Tool,"Broadband ISP and mobile operator Virgin Media and O2 (VMO2) has this morning informed ISPreview that they’ve created and launched a new AI (Artificial Intelligence) tool, Lumi AI, which aims to “drive its customer service turnaround strategy” by helping customer service agents to provide “faster, more effective and more personalised” support.",https://www.ispreview.co.uk/index.php/2025/07/virgin-media-o2-uk-tries-to-boost-customer-service-with-new-lumi-ai-tool.html,28th Jul 2025
https://www.ispreview.co.uk/,Broadband Disrupted for Shetland and Orkney by Subsea Fibre Break UPDATE,"Thousands of homes and businesses across Shetland, which is a remote UK subarctic archipelago that resides north of the Scottish mainland, have suffered disruption to their broadband services this weekend after part of the main SHEFA-2 (Faroese Telecom) submarine (subsea) fibre optic cable was damaged. Premises on the Orkney Islands were also hit.",https://www.ispreview.co.uk/index.php/2025/07/broadband-disrupted-for-shetland-and-orkney-by-subsea-fibre-break.html,27th Jul 2025
https://www.ispreview.co.uk/,"Grain Expands FTTP Broadband Network Cover to 270,000 UK Premises","Carlisle-based alternative network operator and ISP Grain (Grain Connect), which a week ago secured a major £225m funding boost ( here ), on Friday revealed that their gigabit-capable full fibre (FTTP) broadband network had now covered 270,000 UK premises (up from 250k in March 2025) – from Aberdeen to Brighton, Carlisle to Cornwall, Leicester to Liverpool and Newcastle to Newport etc.",https://www.ispreview.co.uk/index.php/2025/07/grain-expands-fttp-broadband-network-cover-to-270000-uk-premises.html,27th Jul 2025
https://www.ispreview.co.uk/,Sky Broadband and the Question of Preferential UK CityFibre FTTP Install Dates,A couple of weeks have passed since Sky Broadband became the largest retail ISP to go live on CityFibre ’s national Fibre-to-the-Premises (FTTP) network ( here ). But some rival providers have privately begun to note that customers who sign-up to Sky’s service seem to be getting earlier installation dates than they can. We take a closer look.,https://www.ispreview.co.uk/index.php/2025/07/sky-broadband-and-the-question-of-preferential-uk-cityfibre-fttp-install-dates.html,26th Jul 2025
https://www.ispreview.co.uk/,Broadband ISP TalkTalk Confirms £100m UK Funding Deal UPDATE2,"The debt strained TalkTalk Group, which has recently been going through another turbulent time due to payment disputes with suppliers and reports of a possible sale ( here , here and here ), has secured an additional £100m funding deal from existing shareholder Ares Management. This may be enough to reduce some of the financial pressures.",https://www.ispreview.co.uk/index.php/2025/07/broadband-isp-talktalk-reportedly-agrees-100m-uk-funding-deal.html,25th Jul 2025
https://www.ispreview.co.uk/,Study of Six Major European Countries Finds Only UK Saw Broadband Prices Rise,"A recent study by telecom analyst firm Tarifica , which examined the change in fixed broadband ISP pricing between 2023 and 2025 across six major European countries (Italy, France, Spain, United Kingdom, Germany and the Netherlands), has found that prices fell in every country except the UK where they rose by 7.86%.",https://www.ispreview.co.uk/index.php/2025/07/study-of-six-major-european-countries-finds-only-uk-saw-broadband-prices-rise.html,25th Jul 2025
https://www.ispreview.co.uk/,Starlink Says Global Broadband Outage Caused by Internal Software Failure UPDATE,"The VP of Engineering at satellite broadband operator Starlink (SpaceX), Michael Nicolls, has revealed that last night’s 2.5 hour long network outage of their mega constellation – impacting all terminals (business and residential) – was caused by a “failure of key internal software services” in their core network.",https://www.ispreview.co.uk/index.php/2025/07/starlink-says-global-broadband-outage-caused-by-internal-software-failure.html,25th Jul 2025
https://www.ispreview.co.uk/,Outbound Mobile Calling Problems Strike EE’s National UK Network UPDATE8,"Some customers of mobile operator EE ( BT ), as well as those on other networks who might be trying to contact them, are currently experiencing a partial service outage that is disrupting their ability to make calls (others complain they also can’t receive calls). The operator has declared this to be a priority 1 incident. The issue also seems to be impacting some landline calls.",https://www.ispreview.co.uk/index.php/2025/07/outbound-mobile-calling-problems-strike-ees-national-uk-network.html,24th Jul 2025
https://www.ispreview.co.uk/,Openreach Pole Problem Triggers Long Broadband Outage in Welsh Village UPDATE,"Residents in the tiny rural Gwynedd (Wales) village of Llangwnnadl have been left without access to fixed broadband and phone services for several weeks. Local news reports claim that the situation began after a telecoms pole replacement was carried out by Openreach , which is unusual as normally such work is carried out to fix and not cause a fault.",https://www.ispreview.co.uk/index.php/2025/07/openreach-pole-replacement-triggers-long-broadband-outage-in-welsh-village.html,24th Jul 2025
https://www.ispreview.co.uk/,BDUK Issue First 2025 Update on UK Project Gigabit Broadband Progress,"The Government’s (DSIT) Building Digital UK agency has today published their first 2025 progress report on the £5bn Project Gigabit broadband rollout scheme, which covers the April to December 2024 period. The data reveals that some 1,188,400 UK premises have received gigabit-capable broadband coverage by BDUK’s gigabit programmes since their inception.",https://www.ispreview.co.uk/index.php/2025/07/bduk-issue-first-2025-update-on-uk-project-gigabit-broadband-progress.html,24th Jul 2025
https://www.ispreview.co.uk/,O2 UK and Ontix Expand 4G Mobile Small Cells to Bristol’s Clifton Area,"Mobile operator O2 ( Virgin Media ) and network technology provider Ontix have this morning announced that they’ve enhanced 4G mobile (mobile broadband) capacity in the city of Bristol in South West England, specifically the historic Clifton area, by extending their deployment of several small cells.",https://www.ispreview.co.uk/index.php/2025/07/o2-uk-and-ontix-expand-4g-mobile-small-cells-to-bristols-clifton-area.html,24th Jul 2025
https://www.ispreview.co.uk/,VodafoneThree UK Hits 1.65 Million Broadband Users as Mobile Tops 28.76m UPDATE,Broadband and mobile operator Vodafone has published their first combined Q1 FY26 financial results with Three UK . The figures show that the merged entity has 1.654 million fixed broadband customers (up by 44k in Q1 vs 61k in the previous quarter) and a huge combined mobile base of 28.765m – making them the “biggest mobile network operator in the UK“.,https://www.ispreview.co.uk/index.php/2025/07/vodafonethree-uk-hits-1-65-million-broadband-users-as-mobile-tops-28-76m.html,24th Jul 2025
https://www.ispreview.co.uk/,BT See Loss of 169k Openreach UK Broadband Lines and Appoints New CFO,"Telecoms giant BT Group just published a short trading update to the end June 2025 (Q1 FY26), which reveals that Openreach lost another 169,000 total broadband lines to rival networks over the past quarter (down from 243k in the previous quarter). But they also saw their “full fibre” ( FTTP ) coverage grow to over 19 million premises (up by 1m) and take-up increased to 37% (up from 36.13%).",https://www.ispreview.co.uk/index.php/2025/07/bt-see-loss-of-169k-openreach-uk-broadband-lines-and-appoints-new-cfo.html,24th Jul 2025
https://www.ispreview.co.uk/,VIDEO – Voneus Brings Gigabit Wireless Broadband to St Clears in Wales,"Rural UK broadband operator Voneus , which continues to deploy a gigabit-capable fixed wireless access (FWA) and full fibre ( FTTP ) networks across poorly served rural areas, has announced that they’ve deployed their wireless network across the small Carmarthenshire (Wales) town of St. Clears.",https://www.ispreview.co.uk/index.php/2025/07/video-voneus-brings-gigabit-wireless-broadband-to-st-clears-in-wales.html,24th Jul 2025
https://www.ispreview.co.uk/,Broadband Provider Exascale Joins CityFibre’s UK Full Fibre Network,"Broadband ISP and network builder Exascale, which has also deployed their own gigabit speed Fibre-to-the-Premises (FTTP) network to a few thousands premises in part of Telford and Wrekin, has today signed a partnership to harness CityFibre ’s network and thus deliver FTTP and Ethernet services to more UK homes and businesses.",https://www.ispreview.co.uk/index.php/2025/07/broadband-provider-exascale-joins-cityfibres-uk-full-fibre-network.html,23rd Jul 2025
https://www.ispreview.co.uk/,Three UK Discounts Unlimited 4G and 5G Home Broadband to £17,"Mobile operator Three UK appears to have introduced one of the biggest discounts yet on their 4G and 5G powered unlimited Three Home Broadband packages, which have just been discounted to only £17 per month on a 24-month minimum contract term (or £28 if you take it as a rolling monthly plan).",https://www.ispreview.co.uk/index.php/2025/07/three-uk-discounts-unlimited-4g-and-5g-home-broadband-to-17.html,23rd Jul 2025
https://www.ispreview.co.uk/,Mobile Operator Spusu UK Cuts International Data Roaming Charges,"The SIM-Only mobile provider spusu , which holds a virtual operator (MVNO) agreement via BTWholesale to harness EE ’s national 4G and 5G network, has today announced “sweeping cuts” to their international data (mobile broadband) roaming charges across 150 countries and slashing rates by at least 50% in over 100 of those.",https://www.ispreview.co.uk/index.php/2025/07/mobile-operator-spusu-uk-cuts-international-data-roaming-charges.html,23rd Jul 2025
https://www.ispreview.co.uk/,Virgin Media O2 Adopt Trustly’s Pay by Bank Solutions for UK Customers,Broadband and mobile provider Virgin Media and O2 (VMO2) has today signed a new partnership that will see them adopting Trustly’s “next-generation” Direct Debit account automation and one-off Pay by Bank solutions. The goal is to streamline payments and onboarding processes as part of the UK operator’s commitment to “making customers’ lives easier“.,https://www.ispreview.co.uk/index.php/2025/07/virgin-media-o2-adopt-trustlys-pay-by-bank-solutions-for-uk-customers.html,23rd Jul 2025
https://www.ispreview.co.uk/,Vodafone UK Improves Customer Support with “Just Ask Once” Service,"Broadband and mobile provider Vodafone (VodafoneThree) has today launched a new service called ‘Just Ask Once‘, which will essentially see “one person deal with a customer’s query from start to finish, until it is sorted“. The operator claims this will mean no more waiting on hold, no more transfers between agents and no more repeating yourself.",https://www.ispreview.co.uk/index.php/2025/07/vodafone-uk-improves-customer-support-with-just-ask-once-service.html,23rd Jul 2025
https://www.ispreview.co.uk/,WhoFi – Researchers Find Way to Identify and Track People via WiFi Signals,"Over the years we’ve seen various different uses for wireless WiFi signals being developed, such as the ability to see through walls ( here ) or to act as a motion sensing alarm system ( here ). Now a team of Italian researchers have figured out how to identify individual people by the biometric identifier they give off when walking through Wi-Fi signals.",https://www.ispreview.co.uk/index.php/2025/07/whofi-researchers-find-way-to-track-people-by-their-wifi-signature.html,23rd Jul 2025
https://www.ispreview.co.uk/,Matthew Hare Steps Back from Executive Chairman Role at FullFibre,"Matthew Hare, the Executive Chairman of alternative UK broadband operator FullFibre Limited , has announced that he is “stepping back” from the role after only being appointed to the post in January 2025 following the merger with fellow altnet Zzoomm ( here ), where he was previously the CEO.",https://www.ispreview.co.uk/index.php/2025/07/matthew-hare-steps-back-from-executive-chairman-role-at-fullfibre.html,23rd Jul 2025
https://www.ispreview.co.uk/,Netomnia Expand FTTP Broadband Coverage to 2.56 Million UK Premises,"Alternative network operator Netomnia ( Brsk , Youfibre ) has today published their Q2 2025 results, which reveals that their multi-gigabit speed Fibre-to-the-Premises (FTTP) broadband network now covers 2.56 million UK premises (up 243k in the quarter) and is home to 341,000 customers (up 54k).",https://www.ispreview.co.uk/index.php/2025/07/netomnia-expands-fttp-broadband-coverage-to-2-56-million-uk-premises.html,23rd Jul 2025
https://www.ispreview.co.uk/,Grain Secures £225m Funding to Accelerate UK Full Fibre Broadband Rollout,"Network operator and ISP Grain (Grain Connect) has this afternoon announced that they’ve secured a £225m funding boost (mostly debt and some equity), which will enable them to expand the reach of their gigabit speed Fibre-to-the-Premises ( FTTP ) broadband network to cover c.600,000 UK premises. This is said to be the “next step” on the road to 1 million premises.",https://www.ispreview.co.uk/index.php/2025/07/grain-secures-225m-funding-to-accelerate-uk-full-fibre-broadband-rollout.html,22nd Jul 2025
https://www.ispreview.co.uk/,Openreach List Next 137 UK Areas for Copper to FTTP Switch – Tranche 21,"Openreach ( BT ) has today published the next (Tranche 21) batch of 137 exchanges in their “ FTTP Priority Exchange Stop Sell” programme, which reflects areas where over 75% of premises are able to get full fibre lines and will thus stop selling copper based legacy phone and broadband products (i.e. FTTP becomes the only product option).",https://www.ispreview.co.uk/index.php/2025/07/openreach-list-next-137-uk-areas-for-copper-to-fttp-switch-tranche-21.html,22nd Jul 2025
https://www.ispreview.co.uk/,Ofcom to Make Q and V Bands Available for UK Satellite Broadband Gateways,"The UK telecoms regulator, Ofcom , has today unveiled their proposals for allowing broadband satellite operators (e.g. Starlink and Amazon ) to harness the Q and V radio spectrum bands (37.5–43.5GHz, 47.2–50.2GHz and 50.4–52.4GHz) to help boost the backhaul data capacity of their ground-based gateway sites. This will also support the deployment of future satellites.",https://www.ispreview.co.uk/index.php/2025/07/ofcom-to-make-q-and-v-bands-available-for-uk-satellite-broadband-gateways.html,22nd Jul 2025
https://www.ispreview.co.uk/,Broadband Router Giant AVM Rolls Out FRITZ!OS 8.20 Firmware,"Network kit manufacturer AVM , which is a well-known German developer of home networking products (e.g. FRITZ!Box routers are used by various UK consumers and several ISPs), has begun to deploy their latest FRITZ!OS 8.20 software update (Firmware) that includes various new features. But it’s not without the odd bug.",https://www.ispreview.co.uk/index.php/2025/07/broadband-router-giant-avm-rolls-out-fritzos-8-20-firmware.html,22nd Jul 2025
https://www.ispreview.co.uk/,Business ISP Onecom Acquires UK Broadband and VoIP Provider Gradwell,"Business cloud, IT and telecoms provider Onecom , which is backed by private equity firm LDC, has today announced that they’ve acquired rival UK internet provider Gradwell Communications for an undisclosed sum – the company’s thirteenth acquisition since 2020.",https://www.ispreview.co.uk/index.php/2025/07/business-isp-onecom-acquires-uk-broadband-and-voip-provider-gradwell.html,22nd Jul 2025
https://www.ispreview.co.uk/,Most MPs Expect UK to Miss Targets for 5G Mobile and Gigabit Broadband,"A new survey of 108 Members of Parliament, which was conducted by consultancy firm Cluttons and polling company YouGov, has revealed that only 34% of MPs currently believe the UK will achieve the government’s target of delivering Standalone 5G (5GSA) mobile coverage to all populated areas by 2030. The figure drops even lower for the gigabit broadband target.",https://www.ispreview.co.uk/index.php/2025/07/most-mps-expect-uk-to-miss-targets-for-5g-mobile-and-gigabit-broadband.html,22nd Jul 2025
https://www.ispreview.co.uk/,Openreach Makes UK Fibre Broadband Checker a Bit More Informative,Broadband access provider Openreach ( BT ) appears to have recently made their “Fibre Checker” a bit more informative via the addition of several new status messages to reflect different stages of network availability. This is primarily useful for those still awaiting the arrival of their Fibre-to-the-Premises (FTTP) network.,https://www.ispreview.co.uk/index.php/2025/07/openreach-makes-uk-fibre-broadband-checker-a-bit-more-informative.html,22nd Jul 2025
https://www.ispreview.co.uk/,EE’s 5G Standalone Mobile Network to Cover Half of the UK as 45 New Areas Go Live,"Broadband ISP and mobile operator EE (BT) has this morning announced that their latest 5G Standalone (5GSA) mobile network will, from the end of August 2025, be able to reach over half of the entire UK population (more than 34 million people) as more than 45 new UK locations go live. The figure is up from 40% coverage in March 2025.",https://www.ispreview.co.uk/index.php/2025/07/ees-5g-standalone-mobile-network-to-cover-half-of-the-uk-as-45-new-areas-go-live.html,22nd Jul 2025
https://www.ispreview.co.uk/,OneWeb Broadband Satellites to Deliver UK Gov Services Worldwide,"In a not particularly surprising development, the UK government has today chosen Eutelsat ’s global network of OneWeb ultrafast broadband satellites in Low Earth Orbit (LEO) to help provide “resilient, high-speed, low-latency connectivity” to their global operations – delivered through distribution partner NSSLGlobal.",https://www.ispreview.co.uk/index.php/2025/07/oneweb-broadband-satellites-to-deliver-uk-gov-services-worldwide.html,21st Jul 2025
https://www.ispreview.co.uk/,Gov Prep New Statement of Strategic Priorities for UK Broadband and Mobile,"The UK government has today proposed a new Statement of Strategic Priorities (SSP) for UK mobile and broadband services. This broadly requires Ofcom to deliver on existing targets, ensure a smooth copper to fibre network migration, monitor take-up of gigabit-capable broadband, distribute radio spectrum fairly and facilitate infrastructure sharing etc.",https://www.ispreview.co.uk/index.php/2025/07/gov-prep-new-statement-of-strategic-priorities-for-uk-broadband-and-mobile.html,21st Jul 2025
https://www.ispreview.co.uk/,Ofcom UK Reviews 2GHz Band for Use by Mobile Satellite Services,"The UK telecoms regulator has today launched a new ‘ Call for Input ‘ to help it decide on the future of the 2GHz radio spectrum band (1980-2010MHz and 2170-2200MHz), which could potentially open it up to wider use for providing broadband connectivity to aircraft and drones, direct-to-device services (4G/5G mobile), and or IoT etc.",https://www.ispreview.co.uk/index.php/2025/07/ofcom-uk-reviews-2ghz-band-for-use-by-mobile-satellite-services.html,21st Jul 2025
https://www.ispreview.co.uk/,"Ofcom Tell BBC, ITV, Channel 4, C5, STV and S4C to Improve TV Content on YouTube","Ofcom has today warned that “traditional public-service TV is endangered” as more UK broadband users turn to online streaming platforms like YouTube. The regulator has thus published a new six-point action plan to tackle this, which includes urging broadcasters to make their content “easy to find and discover” on third-party platforms.",https://www.ispreview.co.uk/index.php/2025/07/ofcom-tell-bbc-itv-channel-4-c5-stv-and-s4c-to-improve-tv-content-on-youtube.html,21st Jul 2025
https://www.ispreview.co.uk/,Netgem TV Offers 250 FAST Channels to UK via Supporting Broadband ISPs,"Digital entertainment platform Netgem TV has this morning announced that their IPTV box and service, which is usually bundled by broadband ISPs like Brsk , TalkTalk , CommunityFibre , Wightfibre and others, has expanded its range of FAST Channels to total 250 across the UK, France, Switzerland and Gibraltar.",https://www.ispreview.co.uk/index.php/2025/07/netgem-tv-offers-250-fast-channels-to-uk-via-supporting-broadband-isps.html,21st Jul 2025
https://www.ispreview.co.uk/,Ofcom UK to Restrict Number Spoofing to Tackle Mobile Scam Calls from Abroad,"The UK internet content and telecoms regulator, Ofcom, has today proposed changes that will require phone providers to withhold the Caller ID (CLI) of calls that appear to come from a UK mobile roaming abroad unless they can verify its validity. The goal is to tackle scam calls by cracking down on number “spoofing“.",https://www.ispreview.co.uk/index.php/2025/07/ofcom-uk-to-restrict-number-spoofing-to-tackle-scam-calls-from-abroad.html,21st Jul 2025
https://www.ispreview.co.uk/,Geemarc Produce Clever 4G Adapter for Old Analogue UK Home Phones,"Geemarc Telecom , which specialises in the manufacture and sale of products that help hearing-impaired and visually impaired users, has produced an interesting new twist on the humble Analogue Terminal Adapter (ATA) that allows people to plug their old home phone handsets directly to a 4G mobile broadband network. But that isn’t its only trick.",https://www.ispreview.co.uk/index.php/2025/07/geemarc-produce-clever-4g-adapter-for-old-analogue-uk-home-phones.html,21st Jul 2025
https://www.ispreview.co.uk/,"London Full Fibre ISP Vorboss Acquires Optimity, 40fi and Invests in Layer8","London-focused network operator and ISP Vorboss , which runs a 100Gbps speed full fibre network in the UK’s capital city, has today announced the expansion of their managed service and cybersecurity offerings via two strategic acquisitions – Optimity (managed services) and 40fi (cybersecurity), and an investment in Layer8 (network management for commercial real estate).",https://www.ispreview.co.uk/index.php/2025/07/london-full-fibre-isp-vorboss-acquires-optimity-40fi-and-layer8.html,21st Jul 2025
https://www.ispreview.co.uk/,NFU Farmers Survey Highlights Weaknesses in UK Broadband and Mobile,"The National Farmers Union (NFU) has published the results from their annual digital access survey of 661 members (conducted between February and March 2025), which found that just 33% of farmers had access to “fibre broadband” speeds and nearly one out of ten respondents have no 4G or 5G mobile access.",https://www.ispreview.co.uk/index.php/2025/07/nfu-farmers-survey-highlights-weaknesses-in-uk-broadband-and-mobile.html,19th Jul 2025
https://www.ispreview.co.uk/,Broadband ISP TalkTalk Moves More Customers to Utility Warehouse,"The TalkTalk Group has confirmed to ISPreview that a further batch of their UK customers are being migrated to Utility Warehouse ( Telecom Plus ) as part of a recently agreed partnership, which follows a similar move by the provider’s Origin Broadband base a couple of months ago ( here ).",https://www.ispreview.co.uk/index.php/2025/07/broadband-isp-talktalk-moves-more-customers-to-utility-warehouse.html,19th Jul 2025
https://www.ispreview.co.uk/,Ofcom Consults on Changes to UK Wholesale Landline and Mobile Call Markets,"The UK communications regulator has today launched a couple of new consultations to set future regulation for the wholesale markets that enable landline and mobile phone calls. A number of changes have been proposed as part of this, although most of them are fairly minor or merely confirm a continuation of the existing approach.",https://www.ispreview.co.uk/index.php/2025/07/ofcom-consults-on-changes-to-uk-wholesale-landline-and-mobile-call-markets.html,18th Jul 2025
https://www.ispreview.co.uk/,Rural UK Full Fibre Networks County Broadband and Truespeed to Merge,"Alternative network provider and UK ISP Truespeed has today confirmed that they’ve “agreed in principle” to merge with County Broadband in order to create a single operator covering 177,000 premises (RFS) and 40,000 customers. Both operators have built full fibre ( FTTP ) broadband networks across various rural parts of England.",https://www.ispreview.co.uk/index.php/2025/07/rural-uk-full-fibre-networks-county-broadband-and-truespeed-to-merge.html,18th Jul 2025
https://www.ispreview.co.uk/,Ofcom Cuts UK Mobile Licence Fees for 900MHz and 1800MHz by GBP60m,"After much debate, the UK telecoms regulator has today agreed to reduce the total amount paid by the primary mobile network operators – EE , O2 and Vodafone / Three UK – to use the 900MHz, 1800MHz and 2100MHz radio spectrum bands by around £60m per year. The bands support the use of 2G and 4G mobile (mobile broadband) services.",https://www.ispreview.co.uk/index.php/2025/07/ofcom-cuts-uk-mobile-licence-fees-for-900mhz-and-1800mhz-by-gbp60m.html,18th Jul 2025
https://www.ispreview.co.uk/,Survey Claims UK Alternative Broadband Networks Still Confident of Future,"A new survey of 300 alternative networks, ISPs, suppliers and other companies has found that 83% of altnet decision makers believe their companies will grow over the next year, while 77% said they are planning to increase their investment in the coming 12 months. Similarly, 70% believe the forthcoming consolidation will have a positive impact.",https://www.ispreview.co.uk/index.php/2025/07/survey-claims-uk-alternative-broadband-networks-still-confident-of-future.html,17th Jul 2025
https://www.ispreview.co.uk/,Ofcom UK Confirm Changes to 3.9GHz Band for 5G Mobile and Wireless Broadband,"Ofcom has introduced changes to its existing licence for the 3.9GHz (3925 – 4009MHz) radio spectrum band, which among other things will adjust the authorised frequency from 3925-4009MHz to 3800-3884MHz (i.e. making it more efficient) and allow Three UK (VodafoneThree) to harness it for fixed wireless and 5G based mobile broadband services ( Three Home Broadband) .",https://www.ispreview.co.uk/index.php/2025/07/ofcom-uk-confirm-changes-to-3-9ghz-band-for-5g-mobile-and-wireless-broadband.html,17th Jul 2025
https://www.ispreview.co.uk/,Ofcom Study Examines UK Speed and Coverage of 4G and 5G Mobile Networks,"The UK communications regulator, Ofcom , has today published their 2025 Mobile Matters report, which uses Opensignal ’s crowdsourced data (collected between October 2024 and March 2025) to benchmark the performance of UK mobile broadband networks by both technology (2G to 5G), nation and operator choice – including Three UK, O2 , Vodafone and EE .",https://www.ispreview.co.uk/index.php/2025/07/ofcom-study-examines-uk-speed-and-coverage-of-4g-and-5g-mobile-networks.html,17th Jul 2025
https://www.ispreview.co.uk/,Openreach Recycles UK Home Broadband Kit to Help Slash Plastic Use,"Network access provider Openreach ( BT ) has today announced the launch of a new range of Optical Network Terminals (ONT) from Nokia – the wall-mounted optical modems that get installed in homes alongside their Fibre-to-the-Premises ( FTTP ) broadband ISP lines, which use re-engineered casings made from 85% recycled plastic.",https://www.ispreview.co.uk/index.php/2025/07/openreach-recycles-uk-home-broadband-kit-to-help-slash-plastic-use.html,17th Jul 2025
https://www.ispreview.co.uk/,CityFibre UK Lays 286km of Fibre for FTTP Broadband Build in Bognor Regis,Roughly three years have passed since CityFibre first started rolling out their 10Gbps capable Fibre-to-the-Premises (FTTP) broadband ISP network across the West Sussex seaside town of Bognor Regis ( here ). But the operator has today revealed that they’ve so far laid over 286km of new fibre in the town.,https://www.ispreview.co.uk/index.php/2025/07/cityfibre-uk-lays-286km-of-fibre-for-fttp-broadband-build-in-bognor-regis.html,17th Jul 2025
https://www.ispreview.co.uk/,UK Ranks Poorly in Ookla’s European Study of 5G Mobile Availability,"Broadband network benchmarking firm Ookla , which collects data from consumers via their popular internet Speedtest.net website and App, has published the results of a new Q2 2025 study that ranks European countries by their level of 5G mobile network availability. But the UK somewhat unsurprisingly comes in near the bottom with an availability level of 45.2%.",https://www.ispreview.co.uk/index.php/2025/07/uk-ranks-poorly-in-ooklas-european-study-of-5g-mobile-availability.html,17th Jul 2025
https://www.ispreview.co.uk/,30 Government Funded 4G Mobile Mast Upgrades Now Live Across Wales,"The UK Government has this morning revealed that a total of 30 publicly-funded rural 4G (mobile broadband) mast upgrades have now gone live across Wales as part of the industry-led £1bn Shared Rural Network (SRN) project, which recently succeeded ( here ) in extending geographic 4G coverage from at least one operator to 95% of the UK (aggregate).",https://www.ispreview.co.uk/index.php/2025/07/30-government-funded-4g-mobile-mast-upgrades-now-live-across-wales.html,17th Jul 2025
https://www.ispreview.co.uk/,"Virgin Media O2 Connect 1,000 Residents in Newcastle to Free Internet","Mobile operator O2 ( Virgin Media ) and UK tech charity Jangala have worked with the Newcastle City Council (NCC) to connect more than 1,000 local residents living in housing plus schemes at 30 different locations to a “free internet” service, which harnesses their special GetBoxes (a type of portable WiFi broadband router that uses mobile data).",https://www.ispreview.co.uk/index.php/2025/07/virgin-media-o2-connect-1000-residents-in-newcastle-to-free-internet.html,17th Jul 2025
https://www.ispreview.co.uk/,Which? Name Virgin Media and EE as Biggest UK Consumer Letdowns of 2025 UPDATE,"Consumer magazine Which? has this morning named the winners of their Shoddy Awards 2025, which lists the companies that have done poorly through the year. The bad news is that broadband ISP Virgin Media was awarded a Shoddy for the third year running due to poor ratings and price rises, while EE picked up an award for its mid-contract price rises on mobile bundles.",https://www.ispreview.co.uk/index.php/2025/07/which-name-virgin-media-and-ee-as-biggest-uk-consumer-letdowns-of-2025.html,17th Jul 2025
https://www.ispreview.co.uk/,Broadband ISP Yayzi Deploys IPv6 Addressing Across UK Network,"Internet provider Yayzi Broadband has this afternoon informed ISPreview that they’ve begun to deploy Internet Protocol v6 (IPv6) addressing across their entire network as part of a step toward “future-proofing our infrastructure and enhancing network performance, scalability, and connectivity“. But it will take a few “days” longer before it reaches every user.",https://www.ispreview.co.uk/index.php/2025/07/broadband-isp-yayzi-deploys-ipv6-addressing-across-uk-network.html,16th Jul 2025
https://www.ispreview.co.uk/,"O2 UK Boost 4G and 5G Mobile at 2,000 Postcodes in Coventry","Mobile network operator O2 (Virgin Media) has today revealed that over the last 12-months they’ve upgraded the network capacity and coverage of their 4G and 5G mobile (mobile broadband) services at a total of over 2,000 postcodes across the West Midlands (England) city of Coventry.",https://www.ispreview.co.uk/index.php/2025/07/o2-uk-boost-4g-and-5g-mobile-at-2000-postcodes-in-coventry.html,16th Jul 2025
https://www.ispreview.co.uk/,Government Set Six Standards to Tackle Digital Divide in UK Schools,"The UK Government’s Department for Education (DfE) has today set out “six standards” that it hopes will end the “postcode lottery of school technology” and help to close the digital divide. The standards cover broadband internet, wireless networks, network switches, digital leadership, plus two safety requirements: cyber security and filtering and monitoring to keep pupils safe online.",https://www.ispreview.co.uk/index.php/2025/07/government-set-six-standards-to-tackle-digital-divide-in-uk-schools.html,16th Jul 2025
https://www.ispreview.co.uk/,Openreach Extend FTTP Uninhabitable Broadband Locations Pilot for 12 Months,"Network access provider Openreach has decided to extend the ongoing UK pilot of Fibre-to-the-Premises (FTTP) based broadband lines for “Uninhabitable Locations” for a further 12-months (i.e. where the service is used to connect non-traditional end points such as CCTV cameras, bus shelter signs, EV charging points, lift lines etc.).",https://www.ispreview.co.uk/index.php/2025/07/openreach-extend-fttp-uninhabitable-broadband-pilot-for-12-months.html,16th Jul 2025
https://www.ispreview.co.uk/,TalkTalk Cause Confusion for Some UK Users with Paid Email Migration UPDATE,"Some customers of UK ISP TalkTalk have been left confused after the broadband provider emailed them to notify that their free email accounts would soon be migrated to Open-Xchange’s Everymail platform, which will attract a cost of £5 per month – those who don’t agree by 8th September 2025 will lose access. But it’s not quite that simple.",https://www.ispreview.co.uk/index.php/2025/07/talktalk-cause-confusion-for-some-uk-users-with-paid-email-migration.html,16th Jul 2025
https://www.ispreview.co.uk/,Broadband ISP TalkTalk Issue Trading Update and Hints at New UK WiFi Product,"The heavily indebted TalkTalk Group, which has recently been going through another turbulent period due to payment disputes with suppliers and reports of a possible sale ( here , here and here ), has today published a fairly limited Q1 FY26 trading update to 31st May 2025 that attempts to highlight the positives and hints at a new home Wi-Fi proposition.",https://www.ispreview.co.uk/index.php/2025/07/broadband-isp-talktalk-issue-trading-update-and-hints-at-new-uk-wifi-product.html,16th Jul 2025
https://www.ispreview.co.uk/,SpaceX to Launch First 1Tbps GEN3 Starlink Broadband Satellites in H1 2026,"SpaceX’s Starlink service, which offers ultrafast broadband speeds to the UK and globally via a massive constellation of satellites in Low Earth Orbit (LEO), has published a new network update that reveals how the first of their third generation (GEN3) satellites will launch during the first half of 2026. Assuming their Starship rockets stop exploding.",https://www.ispreview.co.uk/index.php/2025/07/spacex-to-launch-first-1tbps-gen3-starlink-broadband-satellites-in-h1-2026.html,16th Jul 2025
https://www.ispreview.co.uk/,Giffgaff Enhances its UK Mobile Phone Recycling Service via £40 Bonus,"Mobile network provider giffgaff , which is owned by Telefónica and harnesses O2 ’s virtual operator (MVNO) platform in the UK, has moved to encourage more people to cash in their old phones by offering an additional £40 incentive via their recycle service.",https://www.ispreview.co.uk/index.php/2025/07/giffgaff-enhances-its-uk-mobile-phone-recycling-service-via-40-bonus.html,16th Jul 2025
https://www.ispreview.co.uk/,Significant Job Cuts Set to Strike Workers at UK Broadband ISP Cuckoo,"Internet service provider Cuckoo , which is the consumer broadband outlet for the associated AllPoints Fibre (Fern Trading) network – as well as several third-party full fibre operators ( Openreach , CityFibre ), has confirmed to ISPreview that they’ve had to put a sizeable proportion of their current staff under notice of potential redundancy.",https://www.ispreview.co.uk/index.php/2025/07/significant-job-cuts-set-to-strike-workers-at-uk-broadband-isp-cuckoo.html,16th Jul 2025
https://www.ispreview.co.uk/,Cloudflare Blocking Access to Internet Piracy Websites in the UK,"At present, it’s already quite well known that the UK’s major home broadband ISPs ( BT , Virgin Media , Sky Broadband , EE , Plusnet , TalkTalk etc.) block customers from accessing websites that have been found, via the High Court, to facilitate internet copyright infringement (piracy). But now Content Delivery Network (CDN) provider Cloudflare has started doing the same.",https://www.ispreview.co.uk/index.php/2025/07/cloudflare-blocking-access-to-internet-piracy-websites-in-the-uk.html,15th Jul 2025
https://www.ispreview.co.uk/,Sky Broadband’s Full Fibre 2.5Gbps and 5Gbps Speeds Now Available Online,"Internet provider Sky Broadband has today confirmed that, as per last week’s partial launch announcement ( here ), their new Full Fibre 2.5 Gigafast+ (2.5Gbps) and Full Fibre 5 Gigafast+ (5Gbps) packages are now available to order online via CityFibre ’s growing UK FTTP broadband network (available to c.4.5 million homes).",https://www.ispreview.co.uk/index.php/2025/07/sky-broadbands-full-fibre-2-5gbps-and-5gbps-speeds-now-available-online.html,15th Jul 2025
https://www.ispreview.co.uk/,Freedom Fibre Launch New 2500Mbps Broadband Tier for UK ISPs,"Network operator Freedom Fibre, which has so far grown their FTTP (XGS-PON) based gigabit broadband network to cover 350,000 premises across various parts of England and North Wales, has today made a new 160Mbps and faster 2.5Gbps (2500Mbps) tier available to their broadband ISP partners at wholesale.",https://www.ispreview.co.uk/index.php/2025/07/freedom-fibre-launch-new-2500mbps-broadband-tier-for-uk-isps.html,15th Jul 2025
https://www.ispreview.co.uk/,GoFibre Win Project Gigabit Broadband Rollout Contract for North East Scotland,"Edinburgh-based ISP and network builder GoFibre has secured a fourth contract under the UK government’s £5bn Project Gigabit scheme. The new deal is worth £105m (state aid) and will see them expand their gigabit speed Fibre-to-the-Premises (FTTP) broadband network to cover “around” 63,000 premises in hard-to-reach rural areas of North East Scotland.",https://www.ispreview.co.uk/index.php/2025/07/gofibre-win-project-gigabit-broadband-rollout-contract-for-north-east-scotland.html,15th Jul 2025
https://www.ispreview.co.uk/,Quickline Put FTTP Broadband Live in 3 More West Yorkshire UK Villages,"Alternative network operator and rural ISP Quickline has announced that their new gigabit-capable Fibre-to-the-Premises (FTTP) broadband network has just gone live in three more West Yorkshire (England) villages, including Southowram, Clifton and Holywell Green.",https://www.ispreview.co.uk/index.php/2025/07/quickline-put-fttp-broadband-live-in-3-more-west-yorkshire-uk-villages.html,15th Jul 2025
https://www.ispreview.co.uk/,Ookla Name Vodafone UK Best for 5G Mobile Video Streaming in H1 2025,"Network benchmarking firm Ookla, which collects data from consumers via their popular broadband Speedtest.net website and App, have published the results of their Q1-Q2 2025 study into the video streaming performance of 5G mobile networks and awarded Vodafone the best on a score of 85.29 out of 100. But none of the operators performed particularly poorly.",https://www.ispreview.co.uk/index.php/2025/07/ookla-name-vodafone-uk-best-for-5g-mobile-video-streaming-in-h1-2025.html,15th Jul 2025
https://www.ispreview.co.uk/,ICO Rules BT and Openreach are Subject to UK Environmental Info Requests,"Telecoms giant BT and Openreach are appealing a recent decision by the Information Commissioner’s Office ( ICO ), which made them subject to public information requests about their UK broadband network under the Environmental Information Regulations (EIR). The decision could potentially provide communities and rivals with a new avenue for extracting useful info.",https://www.ispreview.co.uk/index.php/2025/07/ico-rules-bt-and-openreach-are-subject-to-uk-environmental-info-requests.html,15th Jul 2025
https://www.ispreview.co.uk/,Study Finds Brightness Reduction in Starlink v2 LEO Broadband Satellites,"A newly published study from researchers at the University of California (Department of Physics and Astronomy) has found that Starlink ’s (SpaceX) second generation (v2) broadband satellites, which sit in a Low Earth Orbit (LEO), are darker than V1s despite being much larger (both bus and solar arrays). The results represent good news for astronomers.",https://www.ispreview.co.uk/index.php/2025/07/study-finds-brightness-reduction-in-starlink-v2-leo-broadband-satellites.html,14th Jul 2025
https://www.ispreview.co.uk/,"Vodafone UK Launch Fix and Go Service for Apple, Samsung and Google Handsets","Mobile network operator Vodafone (VodafoneThree) has this week begun to roll-out a new “Fix & Go” service to certain UK stores, which offers consumers “on any network” an “affordable and reliable” way to get their Samsung, Apple and Google handsets fixed in-store by one of the operator’s repair specialists.",https://www.ispreview.co.uk/index.php/2025/07/vodafone-uk-launch-fix-and-go-service-for-apple-samsung-and-google-handsets.html,14th Jul 2025
https://www.ispreview.co.uk/,EE UK Upgrades Indoor 4G Mobile Network at Manchester Airport,Mobile operator EE has today announced that they’ve worked with the Wireless Infrastructure Group (WIG) to deliver “enhanced connectivity” across all three terminals at Manchester Airport. The upgrade involved the deployment of a new Distributed Antenna System (DAS) to boost indoor coverage and capacity.,https://www.ispreview.co.uk/index.php/2025/07/ee-uk-upgrades-indoor-4g-mobile-network-at-manchester-airport.html,14th Jul 2025
https://www.ispreview.co.uk/,BT Study Claims UK Makes it Too Hard to Install New 5G Mobile Masts – Missing £230bn Boost,"Broadband and telecoms giant BT (EE) has published a new report from Assembly Research, which suggests that the UK is one of the hardest countries for building new mobile broadband infrastructure and has called for more reform of the planning rules (e.g. allowing taller masts). The prize, claims the report, could be to unlock up to £230bn in economic benefits by 2035.",https://www.ispreview.co.uk/index.php/2025/07/bt-study-claims-uk-makes-it-too-hard-to-install-new-5g-mobile-masts-missing-230bn-boost.html,14th Jul 2025
https://www.ispreview.co.uk/,Environment Agency Recommends Deleting OLD Emails to Save Water,"More hosepipe bans are now starting to come into force to help tackle water shortages during the increasingly dry summer months. Partly as the response to that, the UK Government’s Environment Agency (EA) has recently begun recommending that people help to save water by “deleting old emails to reduce pressure on data centre servers“.",https://www.ispreview.co.uk/index.php/2025/07/environment-agency-recommends-deleting-old-emails-to-save-water.html,14th Jul 2025
https://www.ispreview.co.uk/,EXA Infrastructure Deploys New Subsea Fibre Optic Route from London to Europe,"London-registered network operator EXA Infrastructure , which in 2021 was acquired by investment firm I Squared Capital, has today confirmed the completed deployment of a new 1,200km fibre optic network route that will connect London in England to Frankfurt, Amsterdam and Brussels.",https://www.ispreview.co.uk/index.php/2025/07/exa-infrastructure-deploys-new-subsea-fibre-optic-route-from-london-to-europe.html,14th Jul 2025
https://www.ispreview.co.uk/,CityFibre Agrees £2.3bn Funding Deal to Boost UK Full Fibre Broadband,Digital infrastructure builder CityFibre has today announced that they’ve reached a crucial UK funding agreement worth £2.3bn (mix of debt and equity). The deal will support the ongoing deployment of their new 10Gbps capable Fibre-to-the-Premises ( FTTP ) broadband network and also drive a new wave of consolidation.,https://www.ispreview.co.uk/index.php/2025/07/cityfibre-agrees-2-3bn-funding-deal-to-boost-uk-full-fibre-broadband.html,14th Jul 2025
https://www.ispreview.co.uk/,Study Claims 60 Percent of UK Broadband Users are Out of Contract,"New research from Broadband Genie and OnePoll, which surveyed a total of 3,997 broadband bill payers in the UK between July and November 2024, has revealed that 60% of respondents are out-of-contract – varying between a peak of 64% for those aged 65+ and a low of 55% for those aged 18-24. But many of these could be paying extra by failing to switch ISP.",https://www.ispreview.co.uk/index.php/2025/07/study-claims-60-percent-of-uk-broadband-users-are-out-of-contract.html,14th Jul 2025
https://www.ispreview.co.uk/,Faulty Three UK Mast Disrupts Mobile Connectivity in Handforth for 6 Weeks,"Customers of mobile network operator Three UK (VodafoneThree) in the Cheshire (England) town of Handforth, which is home to nearly 7,000 people, have complained to ISPreview that they’ve been suffering from disruption to their calls and data (mobile broadband) connectivity for over a month after the local mast developed a fault.",https://www.ispreview.co.uk/index.php/2025/07/faulty-three-uk-mast-disrupts-mobile-connectivity-in-handforth-for-6-weeks.html,13th Jul 2025
https://www.ispreview.co.uk/,Openreach Testing Relaxed Rules for UK Exchange Closure Pilot,"Network operator Openreach ( BT ) are testing a relaxation of their FTTP broadband Priority Exchange Stop Sell rules and Copper line re-arrangement in the Kenton Road Exchange area. This is one of the three exchanges taking part in their initial pilot project to test approaches, before eventually closing c.4,600 of their legacy exchanges from 2030 onwards.",https://www.ispreview.co.uk/index.php/2025/07/openreach-testing-relaxed-rules-for-uk-exchange-closure-pilot.html,12th Jul 2025
https://www.ispreview.co.uk/,"High Court Rejects Phones 4u Appeal in Damages Claim vs O2, EE and Vodafone UK UPDATE","The long-running saga of former high street mobile phone retailed Phones 4u (P4u), which fell into administration in 2014 and claimed that key mobile operators (e.g. O2 , EE and Vodafone ) had colluded to drive them out of business, may have finally come to an end after the Court of Appeal in London dismissed each ground of the case.",https://www.ispreview.co.uk/index.php/2025/07/high-court-rejects-phones-4u-appeal-in-damages-claim-vs-o2-ee-and-vodafone-uk.html,11th Jul 2025
https://www.ispreview.co.uk/,Openreach Speeds Up Proactive FTTP Broadband Upgrades by UK ISPs,"Network operator Openreach ( BT ) has tweaked their Proactive FTTP Upgrades process for ISPs, which allows providers to optionally reduce the normal lead time of 6 weeks. Just to be clear, it’s normally consumers that initiate an upgrade, but with proactive upgrades the initiator is your ISP (this can help with copper broadband [ ADSL / FTTC / G.fast ] to full fibre migrations).",https://www.ispreview.co.uk/index.php/2025/07/openreach-speeds-up-proactive-fttp-broadband-upgrades-by-uk-isps.html,11th Jul 2025
https://www.ispreview.co.uk/,UK Gov Boosts Eutelsat’s OneWeb LEO Broadband Satellites by £140m UPDATE,"The UK Government has agreed to commit a further £140m (€163.3) of public investment to help Eutelsat grow and expand its constellation of OneWeb ultrafast broadband satellites in Low Earth Orbit (LEO). The funding will be combined with other investments, such as €750m from France (the French State), to support a total capital increase of €1.5 billion (£1.29bn).",https://www.ispreview.co.uk/index.php/2025/07/uk-gov-boosts-eutelsats-oneweb-leo-broadband-satellites-by-140m.html,11th Jul 2025
https://www.ispreview.co.uk/,UKHSA Publish New Study Assessing Exposures to 5G Mobile Radio Waves,The issue of mobile broadband networks and human health just cropped up again after the UK Health Security Agency (UKHSA) published the outcome from its “extensive programme of research” to assess exposures from 5G Base Stations. The study found exposure to radio waves from 5G remain “well below the guidelines” and is “generally lower or similar” to 4G EMF exposure.,https://www.ispreview.co.uk/index.php/2025/07/ukhsa-publish-new-study-assessing-exposures-to-5g-mobile-radio-waves.html,11th Jul 2025
https://www.ispreview.co.uk/,Disney+ and ITV Deal to Exchange Streaming TV Shows and Movies,"Internet video streaming provider Disney+ (Walt Disney Company) has signed a new strategic agreement with British TV broadcaster ITV, which will enable both platforms to exchange TV and movie content between each other’s respective broadband streaming services (e.g. ITVX).",https://www.ispreview.co.uk/index.php/2025/07/disney-and-itv-deal-to-exchange-streaming-tv-shows-and-movies.html,10th Jul 2025
https://www.ispreview.co.uk/,Sky UK Relaunches its VIP Customer Loyalty Programme,"Sky ( Sky Broadband , Sky TV etc.) today claims to be “relaunching” their popular Sky VIP scheme, which typically offers special discounts and rewards to existing customers. The relaunch will deliver even more free treats, savings, and experiences – available to millions of UK customers via the My Sky app.",https://www.ispreview.co.uk/index.php/2025/07/sky-uk-relaunches-its-vip-customer-loyalty-programme.html,10th Jul 2025
https://www.ispreview.co.uk/,4G and 5G Mobile Coverage Extends to More of London Underground,"The latest progress update from Transport for London (TfL) and Boldyn Networks has revealed that they’ve now extended 4G and 5G mobile (mobile broadband) coverage on the London Underground and Central London to include further sections of the Piccadilly, Northern and Victoria lines. This can be harnessed by all the major mobile operators.",https://www.ispreview.co.uk/index.php/2025/07/4g-and-5g-mobile-coverage-extends-to-more-of-london-underground.html,10th Jul 2025
https://www.ispreview.co.uk/,Vodafone UK Named Best Mobile Network in Central London,"A new study from SignalTracker , which operates a popular Android-based mobile app for monitoring and examining mobile phone reception and performance (not available on Apple’s iOS), has named Vodafone as the best mobile operator in Central London for its balance of 4G / 5G coverage and mobile broadband speeds.",https://www.ispreview.co.uk/index.php/2025/07/vodafone-uk-named-best-mobile-network-in-central-london.html,10th Jul 2025
https://www.ispreview.co.uk/,Openreach Start Rural UK FTTP Broadband Rollout Under Project Gigabit,"Network operator Openreach (BT) has today announced that they’ve kicked off the construction phase for several of their recently awarded Project Gigabit broadband roll-out contracts with the government (BDUK), including in remote rural parts of Lancashire, Wales, Devon, Hertfordshire, Staffordshire and Wiltshire.",https://www.ispreview.co.uk/index.php/2025/07/openreach-start-rural-uk-fttp-broadband-rollout-under-project-gigabit.html,10th Jul 2025
https://www.ispreview.co.uk/,Check Now – 18 Trusted Web Browser Extensions Discovered Stealing Your Data,"Researchers from Kai Security have identified eighteen extensions (add-ons) for Google’s Chrome and Microsoft’s Edge website browsers, some of which are both well rated and widely installed, that have been stealthily used to hide a Trojan infection that can hijack your browser and steal personal data. Worse is that 2.3 million users have installed one of them.",https://www.ispreview.co.uk/index.php/2025/07/check-now-18-trusted-web-browser-extensions-discovered-stealing-your-data.html,10th Jul 2025
https://www.ispreview.co.uk/,ISP Sky Broadband Offers UK FTTC Customers Free Upgrades to FTTP,"Customers of Sky Broadband ’s “superfast” (part-fibre) packages (FTTC or SOGEA), specifically those living in areas where Fibre-to-the-Premises (FTTP) lines now exist from either Openreach or CityFibre ’s networks, have started to receive Texts (SMS) and WhatsApp messages inviting them to upgrade to their Full Fibre 100Mbps (18Mbps upload) service “at no extra charge“.",https://www.ispreview.co.uk/index.php/2025/07/isp-sky-broadband-offers-uk-customers-free-upgrades-to-full-fibre.html,10th Jul 2025
https://www.ispreview.co.uk/,Broadband ISP Ogi Award Community Grants to Projects in Rural Wales,"Infracapital-backed UK ISP Ogi , which is rolling out a 10Gbps capable full fibre (FTTP) broadband network across South Wales (110,000 RFS premises passed by end of 2024), has today announced that they’ve released another batch of grants – worth around £5,000 – as part of their “Cefnogi” community support fund for local projects.",https://www.ispreview.co.uk/index.php/2025/07/broadband-isp-ogi-awards-community-grants-to-projects-in-rural-wales.html,10th Jul 2025
https://www.ispreview.co.uk/,Virgin Media UK Waves Farewell to BBC iPlayer Support on TiVo TV Box,"Customers of broadband and phone provider Virgin Media ( O2 ), specifically those who take their pay TV service and continue to use one of the provider’s legacy TiVo set-top-boxes, have recently been informed – via email – that the BBC ’s popular iPlayer service “will no longer be supported” from 23rd July 2025. But it’s not all bad news.",https://www.ispreview.co.uk/index.php/2025/07/virgin-media-uk-waves-farewell-to-bbc-iplayer-support-on-tivo-tv-box.html,9th Jul 2025
https://www.ispreview.co.uk/,Broadband ISP KCOM Awards Three More Digital Inclusion Grants,"Hull-based incumbent broadband provider KCOM , which has built a Fibre-to-the-Premises ( FTTP ) network across large parts of East Yorkshire and Lincolnshire in England, has named three more winners for their Digital Inclusion Grants – worth a combined £20k. A total of £100,000 has so far been paid out to related projects since the scheme started.",https://www.ispreview.co.uk/index.php/2025/07/broadband-isp-kcom-awards-three-more-digital-inclusion-grants.html,9th Jul 2025
https://www.ispreview.co.uk/,"Wildanet’s Project Gigabit Broadband Build in Cornwall Covers 10,000 Premises","Alternative UK network provider Wildanet has announced that they’ve now built their Fibre-to-the-Premises ( FTTP ) based broadband service to an additional 10,000 premises in rural Cornwall. The effort forms part of the three contracts they hold with the government’s wider £5bn Project Gigabit programme, which are worth £77m (state aid).",https://www.ispreview.co.uk/index.php/2025/07/wildanets-project-gigabit-broadband-build-in-cornwall-covers-10000-premises.html,9th Jul 2025
https://www.ispreview.co.uk/,Neos Networks Completes Oxfordshire UK GigaHubs Full Fibre Build,"The Oxfordshire County Council (OCC) and Neos Networks have today confirmed the completion of their £7.25m “GigaHubs” project, which has now connected 192 public sector sites (schools, hospitals etc.) to a new 1,500km long gigabit-capable full fibre broadband network.",https://www.ispreview.co.uk/index.php/2025/07/neos-networks-completes-oxfordshire-uk-gigahubs-full-fibre-build.html,9th Jul 2025
https://www.ispreview.co.uk/,Ookla Award Three UK and Vodafone Fastest for 5G Mobile Speeds in H1 2025,"Network testing firm Ookla, which collects data from consumers via their popular broadband Speedtest.net service, has published their Q1-Q2 2025 (H1) study into the speed of 5G based mobile broadband networks across the United Kingdom. The results reveal that Three UK continues to hold the top spot, followed by merger partner Vodafone .",https://www.ispreview.co.uk/index.php/2025/07/ookla-award-three-uk-and-vodafone-fastest-for-5g-mobile-speeds-in-h1-2025.html,9th Jul 2025
https://www.ispreview.co.uk/,Sky Broadband Launch WiFi 7 Router and 5Gbps UK Broadband via CityFibre UPDATE,Internet provider Sky Broadband has today gone fully live via CityFibre ’s growing Fibre-to-the-Premises (FTTP) based home broadband network. The change is being launched alongside a new Wi-Fi 7 router – “Gigafast+ Hub” (SCER11BELUKS) – and two new packages – Full Fibre 2.5 Gigafast+ (2.5Gbps) and Full Fibre 5 Gigafast+ (5Gbps).,https://www.ispreview.co.uk/index.php/2025/07/sky-broadband-launch-5gbps-uk-broadband-via-cityfibre-and-wifi-7-router.html,9th Jul 2025
https://www.ispreview.co.uk/,Ookla Bring New Features to Internet Speedtest and Downdetector App,"Network testing firm Ookla has released an updated version of their popular broadband performance testing Speedtest.net app (Android and iOS), which further improves integration with their popular internet outage monitoring service (Downdetector) and adds new Experience Ratings to their speed tester.",https://www.ispreview.co.uk/index.php/2025/07/ookla-bring-new-features-to-internet-speedtest-and-downdetector-app.html,8th Jul 2025
https://www.ispreview.co.uk/,Heathrow Ranks Poorly in Study of WiFi and Mobile Broadband at 48 Airports,"New research from network testing firm Ookla, which operates the popular online Speedtest.net service for broadband users, has revealed that London Heathrow (LHR) in the UK ranks poorly for mobile broadband ( 4G /5G) and WiFi performance when compared with 48 major airports worldwide.",https://www.ispreview.co.uk/index.php/2025/07/heathrow-ranks-poorly-in-study-of-wifi-and-mobile-broadband-at-48-airports.html,8th Jul 2025
https://www.ispreview.co.uk/,Eir Take BT to Court in £67m Damages Claim Over N.Ireland Contract UPDATE,"Irish network operator Eir is taking BT ( Openreach ) to the High Court in London over a claim for damages worth £67m, which relates to a long-running dispute over the UK broadband giant’s Northern Ireland Public Sector Shared Network (NIPSSN) contract to provide connectivity services; the same one that attracted a £6.3m fine from Ofcom in 2020.",https://www.ispreview.co.uk/index.php/2025/07/eir-take-bt-to-court-in-67m-damages-claim-over-n-ireland-contract.html,8th Jul 2025
https://www.ispreview.co.uk/,Ofcom Make it Quicker to Raise UK Broadband and Phone Complaints,"The UK telecoms and media regulator, Ofcom , has today confirmed that they will make it quicker for consumers to access Alternative Dispute Resolution (ADR) providers, which are third-party ombudsman schemes that help people to resolve complaints with their phone, broadband and mobile providers.",https://www.ispreview.co.uk/index.php/2025/07/ofcom-make-it-quicker-to-raise-uk-broadband-and-phone-complaints.html,8th Jul 2025
https://www.ispreview.co.uk/,Tesco Mobile Make Top 10 for UK Customer Satisfaction as Virgin Media Improves,"The Institute of Customer Service (ICS) has today published their second biannual UK Customer Satisfaction Index for 2025 (July), which reveals that only one mobile and broadband (telecoms) provider made it into their table of the country’s top 50 organisations – Tesco Mobile (9th). But both Virgin Media and Utility Warehouse saw a big improvement.",https://www.ispreview.co.uk/index.php/2025/07/tesco-mobile-make-top-10-for-uk-customer-satisfaction-as-virgin-media-improves.html,8th Jul 2025
https://www.ispreview.co.uk/,ISPA Study Claims 72 Percent of UK Backs Continued Investment in Broadband,"The UK Internet Service Providers Association ( ISPA ), which is a trade body representing ISPs and related comms providers, has today published the results of a new nationally representative poll. This found that 72% of people believe it’s important for broadband providers to keep upgrading networks and 62% were willing to accept short-term traffic disruption for long-term improvements.",https://www.ispreview.co.uk/index.php/2025/07/ispa-study-claims-72-percent-of-uk-backs-continued-investment-in-broadband.html,8th Jul 2025
https://www.ispreview.co.uk/,MedUX Benchmark Finds UK is Weak for 5G Mobile Network Connectivity,"Network benchmarking firm MedUX has today published the results of a new study that examined the United Kingdom’s experience and quality of 5G (mobile broadband) networks. But sadly, it discovers that a “significant gap” remains between aspiration and reality for customers.",https://www.ispreview.co.uk/index.php/2025/07/medux-benchmark-finds-uk-is-weak-for-5g-mobile-network-connectivity.html,8th Jul 2025
https://www.ispreview.co.uk/,Gov Confirm 7th Sept 2025 Test of UK Mobile Emergency Alerts System,"The UK government yesterday revealed the time and date for its next major nationwide test of the Emergency Alerts service by mobile network operators, which will take place at “around” 3pm on 7th September 2025. This is normally only intended to be used if there’s a “danger to life nearby” (e.g. severe flooding, fires and extreme weather).",https://www.ispreview.co.uk/index.php/2025/07/gov-confirm-7th-sept-2025-test-of-uk-mobile-emergency-alerts-system.html,8th Jul 2025
https://www.ispreview.co.uk/,System Error Leaves Virgin Media Broadband User Offline for 19 Weeks,"Broadband ISP Virgin Media UK has blamed a “system error” for leaving one of its new customers without a working internet connection for nearly five months, which resulted in repeated failures to complete the installation via missed engineer appointments. But to make matters worse, the provider initially only offered £30+ worth of compensation for the trouble.",https://www.ispreview.co.uk/index.php/2025/07/system-error-leaves-virgin-media-broadband-user-offline-for-19-weeks.html,8th Jul 2025
https://www.ispreview.co.uk/,Comms Council Reveal the 2025 Best UK VoIP Provider Award Finalists,"The Comms Council UK , which represents much of the United Kingdom’s national Unified Communications and Voice-over-Internet-Protocol ( VoIP ) phone industry, has today released their shortlist of finalists for the organisation’s 17th annual 2025 industry awards event.",https://www.ispreview.co.uk/index.php/2025/07/comms-council-reveal-the-2025-best-uk-voip-provider-award-finalists.html,7th Jul 2025
https://www.ispreview.co.uk/,Cornwall UK Police Warn Teenagers NOT to Climb Mobile Masts – Obviously,"The Falmouth and Helston Police (FHP) in Cornwall yesterday had to deal with another contender for the Darwin Awards after they warned that several teenagers had been spotted scaling to the top of a mobile network mast at Breageside, Porthleven – nearly becoming an example of natural selection at work.",https://www.ispreview.co.uk/index.php/2025/07/cornwall-uk-police-warn-teenagers-not-to-climb-mobile-masts-obviously.html,7th Jul 2025
https://www.ispreview.co.uk/,Broadband ISP Brsk Fined £14k by Ofcom UK for Telecoms Poles Rule Breach,"Alternative broadband ISP Brsk ( Netomnia ) has been fined £14,000 by Ofcom over its roll-out of hundreds of new 9 metre high telecoms poles in the city of Birmingham, which were installed to support the roll-out of a new full fibre ( FTTP ) network. But they were today found to have breached two conditions under the Electronic Communications Code (ECC).",https://www.ispreview.co.uk/index.php/2025/07/broadband-isp-brsk-fined-14k-by-ofcom-uk-for-broadband-poles-mistake.html,7th Jul 2025
https://www.ispreview.co.uk/,O2 UK Launch Smartphone Skin Case to Visualise Sun’s Harmful UV Rays UPDATE,"Customers of mobile network operator O2 ( Virgin Media ) might like to know that they’ve today launched a “first-of-its-kind phone case“, which has been designed to “visually indicate the sun’s harmful UV rays and remind holidaymakers to stay safe“. The case reflects a collaborated with Researcher and Creative Technologist, Marc Teyssier.",https://www.ispreview.co.uk/index.php/2025/07/o2-uk-launch-smartphone-case-able-to-visualise-suns-harmful-uv-rays.html,7th Jul 2025
https://www.ispreview.co.uk/,TOTSCo Start Onboarding UK ISPs for Business Broadband Switching,"The One Touch Switching Company , which is the industry-led organisation responsible for helping to implement Ofcom ’s solution ( One Touch Switching ) for easier UK consumer switching between broadband providers, has begun the ISP onboarding process for its complementary business switching solution.",https://www.ispreview.co.uk/index.php/2025/07/totsco-start-onboarding-uk-isps-for-business-broadband-switching.html,7th Jul 2025
https://www.ispreview.co.uk/,First UK Users Go Live on Giffgaff’s 500Mbps Full Fibre Broadband Trial,"Mobile network provider giffgaff , which is owned by Telefónica and uses O2 ’s associated virtual operator (MVNO) platform, has recently started connecting the first customers to their new trial of a 500Mbps home broadband product – using nexfibre and Virgin Media ’s 10Gbps capable full fibre ( FTTP / XGS-PON) networks.",https://www.ispreview.co.uk/index.php/2025/07/first-uk-users-go-live-on-giffgaffs-500mbps-full-fibre-broadband-trial.html,7th Jul 2025
https://www.ispreview.co.uk/,A Question of Ethical Direct Mail Advertising by UK Broadband ISPs,"Today we’d like to pose a simple question, is the following direct mail envelope from a broadband ISP an appropriate way of advertising the service? The boundary between ethics and advertising is often a difficult tightrope to traverse, with many pros and cons to consider. But we are increasingly seeing the competitive market produce promotions that dip deeper into a grey zone.",https://www.ispreview.co.uk/index.php/2025/07/a-question-of-ethical-direct-mail-advertising-by-uk-broadband-isps.html,6th Jul 2025
https://www.ispreview.co.uk/,Yayzi Owner Establishes New UK Home Broadband ISP nufibre UPDATE,"The current owners of internet provider Yayzi Broadband appear to be in the process of establishing a new provider called nufibre , which is due to launch in about a month and will be offering FTTP broadband packages via a selection of network operators (the website shows logos for Openreach , Trooli , Freedom Fibre, MS3 , CityFibre and others).",https://www.ispreview.co.uk/index.php/2025/07/yayzi-owners-establish-new-uk-home-broadband-isp-nufibre.html,5th Jul 2025
https://www.ispreview.co.uk/,One Year Ahead of Schedule – Vodafone UK to Convert Vehicle Fleet to EVs,"Broadband ISP and mobile operator Vodafone UK has today revealed that they’ll have fully transitioned their car fleet to zero emissions Electric Vehicles (EV / BEVs) by 2026, which is a full year ahead of schedule. This forms part of the group’s commitment to achieving Net Zero across its operations by 2030 (i.e. removing as many emissions as they produce).",https://www.ispreview.co.uk/index.php/2025/07/one-year-ahead-of-schedule-vodafone-uk-to-convert-vehicle-fleet-to-evs.html,4th Jul 2025
https://www.ispreview.co.uk/,Amazon UK to Close Freevee TV Streaming Service in August 2025,"Internet retail giant Amazon has confirmed that its modestly popular ad-supported Freevee service, which has been running for around 5 years and is described on app stores (Android/iOS) as being a “premium free streaming service“, is set to be completely shut down in August 2025.",https://www.ispreview.co.uk/index.php/2025/07/amazon-uk-to-close-freevee-tv-streaming-service-in-august-2025.html,4th Jul 2025
https://www.ispreview.co.uk/,"Rural Broadband ISP Quickline Plants 10,000 Climate Resilient Trees in UK","Alternative rural broadband provider Quickline , which is building a full fibre (FTTP) and fixed wireless (FWA) network across rural parts of Yorkshire and Lincolnshire in England, has announced that they’ve successfully helped to plant 10,000 climate resilient trees in the UK by working in collaboration with GreenTheUK and the Royal Forestry Society.",https://www.ispreview.co.uk/index.php/2025/07/rural-broadband-isp-quickline-plants-10000-climate-resilient-trees-in-uk.html,4th Jul 2025
https://www.ispreview.co.uk/,LSBUD Identify Top Concerns Facing New Digital UK Underground Cables Map,"The LSBUD (Line Search Before You Dig) organisation, which offers an online asset search facility to UK civil engineering firms for underground pipes and cables, has conducted an industry-wide survey to identify the greatest concerns which remain around the Government’s new digital UK map of underground pipes and cables (broadband, water etc.), ahead of its integration.",https://www.ispreview.co.uk/index.php/2025/07/lsbud-identify-top-concerns-facing-new-digital-uk-underground-cables-map.html,4th Jul 2025
https://www.ispreview.co.uk/,New Study Examines UK Full Fibre Broadband Take-up by Age of Network,"Strategic consultancy firm Eight Advisory has today published the third edition of their Takeup Tracker, which examines the rise in take-up across the UK’s many alternative full fibre (FTTP) broadband networks (altnets) and compares it with that of Openreach ( BT ). This edition also takes a deeper dive into take-up by age of network – a key factor in gauging progress.",https://www.ispreview.co.uk/index.php/2025/07/new-study-examines-uk-full-fibre-broadband-take-up-by-age-of-network.html,4th Jul 2025
https://www.ispreview.co.uk/,Free Book Released About B4RN’s Rural UK Community FTTP Broadband Project,"A new book has popped up for free online that charts the fascinating history and progress of rural broadband ISP B4RN (Broadband for the Rural North), which is a community benefit society that has so far built their 10Gbps capable Fibre-to-the-Premises (FTTP) network to cover 30,000 premises across England (c.15,000 customers).",https://www.ispreview.co.uk/index.php/2025/07/rural-uk-community-fttp-broadband-project-b4rn-releases-free-book.html,4th Jul 2025
https://www.ispreview.co.uk/,KCOM Publish Prices for Broadband Infrastructure Sharing in Hull UK UPDATE,"Hull-based network operator KCOM , which has already deployed their own Fibre-to-the-Premises (FTTP) broadband network across a big chunk of East Yorkshire and Lincolnshire, has today quietly published their first terms and pricing details for a new PIA solution. The product allows rivals to run new fibre via the operator’s existing cable ducts and poles.",https://www.ispreview.co.uk/index.php/2025/07/kcom-publish-prices-for-broadband-infrastructure-sharing-in-hull-uk.html,3rd Jul 2025
https://www.ispreview.co.uk/,Top 10 UK Full Fibre Providers by Share of New Build Homes – 2025,"ISPreview has today published a 2025 summary of the top ten full fibre broadband (FTTP) operators with the largest share of the UK new build homes market, which is naturally a table that ends up being dominated by the market’s biggest network provider – Openreach ( BT ), followed by Hyperoptic and others.",https://www.ispreview.co.uk/index.php/2025/07/top-10-uk-full-fibre-providers-by-share-of-new-build-homes-2025.html,3rd Jul 2025
https://www.ispreview.co.uk/,"Country Connect Target 20,000 Premises with FTTP Broadband by 2026","The CEO (Mark Tomlinson) of small but profitable alternative network provider Country Connect has told Richard Tang, CEO of UK ISP Zen Internet , that they’re aiming to extend their full fibre (FTTP) broadband network to reach 20,000 premises by the end of 2026 (currently at c.10k RFS) and have plans to go wholesale. But if you want to buy the network, £10m will do it.",https://www.ispreview.co.uk/index.php/2025/07/country-connect-target-20000-premises-with-fttp-broadband-by-2026.html,3rd Jul 2025
https://www.ispreview.co.uk/,"O2 UK Boost 4G and 5G Mobile at 13,000 Scottish Postcodes for Summer","Mobile network operator O2 (Virgin Media) has today revealed that – over the past 12-months – they’ve upgraded the network capacity and coverage of their 4G and 5G mobile (mobile broadband) services at a total of 13,000 postcodes across Scotland, including at some of the country’s most remote destinations (SRN).",https://www.ispreview.co.uk/index.php/2025/07/o2-uk-boost-4g-and-5g-mobile-at-13000-scottish-postcodes-for-summer.html,3rd Jul 2025
https://www.ispreview.co.uk/,CityFibre Put First Full Fibre Homes Live in Buckinghamshire for Project Gigabit,"CityFibre , which has so far deployed their 5.5Gbps speed Fibre-to-the-Premises (FTTP) broadband ISP network to cover 4.4 million UK premises, has just connected its first customers in Buckinghamshire (inc. Hertfordshire and East Berkshire) as part of their £58m (state aid) Project Gigabit contract (LOT 26) to reach 34,000 hard-to-reach rural premises in the county.",https://www.ispreview.co.uk/index.php/2025/07/cityfibre-put-first-full-fibre-homes-live-in-buckinghamshire-for-project-gigabit.html,3rd Jul 2025
https://www.ispreview.co.uk/,Neos Networks Add DDoS Protection to Dedicated Internet Access Service,"Neos Networks , which operates one of the biggest 34,000km long and 400Gbps capable business fibre networks in the UK – spanning 550 exchanges, 90+ data centres and 600+ Points of Presence (PoPs), has today announced that they’ve integrated Distributed Denial of Service (DDoS) Mitigation as a built-in feature of its Dedicated Internet Access (DIA) service.",https://www.ispreview.co.uk/index.php/2025/07/neos-networks-add-ddos-protection-to-dedicated-internet-access-service.html,3rd Jul 2025
https://www.ispreview.co.uk/,Gov Planning New UK Law to Help Protect Subsea Fibre Optic Cables,"The UK Government’s Minister for Telecoms, Sir Chris Bryant MP, has told the Joint Committee’s ongoing Undersea Cables Inquiry that they will need to draft new laws in order to better address the growing risk of deliberate sabotage against our vital subsea fibre optic cables – responsible for carrying much of the world’s internet data traffic.",https://www.ispreview.co.uk/index.php/2025/07/gov-planning-new-uk-law-to-help-protect-subsea-fibre-optic-cables.html,3rd Jul 2025
https://www.ispreview.co.uk/,ISPA UK Awards Add Digital Inclusion Champion for Charities and Communities Category,"The UK Internet Service Providers Association ( ISPA ) has today added another category to their forthcoming 2025 industry awards event (27th ISPA Awards) – ‘Digital Inclusion Champion for Charities and Communities‘, which will sit alongside their similar ‘Digital Inclusion Champion for Industry‘ category.",https://www.ispreview.co.uk/index.php/2025/07/ispa-uk-awards-add-digital-inclusion-champion-for-charities-and-communities-category.html,2nd Jul 2025
https://www.ispreview.co.uk/,Broadband ISP Carnival Internet UK to Reduce eWaste and Tackle Digital Exclusion,"New ISP Carnival Internet UK , which was launched in May 2025 ( here ) and is being backed by global tech company Dotlines ( Dotlines UK ), has today announced that they’ve partnered with Brixton-based charity Community TechAid to help “tackle digital exclusion and e-waste“.",https://www.ispreview.co.uk/index.php/2025/07/broadband-isp-carnival-internet-uk-to-reduce-ewaste-and-tackle-digital-exclusion.html,2nd Jul 2025
https://www.ispreview.co.uk/,VodafoneThree Sign Exclusive UK Mobile Operator Distribution Deal with Currys,"VodafoneThree ( Vodafone and Three UK ) has today announced an exclusive new multi-year partnership with high street retailer Currys, which will see the newly merged operator becoming the retailer’s sole mobile network operator (distribution deal) and also expanding their offering to “include mobile broadband” (Fixed Wireless Access).",https://www.ispreview.co.uk/index.php/2025/07/vodafonethree-sign-exclusive-uk-mobile-operator-distribution-deal-with-currys.html,2nd Jul 2025
https://www.ispreview.co.uk/,Three UK Delivered Fastest Mobile Broadband Speeds at Glastonbury,"Network testing firm Ookla (i.e. Speedtest.net, Downdetector.co.uk) has today revealed that mobile operator Three UK delivered the fastest 4G and 5G mobile broadband speeds during last weekend’s Glastonbury Festival, which saw the operator produce a median average download of 347.66Mbps. But O2 ( Virgin Media ) were the slowest on 67.66Mbps.",https://www.ispreview.co.uk/index.php/2025/07/three-uk-delivered-fastest-mobile-broadband-speeds-at-glastonbury.html,2nd Jul 2025
https://www.ispreview.co.uk/,SpaceX Burnt Up 472 Starlink Broadband Satellites in Last 6 Months,"SpaceX has revealed to the Federal Communications Commission (FCC) that it deorbited 472 Starlink ultrafast broadband satellites – burning them up in Earth’s atmosphere – during the six-month period from December 2024 to May 2025 (2.6 per day), which marked a significant increase from previous period of six-months when just 73 met a fiery demise.",https://www.ispreview.co.uk/index.php/2025/07/spacex-burnt-up-472-starlink-broadband-satellites-in-last-6-months.html,2nd Jul 2025
https://www.ispreview.co.uk/,Rural Broadband ISP Wildanet Launch 2Gbps FTTP for South West England,"Alternative network provider Wildanet , which has spent the past few years building a new Fibre-to-the-Premises ( FTTP ) based gigabit broadband network across rural parts of Cornwall and Devon in England, has today announced the launch of its first 2Gbps speed package for consumers.",https://www.ispreview.co.uk/index.php/2025/07/rural-broadband-isp-wildanet-launch-2gbps-fttp-for-south-west-england.html,1st Jul 2025
https://www.ispreview.co.uk/,Despite Poor Mobile – London Named Most Popular European City for Startups,"Network benchmarking firm Opensignal , which uses crowdsourced speedtests from users of its apps and services, has examined the 15 most popular start-up hubs in Europe and warned that the leading city – London – still has a major weakness when it comes to the performance of local mobile connectivity (4G and 5G).",https://www.ispreview.co.uk/index.php/2025/07/despite-poor-mobile-london-named-most-popular-european-city-for-startups.html,1st Jul 2025
https://www.ispreview.co.uk/,Mobile Operator Giffgaff Hunts for New UK Boss as CEO Steps Down,"Mobile network operator giffgaff , which is owned by Telefónica and naturally uses O2 ’s virtual operator (MVNO) platform (they’re also trialling FTTP broadband via nexfibre and Virgin Media – here ), has announced that its CEO – Ash Schofield – has decided to step down, and they’ve begun the hunt for his replacement.",https://www.ispreview.co.uk/index.php/2025/07/mobile-operator-giffgaff-hunts-for-new-uk-boss-as-ceo-steps-down.html,1st Jul 2025
https://www.ispreview.co.uk/,Ofcom Updates on UK Satellite Broadband Fees and Project Kuiper,"The UK communications regulator has today published a shotgun blast of new satellite broadband consultations, which cover everything from changing satellite gateway fees to introducing another new gateway licence for Amazon ’s future Project Kuiper network. Ofcom has also proposed short duration licences for mobile (4G/5G) networks in the lower 2.3GHz band.",https://www.ispreview.co.uk/index.php/2025/07/ofcom-updates-on-uk-satellite-broadband-fees-and-project-kuiper.html,1st Jul 2025
https://www.ispreview.co.uk/,Broadband ISP EE UK Adds Stream Mode to WiFi Enhancer Service,"Mobile and broadband ISP EE ( BT ) has today added the new ‘Stream Mode’ feature to their existing WiFi Enhancer service, which works by claiming to “intelligently prioritise a customer’s favourite streaming apps, helping customers enjoy smooth, high-quality streaming … even when the entire household is online.”",https://www.ispreview.co.uk/index.php/2025/07/broadband-isp-ee-uk-adds-stream-mode-to-wifi-enhancer-service.html,1st Jul 2025
https://www.ispreview.co.uk/,Broadband ISP TalkTalk UK Adopt NiCE’s AI-Powered Customer Service Platform,"Debt troubled broadband ISP TalkTalk today claims to have taken “another step forward” in its “mission to become the UK’s most recommended Wi-Fi provider” by adopting a new AI-powered customer service automation platform from NiCE (tough ask in the current climate), which is called CXone Mpower.",https://www.ispreview.co.uk/index.php/2025/07/broadband-isp-talktalk-uk-adopt-nices-ai-powered-customer-service-platform.html,1st Jul 2025
https://www.ispreview.co.uk/,Rural UK Full Fibre Broadband ISP Gigaclear Sees More Job Cuts,"Abingdon-based alternative rural gigabit broadband ISP Gigaclear , which has already deployed their full fibre (FTTP) network to cover 600,000 premises (mostly in remote rural parts of England), sadly appears to have suffered another round of redundancies over the past few weeks.",https://www.ispreview.co.uk/index.php/2025/07/rural-uk-full-fibre-broadband-isp-gigaclear-sees-more-job-cuts.html,1st Jul 2025
https://www.ispreview.co.uk/,Openreach Name 21 New UK Locations for FTTP Broadband Build Plan,"Network operator Openreach ( BT ) has today published an updated build plan for the ongoing roll-out of their Fibre-to-the-Premises (FTTP) based gigabit broadband ISP network, which is the first update since December 2024 and adds 21 new locations – covering 80,000 extra UK premises – to their national deployment plan.",https://www.ispreview.co.uk/index.php/2025/07/openreach-name-21-new-uk-locations-for-fttp-broadband-build-plan.html,1st Jul 2025
https://www.ispreview.co.uk/,Ookla Study Reveals In-Flight WiFi Performance of Major Airlines,"Network testing giant Ookla, which collects data from consumers via their popular Speedtest.net service, has published the results from a new study that reveals the onboard WiFi (wireless broadband) speeds of various major airlines (e.g. British Airways, Virgin Atlantic) and their satellite-based network partners.",https://www.ispreview.co.uk/index.php/2025/06/ookla-study-reveals-in-flight-wifi-performance-of-major-airlines.html,30th Jun 2025
https://www.ispreview.co.uk/,Mobile Operators to Test UK Wide Emergency Alerts Later in 2025,"Get ready to jump out of your skin.. again. The UK Government recently announced that mobile network operators will conduct a second nationwide test of the Emergency Alerts service later in 2025, which is normally only intended to be used if there’s a “danger to life nearby” (e.g. severe flooding, fires and extreme weather).",https://www.ispreview.co.uk/index.php/2025/06/mobile-operators-to-test-uk-wide-emergency-alerts-later-in-2025.html,30th Jun 2025
https://www.ispreview.co.uk/,Study Highlights Rising Broadband Prices on Guernsey and Jersey,"A new report from Jersey Statistics (PDF) has revealed that, between 2020 and 2024, the average monthly spend by fixed broadband customers on the English Channel Islands of Guernsey went up by 16% to £86.55, and on Jersey it increased by just under 8% to £82.17. But over the same period, inflation on the islands went up by 27.3% and 30% respectively.",https://www.ispreview.co.uk/index.php/2025/06/study-highlights-rising-broadband-prices-on-guernsey-and-jersey.html,30th Jun 2025
https://www.ispreview.co.uk/,Vodafone and AST SpaceMobile Prep Satellite Based Mobile Broadband for 2026,"Mobile operator Vodafone UK has issued an update on their Joint Venture (SatCo) with satellite operator AST SpaceMobile , which is in the process of launching a space-based 2G, 4G and 5G mobile (mobile broadband) service that can connect with regular Smartphones around the world. The first commercial services are expected to launch in 2026.",https://www.ispreview.co.uk/index.php/2025/06/vodafone-and-ast-spacemobile-prep-satellite-based-mobile-broadband-for-2026.html,30th Jun 2025
https://www.ispreview.co.uk/,O2 Confirms UK Mobile Boost as 78.8MHz of Spectrum Acquired from Vodafone,"Mobile operator O2 ( Virgin Media ) has today revealed the details of their spectrum transfer agreement with Vodafone UK (VodafoneThree), which follows last year’s network sharing deal. This will see VMO2 acquiring 78.8MHz of spectrum for an investment of £343m to “materially enhance” their 4G and 5G mobile (mobile broadband) network.",https://www.ispreview.co.uk/index.php/2025/06/o2-confirms-uk-mobile-boost-as-78-8mhz-of-spectrum-acquired-from-vodafone.html,30th Jun 2025
https://www.ispreview.co.uk/,A Year Early – £1bn SRN Project Delivers 95 Percent UK Cover of 4G Mobile,"The Government has announced that the £1bn industry-led Shared Rural Network (SRN) project, which aimed to extend geographic 4G mobile (mobile broadband) coverage to 95% of the UK (aggregate) by the end of 2025 (5G also benefits from the new infrastructure), has “achieved its overarching target a year ahead of schedule“. But there’s more work left to do.",https://www.ispreview.co.uk/index.php/2025/06/a-year-early-1bn-srn-project-delivers-95-percent-uk-cover-of-4g-mobile.html,30th Jun 2025
https://www.ispreview.co.uk/,Coverage of Gigabit Broadband Nears 88 Percent of UK in H1 2025,"ISPreview has this morning published our biannual H1 2025 summary of UK fixed broadband coverage, which reveals that “full fibre” ( FTTP ) ISP networks have grown to reach 78.06% of premises (up from 73.53% in H2 2024) and 87.84% are within reach of “gigabit” 1000Mbps+ speeds (up from 85.87%). Read on to see details for England, Wales, Scotland and N.Ireland…",https://www.ispreview.co.uk/index.php/2025/06/uk-coverage-of-gigabit-broadband-nears-88-percent-in-first-half-of-2025.html,30th Jun 2025
https://www.ispreview.co.uk/,Study Claims 85 Percent of UK Broadband Users Suffer Connection Issues,"A new survey of more than 4,347 UK adults with a home broadband ISP contract, which was conducted between Dec 2024 and Jan 2025 by Which? , has claimed that 85% of respondents have experienced at least one “connection issue” in the past year (e.g. slow speeds, connection drop-outs, and router problems). Customers of Sky Broadband and Virgin Media were the worst hit.",https://www.ispreview.co.uk/index.php/2025/06/study-claims-85-percent-of-uk-broadband-users-suffer-connection-issues.html,28th Jun 2025
https://www.ispreview.co.uk/,The Curious Case of Openreach’s £73k FTTP on Demand Install Quote,"Eyebrows were recently raised after UK network operator Openreach ( BT ) quoted one home in Scotland over £73,000 to have an FTTP on Demand (FTTPoD) broadband service installed. The high cost of FTTPoD is not a new issue, but in this case a nearby neighbour already had the service and the operator’s fibre even ran directly outside the house.",https://www.ispreview.co.uk/index.php/2025/06/the-curious-case-of-openreachs-73k-fttp-on-demand-install-quote.html,28th Jun 2025
https://www.ispreview.co.uk/,"R100 Gigabit Broadband Build Reaches 80,000 Premises in Scotland","The Scottish Government (SG) has today revealed that more than 80,000 premises have now benefitted from their £697m Reaching 100% (R100) project with Openreach ( BT ), which is rolling out full fibre (FTTP) broadband to remote rural areas. Some 27,000 premises of this have been delivered over the past year, which is up from 20,000 the year before.",https://www.ispreview.co.uk/index.php/2025/06/r100-gigabit-broadband-build-reaches-80000-premises-in-scotland.html,27th Jun 2025
https://www.ispreview.co.uk/,Bin Lorries to Help Map Mobile Network Coverage in Tees Valley,"The Tees Valley Combined Authority (TVCA) in North East England, which covers several council areas (Darlington, Hartlepool, Middlesbrough, Redcar and Cleveland and Stockton-on-Tees), has signed a new deal with digital mapping specialists Inakalum to deploy special kit on local bin lorries (refuse collection trucks) to map local 4G and 5G mobile (broadband) coverage.",https://www.ispreview.co.uk/index.php/2025/06/bin-lorries-to-help-map-mobile-network-coverage-in-tees-valley.html,27th Jun 2025
https://www.ispreview.co.uk/,EU Reveals 2025 Gigabit Broadband and 5G Coverage Progress vs UK,"The European Commission (EC) recently published their annual 2025 study of broadband coverage in Europe, which reveals how the EU’s fixed gigabit broadband (FTTP and Hybrid Fibre Coax) and 5G mobile networks compare across all of its 27 countries. We compare this with the United Kingdom below.",https://www.ispreview.co.uk/index.php/2025/06/eu-reveals-2025-gigabit-broadband-and-5g-coverage-progress-vs-uk.html,27th Jun 2025
https://www.ispreview.co.uk/,Vodafone UK Boost 4G Data Allowances on SIM Only Basics Plans,"Mobile network operator Vodafone UK has significantly increased the bundled 4G data allowances (mobile broadband) on several of their SIM Only Basics plans for new customers. For example, the cheapest entry-level package will now give you 21GB (GigaBytes) of data for just £7 per month (up from 6GB).",https://www.ispreview.co.uk/index.php/2025/06/vodafone-uk-boost-4g-data-allowances-on-sim-only-basics-plans.html,27th Jun 2025
https://www.ispreview.co.uk/,Streetwave Test Mobile Data Performance of Jubilee Line Tube Trains UPDATE,"Network analyst firm Streetwave has today shared the results from a recent survey they conducted, which tested the coverage and performance of 4G and 5G mobile (broadband) networks – including EE , Three UK , Vodafone and O2 – while travelling along the entirety of the Jubilee Line (London Underground) from Stratford to Stanmore.",https://www.ispreview.co.uk/index.php/2025/06/streetwave-test-mobile-data-performance-of-jubilee-line-tube-trains.html,27th Jun 2025
https://www.ispreview.co.uk/,CityFibre UK Finish Primary £17m FTTP Broadband Rollout in Havant,"Network operator CityFibre , which has so far built their 5.5Gbps speed Fibre-to-the-Premises (FTTP) broadband ISP network to cover 4.4 million UK premises (4.3m RFS), has today confirmed the completion of their “primary” £17 million build across Havant in Hampshire (England), which included Westbourne and other surrounding areas.",https://www.ispreview.co.uk/index.php/2025/06/cityfibre-uk-finish-primary-17m-fttp-broadband-rollout-in-havant.html,26th Jun 2025
https://www.ispreview.co.uk/,Vodafone UK Tests Photonic Processor to Boost Mobile Network Signals,"Mobile operator Vodafone is working with the Photonics and Radiofrequency Research Lab at the University of Málaga (Spain) to develop a new computer chip design, which can help to direct a wireless mobile signal straight to a user’s smartphone using microwave photonics (i.e. optical beamforming to process, steer, and precisely focus mobile traffic).",https://www.ispreview.co.uk/index.php/2025/06/vodafone-uk-tests-photonic-processor-to-boost-mobile-network-signals.html,26th Jun 2025
https://www.ispreview.co.uk/,Project Reach Launched to Fix Mobile Signal Notspots on UK Rail Network,"The UK Government’s Department for Transport (DfT) has today taken the wrappings off Project Reach, which reflects a public-private partnership that will deploy “ultra fast fibre optic cable” across 1,000 kilometres of major rail lines to help “eliminate mobile signal blackspots” in tunnels on “key rail routes” up and down the country.",https://www.ispreview.co.uk/index.php/2025/06/project-reach-launched-to-fix-mobile-signal-notspots-on-uk-rail-network.html,26th Jun 2025
https://www.ispreview.co.uk/,Ofcom Launch Improved UK 4G and 5G Mobile Speed and Coverage Checker,"The UK communications and media regulator, Ofcom , has today launched an overhauled mobile network coverage checker, which includes enhancements that are intended to better match people’s real-world experiences, particularly of modern 4G and 5G (mobile broadband) service performance and signal strength.",https://www.ispreview.co.uk/index.php/2025/06/ofcoms-improved-uk-4g-and-5g-mobile-signal-coverage-checker-is-live.html,26th Jun 2025
https://www.ispreview.co.uk/,Virgin Media UK Returns to 24 Month Contracts for New Customers,"New customers looking to take a home broadband package or bundle from UK ISP Virgin Media (O2) may like to know that the service provider will today be moving from 18-month minimum term contracts to longer 24-month terms. The change does not impact existing customers, at least it won’t until you need to upgrade or re-contract.",https://www.ispreview.co.uk/index.php/2025/06/virgin-media-uk-returns-to-24-month-contracts-for-new-customers.html,26th Jun 2025
https://www.ispreview.co.uk/,Openreach Cuts UK Price of 1Gbps Business FTTP Broadband Tier,"Network access provider Openreach announced another change to their Fibre-to-the-Premises ( FTTP ) broadband services today, which cuts the annual wholesale rental of their premium small business focused 1Gbps (220Mbps upload) tier from £1,173.36 to £900 excluding VAT (inc. FTTPoD). The change will be effective from 1st August 2025.",https://www.ispreview.co.uk/index.php/2025/06/openreach-cuts-price-of-1gbps-business-fttp-broadband-tier.html,25th Jun 2025
https://www.ispreview.co.uk/,Opensignal Compares 4G and 5G Performance of Three UK and Vodafone,"Network benchmarking firm Opensignal has today published an updated study that compares Vodafone and Three UK ’s mobile broadband performance in terms of 4G Download Speed and “Excellent Consistent Quality“, which is intended to help provide an indication for how the recently completed merger might impact things.",https://www.ispreview.co.uk/index.php/2025/06/opensignal-compares-4g-and-5g-performance-of-three-uk-and-vodafone.html,25th Jun 2025
https://www.ispreview.co.uk/,Openreach Summarises New ONTs for UK FTTP Broadband Lines UPDATE2,"Network access provider Openreach ( BT ) has published a new Suppliers Information Note (SIN) for their Fibre-to-the-Premises ( FTTP ) broadband ISP lines, which provides an updated summary of all their old, existing and future Optical Network Terminal (ONT) modems that they’ve deployed or intent to deploy. Two new suppliers – Zyxel and Sercomm – are also mentioned.",https://www.ispreview.co.uk/index.php/2025/06/openreach-summarises-new-onts-for-uk-fttp-broadband-lines.html,25th Jun 2025
https://www.ispreview.co.uk/,CityFibre Scoop 2025 RoSPA Gold Award for Health and Safety,"Network operator CityFibre , which has already covered 4.3 million UK premises with their new 10Gbps capable full fibre broadband network, has today revealed that – for the 5th consecutive year – they’ve won the Gold Medal Award at this year’s annual Royal Society for the Prevention of Accidents (RoSPA) Awards 2025 event.",https://www.ispreview.co.uk/index.php/2025/06/cityfibre-scoop-2025-rospa-gold-award-for-health-and-safety.html,25th Jun 2025
https://www.ispreview.co.uk/,Mobile Network Operator Three UK Suffer Calling and SMS Outage UPDATE10,"Some customers of mobile operator Three UK (VodafoneThree) are this morning reporting yet another partial network outage, which appears to be preventing users from either making or receiving calls. The issue also appears to be disrupting access to Voicemail and extends to virtual operators too (e.g. iD Mobile , Smarty etc.).",https://www.ispreview.co.uk/index.php/2025/06/mobile-network-operator-three-uk-suffering-calling-outage.html,25th Jun 2025
https://www.ispreview.co.uk/,Freedom Fibre Scales Back North Shropshire Project Gigabit Broadband Contract UPDATE,"The Government’s Building Digital UK (BDUK) agency has just announced that alternative network provider Freedom Fibre has had to scale back their £24m (state aid) Project Gigabit broadband roll-out contract for North Shropshire (LOT 25.02 in England), which originally aimed to cover “around” 12,000 hard-to-reach rural homes ( here ).",https://www.ispreview.co.uk/index.php/2025/06/freedom-fibre-scales-back-north-shropshire-project-gigabit-broadband-contract.html,25th Jun 2025
https://www.ispreview.co.uk/,Openreach Tweaks Fixed Fee for Excess Construction Charges on EAD UPDATE,"Network operator Openreach ( BT ) has informed providers of high-speed Ethernet connections that, effective from 1st October 2025, the one-off Fixed Fee for Excess Construction Charges (ECC) on new Ethernet Access Direct (EAD) lines will increase from £638 to £708 excluding VAT (an increase of 10.97%). But in reality, customers won’t pay any extra.",https://www.ispreview.co.uk/index.php/2025/06/openreach-increase-fixed-fee-for-excess-construction-charges-on-ead.html,25th Jun 2025
https://www.ispreview.co.uk/,Ofcom UK Directs Tismi to Block Specific Phone Numbers Due to Serious Misuse,"The UK telecoms regulator, Ofcom , has issued an update on their investigation into communications provider, Tismi (Tismi BV), which directs the company to “block all calls and messages” sent to or from specific mobile numbers allocated to it by the regulator after they were “linked to serious fraud or misuse“.",https://www.ispreview.co.uk/index.php/2025/06/ofcom-uk-directs-tismi-to-block-specific-phone-numbers-due-to-serious-misuse.html,25th Jun 2025
https://www.ispreview.co.uk/,Remote Rural Wales Village Cut-Off from Landlines by Overheated Exchange,"Residents in the remote rural village of Penmachno, which sits in the isolated upland Machno valley area of North Wales (Conwy), have complained – via the local community council – that Openreach and BT recently left them unable to make or receive calls for several days due to a heat related fault that started on 19th June 2025.",https://www.ispreview.co.uk/index.php/2025/06/remote-rural-wales-village-cut-off-from-landlines-by-overheated-exchange.html,25th Jun 2025
https://www.ispreview.co.uk/,Gov Asks UK Organisations to Donate Used Tech to Digitally Excluded Brits,"The UK Government has today invited organisations to sign-up to a new charter, which is being backed by Deloitte, Vodafone (VodafoneThree), BT and others. The charter encourages members to change how they manage and dispose of IT assets, with the aim of increasing device donations to the 1.5 million people who currently lack access to a basic laptop, tablet or smartphone.",https://www.ispreview.co.uk/index.php/2025/06/gov-asks-uk-organisations-to-donate-used-tech-to-digitally-excluded-brits.html,25th Jun 2025
https://www.ispreview.co.uk/,The Confusing State of 5G and 4G Availability in London vs Birmingham,"A new study from SignalTracker , which operates a popular Android mobile app (but not iOS) for monitoring and examining mobile phone reception, has compared the quality of Vodafone’s 5G between Birmingham and London to find that the former is falling considerably behind. Furthermore, 72% of tests on Vodafone’s flagship 5G plan were actually 4G quality.",https://www.ispreview.co.uk/index.php/2025/06/the-confusing-state-of-5g-and-4g-availability-in-london-vs-birmingham.html,24th Jun 2025
https://www.ispreview.co.uk/,National Security Strategy Lacks Detail on UK Telecoms and Subsea Fibre,"The UK Government has published its National Security Strategy (NSS), which may or may not confirm earlier reports ( here ) that broadband (inc. telecommunications) will now be considered part of national security investment in order to help reach a new NATO target for spending 5% of GDP on defence by 2035. Subsea fibre protection also gets a brief mention.",https://www.ispreview.co.uk/index.php/2025/06/national-security-strategy-lacks-detail-on-uk-telecoms-and-subsea-fibre.html,24th Jun 2025
https://www.ispreview.co.uk/,Octaplus Launch Multi-Gig UK Broadband Plans with 3GB of FREE Mobile Data,"Internet service provider Octaplus , which sells broadband package to consumers via various networks (e.g. MS3 , CityFibre and FullFibre Limited), has today announced the launch of its first Multi-Gigabit speed packages – delivering ultrafast speeds of 1.8Gbps and 2.3Gbps. But there’s also a special mobile data bonus.",https://www.ispreview.co.uk/index.php/2025/06/octaplus-launch-multi-gig-uk-broadband-packages-with-3gb-of-free-mobile-data.html,24th Jun 2025
https://www.ispreview.co.uk/,Netomnia Improves UK Full Fibre Network Testing and Monitoring,"Alternative network operator Netomnia ( Brsk , Youfibre ), which has so far rolled out their Fibre-to-the-Premises (FTTP) broadband network to cover 2.5 million UK homes (inc. 325,000 customers), has today become the latest provider to adopt VIAVI’s ONMSi Remote Fibre Test System (RFTS) to “simplify and accelerate network installation and ongoing maintenance“.",https://www.ispreview.co.uk/index.php/2025/06/netomnia-improves-uk-full-fibre-network-testing-and-monitoring.html,24th Jun 2025
https://www.ispreview.co.uk/,Virgin Media UK Add 2 More FAST TV Channels to Service,"Customers using broadband ISP Virgin Media ( O2 ), specifically those who also take a Pay TV service via one of their TV 360, Stream or v6 box platforms, may like to know that they’ve added two new FAST channels to their TV service – British Screen Classics and wedotv movies – “at no extra cost“.",https://www.ispreview.co.uk/index.php/2025/06/virgin-media-uk-add-2-more-fast-tv-channels-to-service.html,24th Jun 2025
https://www.ispreview.co.uk/,Vodafone Uses Satellites to Help Align Mobile Network Antennas,"One of the problems that UK mobile network operators, like Vodafone (VodafoneThree), often have to contend with is the issue of ensuring that their land-based 4G and 5G (mobile broadband) antennas are precisely positioned in order to deliver the best signal. But satellite guided sensors are now being tested to help change that.",https://www.ispreview.co.uk/index.php/2025/06/vodafone-uses-satellites-to-help-align-mobile-network-antennas.html,24th Jun 2025
https://www.ispreview.co.uk/,CityFibre Close to £2bn Funding Deal for UK Full Fibre Broadband Plans,"Alternative network operator CityFibre, which has already built a gigabit-capable full fibre broadband (FTTP) network to cover 4.3 million UK premises (RFS), is reportedly set to sign a £2bn funding deal – reflecting a split of debt and equity – to help keep them in business and support their plans for a major consolidation of rival operators.",https://www.ispreview.co.uk/index.php/2025/06/cityfibre-close-to-2bn-funding-deal-for-uk-full-fibre-broadband-plans.html,24th Jun 2025
https://www.ispreview.co.uk/,Study Claims 11 Million UK Broadband Users Unaware of Full Fibre Availability,"A new study from Go.Compare , which combined ONS data with the results from a YouGov survey of 2,000 UK residents (conducted on 25th February 2025), has estimated that “up to” 11 million internet users could have access to full fibre ( FTTP ) broadband without realising. This is important as some ISPs offer free upgrades to the faster service.",https://www.ispreview.co.uk/index.php/2025/06/study-claims-11-million-uk-broadband-users-unaware-of-full-fibre-availability.html,24th Jun 2025
https://www.ispreview.co.uk/,Openreach Start Enhanced Migration Pilot for Legacy UK Phone Switch-Off,"Network operator Openreach ( BT ) has kicked off their first UK pilot to test the effectiveness of a targeted approach for safeguarding vulnerable customers during the mass migrations away from the old Public Switched Telephone Network (PSTN), which is due to be switched-off, in favour of a temporary alternative service.",https://www.ispreview.co.uk/index.php/2025/06/openreach-start-enhanced-migration-pilot-for-legacy-uk-phone-switch-off.html,23rd Jun 2025
https://www.ispreview.co.uk/,Quickline Publish 3 Year UK Full Fibre Broadband Rollout Plan,"In a welcome move. Rural ISP Quickline has today published a full list of the communities set to benefit from their ongoing deployment of a new Fibre-to-the-Premises ( FTTP ) based gigabit broadband network over the next 3 years – covering a “further” 360,000 premises across Yorkshire and Lincolnshire in England.",https://www.ispreview.co.uk/index.php/2025/06/quickline-publish-3-year-uk-full-fibre-broadband-rollout-plan.html,23rd Jun 2025
https://www.ispreview.co.uk/,London Internet Exchange Introduces Service Level Agreements,"The not-for-profit London Internet Exchange (LINX), which handles a large chunk of UK and global data traffic through their switches via around 900 members (broadband ISPs, mobile and CDN providers etc.), has today announced the official introduction of a Service Level Agreement (SLA) solution as an add-on to their peering service.",https://www.ispreview.co.uk/index.php/2025/06/london-internet-exchange-introduces-service-level-agreements.html,23rd Jun 2025
https://www.ispreview.co.uk/,Brsk Reduce Rollout of Broadband Poles After Stockport Locals Protest,"Network operator and UK ISP Brsk ( Netomnia ) has scrapped plans to deploy three additional 9-metre-high wood telecoms poles on Fernwood Road and Bracken Close in Marple Bridge (Stockport, Greater Manchester), which came after a significant portion of locals protested the plan. Residents complained it would have spoilt their view of the surrounding countryside.",https://www.ispreview.co.uk/index.php/2025/06/brsk-scrap-rollout-of-broadband-poles-after-stockport-locals-protest.html,23rd Jun 2025
https://www.ispreview.co.uk/,£50m Funding Boost for Wessex Internet’s Rural UK Broadband Network,"Rural-focused ISP and alternative network builder Wessex Internet , which is building a mix of full fibre (FTTP) and fixed wireless network across Southern England, has today announced that they’ve secured a £50m investment from the National Wealth Fund (formerly known as the UK Infrastructure Bank).",https://www.ispreview.co.uk/index.php/2025/06/50m-funding-boost-for-wessex-internets-rural-uk-broadband-network.html,23rd Jun 2025
https://www.ispreview.co.uk/,Vodafone Clarifies Plans for Joint Network Roaming with Three UK,Mobile operator Vodafone (VodafoneThree) has revealed a little bit more information about how their new “Access to roam” feature will work. This will shortly become one of the first major benefits of their recently completed merger with Three UK ( here and here ) – allowing 27 million customers to roam across both networks at no extra cost.,https://www.ispreview.co.uk/index.php/2025/06/vodafone-clarifies-plans-for-joint-network-roaming-with-three-uk.html,22nd Jun 2025
https://www.ispreview.co.uk/,The H1 2025 Top Fastest UK Mobile and Home Broadband ISPs,"ISPreview has today published our latest biannual study of how the United Kingdom’s broadband download and upload speeds have changed across the fastest nationally available fixed line ISPs, mobile network operators and Starlink ( satellite ) services since the end of 2024. But this time we’ve made some changes to the structure of our top lists.",https://www.ispreview.co.uk/index.php/2025/06/the-h1-2025-top-fastest-uk-mobile-and-home-broadband-isps.html,21st Jun 2025
https://www.ispreview.co.uk/,Ofcom Set Final Rules for 5G UK Mobile Auction of 26GHz and 40GHz,"The UK telecoms regulator, Ofcom , has today set out the final regulations for their plan to auction off a large chunk of millimetre wave (mmW) radio spectrum frequency in the 26GHz and 40GHz bands, which will come into force on 30th June 2025. The spectrum will be used by mobile network operators to deliver faster 5G data (broadband) services.",https://www.ispreview.co.uk/index.php/2025/06/ofcom-set-final-rules-for-5g-uk-mobile-auction-of-26ghz-and-40ghz.html,20th Jun 2025
https://www.ispreview.co.uk/,Openreach Updates on Petrol Leak in Bramley as Altnets Allowed to Build,"Network operator Openreach has issued a progress update on its efforts to help tackle a long-running underground petrol leak in the Surrey (England) village of Bramley. This has revealed, among other things, a new proposal that would allow alternative broadband networks to start building fibre (FTTP) in the area again.",https://www.ispreview.co.uk/index.php/2025/06/openreach-updates-on-petrol-leak-in-bramley-as-altnets-allowed-to-build.html,20th Jun 2025
https://www.ispreview.co.uk/,TalkTalk Attempting to Sell UK Consumer and Wholesale Business Again,"The heavily indebted TalkTalk Group has reportedly begun the process of hiring City advisers – with both Barclays or Morgan Stanley said to be in the frame – in order to oversee the possible breakup and sale of their consumer broadband arm of the same name, and their PXC wholesale division.",https://www.ispreview.co.uk/index.php/2025/06/talktalk-attempting-to-sell-uk-consumer-and-wholesale-business-again.html,20th Jun 2025
https://www.ispreview.co.uk/,Study Claims UK Broadband Speeds Slow by 27 Percent During Heatwaves,"A new study of over 380,000 web-based consumer broadband speed tests (recorded over the past 12-months), which was conducted by comparison site Broadband Genie , claims to have identified that broadband download speeds can slow down by up to 8% and uploads by up to 27% on the hottest days of the year (usually heatwaves).",https://www.ispreview.co.uk/index.php/2025/06/study-claims-uk-broadband-speeds-slow-by-27-percent-during-heatwaves.html,20th Jun 2025
https://www.ispreview.co.uk/,Boost for Broadband and Mobile as UK Sets 10 Year Infrastructure Strategy UPDATE,"The UK Government has published its Infrastructure Strategy for the next 10 years – backed by £725bn in long-term funding for maintenance and major projects, which promises to “transform how infrastructure projects are planned and delivered” in order to “deliver stability, investment and national renewal“. And there’s some good news for broadband and mobile networks.",https://www.ispreview.co.uk/index.php/2025/06/boost-for-broadband-and-mobile-as-uk-sets-10-year-infrastructure-strategy.html,20th Jun 2025
https://www.ispreview.co.uk/,New Data Use and Access Law to Help UK Utility Maps and ISP Comparisons,"The UK government has today announced that their Data Use and Access Bill has become law (Royal Assent), which pledges to inject £10bn into the British economy over 10-years by, among other things, supporting personalised market comparisons for utility pricing and putting a new digital map of underground broadband cables and pipes on a “statutory footing“.",https://www.ispreview.co.uk/index.php/2025/06/new-data-use-and-access-law-to-help-uk-utility-maps-and-isp-comparisons.html,19th Jun 2025
https://www.ispreview.co.uk/,Ofcom Warns UK Broadband ISPs NOT to Use Alternative Switching Methods,"The UK telecoms regulator, Ofcom , has posted an update on their investigation into the performance of the new consumer broadband and phone switching system ( One Touch Switching ). This found no major problems with the biggest ISPs but did warn that some providers on Openreach’s network were using an “alternative switching method“, which they said must stop.",https://www.ispreview.co.uk/index.php/2025/06/ofcom-warns-uk-broadband-isps-not-to-use-alternative-switching-methods.html,19th Jun 2025
https://www.ispreview.co.uk/,ITS Technology Win £3.5 Million Dark Fibre Contract for Carmarthenshire,"The ITS Technology Group , which has built various open access full fibre broadband and Ethernet networks across parts of the UK, has today announced that they’ve secured a £3.5 million dark fibre network build contract for Carmarthenshire (Southwest Wales) as part of the Swansea Bay City Deal’s Digital Infrastructure Programme .",https://www.ispreview.co.uk/index.php/2025/06/its-technology-win-3-5-million-dark-fibre-contract-for-carmarthenshire.html,19th Jun 2025
https://www.ispreview.co.uk/,CVC Capital Partners Target £500m Takeover of Manx Telecom on Isle of Man,"Broadband, phone and mobile operator Manx Telecom (MT), which is the primary network operator serving premises across the remote Isle of Man, could be sold to CVC Capital Partners “within a matter of weeks” as part of a proposed £500m takeover offer that is currently said to be the focus of ongoing talks.",https://www.ispreview.co.uk/index.php/2025/06/cvc-capital-partners-target-500m-takeover-of-manx-telecom-on-isle-of-man.html,19th Jun 2025
https://www.ispreview.co.uk/,Starlink Offers its UK Home Ultrafast Satellite Broadband Kit for FREE,"Space-based internet provider Starlink (SpaceX) last night announced that new domestic customers looking to join their ultrafast home broadband service in the UK could now sign-up and get the hardware for free (terminal/dish and router etc.), instead of paying the usual £299 (one-off).",https://www.ispreview.co.uk/index.php/2025/06/starlink-offers-its-uk-home-ultrafast-satellite-broadband-kit-for-free.html,19th Jun 2025
https://www.ispreview.co.uk/,Mobile Operator Spusu Celebrates 2 Years in the UK with FREE Data,"SIM-only mobile provider Spusu , which holds a virtual operator (MVNO) agreement via BT Wholesale to harness EE ’s national 4G and 5G network, has celebrated their second year of operation in the United Kingdom by gifting 5GB (GigaBytes) of free data (mobile broadband) to “all its customers” for the remainder of June (except those with unlimited data, obviously).",https://www.ispreview.co.uk/index.php/2025/06/mobile-operator-spusu-celebrates-2-years-in-the-uk-with-free-data.html,19th Jun 2025
https://www.ispreview.co.uk/,AllPoints Fibre Networks Completes Internal UK Full Fibre Consolidation,"Alternative broadband operator All Points Fibre Networks (APFN), which is owned by Fern Fibre (Fern Trading), has today announced that their long-running internal consolidation – bringing together their own-built FTTP networks and retail ISPs into a single group ( Giganet , Jurassic Fibre , Swish Fibre, the original AllPoints Fibre, and Cuckoo ) – has now completed.",https://www.ispreview.co.uk/index.php/2025/06/allpoints-fibre-networks-completes-internal-uk-full-fibre-consolidation.html,18th Jun 2025
https://www.ispreview.co.uk/,Mobile Operator Three UK Suffering Silent Voicemail Problem UPDATE2,"Some customers of Three UK ’s mobile network have, over the past hour, begun reporting to ISPreview ( example ) that they’re suffering a partial outage of the operator’s Voicemail (123) service. The issue does not appear to affect regular calls and is being reported from users in different parts of the country.",https://www.ispreview.co.uk/index.php/2025/06/mobile-operator-three-uk-suffering-silent-voicemail-problem.html,18th Jun 2025
https://www.ispreview.co.uk/,Linewatch Warn Utility Companies Digging Too Close to UK Fuel Pipelines,"A new report from pipeline safety organisation Linewatch , which raises awareness of oil and gas pipelines around the UK and encourages safe practices when digging around them, has warned that 19% of workers have been reported for digging too close to underground high-pressure fuel pipelines while carrying out utility works (electricity, water, broadband etc.).",https://www.ispreview.co.uk/index.php/2025/06/linewatch-warn-utility-companies-digging-too-close-to-uk-fuel-pipelines.html,18th Jun 2025
https://www.ispreview.co.uk/,"O2 UK Complete 4G and 5G Upgrades for 3,000 Postcodes in Glasgow","Mobile network operator O2 ( Virgin Media ) has today revealed that – over the past 12-months – they’ve completed a project to upgrade the capacity of their 4G and 5G mobile services across “over” 3,000 postcodes in the city of Glasgow (Scotland), which should bring “faster” mobile broadband speeds and greater reliability to the area.",https://www.ispreview.co.uk/index.php/2025/06/o2-uk-complete-4g-and-5g-upgrades-for-3000-postcodes-in-glasgow.html,18th Jun 2025
https://www.ispreview.co.uk/,"Streetwave Examine 4G and 5G Mobile Cover Inside St Mary’s Hospital, London","Network analyst firm Streetwave has today shared the results from a recent survey they conducted inside St Mary’s Hospital in London, which examined the signal coverage and data performance of 4G and 5G mobile (broadband) networks – including EE , Three UK , Vodafone and O2 .",https://www.ispreview.co.uk/index.php/2025/06/streetwave-examine-4g-and-5g-mobile-cover-inside-st-marys-hospital-london.html,18th Jun 2025
https://www.ispreview.co.uk/,Government Appoints Lesley Cowley as Chair of Building Digital UK Agency,"The Government (DSIT) has this morning announced that they’ve appointed Lesley Cowley OBE to be the new Chair of their broadband and mobile centric Building Digital UK (BDUK) agency. The development comes after former Chair, Simon Blagden, resigned from his position back in July 2024 ( here ) and was replaced by Hazel Hobbs (Interim Chair).",https://www.ispreview.co.uk/index.php/2025/06/government-appoints-lesley-cowley-as-chair-of-building-digital-uk-agency.html,18th Jun 2025
https://www.ispreview.co.uk/,INCA Calls on Ofcom’s Review to Protect UK Broadband Altnets from Openreach,"The Independent Networks Co-operative Association (INCA), which represents many of the United Kingdom’s alternative network operators, has today set out its formal response to Ofcom ’s current Telecoms Access Review 2026 (TAR) and warned that the proposals risk harming altnets in the business market, while also handing Openreach too much power.",https://www.ispreview.co.uk/index.php/2025/06/inca-calls-on-ofcoms-review-to-protect-uk-broadband-altnets-from-openreach.html,18th Jun 2025
https://www.ispreview.co.uk/,"Aquiss Launch Freedom Fibre Based UK FTTP Broadband Plans, 8Gbps for Biz","Shropshire-based UK broadband ISP Aquiss has announced that they’ve launched an additional range of internet access packages based off Freedom Fibre’s network. This has so far deployed a 10Gbps capable Fibre-to-the-Premises ( FTTP ) network to cover 350,000 premises across parts of England and Wales (aspiration to reach 1 million premises by 2030).",https://www.ispreview.co.uk/index.php/2025/06/aquiss-launch-freedom-fibre-based-uk-fttp-broadband-plans-8gbps-for-biz.html,18th Jun 2025
https://www.ispreview.co.uk/,Plusnet Named Best UK ISP in 2025 Broadband Genie Awards,"The annual Broadband Genie 2025 Awards survey has this morning named UK ISP Plusnet as the “Best Broadband Provider” of the year, while a variety of other internet service providers also scooped various other awards across several different categories.",https://www.ispreview.co.uk/index.php/2025/06/plusnet-named-best-uk-isp-in-2025-broadband-genie-awards.html,18th Jun 2025
https://www.ispreview.co.uk/,"Scotland May Reissue Gigabit Broadband Tender for Fife, Perth and Kinross","The Scottish Government (SG) looks as if they could be preparing to “relaunch” their proposed gigabit broadband roll-out procurement for Fife, Perth and Kinross during September 2025. This might take a second stab at trying to find a supplier that can help upgrade the remaining set of hardest-to-reach premises.",https://www.ispreview.co.uk/index.php/2025/06/scotland-may-reissue-gigabit-broadband-tender-for-fife-perth-and-kinross.html,17th Jun 2025
https://www.ispreview.co.uk/,Government May Reclassify UK Broadband as Defence Spending,"A major newspaper has today claimed that the UK government’s imminent National Security Review (NSR), which is due to be published next week, will expand the definition of national security spending to include everything from a third runway at Heathrow Airport to food prices and rural broadband provision (e.g. the £5bn Project Gigabit scheme).",https://www.ispreview.co.uk/index.php/2025/06/government-may-reclassify-uk-broadband-as-defence-spending.html,17th Jun 2025
https://www.ispreview.co.uk/,Dispute Between Vodafone UK and Ex-Franchisees Takes Another Twist,The ongoing £85.5m legal dispute between mobile and broadband giant Vodafone and a group of 62 current and former UK franchisees ( here ) recently experienced another twist. This came after the network operator confirmed that it had terminated the contracts of 12 franchisees who had continued working with them while also being party to the case.,https://www.ispreview.co.uk/index.php/2025/06/dispute-between-vodafone-uk-and-ex-franchisees-takes-another-twist.html,17th Jun 2025
https://www.ispreview.co.uk/,BT CEO May Consider Spinning Off Openreach After UK Full Fibre Build,"The CEO of BT Group, Allison Kirkby, has hinted at the possibility that network access provider Openreach could be spun off into a completely separate company in the future. But this would only be considered once their roll-out of a national gigabit-capable Fibre-to-the-Premises (FTTP) broadband ISP network completes (i.e. after 2030).",https://www.ispreview.co.uk/index.php/2025/06/bt-ceo-may-consider-spinning-off-openreach-after-uk-full-fibre-build.html,16th Jun 2025
https://www.ispreview.co.uk/,Netgem TV Add DAZN Premium TV Sports via Supporting UK Broadband ISPs,"Digital entertainment platform Netgem TV has today announced that their IPTV box and service, which is typically bundled by broadband ISPs like Brsk , TalkTalk , CommunityFibre , Wightfibre and others, will benefit from its new partnership with one of the world’s leading sports platforms, DAZN.",https://www.ispreview.co.uk/index.php/2025/06/netgem-tv-add-dazn-premium-tv-sports-via-supporting-uk-broadband-isps.html,16th Jun 2025
https://www.ispreview.co.uk/,Openreach Maps UK Cities by Internet Activity to Celebrate 25 Years of Broadband,"Openreach (BT) has marked “25 years of home broadband” by combining its own data with consumer research to map the UK cities by their online activity. The results found that the busiest hour of the day for internet usage in the UK is between 8-9pm, followed by 9-10pm and 7-8pm. And the highest peak of the year so far was on 14th January 2025 at 9pm.",https://www.ispreview.co.uk/index.php/2025/06/openreach-maps-uk-cities-by-internet-activity-to-celebrate-25-years-of-broadband.html,16th Jun 2025
https://www.ispreview.co.uk/,"ITS Technology on 50Gbps Plans, UK Full Fibre Expansion and Partnering Zen Internet","The ITS Technology Group , which has built various open access full fibre broadband and Ethernet networks (“Faster Britain“) across urban parts of the UK for businesses and ISPs, has today announced a reciprocal partnership with retail provider Zen Internet and spoken of their ambition for future network expansion within the next 2 years.",https://www.ispreview.co.uk/index.php/2025/06/its-technology-on-50gbps-plans-uk-full-fibre-expansion-and-partnering-zen-internet.html,16th Jun 2025
https://www.ispreview.co.uk/,Nexfibre Responds to Concerns Over UK Broadband ISP Onboarding Progress,"Network operator nexfibre , which is working alongside Virgin Media to deploy a new 10Gbps full fibre broadband ( FTTP ) network across millions of UK premises (c.2.2m have already been built), has told ISPreview that they “remain focused on enabling as many ISPs as possible“. This came after some of ISPreview’s sources indicated that their wholesale plans seem to have stalled.",https://www.ispreview.co.uk/index.php/2025/06/nexfibre-responds-to-concerns-over-uk-broadband-isp-onboarding-progress.html,15th Jun 2025
https://www.ispreview.co.uk/,Wessex Internet Founder James Gibson Scoops King’s Birthday Honours,"The annual King’s Birthday Honours (2025) have just been published, which includes a couple of people from the United Kingdom’s telecommunications sector, such as the founder of alternative rural broadband ISP Wessex Internet , James Gibson Fleming, who scooped an MBE for services to community, charity and businesses in Dorset.",https://www.ispreview.co.uk/index.php/2025/06/wessex-internet-founder-james-gibson-scoops-kings-birthday-honours.html,14th Jun 2025
https://www.ispreview.co.uk/,Zen Internet Starts Selling Broadband via Freedom Fibre’s UK Network UPDATE,"Rochdale-based UK broadband ISP Zen Internet has revealed that Freedom Fibre’s alternative full fibre ( FTTP ) network, which at the last update covered 315,000 premises in parts of England and North Wales (4th Nov 2024), is now live on their service and being sold to consumers after being almost fully integrated following last year’s wholesale deal ( here ).",https://www.ispreview.co.uk/index.php/2025/06/zen-internet-starts-selling-broadband-via-freedom-fibres-uk-network.html,14th Jun 2025
https://www.ispreview.co.uk/,Control of Broadband Altnet ISP Runfibre Changes Again to Fibre Nova,"The ownership of alternative network operator and ISP Runfibre , which has built a small Fibre-to-the-Premises (FTTP) broadband network across rural parts of South Gloucestershire in England, appears to have changed again after a relatively new provider called Nova Fibre took control of the business from the Fibreray Group .",https://www.ispreview.co.uk/index.php/2025/06/control-of-uk-broadband-altnet-runfibre-changes-again-to-fibre-nova.html,14th Jun 2025
https://www.ispreview.co.uk/,Liberty Global Boss Claims UK Gov Wants it to Rescue Broadband Altnets,"The boss of Liberty Global (Mike Fries), one of the parents behind UK broadband provider Virgin Media ( O2 ) and associated network builder nexfibre , has reportedly claimed that the UK Government’s Business Secretary, Jonathan Reynolds MP, expressed that he was “anxious” for them to step in and rescue struggling alternative networks.",https://www.ispreview.co.uk/index.php/2025/06/liberty-global-boss-claims-uk-gov-wants-virgin-media-to-rescue-altnets.html,13th Jun 2025
https://www.ispreview.co.uk/,Gigabit Broadband Voucher Scheme Tweaks UK Eligibility Criteria,"The Government’s Building Digital UK (BDUK) agency has tweaked the eligibility criteria for their Gigabit Broadband Voucher Scheme (GBVS) again, which among other things now requires that a home or business must have existing available broadband download speeds of less than 1Gbps in order to be eligible (previously it was 100Mbps).",https://www.ispreview.co.uk/index.php/2025/06/gigabit-broadband-voucher-scheme-tweaks-uk-eligibility-criteria.html,13th Jun 2025
https://www.ispreview.co.uk/,ISP Vodafone UK Officially Launch Pro 3 Broadband Plans and WiFi 7 Kit,"A month has passed since Vodafone first quietly introduced their new range of “Pro 3 Broadband” packages for homes ( as spotted by ISPreview ), which features their new WiFi 7 capable routers and wireless extenders. The good news today is that the provider has finally issued an official announcement, but it doesn’t add anything new vs our original report.",https://www.ispreview.co.uk/index.php/2025/06/isp-vodafone-uk-officially-launch-pro-3-broadband-plans-and-wifi-7-kit.html,12th Jun 2025
https://www.ispreview.co.uk/,Broadband ISP Carnival Internet UK Integrates Audra Security,"New ISP Carnival Internet UK , which first went live last month ( here ) and is being backed by global tech company Dotlines ( Dotlines UK ), has announced that it’s integrating a new suite of hardware and software security products from fellow company Audra Security to “deliver a seamless and secure online experience for households“.",https://www.ispreview.co.uk/index.php/2025/06/broadband-isp-carnival-internet-uk-integrates-audra-security.html,12th Jun 2025
https://www.ispreview.co.uk/,Falkland Islands Government Clears Way for Starlink Broadband,"The Falkland Islands Government (FIG) has, after plenty of confusion earlier this year ( here ), finally agreed to introduce a number of key changes that will allow both residents and businesses on the remote Falkland Islands, which is a British Overseas Territory, to finally be allowed to use Starlink ’s (SpaceX) ultrafast LEO satellite broadband network.",https://www.ispreview.co.uk/index.php/2025/06/falkland-islands-government-clears-way-for-starlink-broadband.html,12th Jun 2025
https://www.ispreview.co.uk/,INCA Summarises its Response to UK Gov’s Digital Inclusion Action Plan,"The Independent Networks Co-operative Association (INCA), which represents many of the country’s alternative broadband operators, has today set out how it believes the UK should deliver on the government’s recently proposed Digital Inclusion Action Plan (DIAP) to help get more UK people using the internet and improve digital skills.",https://www.ispreview.co.uk/index.php/2025/06/inca-summarises-its-response-to-uk-govs-digital-inclusion-action-plan.html,12th Jun 2025
https://www.ispreview.co.uk/,Quickline Update on Project Gigabit Broadband Builds in Yorkshire UK,"Alternative rural broadband ISP Quickline has today reported that they’ve hit their “first milestones” as part of their state aid supported Project Gigabit broadband roll-out contracts for West and South Yorkshire. More than 10,000 rural premises now have access to their new full fibre (FTTP) network as a result, with more to come.",https://www.ispreview.co.uk/index.php/2025/06/quickline-update-on-project-gigabit-broadband-builds-in-yorkshire-uk.html,12th Jun 2025
https://www.ispreview.co.uk/,"CityFibre Says Enterprise-grade Ethernet Services Reach 260,000 UK Businesses","Network operator CityFibre has today announced that their high-speed fibre optic based Ethernet ( leased line ) services are now available to over 260,000 UK businesses (up from 80,000). The expansion has been underpinned by its nationwide upgrade to 10Gbps capable XGS-PON (FTTP) broadband technology.",https://www.ispreview.co.uk/index.php/2025/06/cityfibre-says-enterprise-grade-ethernet-services-reach-260000-uk-businesses.html,12th Jun 2025
https://www.ispreview.co.uk/,Toob Extends UK FTTP Broadband Network Across Portchester,"Hampshire-based alternative network builder and UK ISP toob , which has deployed a gigabit speed full fibre (FTTP) network across parts of South England and also harnesses CityFibre ’s network in other areas, has announced that their own fibre network build has now covered over 8,000 homes in the large Hampshire village of Portchester.",https://www.ispreview.co.uk/index.php/2025/06/toob-extends-uk-fttp-broadband-network-across-portchester.html,12th Jun 2025
https://www.ispreview.co.uk/,Openreach Tells UK Businesses to “act faster” on Legacy Phone Switch-Off,"Network access provider Openreach ( BT ) has today warned businesses across the UK that they must “act now” in order to be ready for the old Public Switched Telephone Network (PSTN) to be switched-off in favour of IP -based digital phone ( VoIP etc.) services. But many are leaving it until the last minute, “risking network outages and malfunctioning systems“.",https://www.ispreview.co.uk/index.php/2025/06/openreach-tells-uk-businesses-to-act-faster-on-legacy-phone-switch-off.html,12th Jun 2025
https://www.ispreview.co.uk/,New Subsea Cable Link Being Explored for the Shetland Islands,Network operator VodafoneThree UK has today announced that they’ve begun a “feasibility study” to explore the possibility and cost of deploying a new subsea fibre optic cable system to help transform broadband and mobile connectivity in the Shetland Islands – a remote subarctic archipelago that resides some way north of Scotland.,https://www.ispreview.co.uk/index.php/2025/06/new-subsea-cable-link-being-explored-for-the-shetland-islands.html,12th Jun 2025
https://www.ispreview.co.uk/,VodafoneThree Outline Future UK Network Plans and 4G to 5G Speed Boosts,"VodafoneThree, which reflects the now finalised c.£16bn merger between Vodafone and Three UK ( here ), has this morning set out a set of post-merger plans for their 4G / 5G mobile (mobile broadband) network coverage, performance and branding. Starting with a 20% average speed boost on 4G for Three and SMARTY customers, and a new broadband partnership with CommunityFibre .",https://www.ispreview.co.uk/index.php/2025/06/vodafonethree-outline-future-uk-network-plans-and-4g-to-5g-speed-boosts.html,12th Jun 2025
https://www.ispreview.co.uk/,Virgin Media and O2 Warn UK Pensioners Unaware of Cheap Social Tariffs,"Broadband and mobile provider Virgin Media and O2 (VMO2) has this morning claimed, as part of a new online survey conducted by Strand Partners, that 48% of UK pensioners are still unaware of the social tariffs that can offer “significant cost savings” to those on state benefits, such as Pension Credit, Universal Credit and others.",https://www.ispreview.co.uk/index.php/2025/06/virgin-media-and-o2-warn-uk-pensioners-unaware-of-cheap-social-tariffs.html,12th Jun 2025
https://www.ispreview.co.uk/,Convergence Group Gobbles M247’s UK Connectivity and IT Services Operations,"Solihull-based UK business connectivity provider Convergence Group has announced the acquisition of the M247 Group ‘s UK focused connectivity (broadband, Ethernet etc.) and IT services operations, which apparently includes its related infrastructure and personnel, for an undisclosed sum.",https://www.ispreview.co.uk/index.php/2025/06/convergence-group-gobbles-m247s-uk-connectivity-and-it-services-operations.html,11th Jun 2025
https://www.ispreview.co.uk/,Gov’s 2025 Spending Review Delays UK Gigabit Broadband Target to 2032 UPDATE,"The UK Government’s Chancellor of the Exchequer, Rachel Reeves, has today delivered her 2025 Spending Review, which included a few bits of new information and updated figures for telecoms. But as well as confirming £1.9bn for broadband and mobile projects (existing commitments), it also appeared to reflect a delay to the gigabit broadband roll-out from 2030 to 2032.",https://www.ispreview.co.uk/index.php/2025/06/govs-2025-spending-review-delays-uk-gigabit-broadband-target-to-2032.html,11th Jun 2025
https://www.ispreview.co.uk/,F&W Networks and UK ISP Hey! Broadband Cut e-Waste by Reusing Routers,"Internet provider Hey! Broadband , which reaches various areas covered by F&W Networks ‘ (Fibre and Wireless) alternative gigabit speed full fibre ( FTTP ) lines – mostly across the South East of England, has cut their electronic waste by becoming the latest ISP to reuse customer-premises equipment (CPE) – like home routers and optical modems (ONT).",https://www.ispreview.co.uk/index.php/2025/06/fw-networks-and-uk-isp-hey-broadband-cut-e-waste-by-reusing-routers.html,11th Jun 2025
https://www.ispreview.co.uk/,Vodafone UK Test Software Enhancement That Boosted 5G Speeds to 1.7Gbps,"Broadband ISP and mobile operator Vodafone have announced that they’ve “successfully completed tests of a major 5G software enhancement” with Nokia, Qualcomm Technologies and Xiaomi. The change, once deployed, promises to boost data (mobile broadband) throughput for users by nearly 25%.",https://www.ispreview.co.uk/index.php/2025/06/vodafone-uk-test-software-enhancement-that-boosted-5g-speeds-to-1-7gbps.html,11th Jun 2025
https://www.ispreview.co.uk/,Broadband ISP Plusnet Gives Up on Free UK Email and Webspace Features,"Internet provider Plusnet recently began notifying customers that they “will no longer be offering an email service to new or existing” users of their broadband service, and have instead begun the process of migrating users of their legacy services (inc. webspace and domains) to a new platform. But the new service won’t remain free.",https://www.ispreview.co.uk/index.php/2025/06/broadband-isp-plusnet-gives-up-on-free-uk-email-and-webspace-features.html,11th Jun 2025
https://www.ispreview.co.uk/,Disputed Invoice Causes Brief Headache for Network Provider Fibre 1,"Network operator Fibre 1 Limited , which typically focuses more on Scotland and offers a range of broadband / Ethernet / internet connectivity services to businesses, recently ran into a problem after a disputed invoice briefly led to a court action to appoint a provisional liquidator. But this issue was promptly reversed and settled.",https://www.ispreview.co.uk/index.php/2025/06/fibre-network-provider-fibre-1-appoint-provisional-liquidator.html,11th Jun 2025
https://www.ispreview.co.uk/,BT Allegedly Explores Acquisition of Struggling UK Broadband ISP TalkTalk,"A newspaper has claimed that telecoms giant BT ( EE , Plusnet etc.) is allegedly in the “early stages of exploring a takeover” of debt-laden broadband ISP TalkTalk . The news follows only days after Openreach reportedly threatened to block the troubled internet provider from adding new customers ( here ) due to concerns over delayed payments.",https://www.ispreview.co.uk/index.php/2025/06/bt-allegedly-explores-acquisition-of-struggling-uk-broadband-isp-talktalk.html,10th Jun 2025
https://www.ispreview.co.uk/,"As Funding Deal Looms, CityFibre Says Talk of Sale to VMO2 Unfounded","Network operator CityFibre , which has so far deployed their gigabit-capable full fibre broadband ( FTTP ) lines to cover 4.3 million UK premises (RFS), have said that recent newspaper “speculation” around the possibility of the business being acquired by Virgin Media ( O2 ) are “unfounded“. The operator added that they were now close to securing a much-needed financing deal.",https://www.ispreview.co.uk/index.php/2025/06/as-funding-deal-looms-cityfibre-says-talk-of-sale-to-vmo2-unfounded.html,10th Jun 2025
https://www.ispreview.co.uk/,Boldyn Networks and ITS Tech to Build New Full Fibre Networks in London,"Digital infrastructure firm Boldyn Networks , which has helped to deploy a number of open access UK mobile and fibre optic broadband networks, has today announced that they’re working with network operator ITS Technology to deploy a new full fibre network across parts of four London Boroughs (Bromley, Lewisham, Merton, and Wandsworth).",https://www.ispreview.co.uk/index.php/2025/06/boldyn-networks-and-its-tech-to-build-new-full-fibre-networks-in-london.html,10th Jun 2025
https://www.ispreview.co.uk/,Vodafone UK Harness Quantum Tech to Help Build and Upgrade Networks,"Mobile operator Vodafone has today announced that they’ve agreed a new partnership with UK-based quantum company, ORCA computing. The deal will see the network provider harnessing quantum technology to help them quickly map out the fastest and cheapest route when building and upgrading future mobile and fixed broadband networks.",https://www.ispreview.co.uk/index.php/2025/06/vodafone-uk-harness-quantum-tech-to-help-build-and-upgrade-networks.html,10th Jun 2025
https://www.ispreview.co.uk/,Streetwave to Map 4G and 5G Mobile Coverage Across North Scotland,"The Scottish Futures Trust (SFT) has announced that they’ve appointed network analyst firm Streetwave to harness fleets of bin lorries to help “accurately” map 4G and 5G mobile broadband coverage and performance, which will focus on the North of Scotland (i.e. Moray, Aberdeenshire and Highland Council areas).",https://www.ispreview.co.uk/index.php/2025/06/streetwave-to-map-4g-and-5g-mobile-coverage-across-north-scotland.html,10th Jun 2025
https://www.ispreview.co.uk/,Vodafone Bring Free 7-Day eSIM Mobile Network Trial to 4 More UK Cities,"Mobile network operator Vodafone have announced that people in Belfast, Sheffield, Liverpool and Watford can now take advantage of their “try before you buy” style eSIM, which first went live in London last month ( here ). Consumers can try the operator’s service, free, for 7-days with 50GB of data (mobile broadband), 500 minutes and 500 texts – all without changing your number.",https://www.ispreview.co.uk/index.php/2025/06/vodafone-bring-free-7-day-esim-mobile-network-trial-to-4-more-uk-cities.html,10th Jun 2025
https://www.ispreview.co.uk/,Welsh Gov Update Plan for £70m Extending High Speed Broadband Project,"The Welsh Government (WG) today issued an update on their long awaited £70m (state aid) “Extending High Speed Broadband” (EHSB) project for Wales, which now intends to help upgrade around 25,000 to 30,000 poorly served premises (down from the original aspiration of c.84,000) in areas that can’t yet get “superfast” speeds of 30Mbps+.",https://www.ispreview.co.uk/index.php/2025/06/welsh-gov-update-plan-for-70m-extending-high-speed-broadband-project.html,9th Jun 2025
https://www.ispreview.co.uk/,Hyperoptic to Extend UK FTTP Broadband Coverage via Openreach,"In a significant strategic development. City-focused UK ISP Hyperoptic , which has spent the past few years deploying their own alternative full fibre (FTTP/B) gigabit broadband network to cover 1.9 million premises (up from 1.73m in July 2024), has confirmed to ISPreview that they plan to extend this to “at least” another 1 million premises – albeit using Openreach ’s FTTP products.",https://www.ispreview.co.uk/index.php/2025/06/hyperoptic-to-extend-uk-fttp-broadband-coverage-via-openreach.html,9th Jun 2025
https://www.ispreview.co.uk/,Landowners Lobby UK Government for Higher Rents on 5G Mobile Masts,"A group of land and property owners, including the British Property Federation (BPF) and National Farmers Union (NFU) among them, have written a new letter that calls on the UK government to suspend earlier reforms that made it easier and cheaper for mobile and broadband operators to deploy their infrastructure on private land.",https://www.ispreview.co.uk/index.php/2025/06/landowners-lobby-uk-government-for-higher-rents-on-5g-mobile-masts.html,9th Jun 2025
https://www.ispreview.co.uk/,EE UK Start Enabling Voice Over 5G Standalone Option on Smartphones,"Some of ISPreview’s readers have informed us that mobile operator EE ( BT ) appears to have pushed out a new carrier update, which enables the “Voice Over 5G Standalone” network feature on Smartphones that can support it. Currently, we’ve only seen reports of this from Apple iPhone users.",https://www.ispreview.co.uk/index.php/2025/06/ee-uk-start-enabling-voice-over-5g-standalone-option-on-smartphones.html,9th Jun 2025
https://www.ispreview.co.uk/,Fibrus Hits EBITDA Breakeven as UK Broadband Customers Top 113.5k,"Infracapital-backed alternative network operator Fibrus , which has been rolling out their full fibre ( FTTP ) broadband network across Northern Ireland and Cumbria (England), has today published a summary of their latest results. The data reveals that they achieved EBITDA breakeven in March 2025 and are now home to 113,500 customers (up from 100k in Nov 2024).",https://www.ispreview.co.uk/index.php/2025/06/fibrus-uk-broadband-network-hits-ebitda-breakeven-as-customers-top-113k.html,9th Jun 2025
https://www.ispreview.co.uk/,Openreach Finally Kicks Off Larger FTTP Broadband Build in Oxford,"Network operator Openreach ( BT ) has finally started to deploy their new Fibre-to-the-Premises ( FTTP ) based gigabit broadband ISP network across the Cathedral City of Oxford (Oxfordshire) in England, which mostly reflects the central area covered by their main exchange.",https://www.ispreview.co.uk/index.php/2025/06/openreach-finally-kicks-off-larger-fttp-broadband-build-in-oxford.html,9th Jun 2025
https://www.ispreview.co.uk/,Openreach Allegedly Threatens to Block New TalkTalk Broadband Customers,"Network access provider Openreach ( BT ) has reportedly warned the heavily indebted UK broadband ISP TalkTalk that they could block them from putting new customers on to their network. The threat allegedly arose after the ISP missed several monthly payment deadlines to the network operator, its biggest supplier, due to cash flow issues.",https://www.ispreview.co.uk/index.php/2025/06/openreach-allegedly-threatens-to-block-new-talktalk-broadband-customers.html,8th Jun 2025
https://www.ispreview.co.uk/,"Scotland Stops £43m Gigabit Broadband Tender for Fife, Perth and Kinross","ISPreview has uncovered that the Scottish Government (SG) have stopped their tender for a supplier to deliver on the proposed £43m (state aid) Project Gigabit broadband roll-out scheme in Fife, Perth and Kinross (Lot 4 – Scotland). This had been expected to help expand full fibre (FTTP) connectivity to an estimated 28,441 premises in hard-to-reach rural areas.",https://www.ispreview.co.uk/index.php/2025/06/scotland-stops-43m-gigabit-broadband-tender-for-fife-perth-and-kinross.html,7th Jun 2025
https://www.ispreview.co.uk/,"Rural Broadband ISP Truespeed Extends FTTP to 109,000 UK Premises","Alternative network provider Truespeed , which have deployed their full fibre (FTTP) broadband network to rural parts of Devon, Wiltshire and Somerset in England, has published their annual accounts to the end of 2024 and revealed that they’ve now covered 109,000 premises RFS (up from 100k in Jun 2024) and have 24,000 customers (up from 21k).",https://www.ispreview.co.uk/index.php/2025/06/rural-broadband-isp-truespeed-extends-fttp-to-109000-uk-premises.html,6th Jun 2025
https://www.ispreview.co.uk/,Wireless ISP Symmetris Broadband Merges into Sister Provider WiSpire,"Fixed wireless access UK ISP Symmetris Broadband , which together with their partners have already deployed a number of networks across rural parts of Norfolk and Suffolk in England (including some FTTP via the Gigabit Village off-shoot), appears to have recently been merged into sister operator WiSpire (both are associated to InTouch Systems ).",https://www.ispreview.co.uk/index.php/2025/06/wireless-isp-symmetris-broadband-mergers-into-sister-provider-wispire.html,6th Jun 2025
https://www.ispreview.co.uk/,ASDA Mobile UK Refreshes Pay Monthly and Pay As You Go Plans,"The mobile operator division of supermarket chain ASDA , which is powered by a virtual network operator (MVNO) agreement with Vodafone , has just launched a refreshed SIM-Only range with a reduced number of products, featuring reduced pricing across some of their key plans.",https://www.ispreview.co.uk/index.php/2025/06/asda-mobile-uk-refreshes-pay-monthly-and-pay-as-you-go-plans.html,6th Jun 2025
https://www.ispreview.co.uk/,ISP Gamma and Clear Business Boosted by UK Strategic Partnership,"Multi-utility operator Clear Business , which provides UK SMEs with access to lots of different services (broadband, mobile, energy, payment, water etc.), has today announced that they’ve “strengthened” their strategic partnership with business ISP Gamma Communications .",https://www.ispreview.co.uk/index.php/2025/06/isp-gamma-and-clear-business-boosted-by-uk-strategic-partnership.html,6th Jun 2025
https://www.ispreview.co.uk/,INCA Calls on Lords to Address UK Broadband Woes for Remote Working,"The Independent Networks Co-operative Association (INCA), which represents many of the UK’s alternative broadband operators, has today proposed several priority recommendations to help address – as part of a Lords Select Committee inquiry – the gaps in critical broadband infrastructure that could be holding back home-based working.",https://www.ispreview.co.uk/index.php/2025/06/inca-calls-on-lords-to-address-uk-broadband-woes-for-home-based-working.html,6th Jun 2025
https://www.ispreview.co.uk/,UK Fibre Awards 2025 Name Winning Broadband Operators,"The fourth annual UK Fibre Awards event was held yesterday in London, which saw a number of broadband ISPs and full fibre network builders across several categories pick up awards for their achievements. Some of this year’s winners included Gigaclear for ‘Best Rural Fibre Provider’ and MS3 for ‘Best Overall Fibre Provider’ (they scooped several wins).",https://www.ispreview.co.uk/index.php/2025/06/uk-fibre-awards-2025-name-winning-broadband-operators.html,6th Jun 2025
https://www.ispreview.co.uk/,O2 UK Add Data Rollover as Standard to Pay Monthly Plus and Ultimate Plans,"Mobile operator O2 ( Virgin Media ) has this morning announced that new and upgrading customers on their ‘Pay Monthly Plus’ or ‘Ultimate Plan’ (phone, tablet, or SIM only) can make the most of any unused 4G or 5G data (mobile broadband) each month as it will now roll over to their following months’ airtime allowance.",https://www.ispreview.co.uk/index.php/2025/06/o2-uk-add-data-rollover-as-standard-to-pay-monthly-plus-and-ultimate-plans.html,5th Jun 2025
https://www.ispreview.co.uk/,Virgin Media O2 UK Gives Away iPad with Selected Broadband Bundles,"New customers looking to sign-up with Virgin Media ( O2 ) may like to know that the ISP has today refreshed some of their home broadband packages today and is also offering a 9th Gen iPad 64GB in space grey when they purchase an 18-month MegaVolt package online, at least while stocks last.",https://www.ispreview.co.uk/index.php/2025/06/virgin-media-o2-uk-gives-away-ipad-with-selected-broadband-bundles.html,5th Jun 2025
https://www.ispreview.co.uk/,CityFibre UK Finish Primary £15m FTTP Broadband Rollout in Wokingham,"Network operator CityFibre , which has so far built their 5.5Gbps speed Fibre-to-the-Premises (FTTP) broadband ISP network to cover 4.4 million UK premises (4.2m Ready for Service), has today confirmed the completion of their “primary” £15 million build across the market town of Wokingham in Berkshire (England).",https://www.ispreview.co.uk/index.php/2025/06/cityfibre-uk-finish-primary-15m-fttp-broadband-rollout-in-wokingham.html,5th Jun 2025
https://www.ispreview.co.uk/,Vodafone UK Launches New 5G Mobile Data Travel eSIM Service,"Mobile network operator Vodafone has today launched a new 4G and 5G-ready mobile data (broadband) Travel eSIM service, which now extends to 206 destinations on 700 networks – supported by its GenAI system for customer service. But they’re still just one option in a growing sea of similar services, where standing out is difficult.",https://www.ispreview.co.uk/index.php/2025/06/vodafone-uk-launches-new-5g-mobile-data-travel-esim-service.html,5th Jun 2025
https://www.ispreview.co.uk/,Ofcom UK Set to Begin Hunt for New Chairman to Replace Lord Grade,"The UK communications and media regulator, Ofcom , is reportedly preparing to kick off a new recruitment process – at the government’s (DSIT) behest – to find a replacement for the organisation’s current Chair, Michael Grade (Lord Grade of Yarmouth), who has been in the role since May 2022 and previously held senior positions at the BBC , ITV and Channel 4.",https://www.ispreview.co.uk/index.php/2025/06/ofcom-uk-set-to-begin-hunt-for-new-chairman-to-replace-lord-grade.html,5th Jun 2025
https://www.ispreview.co.uk/,New Mapping Technology Looks to Boost UK Fibre Broadband Rollout,"The specialist consultancy firm for UK utilities and infrastructure, Dalcour Maclaren , has taken the wrappings off its new bespoke fibre planning tool that it hopes will boost the roll-out of full fibre broadband by transforming the wayleave (legal land/property access agreements) and consent process for network operators.",https://www.ispreview.co.uk/index.php/2025/06/new-mapping-technology-looks-to-boost-uk-fibre-broadband-rollout.html,5th Jun 2025
https://www.ispreview.co.uk/,1p Mobile UK Hints at Imminent Launch of eSIM Support,Mobile network operator 1p Mobile this week indicated that the long-awaited introduction of eSIM (Electronic SIM) support to their service – hopefully for both new and existing customers – could finally begin to go live around the end of this month.,https://www.ispreview.co.uk/index.php/2025/06/1p-mobile-uk-hints-at-imminent-launch-of-esim-support.html,5th Jun 2025
https://www.ispreview.co.uk/,"Broadband ISP Youfibre Launch New UK Account Portal, Struggles a Bit","Internet provider Youfibre , which uses Netomnia ’s ( Brsk ) fast-growing national full fibre ( FTTP ) broadband network, this week launched a new ‘My Account’ service / portal for customers. But this ended up becoming a victim of its own success after the ISP notified that “unprecedented demand” was preventing some customers from being able to log-in.",https://www.ispreview.co.uk/index.php/2025/06/broadband-isp-youfibre-launch-new-uk-account-portal-struggles-a-bit.html,4th Jun 2025
https://www.ispreview.co.uk/,Altnet Broadband ISP Quickline Brings Tech Support Back to UK,"Alternative rural broadband ISP Quickline , which is building a gigabit speed full fibre ( FTTP ) and fixed wireless (FWA) broadband network across rural parts of Yorkshire and Lincolnshire (England), has today announced that they’ve moved their Customer Technical Support Team in-house. Previously, it was outsourced to a company based in South Africa.",https://www.ispreview.co.uk/index.php/2025/06/altnet-broadband-isp-quickline-brings-tech-support-back-to-uk.html,4th Jun 2025
https://www.ispreview.co.uk/,CEO of Rural Broadband ISP Gigaclear Warns Ofcom Has Gone Too Far,"The CEO of Abingdon-based alternative rural broadband ISP Gigaclear , Nathan Rundle, has told Richard Tang, CEO of Zen Internet , that they’re still focused on extending their full fibre (FTTP) network to 1 million UK homes in ultra rural areas. But the provider is concerned about Ofcom ’s proposed changes to the market getting in the way.",https://www.ispreview.co.uk/index.php/2025/06/ceo-of-rural-broadband-isp-gigaclear-warns-ofcom-has-gone-too-far.html,4th Jun 2025
https://www.ispreview.co.uk/,EE UK Launch Nintendo Switch 2 Bundles for Pay Monthly Mobile Customers,Customers of mobile and broadband ISP EE may like to know that the provider has today soft launched a new range of “exclusive” Nintendo Switch 2 bundles for users to add to their existing packages. The deals are set to become available via the operator’s EE Store tomorrow (5th June 2025) to coincide with global availability.,https://www.ispreview.co.uk/index.php/2025/06/ee-uk-launch-nintendo-switch-2-bundles-for-pay-monthly-mobile-customers.html,4th Jun 2025
https://www.ispreview.co.uk/,Netomnia and ISP YouFibre Claim to Fix Broadband Speed and Latency Issues UPDATE,"Some customers of UK broadband ISP Youfibre , which harnesses Netomnia ’s 10Gbps capable Fibre-to-the-Premises (FTTP) broadband network, have seen their service return to normal after appearing to suffer from a noticeable drop in network latency and upload performance over the past few days. But for others, the issue is ongoing.",https://www.ispreview.co.uk/index.php/2025/06/netomnia-and-isp-youfibre-fix-broadband-speed-and-latency-issues.html,4th Jun 2025
https://www.ispreview.co.uk/,Hyperoptic Ends Campaign Against Mid-Contract Broadband Price Hikes,In a somewhat surprising development for an ISP that has spent the past few years campaigning against mid-contract price hikes. City-focused UK ISP Hyperoptic has this week refreshed the pricing of their broadband packages to adopt the same structure of annual price rises as many of the largest internet providers.,https://www.ispreview.co.uk/index.php/2025/06/hyperoptic-ends-campaign-against-mid-contract-broadband-price-hikes.html,3rd Jun 2025
https://www.ispreview.co.uk/,GoFibre Connect 500 Customers to FTTP Broadband in Barnard Castle,"Edinburgh-based UK ISP GoFibre has revealed that their roll-out of a new Fibre-to-the-Premises (FTTP) broadband network in the County Durham market town of Barnard Castle, which forms part of their £6.6m state-aid supported Project Gigabit contract to cover 4,000 hard-to-reach premises in rural Teesdale ( here ), has now connected over 500 customers.",https://www.ispreview.co.uk/index.php/2025/06/gofibre-connect-500-customers-to-fttp-broadband-in-barnard-castle.html,3rd Jun 2025
https://www.ispreview.co.uk/,CityFibre Prep New 5.5Gbps Wholesale Broadband Product for UK ISPs,"Network operator CityFibre , which has already deployed their Fibre-to-the-Premises (FTTP) based broadband network to cover 4.4 million UK premises (4.2m Ready for Service), has today taken the wraps off their new “Multi-Gig” product, offering its ISP partners symmetrical speeds of 5.5Gbps (Gigabits per second) – over twice as fast as their current top 2.5Gbps tier.",https://www.ispreview.co.uk/index.php/2025/06/cityfibre-prep-new-5-5gbps-wholesale-broadband-product-for-uk-isps.html,3rd Jun 2025
https://www.ispreview.co.uk/,Civil Engineering Firm Network Plus Overhauls Delivery of UK Field Services,"One of the UK’s largest utility contractors, Network Plus , which also helps a number of network operators to deploy full fibre broadband infrastructure, has appointed workforce management firm Totalmobile to overhaul how it manages and delivers its field services across the country.",https://www.ispreview.co.uk/index.php/2025/06/civil-engineering-firm-network-plus-overhauls-delivery-of-uk-field-services.html,3rd Jun 2025
https://www.ispreview.co.uk/,BT International Launches to Serve Multinational Customers,"Telecoms and broadband giant BT Group yesterday officially launched their new standalone ‘International’ unit to serve their multinational customers, which was previously predicted ( here ) to comprise over 8,000 staff and will report separately from the company’s UK business.",https://www.ispreview.co.uk/index.php/2025/06/bt-international-launches-to-serve-multinational-customers.html,3rd Jun 2025
https://www.ispreview.co.uk/,Sky UK Launch New Cheaper Broadband-based Sky Glass Air TV Sets,"As expected, Sky has today soft launched their new Sky Glass Air televisions for customers of their broadband-based pay TV streaming service, which is essentially a slimmed down version of their recently launched Gen 2 TVs (introduced February 2025). The new kit will become available to buy on Tuesday 10th June (Currys stores from 18th).",https://www.ispreview.co.uk/index.php/2025/06/sky-uk-launch-new-cheaper-broadband-based-sky-glass-air-tv-sets.html,3rd Jun 2025
https://www.ispreview.co.uk/,SpaceX Planning to Launch Starlink v3 Broadband Satellites in 6-9 Months,"The CEO of SpaceX, Elon Musk, has revealed that the first batch of their next generation Starlink v3 satellites could “start launching [into Low Earth Orbit] on Starship in 6 to 9 months“, which are eventually expected to push broadband speeds closer to gigabit (1000Mbps) territory and further improve latency times. But Musk is known for over-promising on timelines.",https://www.ispreview.co.uk/index.php/2025/06/spacex-planning-to-launch-startlink-v3-broadband-satellites-in-6-9-months.html,3rd Jun 2025
https://www.ispreview.co.uk/,FullFibre and Zzoomm Set to Drop BeFibre Broadband ISP Brand UPDATE,"Credible sources have informed ISPreview that alternative UK broadband operator FullFibre Limited ( Fibre Heroes ), which in early March 2025 completed its merger with Zzoomm ( here ), are preparing to drop one of their joint retail ISP brands – BeFibre (first acquired after FullFibre gobbled ‘Digital infrastructure’ in 2023 – here ).",https://www.ispreview.co.uk/index.php/2025/06/fullfibre-and-zzoomm-set-to-drop-befibre-broadband-isp-brand.html,3rd Jun 2025
https://www.ispreview.co.uk/,Openreach Default to More Expensive Biz FTTP and SOGEA Broadband Installs UPDATE,"Network access provider Openreach ( BT ) caught our eye this week, which came after several of ISPreview’s industry sources notified us that the operator had “implemented a nationwide change” on 1st June 2025 that affected how SOGEA ( FTTC etc.) and FTTP broadband services are provisioned for UK business premises.",https://www.ispreview.co.uk/index.php/2025/06/openreach-make-uk-biz-fttp-and-sogea-broadband-installs-more-expensive.html,2nd Jun 2025
https://www.ispreview.co.uk/,Vorboss Target London’s Local Councils with New Full Fibre Partnership,"London-focused network provider Vorboss , which operates a 100Gbps capable full fibre network in the city, has today announced a new strategic partnership with Roc Technologies to deliver “best-in-class network solutions” tailored specifically for local councils across the capital.",https://www.ispreview.co.uk/index.php/2025/06/vorboss-target-londons-local-councils-with-new-full-fibre-partnership.html,2nd Jun 2025
https://www.ispreview.co.uk/,Vodafone and Three UK Officially Complete £16bn Mega Mobile Merger UPDATE,"The huge £16bn+ merger between mobile network operators Vodafone and Three UK (CK Hutchison) officially completed today, which will change the competitive dynamic of the UK market. The deal is also expected to help improve the national coverage of the latest 5G Standalone (mobile broadband) technologies, but concerns remain over jobs and consumer pricing.",https://www.ispreview.co.uk/index.php/2025/06/vodafone-and-three-uk-officially-complete-16bn-mega-mobile-merger.html,2nd Jun 2025
https://www.ispreview.co.uk/,Vodafone and Three UK Launch New Website Ahead of Merger Completion UPDATE,"In a subtle but interesting development, ISPreview has spotted that mobile operators Vodafone and Three UK have launched a new website – VodafoneThree – that sets out their plans ahead of the official completion of their c.£16bn mega-merger. This replaces their previous site (i.e. vodafoneandthree.uk has been retired in favour of vodafonethree.com).",https://www.ispreview.co.uk/index.php/2025/06/vodafone-and-three-uk-launch-new-website-ahead-of-merger-completion.html,2nd Jun 2025
https://www.ispreview.co.uk/,Broadband ISP TalkTalk and Sky UK Battle Over NOW TV Fees,"Struggling internet service provider TalkTalk is reportedly withholding millions of pounds from Sky (Sky TV, Sky Broadband etc.) due to a contractual dispute, which relates to fees owed for use of the media giant’s NOW TV video streaming service. The budget ISP had been offering this to customers until relatively recently (part of a bundle via a single bill).",https://www.ispreview.co.uk/index.php/2025/06/broadband-isp-talktalk-and-sky-uk-battle-over-now-tv-fees.html,2nd Jun 2025
https://www.ispreview.co.uk/,Government Hails Start of National Campaign for UK Digital Phone Switch,"The UK government has today hailed the start of a new national campaign, funded by broadband giants BT and Virgin Media , which aims to help support and encourage vulnerable people in their efforts to switch from legacy phone lines to new digital ( IP / VoIP based) networks before the deadline.",https://www.ispreview.co.uk/index.php/2025/06/government-hails-start-of-national-campaign-for-uk-digital-phone-switch.html,2nd Jun 2025
https://www.ispreview.co.uk/,Brsk Cuts Standard Price of 900Mbps UK Broadband to Just £35,"Broadband ISP Brsk , which currently covers 2.4 million UK premises (RFS) via Netomnia ’s national full fibre ( FTTP ) network, will today introduce a “permanent price change for the foreseeable future” on their BetterNet1000 (900Mbps average speed) package – reducing it from £37 to just £35 per month for both new and renewing (existing) customers.",https://www.ispreview.co.uk/index.php/2025/06/brsk-cuts-standard-price-of-900mbps-uk-broadband-to-just-35.html,1st Jun 2025
https://www.ispreview.co.uk/,O2 UK Warn Customers with Incompatible Mobiles as 3G Switches Off,"Mobile operator O2 ( Virgin Media ) recently started emailing customers with handsets that are “not fully compatible with the UK’s 4G or 5G network” in order to notify them of their imminent 3G switch-off and offer an upgrade. But it’s worth noting that these notices will sometimes still get sent to people with technically compatible phones too, often leading to confusion.",https://www.ispreview.co.uk/index.php/2025/05/o2-uk-warn-customers-with-incompatible-mobiles-as-3g-switches-off.html,30th May 2025
https://www.ispreview.co.uk/,GoFibre Expands Project Gigabit Broadband Rollout in Teesdale UK,ISPreview has spotted that the Government’s (DSIT) Building Digital UK (BDUK) agency have issued a contract modification notice for alternative network ISP GoFibre . This modestly expands their state aid funded Project Gigabit broadband roll-out of full fibre technology for hard-to-reach rural parts of Teesdale (Lot 4.01) in County Durham.,https://www.ispreview.co.uk/index.php/2025/05/gofibre-expands-project-gigabit-broadband-rollout-in-teesdale-uk.html,30th May 2025
https://www.ispreview.co.uk/,"Country Connect Brings Full Fibre Broadband to 10,000 Premises","Alternative network and UK ISP Country Connect , which since 2021 has been deploying their new gigabit capable Fibre-to-the-Premises ( FTTP ) broadband network across harder to reach parts of South Wales ( here ) and some communities in England, recently passed the key milestone of having covered 10,000 premises RFS (up from 3,709 two years ago).",https://www.ispreview.co.uk/index.php/2025/05/country-connect-brings-full-fibre-broadband-to-10000-premises.html,30th May 2025
https://www.ispreview.co.uk/,ISP Sky Broadband UK Add Free Device Priority for WiFi Max Customers,"Customers of UK ISP Sky Broadband , specifically those who have added the Wi-Fi Max service to their package (i.e. this includes their fastest WiFi Guarantee, advanced internet security, mobile data boost, requestable engineer visits and more), can now add a new “Device Priority” feature to this “at no extra cost” to help them take control of their WiFi experience.",https://www.ispreview.co.uk/index.php/2025/05/isp-sky-broadband-uk-add-free-device-priority-for-wifi-max-customers.html,29th May 2025
https://www.ispreview.co.uk/,Multiple ASUS Routers Impacted by New Security Vulnerability UPDATED,"Customers of ASUS’ popular WiFi and broadband routers have been advised to ensure that they’re on the latest firmware (software update) after security researchers at GreyNoise published a new vulnerability, which has already allowed attackers to gain “unauthorized, persistent access” to thousands of devices exposed to the public internet.",https://www.ispreview.co.uk/index.php/2025/05/multiple-asus-routers-impacted-by-new-security-vulnerability.html,29th May 2025
https://www.ispreview.co.uk/,BT CEO Talks Shrinking UK Broadband Market Share and Future of Altnets,"The CEO of ISP Zen Internet , Richard Tang, has today shared a new interview with the CEO of BT Group, Allison Kirkby, which touches on everything from how they’d “love to” participate in the future consolidation of alternative networks (but not for a while) and the way that building a more valuable asset via FTTP broadband may compensate for having a smaller UK market share.",https://www.ispreview.co.uk/index.php/2025/05/bt-ceo-talks-shrinking-uk-broadband-market-share-and-future-of-altnets.html,29th May 2025
https://www.ispreview.co.uk/,World Record as 1.02 Petabits Per Second Sent Over 1808km of Optical Fibre,"A Japanese team has today set a new world record for long-distance high-capacity transmission in optical fibre communications, which saw them achieve a data speed of 1.02Pbps (Petabits per second) over a distance of 1,808 km using a 19-core optical fibre cable with a standard 0.125mm cladding diameter.",https://www.ispreview.co.uk/index.php/2025/05/world-record-as-1-02-petabits-per-second-sent-over-1808km-of-optical-fibre.html,29th May 2025
https://www.ispreview.co.uk/,Virgin Media O2 Boost Support for UK Customers Suffering Financial Difficulties,"Broadband and mobile operator Virgin Media and O2 (VMO2) has today announced a new partnership with debt advice firm Money Wellness, which aims to improve the support they’re able to offer to “financially vulnerable customers” who many be experiencing financial difficulties.",https://www.ispreview.co.uk/index.php/2025/05/virgin-media-o2-boost-support-for-uk-customers-suffering-financial-difficulties.html,29th May 2025
https://www.ispreview.co.uk/,Study of Fixed Broadband Tariffs Across Europe Sees UK Rank 12th,"A new Point Topic study of all major standalone and bundled fixed broadband operators and their tariffs across the EU, UK, Norway, Iceland and Switzerland – reflecting a total of 31 countries and 200 operators – has revealed that the United Kingdom ranked a respectable 12th in the table (median average tariffs) and 4th for entry level package tariffs.",https://www.ispreview.co.uk/index.php/2025/05/study-of-fixed-broadband-tariffs-across-europe-sees-uk-rank-12th.html,29th May 2025
https://www.ispreview.co.uk/,BT Secures Silver Award Under the UK’s New Fair Payment Code,"Broadband and telecoms giant BT has joined the new UK Government backed Fair Payment Code (FPC) and, in the process, just became the largest information technology business to achieve a Silver Award under the scheme. The FPC is overseen by the Office of the Small Business Commissioner (OSBC).",https://www.ispreview.co.uk/index.php/2025/05/bt-secures-silver-award-under-the-uks-new-fair-payment-code.html,28th May 2025
https://www.ispreview.co.uk/,Lit Fibre Cuts Price of CityFibre Powered UK Broadband ISP Packages,"A little over a month has passed since internet provider Lit Fibre , which harnesses CityFibre ’s UK full fibre (FTTP) network (they originally ran their own fibre network – here ), introduced a range of new “specialised” packages. But they’ve now significantly cut the prices of those same plans “due to market demand“.",https://www.ispreview.co.uk/index.php/2025/05/lit-fibre-cuts-price-of-cityfibre-powered-uk-broadband-isp-packages.html,28th May 2025
https://www.ispreview.co.uk/,Streetwave Test Mobile Data Performance on the Elizabeth Line Train,"Network analyst firm Streetwave has today shared the results from a recent survey they conducted, which examined the coverage and performance of 4G and 5G mobile (broadband) networks – including EE , Three UK , Vodafone and O2 – for people travelling on part of the Elizabeth Line (train) from Heathrow Airport (T 2/3) to Canary Wharf.",https://www.ispreview.co.uk/index.php/2025/05/streetwave-test-mobile-data-performance-on-the-elizabeth-line-train.html,28th May 2025
https://www.ispreview.co.uk/,CityFibre UK Finish Primary £58m FTTP Broadband Rollout in Reading,"Network operator CityFibre , which have so far built their 2.5Gbps speed Fibre-to-the-Premises (FTTP) broadband ISP network to cover 4.4 million UK premises (4.2m Ready for Service), has today confirmed the completion of their “primary” £58 million build across the large Berkshire (England) town of Reading – including some of its surrounding areas.",https://www.ispreview.co.uk/index.php/2025/05/cityfibre-uk-finish-primary-58m-fttp-broadband-rollout-in-reading.html,28th May 2025
https://www.ispreview.co.uk/,50 Government Funded 4G Mobile Mast Upgrades Now Live Across UK,"The Department for Science, Innovation and Technology (DSIT) has this morning revealed that a total of 50 government-funded rural 4G (mobile broadband) mast upgrades have now gone live across England (9 masts), Wales (28) and Scotland (13) as part of the industry-led £1bn Shared Rural Network (SRN) project. But 50 more will follow by March 2026.",https://www.ispreview.co.uk/index.php/2025/05/50-government-funded-4g-mobile-mast-upgrades-now-live-across-uk.html,28th May 2025
https://www.ispreview.co.uk/,South Western Railways Goes Live with 5G for Superfast Onboard WiFi,"A few years have passed since the South Western Railway (SWR) announced that it would deploy a new rail-side 5G mast network ( here ), which aimed to deliver “superfast” onboard WiFi for people travelling on a 70km long stretch of their Main Line into London (between Basingstoke and Earlsfield). But after some delays, the new network is now live.",https://www.ispreview.co.uk/index.php/2025/05/south-western-railways-goes-live-with-5g-for-superfast-onboard-wifi.html,27th May 2025
https://www.ispreview.co.uk/,Rural Broadband ISP Wildanet to Retire Fixed Wireless Network,"Alternative network provider Wildanet , which has spent the past few years deploying a new Fibre-to-the-Premises ( FTTP ) based gigabit broadband network across rural parts of Cornwall and Devon in England, has announced plans to conduct a “phased retirement” of their legacy Fixed Wireless Access (FWA) network.",https://www.ispreview.co.uk/index.php/2025/05/rural-broadband-isp-wildanet-to-retire-fixed-wireless-network.html,27th May 2025
https://www.ispreview.co.uk/,Ofcom Propose to Boost Starlink’s UK Satellite Broadband with E Band,"The UK telecoms regulator, Ofcom , has today proposed to grant SpaceX’s Starlink service “temporary authorisation” to harness the E band frequencies for their mega constellation of compact ultrafast broadband satellites in Low Earth Orbit (LEO). The move would expand their backhaul capacity at three gateway earth station sites within the UK.",https://www.ispreview.co.uk/index.php/2025/05/ofcom-propose-to-boost-starlinks-uk-satellite-broadband-with-e-band.html,27th May 2025
https://www.ispreview.co.uk/,NatWest Funding to Help Glide Expand UK High-Speed Wi-Fi Network,"Clevedon-based business, student and residential ISP Glide Group , which is separately still busy expanding their full fibre broadband network, has today announced that a recent funding boost from banking giant NatWest has enabled it to start preparing for an “ambitious expansion” of its high-speed Wi-Fi connectivity infrastructure too.",https://www.ispreview.co.uk/index.php/2025/05/natwest-funding-to-help-glide-expand-uk-high-speed-wi-fi-network.html,27th May 2025
https://www.ispreview.co.uk/,JT 5G Mobile Network Starts to Go Live on the Channel Island of Jersey,"State-owned broadband ISP and telecoms operator JT (Jersey Telecom), supported by technology partner Ericsson, have today confirmed that their c. £80 million project to deploy a new 5G based mobile network across Jersey (English Channel Island) has finally started to go live across its first area.",https://www.ispreview.co.uk/index.php/2025/05/jt-5g-mobile-network-starts-to-go-live-on-the-channel-island-of-jersey.html,27th May 2025
https://www.ispreview.co.uk/,Business ISP Onecom Signs Deal to Harness AllPoints Fibre’s UK Platform,"Broadband operator AllPointsFibre Networks (APFN) has today signed a new deal with UK business ISP Onecom , which enables the internet service provider to provide business-grade Fibre-to-the-Premises ( FTTP ) connections using APFN’s new aquila wholesale platform (an aggregated network using several operators).",https://www.ispreview.co.uk/index.php/2025/05/business-isp-onecom-signs-deal-to-harness-allpoints-fibres-uk-platform.html,27th May 2025
https://www.ispreview.co.uk/,EE UK Boost 5G Mobile Broadband in Central London with 80 Small Cells,"Mobile network operator EE ( BT ) has today announced that they’ve “significantly” boosted the coverage and network capacity (mobile broadband performance) of their 5G network across Westminster (Central London), which has been achieved through the deployment of 80 new small cells via Ontix.",https://www.ispreview.co.uk/index.php/2025/05/ee-uk-boost-5g-mobile-broadband-in-central-london-with-80-small-cells.html,27th May 2025
https://www.ispreview.co.uk/,"BT’s UK Plan to Rollout 2,000 Gigabit WiFi Street Hubs Hits Objections","A little over a year has passed since broadband and telecoms giant BT announced a 10-year project, which aimed to convert a further 2,000 of the operator’s legacy payphones and kiosks – across more than 200 UK towns and cities – into smart Street Hubs, starting this year ( here ). But objections by some local authorities are starting to mount.",https://www.ispreview.co.uk/index.php/2025/05/bts-uk-plan-to-rollout-2000-gigabit-wifi-street-hubs-hits-objections.html,26th May 2025
https://www.ispreview.co.uk/,Streetwave to Map 4G and 5G Mobile Coverage Across South Yorkshire,"Network analyst firm Streetwave has revealed that they’ve won yet another contract to map 4G and 5G mobile broadband coverage and performance in England, which will this time see them testing along 6,000km of the road network within the four councils covered by the local authority’s Superfast South Yorkshire project.",https://www.ispreview.co.uk/index.php/2025/05/streetwave-to-map-4g-and-5g-mobile-coverage-across-south-yorkshire.html,25th May 2025
https://www.ispreview.co.uk/,Openreach Delay UK Launch of Ethernet Access Direct 2.0 Until Dec 2026,"Network access provider Openreach (BT) has notified UK broadband ISPs of a 9-month delay to the planned launch of their new Ethernet Access Direct (EAD) v2.0 product for businesses, which appears to have been prompted by Ofcom ’s current Telecoms Access Review 2026 (TAR). The move means that EAD 2 won’t become available until the end of 2026.",https://www.ispreview.co.uk/index.php/2025/05/openreach-delay-uk-launch-of-ethernet-access-direct-2-0-until-dec-2026.html,24th May 2025
https://www.ispreview.co.uk/,BT Faces Formal Trade Dispute After Union Rejects Pay Offer,"Telecoms and broadband giant BT appears to be facing another dispute over workers pay after the Prospect union, which represents a majority of staff at management grades within the UK company, overwhelmingly rejected a “derisory” pay offer from the employer (96% of those who voted elected to reject the offer on turnout of 68%).",https://www.ispreview.co.uk/index.php/2025/05/bt-faces-formal-trade-dispute-after-union-rejects-pay-offer.html,23rd May 2025
https://www.ispreview.co.uk/,ISP Sky Broadband Launch Pilot of CityFibre Based UK Full Fibre Packages UPDATE,"In a major shift for one of the UK market’s largest retail ISPs, Sky Broadband has quietly begun introducing a new, albeit not currently cheaper, range of Fibre-to-the-Premises (FTTP) based home broadband packages that harness CityFibre ’s alternative national network. Previously, Sky only sold packages via Openreach ’s network.",https://www.ispreview.co.uk/index.php/2025/05/isp-sky-broadband-launch-cityfibre-based-uk-full-fibre-packages.html,23rd May 2025
https://www.ispreview.co.uk/,Full Fibre Broadband ISP CommunityFibre Grows UK Take-up to 25 Percent,"Alternative network ISP CommunityFibre (CF) has finally published – much earlier than before – their full annual accounts to the end of 2024. The results reveal that their 5Gbps speed full (FTTP) broadband network ended the year with a coverage of 1.342 million homes (plus c.200k businesses) and residential customers of 336,000 (25% take-up). But employees fell to 737 (2023: 930).",https://www.ispreview.co.uk/index.php/2025/05/full-fibre-broadband-isp-communityfibre-grows-uk-take-up-to-25-percent.html,23rd May 2025
https://www.ispreview.co.uk/,Gov Reveal More on Ofcom’s Planned Change to Improve 4G Mobile Maps,"The UK Government’s Minister for Telecoms, Sir Chris Bryant, this week provided more details to parliament on how Ofcom would soon improve the accuracy and relevance of their mobile coverage maps, which made particular reference to the minimum required 4G mobile broadband speed (currently 2Mbps) – this will shortly be more than doubled to 5Mbps.",https://www.ispreview.co.uk/index.php/2025/05/gov-reveal-more-on-ofcoms-planned-change-to-improve-4g-mobile-maps.html,23rd May 2025
https://www.ispreview.co.uk/,Netomnia Goes Live with First 50Gbps UK Full Fibre Broadband Network,"Alternative broadband operator Netomnia , which is supported by retail internet providers YouFibre and Brsk , has today become the first UK network operator to go live with a commercial deployment of 50Gbps capable 50G-PON based Fibre-to-the-Premises (FTTP) technology (real-world speeds of up to c.40Gbps are expected for homes and businesses).",https://www.ispreview.co.uk/index.php/2025/05/netomnia-goes-live-with-uks-first-50gbps-broadband-network.html,22nd May 2025
https://www.ispreview.co.uk/,ISP Quickline Launch Cheap Entry Level 100Mbps Broadband Package,"People covered by Quickline ’s new full fibre (FTTP) UK gigabit broadband ISP network, which by the end of 2025 will have covered 200,000 premises in rural parts of Yorkshire and Lincolnshire (up from 65,000 premises in Nov 2023), may like to know that they’ve launched a new 100Mbps entry-level package today.",https://www.ispreview.co.uk/index.php/2025/05/isp-quickline-launch-cheap-entry-level-100mbps-broadband-package.html,22nd May 2025
https://www.ispreview.co.uk/,Altnet Freedom Fibre Pick VeloxServ to Power its Wholesale B2B Connectivity,"Alternative broadband operator Freedom Fibre , which has already grown their gigabit full fibre broadband network to cover 315,000 UK premises (Nov 2024) across parts of England (Cheshire, Greater Manchester, Shropshire, Staffordshire, Suffolk and Essex), has chosen VeloxServ to support its wholesale B2B (business) connectivity offering.",https://www.ispreview.co.uk/index.php/2025/05/altnet-freedom-fibre-pick-veloxserv-to-power-its-wholesale-b2b-connectivity.html,22nd May 2025
https://www.ispreview.co.uk/,FullFibre Limited Drops Out of UK Project Gigabit Broadband Contracts,"The UK government has today unexpectedly announced that alternative network operator FullFibre Limited ( Fibre Heroes ), which recently completed its merger with Zzoomm ( here ) and confirmed further job losses ( here ), has “mutually agreed to terminate” their state aid supported Project Gigabit broadband roll-out contracts for the Derbyshire Peak District and Herefordshire.",https://www.ispreview.co.uk/index.php/2025/05/fullfibre-limited-drops-out-of-uk-project-gigabit-broadband-contracts.html,22nd May 2025
https://www.ispreview.co.uk/,Three UK Doubles Mobile Broadband Speeds in Glasgow via O-RAN Trial,"Mobile network operator Three UK has today completed their trial of OpenRAN (O-RAN) technology in the city of Glasgow (Scotland). The test, which marks one of the UK’s first deployments of the technology in a dense urban environment, delivered “impressive results” with both 4G and 5G data speeds doubled at peak times.",https://www.ispreview.co.uk/index.php/2025/05/three-uk-doubles-mobile-broadband-speeds-in-glasgow-via-o-ran-trial.html,22nd May 2025
https://www.ispreview.co.uk/,Ofcom Ranks Big UK Mobile and Broadband ISPs by Quality and Faults – 2025,"Ofcom has today published their 2025 study of UK broadband, phone and mobile service quality, call waiting times, complaint levels, fault repairs, compensation and install times for the largest providers. For example, TalkTalk attracted the lowest satisfaction for broadband (77%) and Plusnet ( BT ) secured the highest (91%).",https://www.ispreview.co.uk/index.php/2025/05/ofcom-ranks-big-uk-mobile-and-broadband-isps-by-quality-and-faults-2025.html,22nd May 2025
https://www.ispreview.co.uk/,Openreach Boost UK FTTP Rollout Pace as BT Broadband Customers Fall to 8.2M,"The BT Group has today published their biannual full year (H2 FY25) results to March 2025, which reveals that Openreach ’s full fibre ( FTTP ) network added 2.2 million premises to their UK coverage in H2 (up from 2.1m in H1) to cover 18.08m (4.9m in rural areas) and will accelerate its rollout by 20%. But broadband line losses to rivals hit 243k in the last quarter (up from 208k).",https://www.ispreview.co.uk/index.php/2025/05/openreach-boost-uk-fttp-rollout-pace-as-bt-broadband-customers-fall-to-8-2m.html,22nd May 2025
https://www.ispreview.co.uk/,Rural UK ISP Gigaclear Discounts 500Mbps Broadband to £22,"Abingdon-based alternative network provider Gigaclear , which is built a full fibre broadband network that covers 580,000 premises (RFS) across rural parts of England (inc. 130,000+ customers), has introduced a new discount that reduces the monthly price of their 500Mbps (469Mbps avg.) package to just £22 per month.",https://www.ispreview.co.uk/index.php/2025/05/rural-uk-isp-gigaclear-discounts-500mbps-broadband-to-22.html,22nd May 2025
https://www.ispreview.co.uk/,Openreach Brings Full Fibre Broadband to 80 Percent of Cardiff,"Openreach (BT) has today revealed that their roll-out of a new 1.8Gbps speed Fibre-to-the-Premises ( FTTP ) broadband ISP network in Cardiff (Wales) has reached 140,000 premises (i.e. around 80% of properties across the city). The build is still very much ongoing, although less than two in five who could upgrade to the new network have done so.",https://www.ispreview.co.uk/index.php/2025/05/openreach-brings-full-fibre-broadband-to-80-percent-of-cardiff.html,21st May 2025
https://www.ispreview.co.uk/,Quickline Revise FTTP Broadband Build in York Village After Pole Complaints UPDATE,"UK ISP Quickline , which is deploying a gigabit speed full fibre (FTTP) and fixed wireless (FWA) broadband network across rural parts of Yorkshire and Lincolnshire (England), has agreed to revise its roll-out plan for the North Yorkshire village of Skelton after residents and local politicians complained it would have a “huge visual impact” due to the use of 9m tall poles.",https://www.ispreview.co.uk/index.php/2025/05/quickline-revise-fttp-broadband-build-in-york-village-after-pole-complaints.html,21st May 2025
https://www.ispreview.co.uk/,Virgin Media O2 Business Launches Teams Phone Mobile,"Broadband ISP Virgin Media Business (VMO2) has today followed BTWholsale by launching Microsoft’s ‘Teams Phone Mobile‘ service to its large business customers (250+ employees) in the UK, which among other things makes it easy to move between mobile and desktop Teams calls seamlessly.",https://www.ispreview.co.uk/index.php/2025/05/virgin-media-o2-business-launches-teams-phone-mobile.html,21st May 2025
https://www.ispreview.co.uk/,Vodafone and MediaTek Test Pushes 5G Upload Speeds up to 277Mbps,Mobile network operator Vodafone recently hooked up with semiconductor (CPU etc.) firm MediaTek to test the combination of their 5G Standalone (5G SA) based mobile broadband network with the latest M90 modem. The solution proved able to deliver 5G uplink speeds of up to 277Mbps at their test facility in Madrid (Spain).,https://www.ispreview.co.uk/index.php/2025/05/vodafone-and-mediatek-test-pushes-5g-upload-speeds-up-to-277mbps.html,21st May 2025
https://www.ispreview.co.uk/,NGMN Push Mobile Operators to Adopt More Effective Carbon Emissions Reports,"The Next Generation Mobile Networks Alliance (NGMN), which is led by mobile operators, has this morning published new guidance for network operators that it hopes will improve the accuracy of supply chain emissions data (aka – Scope 3 / indirect emissions) by switching to a new reporting model.",https://www.ispreview.co.uk/index.php/2025/05/ngmn-push-mobile-operators-to-adopt-more-effective-carbon-emissions-target.html,21st May 2025
https://www.ispreview.co.uk/,CityFibre UK Complete Primary £30m FTTP Broadband Rollout in Ipswich,"Network operator CityFibre , which has so far built their 2.5Gbps speed Fibre-to-the-Premises (FTTP) broadband ISP network to cover 4.4 million UK premises (4.2m Ready for Service), have today confirmed the completion of their “primary” £30 million build in the Suffolk (England) town of Ipswich.",https://www.ispreview.co.uk/index.php/2025/05/cityfibre-uk-complete-primary-24m-fttp-broadband-rollout-in-ipswich.html,21st May 2025
https://www.ispreview.co.uk/,Netomnia Deploys 800G Gigabit Ready ROADM Network Across UK,"One of the UK’s largest alternative full fibre broadband operators, Netomnia (inc. retail ISPs Brsk and YouFibre ), has deployed a Smartoptics ROADM-based core network across the UK that should deliver scalable IP over DWDM at 100G and 400G wavelengths and is even classed as being “800G-ready by design” (800Gbps if you prefer).",https://www.ispreview.co.uk/index.php/2025/05/netomnia-deploys-800g-gigabit-ready-roadm-network-across-uk.html,21st May 2025
https://www.ispreview.co.uk/,Private Roads Hamper CityFibre’s FTTP Broadband Rollout in Glasgow,"The Member of the Scottish Parliament (MSP) for Eastwood, Jackson Carlaw, has warned of “serious uncertainty” over the ability of some areas in the City of Glasgow, which have been held up for years by the owners of private roads, to be connected to CityFibre ’s new 10Gbps capable Fibre-to-the-Premises (FTTP) UK broadband ISP network.",https://www.ispreview.co.uk/index.php/2025/05/private-roads-hamper-cityfibres-fttp-broadband-rollout-in-glasgow.html,21st May 2025
https://www.ispreview.co.uk/,"Mobile Networks Call on Gov to Help Bring 5G Upgrades to 6,200 UK Sites","The Mobile Infrastructure Forum (MIF), which represents the main providers of mobile network infrastructure for EE , O2 , Vodafone and Three UK (i.e. Cellnex UK, Cornerstone, MBNL and WIG), has today called on the government to resolve the issue of 6,200 UK sites (masts etc.) that are “stuck in legislative limbo” and preventing 5G upgrades.",https://www.ispreview.co.uk/index.php/2025/05/mobile-networks-call-on-gov-to-help-bring-5g-upgrades-to-6200-uk-sites.html,21st May 2025
https://www.ispreview.co.uk/,Vodafone UK Website Adverts Banned Over Misleading Savings Claim,"The Advertising Standards Authority (ASA), prompted by a complaint from rival mobile operator EE (BT), has banned two website adverts for Vodafone after the watchdog found that it had made “misleading” savings claims and the packages did not return to the prices against which the savings were being claimed once the promotions ended.",https://www.ispreview.co.uk/index.php/2025/05/asa-bans-vodafone-uk-website-advert-over-misleading-savings-claim.html,21st May 2025
https://www.ispreview.co.uk/,ASA Order EE UK to Qualify Fair Usage Terms on Unlimited Mobile Data Plans,"The Advertising Standards Authority (ASA) has today ordered mobile operator EE (BT) to ensure that the “unlimited data” (mobile broadband) claims on their website, which apply to various 4G and 5G mobile plans, are directly qualified with the limits expressed in their associated Fair Usage Policy (FUP).",https://www.ispreview.co.uk/index.php/2025/05/asa-order-ee-uk-to-qualify-fair-usage-terms-on-unlimited-mobile-data-plans.html,21st May 2025
https://www.ispreview.co.uk/,Vodafone Top 1.61 Million UK Broadband Customers as Mobile Declines,"Mobile network operator and UK ISP Vodafone has today published their Q4 FY25 financial results, which confirms that their fixed line broadband base grew by a healthy 61,000 in the last quarter to total 1.61 million customers (down from 72k added in Q3 2024). But their mobile base fell again to total 18.175m (down by -125k in Q4 vs -174k in Q3).",https://www.ispreview.co.uk/index.php/2025/05/vodafone-top-1-61-million-uk-broadband-customers-as-mobile-declines.html,20th May 2025
https://www.ispreview.co.uk/,UK ISP Spitfire Criticise Openreach for Lack of PSTN Switch Off Contract Clarity UPDATE,"Business telecommunications and UK broadband ISP Spitfire has today called on Openreach ( BT ) to provide “much needed clarity” for service providers, and the businesses they support, on new contracts related to the looming switch-off of the old Public Switched Telephone Network (PSTN) in favour of IP -based digital phone ( VoIP etc.) services.",https://www.ispreview.co.uk/index.php/2025/05/uk-isp-spitfire-criticise-openreach-for-lack-of-pstn-switch-off-contract-clarity.html,20th May 2025
https://www.ispreview.co.uk/,Broadband and Mobile Traffic Volume Growth Has Slowed to a Crawl,"A new report from analyst firm Enders Analysis , which was recently shared with ISPreview, has revealed that broadband traffic volume growth across most developed countries has “slowed to a relative crawl” to become the “new normal” (i.e. falling from 30%+ for many years and now at 10-15%). The story is similar for mobile ( 4G , 5G etc.) services (falling to 5-10%).",https://www.ispreview.co.uk/index.php/2025/05/broadband-and-mobile-traffic-volume-growth-has-slowed-to-a-crawl.html,20th May 2025
https://www.ispreview.co.uk/,No Resolution Yet in £120m Dispute Between Vodafone UK and Former Franchisees,"Last year we reported on how broadband and mobile provider Vodafone had been hit with a £120m+ legal claim from over 60 current and former UK franchisees ( here ). The group, which said they were challenging the “financial, mental, and physical impacts of the retail giant’s “irrational” business decisions“, today reported that their attempt to mediate a solution “has come to an end with no resolution“.",https://www.ispreview.co.uk/index.php/2025/05/no-resolution-yet-in-120m-dispute-between-vodafone-uk-and-former-franchisees.html,19th May 2025
https://www.ispreview.co.uk/,O2 UK Fixes VoLTE Flaw that Exposed User Mobile Location Data UPDATE,"Mobile operator O2 ( Virgin Media ) has today informed ISPreview that they’ve finally resolved a nasty security issue with their 4G based Voice-over-LTE service (VoLTE or 4G Calling), which effectively made it possible for customers of the operator’s network to have their location tracked by almost anybody with access to their mobile number.",https://www.ispreview.co.uk/index.php/2025/05/o2-uk-fixes-volte-flaw-that-exposed-user-mobile-location-data.html,19th May 2025
https://www.ispreview.co.uk/,Clarifying POP Telecom’s Approach to Unwanted Feature Charges on UK Bills,"Several newspaper reports over the weekend have claimed that UK ISP POP Telecom has been adding a “sneaky hidden broadband charge” to customers’ bills for “Router Assurance“, which can add an extra cost of £2.50 per month to the bill. But that’s not the only extra charge to consider, so ISPreview decided to dig a bit deeper.",https://www.ispreview.co.uk/index.php/2025/05/clarifying-pop-telecoms-approach-to-unwanted-feature-charges-on-uk-bills.html,19th May 2025
https://www.ispreview.co.uk/,"Grain Puts FTTP Broadband Network Live in Saltburn, North Yorkshire","Alternative network builder and UK ISP Grain (Grain Connect) has announced that their new gigabit speed Fibre-to-the-Premises ( FTTP ) broadband network has gone live in the North Yorkshire (England) seaside town of Saltburn (Saltburn-by-the-Sea), which is home to around 6,000 people.",https://www.ispreview.co.uk/index.php/2025/05/grain-puts-fttp-broadband-network-live-in-saltburn-north-yorkshire.html,19th May 2025
https://www.ispreview.co.uk/,BT in Advanced Talks to Sell 50 Percent Stake in TNT Sports to Warner Bros Discovery,"Telecoms and broadband giant BT is reportedly in “advanced talks” to sell its 50% stake in UK TV broadcaster TNT Sports, which was formerly known as BTSport before the operator retreated from pay TV. Existing partner Warner Bros Discovery would pick up the stake and use it to help support their plans for a new streaming service (yes.. another one, sigh).",https://www.ispreview.co.uk/index.php/2025/05/bt-in-advanced-talks-to-sell-50-percent-stake-in-tnt-sports.html,19th May 2025
https://www.ispreview.co.uk/,Alternative Broadband Operator FullFibre Cuts Jobs Post Zzoomm Merger,"Alternative UK network operator FullFibre Limited ( Fibre Heroes ), which in early March 2025 completed its merger with Zzoomm ( here ), has in the past few weeks begun to notify staff of further redundancies. Most of the cuts appear to be coming from their internal fibre build and supporting teams, and this also extends to some senior leadership levels.",https://www.ispreview.co.uk/index.php/2025/05/alternative-broadband-operator-fullfibre-cuts-jobs-post-zzoomm-merger.html,19th May 2025
https://www.ispreview.co.uk/,Government to Foster 10 Year UK Infrastructure and R&D Funding,"The UK Government’s Department for Science, Innovation & Technology (DSIT) has this morning announced that it plans to introduce long-term, ten-year funding for certain R&D (Research and Development) activities, which could also deliver longer-term funding for infrastructure projects too.",https://www.ispreview.co.uk/index.php/2025/05/government-to-foster-10-year-uk-infrastructure-and-rd-funding.html,19th May 2025
https://www.ispreview.co.uk/,BMW and Viasat Demo “worlds first” Connected Vehicle Over Satellite,Satellite operator Viasat and German car manufacturer BMW claim to have demonstrated the ability for vehicles to connect over satellite (non-terrestrial networks) for emergency messaging and hazard warnings. This is designed to complement modern terrestrial 4G and 5G mobile network connectivity solutions (many cars already have something akin to the latter).,https://www.ispreview.co.uk/index.php/2025/05/bmw-and-viasat-demo-worlds-first-connected-vehicle-over-satellite.html,18th May 2025
https://www.ispreview.co.uk/,Openreach Doc Hints at XGS-PON FTTP Plan for 3.3Gbps UK Broadband,"Network operator Openreach (BT) recently published the first edition of a new Suppliers Trial Information Note (STIN) for Fibre-to-the-Premises ( FTTP ) broadband using 10Gbps capable XGS-PON technology, which interestingly appeared to hint at a series of new speed tiers. This includes symmetric speeds of 2.5Gbps and 3.3Gbps (Gigabits per second).",https://www.ispreview.co.uk/index.php/2025/05/openreach-doc-hints-at-xgs-pon-fttp-plan-for-3-3gbps-uk-broadband.html,17th May 2025
https://www.ispreview.co.uk/,BT and Avanti Broadband in Legal Dispute Over Rural EE UK Mobile Capacity,"The High Court in London has rejected an application by mobile operator EE (BT) for interim injunctive relief against satellite provider Avanti Broadband , which had “threatened to withdraw” its backhaul services – used to help supply data capacity to some of the remotest rural UK mast sites – unless the mobile operator agreed to pay a “substantially increased rate“.",https://www.ispreview.co.uk/index.php/2025/05/bt-and-avanti-broadband-in-legal-dispute-over-rural-ee-uk-mobile-capacity.html,17th May 2025
https://www.ispreview.co.uk/,Openreach Respond to Altnet Concerns Over Cost of UK Infrastructure Sharing,"The Deputy CEO of broadband network operator Openreach (BT), Katie Milligan, has today responded to some of the “fiery debates” and “noise” that has recently been created by rivals over the regulated solution for sharing their existing cable ducts and poles (PIA – Physical Infrastructure Access), which some have complained is unfairly priced.",https://www.ispreview.co.uk/index.php/2025/05/openreach-respond-to-altnet-concerns-over-cost-of-uk-infrastructure-sharing.html,16th May 2025
https://www.ispreview.co.uk/,Wildanet Expands Project Gigabit Broadband Rollout in Cornwall UK UPDATE2,"The Government’s (DSIT) Building Digital UK (BDUK) agency appears to have published another contract modification notice for UK broadband ISP Wildanet , which will see their £18m state aid funded Project Gigabit broadband roll-out across hard-to-reach rural parts of South West and Central Cornwall (Lot 32.02 and 32.03) being extended.",https://www.ispreview.co.uk/index.php/2025/05/wildanet-expands-project-gigabit-broadband-rollout-for-south-west-cornwall.html,16th May 2025
https://www.ispreview.co.uk/,Openreach Say FTTP Broadband Now Covers 90 Percent of N.Ireland,"Openreach has confirmed that their new 1.8Gbps speed Fibre-to-the-Premises (FTTP) based broadband ISP network has now covered 90% of Northern Ireland, which is up from 87% a year ago. The operator is currently still in the process of investing another £100m to push this figure up to 97% for a total of more than 830,000 homes and businesses ( here ).",https://www.ispreview.co.uk/index.php/2025/05/openreach-say-fttp-broadband-now-covers-90-percent-of-n-ireland.html,16th May 2025
https://www.ispreview.co.uk/,ASK4 Acquire ClearFibre to Improve Broadband in UK Build-to-Rent Sector,"Managed ISP ASK4 , which delivers gigabit-capable broadband to students and residents (renters) in multi-tenant buildings across the UK (inc. parts of Europe), has today announced that they’ve acquired ClearFibre – previously part of Elevate (formerly Telcom) – to help their goal of improving internet connectivity in the UK’s Build-to-Rent (BTR) market.",https://www.ispreview.co.uk/index.php/2025/05/ask4-acquire-clearfibre-to-improve-broadband-in-uk-build-to-rent-sector.html,16th May 2025
https://www.ispreview.co.uk/,Spectrum Policy Forum Looks to Future of TV Spectrum for UK Mobile After 2034,"A new report from the cross-industry UK Spectrum Policy Forum (UKSPF), which was conducted in collaboration with consultancy firm Coleago, has examined what might become of the Ultra High Frequency (UHF) spectrum bands after 2034 (currently used for digital TV, PMSE and others). For example, if auctioned to mobile operators, the IMT600 band could raise up to £980m.",https://www.ispreview.co.uk/index.php/2025/05/spectrum-policy-forum-looks-to-future-of-tv-spectrum-for-uk-mobile-after-2034.html,16th May 2025
https://www.ispreview.co.uk/,Sky TV Customers Still Suffering Problems After Huge Outage Last Night UPDATE2,"Some customers of Sky’s UK pay TV services appear to still be suffering from connectivity problems this morning after the platform suffered a significant service outage late last night, which primarily seemed to impact users of their Sky Q boxes. But Sky has remained frustratingly silent during this outage.",https://www.ispreview.co.uk/index.php/2025/05/sky-tv-customers-still-suffering-problems-after-huge-outage-last-night.html,16th May 2025
https://www.ispreview.co.uk/,ITS Technology Claims First Live UK Biz Customer Trial of 50Gbps PON,"The ITS Technology Group , which has built various open access full fibre broadband and Ethernet networks (“Faster Britain“) across urban parts of the UK for businesses and ISPs, today claims to have “become the first UK provider” to successfully trial the delivery of dedicated internet access services over 50G PON broadband tech (both in the lab and via a live business environment).",https://www.ispreview.co.uk/index.php/2025/05/its-technology-claims-first-live-uk-biz-customer-trial-of-50gbps-pon.html,15th May 2025
https://www.ispreview.co.uk/,BT Group to Shift Remaining International Business into New Unit,"Broadband and telecoms giant BT Group has reportedly taken the decision to shift its remaining international business into a new standalone division, which is expected to comprise over 8,000 staff and will report separately from the company’s UK business.",https://www.ispreview.co.uk/index.php/2025/05/bt-group-to-shift-remaining-internation-business-into-new-unit.html,15th May 2025
https://www.ispreview.co.uk/,AllPoints Fibre Denies Talk of UK FTTP Network Sale to CityFibre,"A new newspaper report claims that CityFibre is allegedly engaged in “discussions” with Fern Trading, a subsidiary of Octopus Investments, over the potential acquisition of the Fibre-to-the-Premises ( FTTP ) broadband network built by All Points Fibre Networks (APFN) – itself reflecting an earlier consolidation of Jurassic Fibre , Swish Fibre and Giganet .",https://www.ispreview.co.uk/index.php/2025/05/allpoints-fibre-denies-talk-of-uk-fttp-network-sale-to-cityfibre.html,15th May 2025
https://www.ispreview.co.uk/,Freely Considers Launch of Streaming Box for UK Broadband TV Service,"Broadband-based live TV streaming service Freely , which is supported by major UK TV broadcasters ( BBC , ITV, Channel 4 and 5 etc.) and is designed to be an evolution of the existing Freeview service (inc. Freeview Play and Freesat), has confirmed that they’re finally “considering” the development of a streaming media device.",https://www.ispreview.co.uk/index.php/2025/05/freely-considers-launch-of-streaming-box-for-uk-broadband-tv-stream.html,15th May 2025
https://www.ispreview.co.uk/,BT Sign £9.8m Contract to Deploy Full Fibre Broadband in Swansea Bay City Region,"The Swansea Bay City Deal’s Digital Infrastructure Programme has awarded a £9.8m contract to BT under their Better Broadband Infill Project, which will see Openreach being tasked with rolling out a “full fibre broadband” ( FTTP ) ISP network to nearly 1,800 hard-to-reach sites across the Swansea Bay City Region.",https://www.ispreview.co.uk/index.php/2025/05/bt-sign-9-8m-contract-to-deploy-full-fibre-broadband-in-swansea-bay-city-region.html,15th May 2025
https://www.ispreview.co.uk/,Virgin Media UK and Telecare Cardiff Trial to Support Digital Phone Switchover,"Broadband and phone provider Virgin Media ( O2 ) has today launched another trial to support their Digital Landline Switchover (DLS) programme (i.e. migrating old analogue landline phones to IP -based services), which this time focuses on giving support to telecare users in Cardiff (Wales) in order to help them make the switch.",https://www.ispreview.co.uk/index.php/2025/05/virgin-media-uk-and-telecare-cardiff-trial-to-supports-digital-phone-switchover.html,15th May 2025
https://www.ispreview.co.uk/,MS3 Networks Back Online After Suffering Major Broadband Outage,"Hull-based alternative UK network operator MS3 , which has deployed their full fibre (FTTP) broadband ISP network across 234,000 premises (207k RFS) in the North of England and connected 18,000 customers (mostly in the Hull and Humber region), appears to have returned to life after suffering a major service outage yesterday. But some users may need to reboot their routers.",https://www.ispreview.co.uk/index.php/2025/05/ms3-back-online-after-suffering-major-broadband-outage.html,15th May 2025
https://www.ispreview.co.uk/,SpaceX Proposes Starlink Can Deliver Sat Nav to Complement GPS,"SpaceX has proposed that its Starlink service, which offers ultrafast broadband speeds to the UK and beyond via a mega constellation of compact satellites in Low Earth Orbit (LEO), can offer Positioning, Navigation, and Timing (PNT) solutions to complement GPS. This would meet the Federal Communications Commission’s (FCC) desire for an alternative to GPS.",https://www.ispreview.co.uk/index.php/2025/05/spacex-proposes-starlink-can-deliver-sat-nav-to-complement-gps.html,15th May 2025
https://www.ispreview.co.uk/,Telefonica SA Reportedly Ponders UK Takeover of Virgin Media O2,"A new report claims that debt-laden Telefonica SA is allegedly drawing up plans that would enable them to take control of the 50/50 UK Joint Venture (JV) that it owns with Liberty Global, which reflects broadband and mobile provider Virgin Media and O2 (VMO2). In addition, they also have another JV with InfraVia Capital Partners to build a new fibre network in the UK ( nexfibre ).",https://www.ispreview.co.uk/index.php/2025/05/telefonica-sa-reportedly-ponders-uk-takeover-of-virgin-media-o2.html,14th May 2025
https://www.ispreview.co.uk/,The Top 15 UK National Parks for Full Fibre Broadband Coverage,"A new report has revealed how much Fibre-to-the-Premises (FTTP) broadband coverage exists across the top 15 National Parks in England, Scotland and Wales. Overall the top performing park was found to be the Yorkshire Dales (57.05%), while on the flip side Loch Lomond and The Trossachs (28.23%) delivered the weakest coverage.",https://www.ispreview.co.uk/index.php/2025/05/the-top-15-uk-national-parks-for-full-fibre-broadband-coverage.html,14th May 2025
https://www.ispreview.co.uk/,Openreach Connect UK First Homes Under Project Gigabit Broadband Contracts UPDATE,"Network access provider Openreach (BT) has this morning announced that they’ve connected, as part of their state aid funded contracts via the Government’s £5bn Project Gigabit scheme, the first remote rural premises in 38 different locations across the UK to their new gigabit speed Fibre-to-the-Premises (FTTP) broadband ISP network.",https://www.ispreview.co.uk/index.php/2025/05/openreach-connect-uk-first-homes-under-project-gigabit-broadband-contracts.html,14th May 2025
https://www.ispreview.co.uk/,New Project Helps ISPs to Test Customers Real Broadband Experience,"The Broadband Forum , which is an industry-driven global standards development organisation, has begun a new project that aims to help broadband ISPs improve their customer satisfaction, both in the UK and around the world, by providing them with the tools to “more accurately assess the end-user experience with the applications they use“.",https://www.ispreview.co.uk/index.php/2025/05/new-project-helps-isps-to-test-customers-real-broadband-experience.html,14th May 2025
https://www.ispreview.co.uk/,Persimmon Sells UK Full Fibre Broadband ISP FibreNest to BUUK UPDATE,"Property developer Persimmon Homes (Persimmon Plc) has this morning announced that they’ve sold their sibling broadband ISP, FibreNest , which offered internet packages to homeowners on the developments where they’d deployed their own “full fibre” (FTTP) lines, to alternative network provider BUUK Infrastructure (aka – GTC, OFNL – Open Fibre Networks Limited ).",https://www.ispreview.co.uk/index.php/2025/05/persimmon-sells-uk-full-fibre-broadband-isp-fibrenest-to-buuk.html,14th May 2025
https://www.ispreview.co.uk/,AllPointsFibre Launch New UK Aquila Wholesale Full Fibre Network,"Alternative broadband operator All Points Fibre Networks (APFN) will today formally launch its new Aquila wholesale platform into the wider UK market, which aims to make it simpler and easier for UK ISPs and resellers to gain access to Openreach, BTWholesale, CityFibre and APFN’s combined full fibre (FTTP) network footprints (c. 19 million premises).",https://www.ispreview.co.uk/index.php/2025/05/allpointsfibre-launch-new-uk-aquila-wholesale-full-fibre-network.html,14th May 2025
https://www.ispreview.co.uk/,UK ISP NOW Broadband to Raise Prices by £3 Per Month AGAIN,"Sky’s sibling NOW Broadband ( NOW TV ) sub-brand has finally confirmed that existing customers will continue to be hit with the same approach to annual price hikes as they adopted last year. This means that the monthly price of their internet packages will be going up by £3 extra (£36 per year), impacting bills issued on or after 5th July 2025.",https://www.ispreview.co.uk/index.php/2025/05/uk-isp-now-broadband-to-raise-prices-by-3-per-month-again.html,13th May 2025
https://www.ispreview.co.uk/,UK Government and Industry Look to Tackle A2P SMS Messaging Fraud,"The Mobile Ecosystem Forum (MEF), which is a global trade body that works to address issues affecting mobile networks, has met with the UK Government’s Home Office to discuss the future Telecom Fraud Charter (TFC) and how they can improve the progress being made in tackling Application-to-Person (A2P) SMS text messaging fraud.",https://www.ispreview.co.uk/index.php/2025/05/uk-government-and-industry-look-to-tackle-a2p-sms-messaging-fraud.html,13th May 2025
https://www.ispreview.co.uk/,Toob Expand Cheap UK Gigabit Broadband to 12 New Cities and Towns,"Hampshire-based UK ISP toob , which have deployed their own full fibre ( FTTP ) broadband network across parts of Southern England, has today announced that they’ve expanded the availability of their services – under their complementary partnership with CityFibre – to another 12 cities and towns across the UK.",https://www.ispreview.co.uk/index.php/2025/05/toob-expand-cheap-uk-gigabit-broadband-to-12-new-cities-and-towns.html,13th May 2025
https://www.ispreview.co.uk/,GoFibre Expands Full Fibre Broadband to Ladykirk and Norham,"Edinburgh-based alternative network and UK ISP GoFibre , which is busy deploying their new full fibre ( FTTP ) gigabit broadband network across rural parts of Scotland and Northern England, has today announced that they’ve expanded their coverage into the Scottish Borders village of Ladykirk and the Northumberland community of Norham.",https://www.ispreview.co.uk/index.php/2025/05/gofibre-expands-full-fibre-broadband-to-ladykirk-and-norham.html,13th May 2025
https://www.ispreview.co.uk/,Ofcom UK Investigate IX Wireless for Visual Impact of 15m Broadband Pole,"The UK telecoms regulator, Ofcom , has today opened a new investigation into wireless broadband operator IX Wireless (supported by UK ISP 6Gi / Opus Broadband), which will examine whether the network provider failed in its duty to minimise the visual impact of a 15-metre metal mast / pole when it was installed in Rochdale during 2023.",https://www.ispreview.co.uk/index.php/2025/05/ofcom-uk-investigate-ix-wireless-for-visual-impact-of-15m-broadband-pole.html,13th May 2025
https://www.ispreview.co.uk/,"O2’s Recycle Service for UK Business Saves 45,000 Devices from Landfill","The business division of mobile network operator O2 (VMO2) has today revealed that their O2 Recycle for Business service, which helps companies of all sizes to trade in their old technology (usually in return for cash, credits or a charitable donation), has helped to save 45,000 devices from waste (earning nearly £330k) since it was relaunched in October 2023.",https://www.ispreview.co.uk/index.php/2025/05/o2s-recycle-service-for-uk-business-saves-45000-devices-from-landfill.html,13th May 2025
https://www.ispreview.co.uk/,Nexfibre Publish Reduced Q1 2025 UK Full Fibre Broadband Build Update,"Nexfibre , which shares some of their parentage with ISP partner Virgin Media ( O2 ), recently published their latest quarterly (Q1 2025) build update and confirmed that their new 10Gbps capable Fibre-to-the-Premises (FTTP / XGS-PON) broadband network now covers 2.2 million UK premises. But a big chunk of their future build plan for 2025-26 has now vanished.",https://www.ispreview.co.uk/index.php/2025/05/nexfibre-publish-q1-2025-uk-full-fibre-broadband-build-update.html,13th May 2025
https://www.ispreview.co.uk/,Welsh Government Quietly Reopens ABC Broadband Voucher Scheme UPDATE,The Welsh Government (WG) appears to have quietly reopened their Access Broadband Cymru (ABC) grant scheme during the middle of last week. This is being backed by an investment pot of £1 million (annual budget) and offers funding to help rural homes get a 30Mbps+ broadband service installed in areas of slow connectivity.,https://www.ispreview.co.uk/index.php/2025/05/welsh-government-quietly-reopens-abc-broadband-voucher-scheme.html,13th May 2025
https://www.ispreview.co.uk/,VeloxServ Moves to Harness Vorboss’ Full Fibre Network in London,"Independent wholesale, broadband and data centre connectivity provider VeloxServ has today announced that their UK ISP partners will benefit from their new “collaboration” with London-focused provider Vorboss , which operates a 100Gbps capable full fibre network in the city.",https://www.ispreview.co.uk/index.php/2025/05/veloxserv-moves-to-harness-vorboss-full-fibre-network-in-london.html,12th May 2025
https://www.ispreview.co.uk/,ScotRail Upgrades Highlands Trains with Faster Onboard WiFi,"Scottish train operator ScotRail has today announced that they’ve launched a new 6-month trial alongside communications provider Clarus Networks, which will extend their Starlink ( satellite ) based broadband upgrade of onboard WiFi – this is to include six class 158 trains that travel along their Highlands routes in Scotland.",https://www.ispreview.co.uk/index.php/2025/05/scotrail-upgrades-highlands-trains-with-faster-onboard-wifi.html,12th May 2025
https://www.ispreview.co.uk/,"Fibrus Project Gigabit Broadband Rollout in Cumbria UK Reaches 12,500 Premises","Infracapital-backed network operator Fibrus has today revealed that their £108m publicly funded Project Gigabit broadband rollout contract in Cumbria (Lot 28), which was awarded to the operator in November 2022 ( here ), has so far managed to reach “almost” 12,500 more homes and businesses. But many more are due to follow.",https://www.ispreview.co.uk/index.php/2025/05/fibrus-project-gigabit-broadband-rollout-in-cumbria-uk-reaches-12500-premises.html,12th May 2025
https://www.ispreview.co.uk/,Mobile Operator iD Mobile UK Launch New Rewards Scheme – iD Perks,"Low-cost mobile provider iD Mobile (Currys), which harnesses Three UK ’s national 4G and 5G network via a virtual operator (MVNO) partnership, has today moved to help mark its 10th anniversary by launching a new customer rewards platform called ‘iD Perks‘ – offering various discounts from household names like Disney, Booking.com, Morrisons and The AA etc.",https://www.ispreview.co.uk/index.php/2025/05/mobile-operator-id-mobile-uk-launch-new-rewards-scheme-id-perks.html,12th May 2025
https://www.ispreview.co.uk/,Virgin Media O2 UK and Daisy Group Anounce B2B Merger,"The business division of broadband and mobile giant Virgin Media and O2 – VMO2 Business – has this morning announced plans to merge their complementary direct B2B operations with those of the Daisy Group , which aims to “create a major new force in the UK business communications and IT sector” via a new entity.",https://www.ispreview.co.uk/index.php/2025/05/virgin-media-o2-uk-and-daisy-group-anounce-b2b-merger.html,12th May 2025
https://www.ispreview.co.uk/,Mobile Operators Plea with UK Gov to Support 5G Upgrade via Tax Cuts and Planning,"Industry trade body Mobile UK , which represents Three UK , EE , O2 and Vodafone , has published a new report from Assembly Research that calls on the government to “secure the UK’s economic growth goals and maintain its competitive standing” by supporting their familiar wish list of demands to help boost the roll-out and coverage of mobile networks (4G, 5G etc.).",https://www.ispreview.co.uk/index.php/2025/05/mobile-operators-plea-with-uk-gov-to-support-5g-upgrade-via-tax-cuts-and-planning.html,12th May 2025
https://www.ispreview.co.uk/,1 Million UK Consumers Have Switched Broadband ISP Since Sept 2024,"The One Touch Switching Company (TOTSCo), which is the industry-led organisation responsible for helping to deliver Ofcom ’s solution ( One Touch Switching ) for easier and quicker UK consumer switching between broadband and phone providers on different networks, has successfully completed 1 million service migrations since its launch on 12th September 2024.",https://www.ispreview.co.uk/index.php/2025/05/1-million-uk-consumers-have-switched-broadband-isp-since-sept-2024.html,11th May 2025
https://www.ispreview.co.uk/,Vodafone UK Quietly Launch New Pro 3 Broadband Plan and WiFi 7 Router UPDATE,"Internet, mobile and phone provider Vodafone UK appears to have quietly introduced a new range of fixed line “Pro 3 Broadband” packages, which feature their “all new” Ultra Hub 7 Fibre router and Super WiFi 7 Booster. The headline change here is reflected in the fact that this kit supports the latest Wi-Fi 7 networking standard for faster speeds.",https://www.ispreview.co.uk/index.php/2025/05/vodafone-uk-quietly-launch-new-pro-3-broadband-plan-and-wifi-7-router.html,10th May 2025
https://www.ispreview.co.uk/,"GoFibre Grows UK FTTP Broadband Customers in Montrose to 1,000","Edinburgh-based alternative network and UK ISP GoFibre , which has been building their new full fibre (FTTP) gigabit broadband network across rural parts of Scotland and Northern England, have confirmed that their deployment in the Scottish town of Montrose has connected its 1,000th customer.",https://www.ispreview.co.uk/index.php/2025/05/gofibre-grows-uk-fttp-broadband-customers-in-montrose-to-1000.html,9th May 2025
https://www.ispreview.co.uk/,Vodafone Introduces Screen Damage Insurance for UK Mobiles,"Mobile network operator Vodafone UK has today introduced Screen Damage Insurance, which costs “from” as little as £2 per month and enables new and existing customers to “protect one of the most important parts of their phone” with manufacturer approved parts and flexible repair options.",https://www.ispreview.co.uk/index.php/2025/05/vodafone-introduces-screen-damage-insurance-for-uk-mobiles.html,9th May 2025
https://www.ispreview.co.uk/,Three UK Closes Down Old Relish Wireless Broadband in Swindon,"Mobile operator Three UK has notified the remaining customers still on their old Relish Wireless (Three Broadband) service in Swindon (Wiltshire, England), which was originally acquired from UK Broadband Limited in 2017 ( here ), that it is finally due to be retired by the end of May 2025. But the news came as a surprise to some users.",https://www.ispreview.co.uk/index.php/2025/05/three-uk-closes-down-old-relish-wireless-broadband-in-swindon.html,9th May 2025
https://www.ispreview.co.uk/,"TalkTalk to Shift 95,000 Origin Broadband UK ISP Customers to UW UPDATE","The TalkTalk Group has confirmed to ISPreview that some 95,000 customers of ISP Origin Broadband , which is a trading name for Origin Communications and OB Telecom (owned by TalkTalk ), are being transferred to Utility Warehouse (UW / Telecom Plus ) as part of a recently agreed partnership.",https://www.ispreview.co.uk/index.php/2025/05/talktalk-to-shift-95000-origin-broadband-uk-isp-customers-to-uw.html,9th May 2025
https://www.ispreview.co.uk/,VOXI UK Offer 5G Mobile Plan for £10 Monthly with 80GB of Data,"Contract-free mobile operator VOXI , which is the virtual network provider (MVNO) sibling of Vodafone , has launched a new promotion that offers their entry-level £10 per month SIM-Only plan with 80GB (GigaBytes) of mobile broadband data (usually 20GB), as well as unlimited access to social media, calls, text and picture messages.",https://www.ispreview.co.uk/index.php/2025/05/voxi-uk-offer-5g-mobile-plan-for-10-monthly-with-80gb-of-data.html,8th May 2025
https://www.ispreview.co.uk/,Ofcom Spring 2025 Data – Gigabit Broadband Covers 27.24 Million UK Premises,"Ofcom has today published its Spring 2025 update on UK fixed broadband and mobile coverage, which reveals that “full fibre” ( FTTP ) lines now reach 74% of homes (up from 69% in July 2024), while 86% are within reach of a gigabit network (up from 83%) and 62-85% of premises can get an outdoor 5G signal (up from 61-79%).",https://www.ispreview.co.uk/index.php/2025/05/ofcom-spring-2025-data-gigabit-broadband-covers-27-24-million-uk-premises.html,8th May 2025
https://www.ispreview.co.uk/,Neos Networks Launch Rapid Activation Service for Fibre Optic Connectivity,"Neos Networks , which runs one of the biggest 34,000km long business fibre networks in the UK – spanning 550 exchanges, 90+ data centres and 600+ Points of Presence (PoPs), has this morning launched a new “rapid activation” service that makes it possible for customers to order and use their high-capacity optical connectivity in just 5-10 days.",https://www.ispreview.co.uk/index.php/2025/05/neos-networks-launch-rapid-activation-service-for-fibre-optic-connectivity.html,8th May 2025
https://www.ispreview.co.uk/,Broadband ISP Grain Build UK Full Fibre Network into Burton-on-Trent,Alternative network builder and ISP Grain (Grain Connect) has informed ISPreview that their new gigabit speed Fibre-to-the-Premises ( FTTP ) broadband network is to be rolled out in the East Staffordshire market town of Burton upon Trent. The first works are due to get underway this month.,https://www.ispreview.co.uk/index.php/2025/05/broadband-isp-grain-build-uk-full-fibre-network-into-burton-on-trent.html,8th May 2025
https://www.ispreview.co.uk/,ISP Pulse Fibre Commits to Fixed Price Broadband in the UK,"London-based broadband provider Pulse Fibre , which focused on deploying Fibre-to-the-Premises (FTTP) internet connections into new UK build home developments and MDUs ( here ), have this week said it is “proud to reaffirm its commitment to price stability” in light of Ofcom ’s new regulations banning certain mid-contract price increases ( here ).",https://www.ispreview.co.uk/index.php/2025/05/isp-pulse-fibre-commits-to-fixed-price-broadband-in-the-uk.html,8th May 2025
https://www.ispreview.co.uk/,Broadband ISP Zen Internet UK Launch Fibre Hub – Becomes Altnet Aggregator,"Rochdale-base UK ISP Zen Internet has today officially launched The Fibre Hub, which essentially aggregates access to a number of major and smaller alternative full fibre broadband networks ( Openreach , CityFibre , Trooli , Freedom Fibre etc.) and offers that up to partners (e.g. other ISPs) at the wholesale level.",https://www.ispreview.co.uk/index.php/2025/05/broadband-isp-zen-internet-uk-launch-fibre-hub-becomes-altnet-aggregator.html,7th May 2025
https://www.ispreview.co.uk/,Ofcom Find Internet Access Levels in the UK Remain Stable in 2024,"The UK telecoms and media regulator, Ofcom, has today published their annual Media Use and Attitudes 2025 report, which among other things has revealed that the proportion of UK adults with home internet access remains plateaued at 94% in 2024. But the majority of adults without internet access at home report a lack of interest in having it.",https://www.ispreview.co.uk/index.php/2025/05/ofcom-find-internet-access-levels-in-the-uk-remain-stable-in-2024.html,7th May 2025
https://www.ispreview.co.uk/,LightSpeed Broadband Launch Full Range of eero Wi-Fi 7 Routers,"Alternative network operator and UK ISP LightSpeed Broadband , which has already deployed their gigabit-capable full fibre (FTTP) network to cover 250,000 premises across the East of England and Midlands, has today become the latest provider to adopt Amazon ’s range of Wi-Fi 7 capable eero routers.",https://www.ispreview.co.uk/index.php/2025/05/lightspeed-broadband-launch-full-range-of-eero-wi-fi-7-routers.html,7th May 2025
https://www.ispreview.co.uk/,River City Networks Look to Build Fibre Broadband in UK Cities,"A relatively new Liverpool-based alternative network operator called River City Networks , which was incorporated on 30th May 2023 and has one Director (Matthew Wilson), has revealed that it plans to deploy a new “gigabit dual fibre and wireless” network to serve premises in several UK cities, specifically in Liverpool, Manchester and London.",https://www.ispreview.co.uk/index.php/2025/05/river-city-networks-look-to-build-fibre-broadband-in-uk-cities.html,7th May 2025
https://www.ispreview.co.uk/,Broadband Forum Start Interoperability Testing of 50G-PON and 25GS-PON Kit,"The Broadband Forum has begun interoperability testing for the next generation of 50Gbps and 25Gbps (Gigabits per second) capable fibre optic broadband technologies, 50G-PON and 25GS-PON. Participating companies included Adtran, Broadcom, Calix, CIG, Cortina Access, Gemtek, Lambda Networks, MT2, Nokia, Sagemcom, and Vantiva.",https://www.ispreview.co.uk/index.php/2025/05/broadband-forum-start-interoperability-testing-of-50g-pon-and-25gs-pon-kit.html,7th May 2025
https://www.ispreview.co.uk/,World Broadband Lines Top 1.5bn as UK Full Fibre Grows 11.7 Percent in Q4 2024,"New research from Point Topic has revealed that global fixed broadband lines grew by 0.91% or 13.5 million in Q4 2024 (down from 1.44% in Q3 2024) to total 1.5 billion connections. The subscriber growth rate of “full fibre” (FTTP/B) networks also remained strong in the UK at 11.7%, putting us just two places behind the leading countries for growth.",https://www.ispreview.co.uk/index.php/2025/05/world-broadband-lines-top-1-5bn-as-uk-full-fibre-grows-11-7-percent-in-q4-2024.html,7th May 2025
https://www.ispreview.co.uk/,Vodafone UK Launch First Free 7-Day eSIM Mobile Network Trial,"New customers who fancy giving Vodafone ’s mobile network ( 4G and 5G) a try in London can now do so for free for seven days as part of a new eSIM based trial, which will give you 50GB of data (mobile broadband), 500 minutes and 500 texts and all without changing your number. But various other cities and locations will soon be able to do the same.",https://www.ispreview.co.uk/index.php/2025/05/vodafone-uk-launch-first-free-7-day-esim-mobile-network-trial.html,7th May 2025
https://www.ispreview.co.uk/,Government Rejects Amendment to Push FTTP Broadband into Flats UPDATE,"The government has rejected an Openreach ( BT ) supported amendment to the new Renters’ Rights Bill (RRB) for England, which aimed to make it easier to deploy gigabit broadband into large residential buildings (blocks of flats / apartments) where deployment has been unreasonably refused or landlords cannot be contacted. But they claim to be “actively working” on a solution.",https://www.ispreview.co.uk/index.php/2025/05/government-rejects-amendment-to-push-fttp-broadband-into-flats.html,7th May 2025
https://www.ispreview.co.uk/,MS3 Cuts Jobs as Focus Shifts from UK Broadband Build to Take-up,"Hull-based network operator MS3 , which has already deployed their full fibre (FTTP) broadband ISP network across 234,000 premises (207k RFS) in the North of England and connected 18,000 customers (mostly in the Hull and Humber region), have started notifying staff of redundancies as they switch to commercialise the network.",https://www.ispreview.co.uk/index.php/2025/05/ms3-cuts-jobs-as-focus-shifts-from-uk-broadband-build-to-customer-growth.html,7th May 2025
https://www.ispreview.co.uk/,TalkTalk Group Shrinks to 3.2 Million UK Broadband ISP Customers,A new preview of the TalkTalk group’s next set of annual accounts has reportedly revealed that the UK internet provider is continuing to haemorrhage broadband customers. The latest figure puts them at around 3.2 million customers as of February 2025 (down from 3.6m last year).,https://www.ispreview.co.uk/index.php/2025/05/uk-isp-talktalk-shrinks-to-3-2-million-broadband-customers.html,6th May 2025
https://www.ispreview.co.uk/,Full Fibre UK Broadband Builder Quickline Opens New Facility in Leeds,"Rural-focused UK ISP Quickline , which is deploying a gigabit-capable full fibre (FTTP) and fixed wireless (FWA) broadband network across rural parts of Yorkshire and Lincolnshire in England, has announced the opening of a new facility and logistics Hub in Leeds to support their ongoing network build and training for future engineers.",https://www.ispreview.co.uk/index.php/2025/05/full-fibre-uk-broadband-builder-quickline-opens-new-facility-in-leeds.html,6th May 2025
https://www.ispreview.co.uk/,Openreach Name 163 More UK Areas for Copper to FTTP Switch – Tranche 20 UPDATE,"Openreach ( BT ) has released the next May 2025 batch of exchanges (Tranche 20) in their “ FTTP Priority Exchange Stop Sell” programme, which reflects areas where over 75% of premises are able to get full fibre lines and will thus stop selling copper based legacy phone and broadband products (i.e. FTTP becomes the only product option).",https://www.ispreview.co.uk/index.php/2025/05/openreach-name-163-more-uk-areas-for-copper-to-fttp-switch-tranche-20.html,6th May 2025
https://www.ispreview.co.uk/,Better Mobile Cover Goes Live from O2 UK on East Coast Mainline,"Mobile operator O2 UK ( Virgin Media ) has today announced, in a “railway first“, that 4G and hopefully 5G connectivity too (mobile broadband) has received a “major boost” after the London North Eastern Railway (LNER), Network Rail and the private sector completed deployment of a new custom-built Distributed Antenna System (DAS).",https://www.ispreview.co.uk/index.php/2025/05/better-mobile-cover-goes-live-from-o2-uk-on-east-coast-mainline.html,6th May 2025
https://www.ispreview.co.uk/,New Broadband ISP Carnival Internet UK Finally Goes Live,Back in November 2024 we reported that global tech company Dotlines ( Dotlines UK ) were preparing to launch a new broadband ISP called Carnival Internet UK during “early 2025” ( here ). The good news today is that this has now gone live and pledges to donate 1% of customer bills to charities to fight digital poverty in the UK (they’ll also plant one tree or kelp plant for every month a customer stays).,https://www.ispreview.co.uk/index.php/2025/05/new-broadband-isp-carnival-internet-uk-finally-goes-live.html,6th May 2025
https://www.ispreview.co.uk/,Broadband ISP Fibrus Helps Boost N.Ireland Economy by £431m Since 2020,"A new economic and social impact report from Grant Thornton has claimed that Infracapital-backed network operator Fibrus , which is building a full fibre (FTTP) broadband ISP network across several rural parts of the UK, has contributed £431 million (expenditure) to the Northern Ireland economy since beginning operations in 2020.",https://www.ispreview.co.uk/index.php/2025/05/broadband-isp-fibrus-helps-boost-n-ireland-economy-by-431m-since-2020.html,6th May 2025
https://www.ispreview.co.uk/,Sky Glass UK Customers Suffering Black Screen and Content Display Bugs UPDATE,"Some customers of Sky’s broadband-based Sky Glass pay TV streaming service and device, including those on both their first and latest second generation TV sets, appear to be suffering from a frustrating bug that is disrupting their ability to view content (TV channels, streaming apps etc.) – often showing black screens, incorrect audio or error messages.",https://www.ispreview.co.uk/index.php/2025/05/sky-glass-uk-customers-suffering-black-screen-and-content-display-bugs.html,6th May 2025
https://www.ispreview.co.uk/,Take-up Rises as Netomnia Report Q1 Results for UK 10Gbps Broadband Network,"Alternative operator Netomnia ( Brsk and YouFibre ), which last week reported expanding their 10Gbps speed Fibre-to-the-Premises (FTTP) broadband network to cover 2.4 million UK premises (RFS) and connecting 310,000 customers ( here ), has today published their Q1 2025 results and seen take-up grow to 12.4% (up from 11.5% in Q4 2024).",https://www.ispreview.co.uk/index.php/2025/05/take-up-rises-as-netomnia-report-q1-results-for-uk-10gbps-broadband-network.html,6th May 2025
https://www.ispreview.co.uk/,London Full Fibre Broadband ISP CommunityFibre Reports First Profit UPDATE,"Alternative network ISP CommunityFibre (CF), which has deployed their 5Gbps speed full fibre (FTTP) broadband network to cover 1.35 million UK premises (mostly in Greater London), has reportedly “posted its maiden profit” after recording earnings before interest, tax, depreciation and amortisation (EBITDA) of £8m in 2024. Customers also grew to 336,000.",https://www.ispreview.co.uk/index.php/2025/05/london-full-fibre-broadband-isp-communityfibre-reports-first-profit.html,5th May 2025
https://www.ispreview.co.uk/,Altnet Broadband Operator Freedom Fibre to Suffer UK Job Losses UPDATE,"Alternative network provider Freedom Fibre (Lila Connect), which have so far grown their FTTP based gigabit broadband network to cover 315,000 premises (Nov 2024) across parts of Cheshire, Greater Manchester, Shropshire, Staffordshire, Suffolk and Essex, has over the past week notified staff of more redundancies.",https://www.ispreview.co.uk/index.php/2025/05/altnet-broadband-operator-freedom-fibre-to-suffer-uk-job-losses.html,4th May 2025
https://www.ispreview.co.uk/,Network Operators Named as Finalists for UK Fibre Awards 2025,"The shortlist for the fourth annual UK Fibre Awards event, which is due to take place next month (5th June 2025) at the London Marriott Grosvenor Square Hotel, has recently been released. The event sees various broadband ISPs and full fibre network builders across several categories pick up awards for their achievements.",https://www.ispreview.co.uk/index.php/2025/05/network-operators-named-as-finalists-for-uk-fibre-awards-2025.html,3rd May 2025
https://www.ispreview.co.uk/,Nexfibre Cut 2025 UK Full Fibre Target to 2.5m Premises as VMO2 Pause NetCo Plans,"Liberty Global has confirmed that sibling nexfibre , which is working alongside UK ISP partner Virgin Media to deploy a new 10Gbps full fibre broadband (FTTP) network across over 5 million premises (c.2.2m have already been built), has scaled back its coverage target for 2025 to 2.5 million premises passed. At the same time, VMO2 “have paused our NetCo plans“.",https://www.ispreview.co.uk/index.php/2025/05/nexfibre-cut-2025-uk-full-fibre-target-to-2-5m-premises-as-vmo2-pause-netco-plans.html,2nd May 2025
https://www.ispreview.co.uk/,Netomnia Raise Extra £160m and Target 5 Million UK Premises for FTTP Broadband,"Alternative network operator Netomnia ( Brsk and ISP YouFibre ), which has now expanded their 10Gbps capable Fibre-to-the-Premises (FTTP) broadband network to cover 2.4 million UK premises RFS (up from 2.2m end of Feb 2025) and connected 310,000 customers (up from 270k), has boosted their coverage target to 5 million premises and raised £160m in debt funding.",https://www.ispreview.co.uk/index.php/2025/05/netomnia-raise-extra-160m-and-target-5-million-uk-premises-for-fttp-broadband.html,2nd May 2025
https://www.ispreview.co.uk/,Mobile Operator Three UK Refreshes Customer App with “Glow-up”,"Customers of mobile network operator Three UK , which is in the process of merging with Vodafone , have this week been notified about the provider’s release of a refreshed Three App for Android (Google) and iOS (Apple) devices that began to become available on Monday (28th April 2025).",https://www.ispreview.co.uk/index.php/2025/05/mobile-operator-three-uk-refreshes-customer-app-with-glow-up.html,2nd May 2025
https://www.ispreview.co.uk/,ISP OneTek Looks to Expand Business Full Fibre Broadband Network,"Business focused UK ISP, IT and Communications provider OneTek (One Tek Business Solutions), which typically provides leased lines, direct fibre connections, and point-to-point (P2P) antennas, has revealed that they intend to deploy a new full fibre network that will initially focus on providing B2B connectivity in the West Cheshire Business Estate area.",https://www.ispreview.co.uk/index.php/2025/05/isp-onetek-looks-to-expand-business-full-fibre-broadband-network.html,2nd May 2025
https://www.ispreview.co.uk/,Vodafone Expands its Role in UK Energy 4G Smart Meter Upgrade Project,"Mobile operator Vodafone has been awarded a second contract as part of its work with the Data Communications Company (DCC), which is working to upgrade existing Smart Meters in UK homes with Toshiba’s new 4G Communication Hub ( details ). But under the new deal they’ll also be providing some crucial fixed line data connectivity too.",https://www.ispreview.co.uk/index.php/2025/05/vodafone-expands-its-role-in-uk-energy-4g-smart-meter-upgrade-project.html,2nd May 2025
https://www.ispreview.co.uk/,Virgin Media O2 Suffers Fall in UK Broadband Customers as FTTP Build Slows,"The latest Q1 2025 results from Virgin Media and O2 have today been released, which saw their gigabit broadband network grow by 165,000 premises in the quarter to cover 18.4 million UK homes and related customers suffer a sharp fall to total 5,694,900 (down by -44k in Q1 vs +12k in Q4 2025) “due to heavy discounting in the market“. The operator’s outdoor 5G mobile cover also increased to 77%.",https://www.ispreview.co.uk/index.php/2025/05/virgin-media-o2-suffers-fall-in-uk-broadband-customers-as-fttp-build-slows.html,2nd May 2025
https://www.ispreview.co.uk/,Wireless and Full Fibre Broadband ISP Orbital Net Appoints New CFO,"Independent Kent-based UK ISP Orbital Net (Orbital Internet Group), which runs the Vfast sub-brand that sells packages to homes via a mix of fixed wireless (FWA) and full fibre (FTTP) broadband networks, has announced that they’ve appointed John Slingsby as their new Chief Financial Officer (CFO).",https://www.ispreview.co.uk/index.php/2025/05/wireless-and-full-fibre-broadband-isp-orbital-net-appoints-new-cfo.html,2nd May 2025
https://www.ispreview.co.uk/,Virgin Media UK TV Customers Gifted 3 Months Free Fit at Home App,"Customers of broadband ISP Virgin Media, specifically those who take their Pay TV services, can now gain exclusive free access to 3 months of Fit at Home, a workout (fitness) app that attempts to cater for all kinds of people. The service usually costs an extra £10 per month.",https://www.ispreview.co.uk/index.php/2025/05/virgin-media-uk-tv-customers-gifted-3-months-free-fit-at-home-app.html,2nd May 2025
https://www.ispreview.co.uk/,INCA Criticise Openreach for Approach to FTTP in UK Flats – Renters Rights Bill,"The Independent Networks Co-operative Association , which represents alternative UK broadband operators, has today warned that they believe the “amendment proposed by Openreach ” in the new Renters’ Rights Bill would be “ineffective” at solving the problem of how you get full fibre into large MDU buildings where deployment has been unreasonably refused or landlords cannot be contacted.",https://www.ispreview.co.uk/index.php/2025/05/inca-criticise-openreach-for-approach-to-fttp-in-uk-flats-renters-rights-bill.html,1st May 2025
https://www.ispreview.co.uk/,Connexin Extends LoRaWAN Wireless Network to Southend-on-Sea,"Fixed wireless and UK broadband provider Connexin , which is backed by PATRIZIA and is in the process of being acquired by CityFibre ( here ), has today signed a new agreement with Southend-on-Sea city council to install their Long Range Wide Area Network (LoRaWAN) wireless network on existing infrastructure across the city. This will support smart water meters, without the need for new poles.",https://www.ispreview.co.uk/index.php/2025/05/connexin-extends-lorawan-wireless-network-to-southend-on-sea.html,1st May 2025
https://www.ispreview.co.uk/,CityFibre Survey Claims 8 Percent of UK Farms Still Have No Broadband,"Network operator CityFibre , which recently appointed Censuswide to conduct a nationwide survey of UK farmers, has claimed that 8% of farms do not have any internet connectivity at all and yet almost two-thirds of farmers surveyed (60%) believe broadband is critical for day-to-day farming activities.",https://www.ispreview.co.uk/index.php/2025/05/cityfibre-survey-claims-8-percent-of-uk-farms-still-have-no-broadband.html,1st May 2025
https://www.ispreview.co.uk/,"EE to Connect 34,000 Mobile and IoT Devices in New UK DEFRA Deal","Telecoms giant BT has today signed a new “multi-million-pound” deal with the Department for Environment, Food and Rural Affairs (DEFRA), which will see EE provide 34,000 mobile connections to support workers and real-time reporting on issues from flooding to farming disease outbreaks across England, Scotland and Wales.",https://www.ispreview.co.uk/index.php/2025/05/ee-to-connect-34000-mobile-and-iot-devices-in-new-uk-defra-deal.html,1st May 2025
https://www.ispreview.co.uk/,TfW Fibre Seek Code Powers to Support Railway Based Fibre Rollout in Wales,"In a not unexpected development, network operator TfW Ffeibr (TFW Fibre), which is an arm’s-length initiative setup by Transport for Wales (TfW) – itself owned by the Welsh Government (WG), has applied for Code Powers from Ofcom in order to boost their plans for a full fibre broadband network that runs alongside local railways.",https://www.ispreview.co.uk/index.php/2025/05/tfw-fibre-seek-code-powers-to-support-railway-based-fibre-rollout-in-wales.html,1st May 2025
https://www.ispreview.co.uk/,Openreach Builds FTTP Broadband to 18.3 Million UK Premises,"National network access provider Openreach ( BT ) has confirmed that their Fibre-to-the-Premises ( FTTP ) network, which offers broadband speeds of up to 1800Mbps to UK homes via hundreds of ISPs, has now covered 18.3 million UK premises (Ready for Service). This is now growing at a rate of 1.1 million premises (RFS) per quarter.",https://www.ispreview.co.uk/index.php/2025/05/bts-openreach-builds-fttp-broadband-to-18-3-million-uk-premises.html,1st May 2025
https://www.ispreview.co.uk/,Ofcom Blasts NOW and TalkTalk for UK Broadband Complaints – Q4 2024,"Ofcom have today published their latest quarterly (Q4 2024) study of UK consumer telecoms complaints, which shames NOW Broadband ( NOW TV ) and TalkTalk for attracting the most complaints about broadband, while O2 took the most heat for Mobile and Virgin Media was put on the naughty step for Pay TV services.",https://www.ispreview.co.uk/index.php/2025/05/ofcom-blasts-now-and-talktalk-for-uk-broadband-complaints-q4-2024.html,1st May 2025
https://www.ispreview.co.uk/,Neos Networks Claim 96 Percent of UK Broadband Altnets Consider Consolidation,"Neos Networks , which operates one of the biggest 34,000km long business fibre networks in the UK – spanning 550 exchanges, 90+ data centres and 600+ Points of Presence (PoPs), has today released the results of new research that claims almost all of the market’s alternative networks (96%) are considering mergers, partnerships and acquisitions with other providers.",https://www.ispreview.co.uk/index.php/2025/05/neos-networks-claim-96-percent-of-uk-broadband-altnets-consider-consolidation.html,1st May 2025
https://www.ispreview.co.uk/,Broadband ISP Aquiss Cuts Price of CityFibre Plans in Half for 6 Months,"Shropshire-based UK ISP Aquiss , which is celebrating 20 years of service this year, has announced that they’re “slashing” the price of their CityFibre based Fibre-to-the-Premises ( FTTP ) broadband packages in half for the first 6 months of service. Symmetric speeds of up to 2.5Gbps (2200Mbps average) are available.",https://www.ispreview.co.uk/index.php/2025/05/broadband-isp-aquiss-cuts-price-of-cityfibre-plans-in-half-for-6-months.html,1st May 2025
https://www.ispreview.co.uk/,BT Consults on Closure of its Londonderry Office by End of 2025,"Telecoms and broadband giant BT has confirmed that, as part of their ongoing UK programme to modernise and consolidate the number of offices they have – shrinking them from around 300 to just 30 locations, they’ve begun a consultation on the closure of their Londonderry office. The move, which could be implemented by the end of 2025, puts around 140 jobs at risk.",https://www.ispreview.co.uk/index.php/2025/05/bt-consults-on-closure-of-its-londonderry-office-by-end-of-2025.html,1st May 2025
https://www.ispreview.co.uk/,Openreach Win £157m Project Gigabit Broadband Build Contract for Scotland,"The UK Government today confirmed that Openreach (BT) have been formally awarded the £157 million state aid supported Project Gigabit broadband roll-out contract for Scotland (Call off 6). The deal will see the operator extending their full fibre (FTTP) network to cover an additional 65,000 of the hardest to reach rural premises.",https://www.ispreview.co.uk/index.php/2025/05/openreach-win-157m-project-gigabit-broadband-build-contract-for-scotland.html,1st May 2025
https://www.ispreview.co.uk/,Revolut to Expand from Travel eSIMs into Cheap UK Mobile Operator,"Customers of banking and money management app Revolut , which last year launched a limited eSIM based mobile service for roaming travellers ( here ), has today revealed that they intend to go further by launching a full domestic mobile service for UK consumers with unlimited calls, texts, and data (mobile broadband) at home.",https://www.ispreview.co.uk/index.php/2025/04/revolut-to-expand-from-travel-esims-into-full-uk-mobile-operator.html,30th Apr 2025
https://www.ispreview.co.uk/,NO! Your Broadband Almost Certainly Won’t “grind to a halt” Today,"Over the past few days’, we’ve seen a succession of scaremongering newspaper articles, which appear to warn UK consumers that their wireless routers or broadband may “grind to a halt” during this week’s heatwave. The articles appear to have been triggered by some advice that Virgin Media issued, but the reality is that this week’s weather won’t cause any major broadband issues.",https://www.ispreview.co.uk/index.php/2025/04/no-your-broadband-almost-certainly-wont-grind-to-a-halt-today.html,30th Apr 2025
https://www.ispreview.co.uk/,Primary UK Mobile Operators Beat Virtual MVNOs for Broadband Speed,"Network benchmarking firm Opensignal has today published the result of a new study that analyses the performance of Mobile Network Operators (MNOs like EE , O2 , Vodafone and Three UK ) and then compares that with their many virtual operators (MVNOs like Sky Mobile , iD Mobile , Smarty etc.). Overall, the primary operators deliver faster data speeds than virtual providers.",https://www.ispreview.co.uk/index.php/2025/04/primary-uk-mobile-operators-beat-mvnos-for-broadband-speed.html,30th Apr 2025
https://www.ispreview.co.uk/,"Bosses of B4RN, MS3 and Quickline Give Update on UK Broadband Builds","The CEO of ISP Zen Internet , Richard Tang, has today shared three recent interviews with the bosses of several alternative network providers, including B4RN (Tom Rigg), MS3 (Guy Miller) and Quickline (Sean Royce). Each provides a useful progress update on their efforts to deploy full fibre (FTTP) broadband across different parts of the UK.",https://www.ispreview.co.uk/index.php/2025/04/bosses-of-b4rn-ms3-and-quickline-give-update-on-uk-broadband-builds.html,30th Apr 2025
https://www.ispreview.co.uk/,The Top Fastest and Slowest UK Locations for Broadband Speed in 2025,"New research from Broadband Genie has analysed 348,000 internet speed tests across 1,302 locations in order to identify the top slowest and fastest UK locations for broadband. The slowest location was found to be Lostwithiel in Cornwall (average downloads of 2Mbps and uploads of 1Mbps), while the fastest was South Hetton in County Durham (526Mbps down and 448Mbps up).",https://www.ispreview.co.uk/index.php/2025/04/the-top-fastest-and-slowest-uk-locations-for-broadband-speed-in-2025.html,30th Apr 2025
https://www.ispreview.co.uk/,Streetwave See Mobile Broadband Coverage Improve Across Mid Wales,"Network analyst firm Streetwave , which is using bin lorries to help map the coverage and performance of 4G and 5G mobile (broadband) networks across 113 UK councils, has revealed how much the £1bn Shared Rural Network (SRN) project has helped to improve mobile coverage across mid-Wales over the past 9 months – O2 saw the strongest improvement.",https://www.ispreview.co.uk/index.php/2025/04/streetwave-see-mobile-broadband-coverage-improve-across-mid-wales.html,30th Apr 2025
https://www.ispreview.co.uk/,Study Claims UK Broadband Users Could Save £61.1m Monthly by Ditching Landlines,A new study from comparison site Go.Compare has claimed that broadband users who have a landline phone service included in their package could save as much as a combined £61.1m each month – across the UK – by switching to a non-landline deal (roughly £4.1 per month per user). But it’s not always quite so simple.,https://www.ispreview.co.uk/index.php/2025/04/study-claims-uk-broadband-users-could-save-61-1m-monthly-by-ditching-landlines.html,29th Apr 2025
https://www.ispreview.co.uk/,BT Opens Final Office in Manchester to Finish UK Workplace Transformation,"Telecoms and broadband giant BT today claims to have achieved the final step in their 5-year long “Better Workplace” transformation programme, which has involved modernising and consolidating the number of offices they have (going from around 300 and down to nearly 30 key locations), by opening a new office – the ‘Four New Bailey’ building – in Manchester.",https://www.ispreview.co.uk/index.php/2025/04/bt-opens-final-office-in-manchester-to-finish-uk-workplace-transformation.html,29th Apr 2025
https://www.ispreview.co.uk/,"Three Business Launch Large-scale UK eSIM Trial for 50,000+ Businesses","Three Business, the business-to-business arm of mobile network operator Three UK , this morning claims to have launched the “UK’s first large-scale eSIM trial” for over 50,000 business, albeit initially only available to those in the Birmingham and Bristol areas. The trial will allow customers to test Three’s network before making the commitment to switch providers.",https://www.ispreview.co.uk/index.php/2025/04/three-business-launch-large-scale-uk-esim-trial-for-50000-businesses.html,29th Apr 2025
https://www.ispreview.co.uk/,April 2025 Progress Update on BT’s 10Mbps UK Broadband USO,"UK ISP BT has published their first biannual progress update for 2025 on their delivery of Ofcom ’s somewhat maligned 10Mbps Universal Service Obligation (USO) for broadband. The provider has so far helped to build a USO connection to over 8,411 premises (up from 8,248 in Oct 2024), with 349 further builds in-progress (up from 215).",https://www.ispreview.co.uk/index.php/2025/04/april-2025-progress-update-on-bts-10mbps-uk-broadband-uso.html,29th Apr 2025
https://www.ispreview.co.uk/,Success as Amazon Lofts First 27 Project Kuiper Broadband Satellites,Online shopping giant Amazon last night succeeded in launching their first batch of 27 ultrafast broadband satellites into Low Earth Orbit (LEO) for Project Kuiper. The platforms were put into space by a United Launch Alliance (ULA) Atlas V 551 rocket that unleashed some 2.7 million pounds (12 megaNewtons) of thrust.,https://www.ispreview.co.uk/index.php/2025/04/success-as-amazon-lofts-first-27-project-kuiper-broadband-satellites.html,29th Apr 2025
https://www.ispreview.co.uk/,BT Wholesale Launch Teams Phone Mobile for UK Network Partners,"Network operator BT Wholesale , which supplies a number of UK ISPs with broadband and other communication services, has today launched a new ‘Teams Phone Mobile‘ service for its partners that combines Microsoft Teams’ collaboration features with EE ’s mobile connectivity.",https://www.ispreview.co.uk/index.php/2025/04/bt-wholesale-launch-teams-phone-mobile-for-uk-network-partners.html,29th Apr 2025
https://www.ispreview.co.uk/,ISP TalkTalk Launch Free UK Broadband Proactive Alerts Tool,"Internet provider TalkTalk has today launched a free new tool called ‘Broadband Proactive Alerts‘, which is designed to notify customers about local network issues, “often before they even notice a problem“. But only some of the provider’s customers will be able to benefit from it.",https://www.ispreview.co.uk/index.php/2025/04/broadband-isp-talktalk-launch-free-uk-broadband-proactive-alerts.html,29th Apr 2025
https://www.ispreview.co.uk/,NOW Broadband Warn UK Customers with Older Routers of New Policy,"Customers of Sky’s sibling NOW Broadband ( NOW TV ) ISP sub-brand, specifically those on their older “part-fibre” ( FTTC ) based superfast broadband packages, have been informed that their bundled Hubs (routers) are now unsupported and won’t be replaced if they develop a fault. But don’t “worry“, say NOW, because if that happens your service can be terminated or moved to Sky.",https://www.ispreview.co.uk/index.php/2025/04/now-broadband-warn-uk-customers-with-older-routers-of-no-upgrade-policy.html,29th Apr 2025
https://www.ispreview.co.uk/,O2 UK and Virgin Media Launch Blue Monday Priority Rewards,"Existing customers of Virgin Media and O2 ’s various broadband, mobile, phone and TV packages may like to know that their ‘Priority’ app, which rewards subscribers with various special offers and discounts, has this week launched “Blue Mondays” to give UK subscribers something to smile about at the start of every week with lots of special rewards.",https://www.ispreview.co.uk/index.php/2025/04/o2-uk-and-virgin-media-launch-blue-monday-priority-rewards.html,28th Apr 2025
https://www.ispreview.co.uk/,Moira Stuart Helps BT Kick Off UK Digital Voice Switchover for Vulnerable Users,"Broadband and phone provider BT ( EE ) has today launched a new campaign with Moira Stuart, a well-known British TV presenter and broadcaster, to help raise awareness around the switch to digital landlines and the forthcoming deadline of 31st January 2027 for vulnerable users.",https://www.ispreview.co.uk/index.php/2025/04/bt-kicks-off-uk-digital-voice-phone-switchover-for-vulnerable-users-with-moira-stuart.html,28th Apr 2025
https://www.ispreview.co.uk/,First Homes Live on CityFibre’s Project Gigabit Broadband Network in Hampshire UPDATE,"Network operator CityFibre has today announced that the first customers have gone live on their new 10Gbps capable full fibre ( FTTP ) broadband ISP network in Hampshire (England), which is being built as part of their £104m state aid supported Project Gigabit contract (Lot 27) – this aims to reach more than 75,000 extra premises across hard-to-reach rural areas.",https://www.ispreview.co.uk/index.php/2025/04/first-homes-live-on-cityfibres-project-gigabit-broadband-network-in-hampshire.html,28th Apr 2025
https://www.ispreview.co.uk/,Progress on GBP70m Extending High Speed Broadband in Wales Project,"The Welsh Government (WG) has moved into the final market engagement phase of their proposed £70m (state aid) “Extending High Speed Broadband Reach in Wales” (EHSBRW) project, which aims to help upgrade broadband for some or all of the remaining 84,000 premises (i.e. those that can’t yet get “superfast” speeds of 30Mbps+).",https://www.ispreview.co.uk/index.php/2025/04/progress-on-gbp70m-extending-high-speed-broadband-in-wales-project.html,28th Apr 2025
https://www.ispreview.co.uk/,Octopus-Backed Y Corp Still Looking to Launch UK Mobile Provider,"A couple of weekend newspaper reports have stated that the Fern Trading (Octopus Group) backed Y Corporation appears to still be gearing up to launch a new UK mobile operator of their own, which would be backed by a virtual operator (MVNO) agreement with Three UK . But readers of ISPreview will know that they already tried this last year ( here ) – leaving many early adopters confused.",https://www.ispreview.co.uk/index.php/2025/04/octopus-backed-y-corp-still-looking-to-launch-uk-mobile-provider.html,28th Apr 2025
https://www.ispreview.co.uk/,TOTSCo Target Launch of UK Biz Broadband ISP Switching for Early 2026,"The One Touch Switching Company (TOTSCo), which is the industry-led company responsible for helping to implement Ofcom ’s solution ( One Touch Switching ) for easier and quicker UK consumer switching between broadband and phone providers, has this afternoon revealed that they’re aiming to go live with a switching solution for businesses in “early 2026“.",https://www.ispreview.co.uk/index.php/2025/04/totsco-target-launch-of-uk-biz-broadband-isp-switching-for-early-2026.html,25th Apr 2025
https://www.ispreview.co.uk/,Support Staff Hint Sky Broadband UK to Replace WiFi Max Kit Next Month,"Several customers of UK ISP Sky Broadband have now informed ISPreview that the provider’s support staff have recently notified them about the launch, next month, of new WiFi Max hardware. This appears to reflect both the Sky Max Hub router and the Sky Max Pod WiFi extenders.",https://www.ispreview.co.uk/index.php/2025/04/support-staff-hint-sky-broadband-uk-to-replace-wifi-max-kit-next-month.html,25th Apr 2025
https://www.ispreview.co.uk/,Rural Broadband ISP Quickline Continues UK Price Freeze for 2 More Years,"Rural-focused ISP Quickline , which is deploying their own gigabit-capable full fibre ( FTTP ) and fixed wireless access (FWA) broadband networks across rural parts of Yorkshire and Lincolnshire in England, this week said they were “proud to say our customers don’t have to worry about unfair [price hikes]” after continuing their price freeze.",https://www.ispreview.co.uk/index.php/2025/04/rural-broadband-isp-quickline-continues-uk-price-freeze-for-2-more-years.html,25th Apr 2025
https://www.ispreview.co.uk/,BT Group Finally Sells Italian Division to Telecoms Provider Retelit,"Telecoms and broadband giant BT Group, which is primarily focused upon and based in the United Kingdom, has continued efforts to reduce their international operations this week by announcing a “preliminary” agreement to sell their sometimes troubled Italian business (BT Italia S.p.A) to Retelit for an undisclosed sum.",https://www.ispreview.co.uk/index.php/2025/04/bt-group-finally-sells-italian-division-to-telecoms-provider-retelit.html,25th Apr 2025
https://www.ispreview.co.uk/,UK Government Confirms Europe-first Ban on SIM Farms,The UK government has today confirmed its intent to ban SIM Farms (both possession and supply) some 6 months after the new Crime and Policing Bill (CPB) receives Royal Assent. The move is designed to better protect the public from fraudsters and scammers who also use the devices for criminal purposes (e.g. sending scam/spam messages and calls to mobile users).,https://www.ispreview.co.uk/index.php/2025/04/uk-government-confirms-europe-first-ban-on-sim-farms.html,24th Apr 2025
https://www.ispreview.co.uk/,Royal Borough of Kingston in London to Get New 10km Full Fibre Network,"Digital infrastructure firm Boldyn Networks , which is perhaps best known for helping to build a number of open access UK mobile and fibre networks, has been picked by Kingston Council (Kingston upon Thames) in London to build a new 10km long fibre (broadband, Ethernet etc.) network in the royal borough. Virgin Media ’s business division will also be involved.",https://www.ispreview.co.uk/index.php/2025/04/royal-borough-of-kingston-in-london-to-get-new-10km-full-fibre-network.html,24th Apr 2025
https://www.ispreview.co.uk/,O2 UK Give Mobile Customers Discount with Xbox Game Pass Ultimate,Mobile operator O2 ( Virgin Media ) has today informed us that customers of their various Airtime plans can now take ‘Xbox Game Pass Ultimate’ for £14.99 per month and get a £1 airtime saving – offering access to hundreds of games with an annual saving of £12.,https://www.ispreview.co.uk/index.php/2025/04/o2-uk-give-mobile-customers-discount-with-xbox-game-pass-ultimate.html,24th Apr 2025
https://www.ispreview.co.uk/,Zen Internet Survey Claims 52 Percent of Brits Still Have a Landline,"A new Censuswide survey conducted on behalf of UK broadband ISP Zen Internet , which involved 2,000 nationally representative UK consumers aged 16+ (surveyed during Q1 2025), claims to have found that 52% of Brits still have a landline, yet only 15% use it regularly. But only a third intend to take (or have already) the digital voice alternative when the switchover occurs.",https://www.ispreview.co.uk/index.php/2025/04/zen-internet-survey-claims-52-percent-of-brits-still-have-a-landline.html,24th Apr 2025
https://www.ispreview.co.uk/,Virgin Media O2 Reveals Some Internet Traffic Trends of UK Children,"Broadband ISP and mobile operator Virgin Media and O2 have this morning revealed new mobile, internet, and TV data showing a weekday afternoon surge in traffic after 3.40PM, as children across the UK reach for screens after school. This is largely driven by TV/streaming, YouTube and homework related activity.",https://www.ispreview.co.uk/index.php/2025/04/virgin-media-o2-reveals-some-internet-traffic-trends-of-uk-children.html,24th Apr 2025
https://www.ispreview.co.uk/,Full Fibre Broadband ISP Hyperoptic Suffers UK Service Outage,"Some customers of city-focused UK ISP Hyperoptic , which since 2011 claims to have deployed an alternative full fibre ( FTTP /B) network to reach “more than” 1.73 million homes in parts of 64 towns and cities, appear to be suffering from a sizeable but partial network outage this morning.",https://www.ispreview.co.uk/index.php/2025/04/full-fibre-broadband-isp-hyperoptic-suffers-uk-service-outage.html,24th Apr 2025
https://www.ispreview.co.uk/,UK Broadband ISPs Should Stop Making Service Status Pages Useless,"The ability of a broadband provider to offer an effective and informative ‘Service Status‘ page, which can be useful for keeping customers updated about developments during network outages, is a crucial but often overlooked feature of modern internet provision. Yet in recent years’ ISPs seem to have been making them less and less effective or removing them entirely.",https://www.ispreview.co.uk/index.php/2025/04/uk-broadband-isps-must-stop-making-service-status-pages-useless.html,24th Apr 2025
https://www.ispreview.co.uk/,Broadband Speed Lifts Table of Top 60 UK Cities for Remote Working,"A new study from researchers at RemotePeople , which is an international remote recruitment agency, claims to have identified some of the sixty best and worst UK locations for working from home (WFH). One of the key metrics here is broadband speed (download and upload), which helped to lift Southampton into the top spot. But London ranked last.",https://www.ispreview.co.uk/index.php/2025/04/broadband-speed-lifts-table-of-top-60-uk-cities-for-remote-working.html,23rd Apr 2025
https://www.ispreview.co.uk/,Openreach’s UK Fibre Broadband Checker Offline for Second Day UPDATE3,Several of ISPreview’s readers have indicated to us that Openreach ’s fibre broadband checker has been down since yesterday morning or thereabouts. The popular tool is currently still offline at the time of writing today and returns the following message on use: “Service request failed. Please try again later“.,https://www.ispreview.co.uk/index.php/2025/04/openreachs-uk-fibre-broadband-checker-offline-for-second-day.html,23rd Apr 2025
https://www.ispreview.co.uk/,Oxford Named First of Three UK Cities to Get New 5G Small Cell Mobile Boost,"Mobile infrastructure services provider Cornerstone (CTIL), which handles the UK network sharing agreement between O2 (Virgin Media) and Vodafone (Vantage Towers), has announced that Oxford will be the first of three major UK cities set for “enhanced [ 5G ] mobile connectivity” in 2025 as they deploy a new “city-wide” small cell network.",https://www.ispreview.co.uk/index.php/2025/04/oxford-named-first-of-three-uk-cities-to-get-new-5g-small-cell-mobile-boost.html,23rd Apr 2025
https://www.ispreview.co.uk/,BT Fail to Get CityFibre Ad Banned Over Full Fibre Availability Complaint UPDATE,The Advertising Standards Authority (ASA) has declined to uphold a complaint against one of CityFibre ’s direct mailing adverts for their new UK FTTP broadband network. The complaint was lodged by the BT Group after they suggested it “misleadingly implied there was no existing full fibre broadband at the address.”,https://www.ispreview.co.uk/index.php/2025/04/bt-fail-to-get-cityfibre-ad-banned-over-full-fibre-availability-complaint.html,23rd Apr 2025
https://www.ispreview.co.uk/,CEO of Broadband Operator F&W Networks Eyes Return to FTTP Build,"The CEO of alternative UK broadband operator F&W Networks ‘ (Fibre and Wireless), José Luis San Martín, has today spoken to ISPreview, as part of a new interview, about his ambition for the company to ramp-up their roll-out of full fibre (FTTP) lines “once the market stabilises and financial conditions improve“. But they also remain “open” to discussions over consolidation.",https://www.ispreview.co.uk/index.php/2025/04/fw-networks-interview.html,23rd Apr 2025
https://www.ispreview.co.uk/,Starlink Sort of Fix Broadband Capacity Limit in South East England,"SpaceX’s Starlink service, which offers ultrafast broadband speeds via a mega constellation of satellites in Low Earth Orbit (LEO), appears to have removed its capacity restrictions from the South East of England (originally covering the Greater London area and beyond). But new customers in that same area may now be hit with a £195 one-off “congestion charge” instead.",https://www.ispreview.co.uk/index.php/2025/04/starlink-sort-of-fix-broadband-capacity-limit-in-south-east-england.html,22nd Apr 2025
https://www.ispreview.co.uk/,NFU Warn Farms Being Excluded from UK Gigabit Broadband Rollout by Cost,"The National Farmers Union , which represents over 44,000 Farmers and Growers in England and Wales, has warned that a good proportion of farms in rural parts of the country are still being excluded from the ongoing deployment of gigabit-capable broadband ISP technology – often even when the network covers the local road.",https://www.ispreview.co.uk/index.php/2025/04/nfu-warn-farms-being-excluded-from-uk-gigabit-broadband-rollout-by-cost.html,22nd Apr 2025
https://www.ispreview.co.uk/,Ofcom Confirm Ban of Global Titles to Tackle Abuse of UK Mobile Networks,"The national telecoms regulator, Ofcom , has today confirmed that it will ban UK phone operators from leasing Global Titles (GTs) – numbers like +44 (for the United Kingdom) that support mobile services – to third parties. Sadly, such leasing can be misused to try and intercept messages and calls, disrupt the operation of networks and track the location of users of other networks.",https://www.ispreview.co.uk/index.php/2025/04/ofcom-confirm-ban-of-global-titles-to-tackle-abuse-of-uk-mobile-networks.html,22nd Apr 2025
https://www.ispreview.co.uk/,"O2 Expand UK 3G Mobile Switch Off to Norwich, Telford, Guildford and Torquay","Mobile network operator O2 (Virgin Media) has today begun to notify customers about the next batch of four UK locations to go through their 3G mobile (broadband) switch-off programme, which recently started with a pilot in Durham ( here ). Norwich, Telford and Guildford will be the next areas to have 3G withdrawn on 16th July, with Torquay to follow on 4th August 2025.",https://www.ispreview.co.uk/index.php/2025/04/o2-expand-uk-3g-mobile-switch-off-to-norwich-telford-guildford-and-torquay.html,22nd Apr 2025
https://www.ispreview.co.uk/,Summary of the Switching £ Credits Offered by UK Broadband ISPs,"Most internet providers typically try to entice new customers via a mix of direct discounts (e.g. cheaper monthly rental), gifts (e.g. free TV, shopping vouchers) or the inclusive addition of attractive value-added extras. But people often overlook that some ISPs also offer another type of switching incentive, a contract buyout, which is often not well promoted but can be significant.",https://www.ispreview.co.uk/index.php/2025/04/summary-of-the-cash-switching-incentives-offered-by-uk-broadband-isps.html,22nd Apr 2025
https://www.ispreview.co.uk/,Virgin Media O2 UK Cuts Carbon Emissions by 56 Percent Since 2020,"Broadband, mobile and TV giant Virgin Media and O2 (VMO2) has today revealed that they’ve reduced carbon emissions by 56% against their 2020 baseline (up from 45% last year). At the same time, they also increased their fleet of Electric Vehicles (EV) to 350 (up from 281) – edging slowly toward their target to transition to a fully EV fleet by 2030 (c. 4,300 vehicles).",https://www.ispreview.co.uk/index.php/2025/04/virgin-media-o2-uk-cuts-carbon-emissions-by-56-percent-since-2020.html,22nd Apr 2025
https://www.ispreview.co.uk/,Starlink Preps New UTR-251 Router for Satellite Broadband Service,"SpaceX’s Starlink service, which offers ultrafast broadband speeds via a mega constellation of satellites in Low Earth Orbit (LEO), has notified the Federal Communications Commission (FCC) in the USA of their intent to launch a new Wi-Fi router for their customers – model code UTR-251 . The new kit appears positioned to replace the previous Gen 3 (UTR-231) kit, but it has some caveats.",https://www.ispreview.co.uk/index.php/2025/04/starlink-preps-new-utr-251-router-for-satellite-broadband-service.html,20th Apr 2025
https://www.ispreview.co.uk/,Comparing ISP Prices for 1Gbps UK Home Broadband – 2025 vs 2022,"A couple of years have now passed since ISPreview last examined how much money broadband ISPs were charging consumers for their gigabit broadband (1Gbps) tiers, so we’ve decided to take another look to see how things have changed between 2022, 2023 and 2025. But it might surprise some readers to learn that prices have broadly continued to fall.",https://www.ispreview.co.uk/index.php/2025/04/comparing-prices-for-1gbps-uk-home-broadband-2022-vs-2025.html,19th Apr 2025
https://www.ispreview.co.uk/,Study Examines Patchy UK Mobile Coverage on the South West Mainline,"Network analyst firm Streetwave has conducted an anecdotal study of UK mobile coverage ( 4G , 5G etc.) and mobile broadband speeds along the South West Mainline – as operated by South Western Railway (SWR). This found that customers connected via mobile operator EE received the best coverage, while O2 were the weakest.",https://www.ispreview.co.uk/index.php/2025/04/study-examines-patchy-uk-mobile-coverage-on-the-south-west-mainline.html,18th Apr 2025
https://www.ispreview.co.uk/,Fibrus Founder Criticises Openreach “Pole Tax” on UK Fibre Broadband Builds,"The co-Founder & Chair of UK broadband ISP Fibrus , Conal Henry, has criticised network operator Openreach ( BT Group) for the “pole tax” they claim is being levelled against them, which is said to be “twice the cost of paying our own staff, just to rent some poles and holes built by the British taxpayer“.",https://www.ispreview.co.uk/index.php/2025/04/fibrus-founder-criticises-openreach-pole-tax-on-uk-fibre-broadband-builds.html,17th Apr 2025
https://www.ispreview.co.uk/,Plusnet UK Discounts 900Mbps FTTP Broadband to £36.99 with £100 Reward,"UK ISP Plusnet has today introduced a bunch of new Easter discounts across their home broadband plans for new customers, which for example has cut the monthly price of their top 900Mbps Fibre-to-the-Premises ( FTTP ) package to just £36.99 per month on a 24-month term (mid-contract price hikes apply). Plus there’s a £100 reward card thrown-in.",https://www.ispreview.co.uk/index.php/2025/04/plusnet-uk-discounts-900mbps-fttp-broadband-to-36-99-with-100-reward.html,17th Apr 2025
https://www.ispreview.co.uk/,Which? Awards the Best and Worst UK Mobile Operators for H1 2025,"Consumer magazine Which? has published the results from their latest UK mobile network satisfaction survey, which questioned 4,153 adults in January 2025 about their chosen operators. Overall, Smarty topped the table with a customer satisfaction score of 82%, while Three UK placed last on just 62%.",https://www.ispreview.co.uk/index.php/2025/04/which-awards-the-best-and-worst-uk-mobile-operators-for-h1-2025.html,17th Apr 2025
https://www.ispreview.co.uk/,UBS Predicts Openreach to Lose 800k UK Broadband Lines in 2025,"The latest analyst note from Swiss Bank UBS has maintained their long-running “sell” rating on the BT Group and predicted that Openreach could lose 800,000 broadband lines to rival networks in 2025 (up from 707k in 2024). The analyst warned that the operator needed to “deploy fibre faster” to stem the bleed and “accelerate [its] cost-cutting“, otherwise they claim it may face a downside risk to free cash flow in FY26.",https://www.ispreview.co.uk/index.php/2025/04/ubs-predicts-openreach-to-lose-800k-uk-broadband-lines-in-2025.html,17th Apr 2025
https://www.ispreview.co.uk/,UK ISP TalkTalk Business Recovers Email After Long Outage,"Customers of broadband ISP TalkTalk Business (TTB) are once again able to use the provider’s email service after a protracted service outage, which lasted nearly a full week and appears as if it was caused by a misconfiguration of their Domain Name System / Servers (DNS).",https://www.ispreview.co.uk/index.php/2025/04/uk-isp-talktalk-business-recovers-email-after-long-outage.html,16th Apr 2025
https://www.ispreview.co.uk/,Big Move as UK Civil Engineering Giant M Group Acquires Telent,"Street works firm M Group , which was last year acquired by private equity firm CVC ( here ) and also harbours a telecoms (broadband and mobile) focused division, has today announced that they’ve acquired rival UK and Ireland focused technology, telecoms and civil engineering firm Telent for an undisclosed sum.",https://www.ispreview.co.uk/index.php/2025/04/big-move-as-uk-civil-engineering-giant-m-group-acquires-telent.html,16th Apr 2025
https://www.ispreview.co.uk/,Ookla Study Finds London 5G Mobile Performance Lags Behind Other UK Cities,"Network testing firm Ookla (i.e. Speedtest.net, Downdetector.co.uk) has today published a new study that examines the performance of 5G mobile (mobile broadband) networks across the major UK cities of Belfast, Birmingham, Bristol, Cardiff, Edinburgh, Glasgow, Leeds, Liverpool, London, Manchester and Sheffield. But the UK’s capital city was found to be lagging behind.",https://www.ispreview.co.uk/index.php/2025/04/ookla-study-finds-london-5g-mobile-performance-lags-behind-other-uk-cities.html,16th Apr 2025
https://www.ispreview.co.uk/,EE UK Launch Tech Drops – Giving Big Discounts on Modern Technology,"Mobile operator and broadband ISP EE has updated their online “Tech Store“, which sells a mix of extra services and gadgets (e.g. TVs, games consoles, laptops etc.), to introduced “Tech Drops“. This is a new monthly scheme that sees their store “offer a huge saving on a limited amount of stock of the hottest tech“, purchased via their App on a “first-come-first-serve basis“.",https://www.ispreview.co.uk/index.php/2025/04/ee-uk-launch-tech-drops-giving-big-discounts-on-modern-technology.html,16th Apr 2025
https://www.ispreview.co.uk/,Broadband ISP PlusNet UK Set to Trial IPv6 on High Touch Network,"Internet service provider PlusNet , which is part of the wider BT Group, has informed customers that they’re “now ready” to finally start trials of Internet Protocol v6 (IPv6) addressing on their “High Touch” broadband network. The ISP has previously only conducted a small scale technical trial on their “Low Touch” network ( here ) – used by c. 90% of customers.",https://www.ispreview.co.uk/index.php/2025/04/broadband-isp-plusnet-uk-set-to-trial-ipv6-on-high-touch-network.html,16th Apr 2025
https://www.ispreview.co.uk/,Opensignal Find Ultrafast UK Broadband ISPs More Reliable vs Superfast Ones,"Network benchmarking firm Opensignal has today published a new report that examines how the UK’s broadband experience varies across speed tiers, with homes on “ultrafast” (300Mbps+) connections enjoying a “smoother and more reliable” service than those on “superfast” (30-300Mbps) ones. ISPs EE, Vodafone and Plusnet topped the performance rankings.",https://www.ispreview.co.uk/index.php/2025/04/opensignal-find-ultrafast-uk-broadband-isps-more-reliable-than-superfast-ones.html,16th Apr 2025
https://www.ispreview.co.uk/,EE and BT to Raise Price of UK Social Broadband Tariffs After Earlier Denial,Broadband ISP BT (EE) has this morning caused a degree of surprise by appearing to reverse last week’s denial ( here ) and announcing a price increase of £1 per month across their low-cost home broadband social tariffs for those on state benefits ( Home Essentials ). The provider had previously indicated to ISPreview that no such price increases would be introduced in 2025.,https://www.ispreview.co.uk/index.php/2025/04/ee-and-bt-to-raise-price-of-uk-social-broadband-tariffs-after-earlier-denial.html,16th Apr 2025
https://www.ispreview.co.uk/,ASA Ban Vodafone UK Ad Over Misleading “The Nation’s Network” Claim,"The Advertising Standards Authority (ASA) has banned an advert on UK mobile and broadband operator Vodafone ’s website. This occured after EE complained that its claim of being “The Nation’s Network” was an “implied comparative superiority claim“, which was ultimately deemed to be “misleading“.",https://www.ispreview.co.uk/index.php/2025/04/asa-ban-vodafone-uk-ad-over-misleading-the-nations-network-claim.html,16th Apr 2025
https://www.ispreview.co.uk/,Hughes and Eutelsat Partner to Expand LEO Broadband Satellite Connectivity,"European managed network connectivity provider Hughes Network Systems (Hughes Europe) has today announced that they’ve teamed-up with Eutelsat to harness the OneWeb network. This is a global constellation of broadband satellites in Low Earth Orbit (LEO), which is still partly supported by the UK government (11% stake).",https://www.ispreview.co.uk/index.php/2025/04/hughes-and-eutelsat-partner-to-expand-leo-broadband-satellite-connectivity.html,15th Apr 2025
https://www.ispreview.co.uk/,Sky UK Refreshes VIP by Launching Exclusive Discounts Marketplace,"Sky ( Sky Broadband , Sky TV etc.) has refreshed their Sky VIP scheme, which typically offers special discounts and rewards to existing customers. This began after the My Sky App introduced (9th April 2025) a new “first-for-Sky discounts marketplace“, exclusively available to their VIP customers.",https://www.ispreview.co.uk/index.php/2025/04/sky-uk-refreshes-vip-by-launching-exclusive-discounts-marketplace.html,15th Apr 2025
https://www.ispreview.co.uk/,INCA – Alternative Full Fibre Networks Reach 16.4 Million UK Premises,The Independent Networks Co-operative Association (INCA) and Point Topic have published their 2025 report into the impact of alternative gigabit speed “full fibre” ( FTTP /B) broadband networks on the UK. The study reveals that their coverage grew by 27% in 2024 to top 16.4 million premises (down from 57% in 2023 [12.9m]) and could grow to 18.6m in 2025.,https://www.ispreview.co.uk/index.php/2025/04/inca-alternative-full-fibre-networks-reach-16-4-million-uk-premises.html,15th Apr 2025
https://www.ispreview.co.uk/,Connectus Invest £500k to Upgrade Fibre Network at Doncaster Airport Biz Park,"Business focused UK ISP and Managed Service Provider (MSP) Connectus has today announced that they’re investing a further £500,000 into the Doncaster Airport Business Park in South Yorkshire (England), which is on top of the £1m they previously put in to help ensure all businesses on the park could enjoy access to their gigabit full fibre (broadband and Ethernet) network.",https://www.ispreview.co.uk/index.php/2025/04/connectus-invest-500k-to-upgrade-fibre-network-at-doncaster-airport-biz-park.html,15th Apr 2025
https://www.ispreview.co.uk/,Freedom Fibre Pick Xantaro to Boost Shropshire UK Gigabit Broadband Rollout,Network operator Freedom Fibre has today announced that they’ve chosen network solutions provider Xantaro and their related “Cabinet-as-a-Service” street cabinet solution to help “accelerate” their ongoing roll-out of a full fibre ( FTTP ) broadband ISP network in Shropshire (England). This is being conducted alongside fixed and IP services from Nokia.,https://www.ispreview.co.uk/index.php/2025/04/freedom-fibre-pick-xantaro-to-boost-shropshire-uk-gigabit-broadband-rollout.html,15th Apr 2025
https://www.ispreview.co.uk/,Giffgaff Launch Trial of UK Full Fibre Broadband via Nexfibre and Virgin Media,"Mobile network provider giffgaff , which is owned by Telefónica and naturally uses O2 ’s virtual operator (MVNO) platform, has today confirmed their intention to trial and launch a range of full fibre (FTTP) home broadband packages via nexfibre and Virgin Media ’s national networks. Much as ISPreview first leaked last year.",https://www.ispreview.co.uk/index.php/2025/04/giffgaff-launch-trial-of-uk-full-fibre-broadband-via-nexfibre-and-virgin-media.html,15th Apr 2025
https://www.ispreview.co.uk/,LINX’s LON2 Network in London Nears 1Tbps of Traffic Ahead of Big Upgrade,"The not-for-profit London Internet Exchange , which handles a large chunk of UK and global data traffic through their switches via around 900 members (broadband ISPs, mobile and CDN providers etc.), has revealed that their LON2 network (interconnection platform) is nearing a key milestone of 1Tbps (Terabits per second) of peak network traffic and with a full technology refresh planned for later this year.",https://www.ispreview.co.uk/index.php/2025/04/linxs-lon2-network-in-london-nears-1tbps-of-traffic-ahead-of-big-upgrade.html,15th Apr 2025
https://www.ispreview.co.uk/,Survey Claims Half of UK People Plan to Switch Broadband and Mobile Provider,"A new cost-of-living study conducted by market research firm Maru , which polled 40,000 UK adults at multiple touchpoints over three years to date, claims to have found that 53% of respondents thought it was “likely” that they would need to consider changing their home broadband in order to cut costs. A further 52% said the same for their mobile phone plan.",https://www.ispreview.co.uk/index.php/2025/04/survey-claims-half-of-uk-people-plan-to-switch-broadband-and-mobile-provider.html,14th Apr 2025
https://www.ispreview.co.uk/,Grain Goes EBITDA Positive as UK FTTP Broadband Network Covers 250k Premises,"Alternative network operator and ISP Grain has today announced that their gigabit-capable Fibre-to-the-Premises (FTTP) broadband network has grown to cover 250,000 UK premises (up from 220k in May 2024) and 43,000 customers (up from 30,000). But crucially, they also did as expected ( here ) and went EBITDA positive during the quarter ended March 2025.",https://www.ispreview.co.uk/index.php/2025/04/grain-goes-ebitda-positive-as-uk-fttp-broadband-network-covers-250k-premises.html,14th Apr 2025
https://www.ispreview.co.uk/,CEO of Broadband Altnet GoFibre Becomes Interim Boss of Wildanet UPDATE,"The Chief Executive Officer (CEO) of Edinburgh-based UK alternative broadband network operator and ISP GoFibre , Neil Conaghan, has now quietly also been named as the Interim CEO of network provider Wildanet – they’re doing something similar to GoFibre , albeit at the other end of the United Kingdom.",https://www.ispreview.co.uk/index.php/2025/04/ceo-of-broadband-altnet-gofibre-becomes-interim-boss-of-wildanet.html,14th Apr 2025
https://www.ispreview.co.uk/,Ofcom UK Probe Primo Dialler Over Possible Misuse of Phone Numbers,"The UK telecommunications regulator, Ofcom , has today opened a new investigation into call centre solutions’ provider Primo Dialler , which will examine “concerns that numbers sub-allocated to [the company] are/were being misused, including to facilitate scams.”",https://www.ispreview.co.uk/index.php/2025/04/ofcom-uk-probe-primo-dialler-over-possible-misuse-of-phone-numbers.html,14th Apr 2025
https://www.ispreview.co.uk/,ISP Lit Fibre Refreshes CityFibre Powered UK Broadband Packages,"Broadband ISP Lit Fibre , which now harnesses CityFibre ’s national Fibre-to-the-Premises (FTTP) network (they originally ran their own UK fibre network – here ), has refreshed their existing range of packages and also introduced new a range of “specialised” product packages called ‘Lit Ultimate’, ‘Lit Homeworker’, ‘Lit Family’ and ‘Lit Gamer’.",https://www.ispreview.co.uk/index.php/2025/04/isp-lit-fibre-refreshes-cityfibre-powered-uk-broadband-packages.html,14th Apr 2025
https://www.ispreview.co.uk/,Vodafone and Three UK Reportedly Exploring TV and Broadband Bundles,"In a somewhat unsurprising development, newspaper reports have today claimed that Vodafone and Three UK (CK Hutchison) may be gearing up to support their merger by discussing the launch of a new Pay TV service. Such products are typically sold as part of a bundle (convergence), such as alongside fixed broadband, phone and mobile plans.",https://www.ispreview.co.uk/index.php/2025/04/vodafone-and-three-uk-reportedly-exploring-tv-and-broadband-bundles.html,13th Apr 2025
https://www.ispreview.co.uk/,Fastr Broadband Complete FTTP Broadband Build in York City Centre,"Alternative network ISP Fastr Broadband (formerly UK Fibre Networks) has today announced that they’ve completed the roll-out of their new Adtran powered and 10Gbps capable Fibre-to-the-Premises (FTTP) network across the city centre of York (England), which they claim has put them within reach of 8,000 local homes and businesses.",https://www.ispreview.co.uk/index.php/2025/04/fastr-broadband-complete-fttp-broadband-build-in-york-city-centre.html,11th Apr 2025
https://www.ispreview.co.uk/,Virgin Media UK Upgrade to Hub 5 Broadband Routers on All TV Bundles,"New customers looking to join one of Virgin Media ’s broadband and TV bundles may like to know that the ISP has recently made some further hardware updates, which means that all TV packages now include a Hub 5 router (Flex ‘service’ is excluded). Previously, some bundles still included older routers, like the now somewhat dated Hub 3.",https://www.ispreview.co.uk/index.php/2025/04/virgin-media-uk-upgrade-to-hub-5-broadband-routers-on-all-tv-bundles.html,11th Apr 2025
https://www.ispreview.co.uk/,Universities Demo UK’s First Long-Distance Quantum-Secured Fibre Network,Researchers from the Universities of Bristol and Cambridge claim to have demonstrated the UK’s “first long-distance ultra-secure transfer of data over a quantum communications network” using “standard [single-mode] fibre optic infrastructure“. The test successfully transmitted a live quantum-secured video call over a distance of 410km (between Bristol and Cambridge).,https://www.ispreview.co.uk/index.php/2025/04/universities-demo-uks-first-long-distance-quantum-secured-fibre-network.html,10th Apr 2025
https://www.ispreview.co.uk/,O2 UK See Significant Inbound 2G and 3G Roaming Traffic as Switch-Off Looms,Mobile network operator O2 (Virgin Media) has today warned that they’re still seeing “significant inbound roaming traffic” on their legacy 2G and 3G networks in the UK. This comes ahead of their rapidly approaching plan to withdraw the service from 1st October 2025.,https://www.ispreview.co.uk/index.php/2025/04/o2-uk-see-significant-inbound-2g-and-3g-roaming-traffic-as-switch-off-looms.html,10th Apr 2025
https://www.ispreview.co.uk/,MLL Telecom Secure Six Lots on UK Public Sector YPO Framework,Business internet and managed service provider MLL Telecom has announced that they’ve been awarded a place on the latest YPO (The Yorkshire Purchasing Organisation) public sector procurement service. The decision gives them a place on six LOTS for the new framework.,https://www.ispreview.co.uk/index.php/2025/04/mll-telecom-secure-six-lots-on-uk-public-sector-ypo-framework.html,10th Apr 2025
https://www.ispreview.co.uk/,Virgin Media O2 and Mutual Energy Make UK Streetworks Safer by Joining LSBUD,"The LSBUD (Line Search Before You Dig) organisation, which offers an online asset search facility to UK civil engineering firms for underground pipes and cables, has said that Northern Ireland’s underground pipes and cables will be “safer than ever before” after Virgin Media ( O2 ) and Mutual Energy joined their platform.",https://www.ispreview.co.uk/index.php/2025/04/virgin-media-o2-and-mutual-energy-make-uk-streetworks-safer-by-joining-lsbud.html,10th Apr 2025
https://www.ispreview.co.uk/,BT Corrects Embarrassing Error on UK Social Broadband Tariffs Page UPDATE3,"This morning we reported on how ISP BT ( EE ) had updated their website to change their low-cost home broadband social tariffs for those on state benefits ( Home Essentials ). The changes saw the removal of their £15 per month 36Mbps “fibre” plan for those with “no income” on 1st May 2025 and some price rises. But BT has now reversed this, saying they were “changed in error“.",https://www.ispreview.co.uk/index.php/2025/04/bt-remove-uk-social-broadband-tariff-option-for-people-with-no-income.html,10th Apr 2025
https://www.ispreview.co.uk/,"Fibrus Launch 2025 Broadband Community Fund with Pot of £120,000","Infracapital-backed broadband operator and UK ISP Fibrus , which is building a full fibre ( FTTP ) network across rural parts of Cumbria (England) and Northern Ireland, has this week re-launched their Community Fund for 2025 with a pot of £120,000 to invest across a variety of rural community groups within the operator’s network patch.",https://www.ispreview.co.uk/index.php/2025/04/fibrus-launch-2025-broadband-community-fund-with-pot-of-120000.html,10th Apr 2025
https://www.ispreview.co.uk/,Vodafone Update on Harnessing UK Mobile Network to Measure Rain,Broadband ISP and mobile operator Vodafone has revealed more details about how they’re harnessing their UK mobile network to provide more accurate rain “nowcasting” (i.e. short-term forecast of rainfall – from a few minutes to a few hours ahead). This is supported by the River Severn Partnership’s Advanced Wireless Innovation Region (RSPAWIR) and Wireless DNA.,https://www.ispreview.co.uk/index.php/2025/04/vodafone-update-on-harnessing-uk-mobile-network-to-measure-rain.html,10th Apr 2025
https://www.ispreview.co.uk/,Focus Group Acquires UK Telecoms and Mobile Provider Matrix247,Business focused broadband ISP and IT solutions provider Focus Group has today announced that they’ve acquired Rossendale-based managed IT and telecoms solutions provider Matrix247 for an undisclosed sum. The latter was originally setup by Stephen Pritchard and Geoff Wright in 1991!,https://www.ispreview.co.uk/index.php/2025/04/focus-group-acquires-uk-telecoms-and-mobile-provider-matrix247.html,9th Apr 2025
https://www.ispreview.co.uk/,Openreach Offers Free Proactive FTTP Broadband Upgrades to UK ISPs,Network operator Openreach (BT) has informed ISPs that they’ll be able to take advantage of free (connection charge) “Proactive FTTP Upgrades” for migrations to Fibre-to-the-Premises (FTTP) broadband speeds of 80Mbps (20Mbps upload) and above from 7th May 2025. This may or may not get passed on to related consumers.,https://www.ispreview.co.uk/index.php/2025/04/openreach-offers-free-proactive-fttp-broadband-upgrades-to-uk-isps.html,9th Apr 2025
https://www.ispreview.co.uk/,Some Customers of UK ISP Virgin Media Suffering Email Problems UPDATE,"Some customers of broadband ISP Virgin Media , specifically those with one of their legacy addresses that use the ntlworld.com domain, are having trouble sending and receiving email today. The issue appears to be rooted in the fact that the domain has stopped resolving. But the provider is working on a fix.",https://www.ispreview.co.uk/index.php/2025/04/customers-of-uk-isp-virgin-media-suffering-email-problems.html,9th Apr 2025
https://www.ispreview.co.uk/,FarrPoint Study 4G Mobile Network Performance on Orkney in Scotland,"Consultancy firm FarrPoint has today published the results of a new study, which saw them working with the Orkney Islands Council to investigate 4G mobile coverage and network performance (mobile broadband) across Orkney. Vodafone and O2 were found to have the best coverage in the main areas surveyed, while Three UK and EE have the “worse coverage overall“.",https://www.ispreview.co.uk/index.php/2025/04/farrpoint-studys-4g-mobile-network-performance-on-orkney-in-scotland.html,9th Apr 2025
https://www.ispreview.co.uk/,Highland Broadband Extends FTTP Network to Halkirk in Scotland,"Alternative ISP Highland Broadband (Lothian Broadband), which is building a 10Gbps capable Fibre-to-the-Premises (FTTP / XGS-PON) network across rural parts of the Scottish Highlands, has confirmed that they’ve worked with network partner ADTRAN to cover the Caithness village of Halkirk.",https://www.ispreview.co.uk/index.php/2025/04/highland-broadband-extends-fttp-network-to-halkirk-in-scotland.html,9th Apr 2025
https://www.ispreview.co.uk/,New Map Shows Broadband and Mobile Related Streetworks in England,"A useful new interactive map has today been published by Thinkbroadband , which rather handily provides a visual overview of broadband related roadworks across the whole of England and thus helps to see who is building near to your home. Plans are also afoot to expand the map’s coverage beyond England.",https://www.ispreview.co.uk/index.php/2025/04/new-map-shows-broadband-and-mobile-related-streetworks-in-england.html,9th Apr 2025
https://www.ispreview.co.uk/,Elevate Put New £7m Full Fibre Broadband Network Live in Cardiff,"Alternative network operator Elevate (formerly Telcom and Luminet) has today announced that they’ve completed the deployment of a new full fibre “Hypercity” network across the city of Cardiff in Wales. The new network gives over 5,000 businesses access to dedicated internet speeds up to 10Gbps and over 4,000 homes access to speeds of up to 1Gbps.",https://www.ispreview.co.uk/index.php/2025/04/elevate-puts-new-7m-full-fibre-broadband-network-live-in-cardiff.html,9th Apr 2025
https://www.ispreview.co.uk/,CommScope and Altnets Join Forces to Boost UK FTTP Broadband Builds,"Network infrastructure provider CommScope has today announced that they’ve started a new collaboration with Brighton-based Altnets (the company, not the sector), the telecoms procurement specialist. The aim of this is to “accelerate the UK’s full-fibre rollout, supporting Project Gigabit and the nation’s digital infrastructure“.",https://www.ispreview.co.uk/index.php/2025/04/commscope-and-altnets-join-forces-to-boost-uk-fttp-broadband-builds.html,9th Apr 2025
https://www.ispreview.co.uk/,Toob Extend Cheap Gigabit Broadband to 23 New UK Locations,"Hampshire-based ISP toob , which has deployed their own gigabit speed full fibre (FTTP) broadband network across parts of Southern England, have today announced that they’ve expanded the availability of their services – under their complementary partnership with CityFibre – to another 23 cities and towns across the UK.",https://www.ispreview.co.uk/index.php/2025/04/toob-extend-cheap-gigabit-broadband-to-23-new-uk-locations.html,9th Apr 2025
https://www.ispreview.co.uk/,Virgin Media UK Offer Free Broadband Router Upgrade from Oldest Hubs,"Customers of broadband ISP Virgin Media (O2), specifically those still using some of the provider’s oldest routers (i.e. Hub 2 AC, Hub 2 and Hub 1), have recently become the latest group to receive a letter inviting them to upgrade to the HUB 4.0 (ARRIS TG3492LG-VMB) “at not extra” cost. This is because the old hardware no longer receives security updates.",https://www.ispreview.co.uk/index.php/2025/04/virgin-media-uk-offer-free-broadband-router-upgrade-from-oldest-hubs.html,9th Apr 2025
https://www.ispreview.co.uk/,Broadband ISP Fibrus to Deploy Nokia Deepfield Across UK Network,"Infracapital-backed network operator Fibrus , which is building a full fibre (FTTP) broadband ISP network across rural parts of Cumbria (England) and Northern Ireland, has today announced a new 5-year agreement to deploy Nokia’s Deepfield solution across their UK network. This is a network monitoring, management and security solution.",https://www.ispreview.co.uk/index.php/2025/04/broadband-isp-fibrus-to-deploy-nokia-deepfield-across-uk-network.html,8th Apr 2025
https://www.ispreview.co.uk/,Man Arrested for Knocking Out Openreach’s Broadband in Falmouth UPDATE,"The Devon & Cornwall Police (DCP) in England have arrested a man in his 30s on suspicion of causing criminal damage to Openreach ’s broadband network in the town of Falmouth over the weekend. The incident knocked out local internet connectivity to around 100 premises (inc. many local businesses) and could cost up to £100,000 to repair.",https://www.ispreview.co.uk/index.php/2025/04/man-arrested-for-knocking-out-openreachs-broadband-in-falmouth.html,8th Apr 2025
https://www.ispreview.co.uk/,Operators Dispute Ofcom’s Proposed UK Corrections to Mobile Spectrum Fees,"Mobile networks operators including EE (BT), O2 (Virgin Media), Vodafone and Three UK have warned that Ofcom ’s proposals to change the cost of Annual Licence Fees (ALF) in the 900MHz, 1800MHz and 2100MHz radio spectrum bands – used to support 2G, 3G and 4G mobile (mobile broadband) services – still do not reflect reality.",https://www.ispreview.co.uk/index.php/2025/04/operators-dispute-ofcoms-proposed-uk-corrections-to-mobile-spectrum-fees.html,8th Apr 2025
https://www.ispreview.co.uk/,BDUK Close Gigabit Broadband Vouchers to Devon and Somerset UK,"As expected, following our earlier report ( here ), the Government’s Building Digital UK (BDUK) agency has today confirmed that their Gigabit Broadband Voucher Scheme (GBVS) has now closed for new voucher projects in Devon and Somerset (England).",https://www.ispreview.co.uk/index.php/2025/04/bduk-close-gigabit-broadband-vouchers-to-devon-and-somerset-uk.html,8th Apr 2025
https://www.ispreview.co.uk/,CityFibre UK Complete Primary FTTP Broadband Rollout in Dundee,"Network operator CityFibre , which has so far built their 2.5Gbps speed Fibre-to-the-Premises ( FTTP ) broadband ISP network to cover 4.4 million UK premises (4.2m Ready for Service), have today confirmed the completion of their “primary” £40 million build in the city of Dundee (Scotland).",https://www.ispreview.co.uk/index.php/2025/04/cityfibre-uk-complete-primary-fttp-broadband-rollout-in-dundee.html,8th Apr 2025
https://www.ispreview.co.uk/,Vodafone Celebrate Connecting 200 Million Internet of Things Devices,"Global broadband and mobile giant Vodafone has today announced that they’ve made their 200 millionth Internet of Things (IoT) device connection, including more than a quarter of those located in Germany and some 13 million of the total coming from the United Kingdom.",https://www.ispreview.co.uk/index.php/2025/04/vodafone-celebrate-connecting-200-million-internet-of-things-devices.html,8th Apr 2025
https://www.ispreview.co.uk/,"O2 UK Complete 4G and 5G Upgrades for 5,700 Postcodes in Manchester","Mobile network operator O2 ( Virgin Media ) has today revealed that they’ve completed a project to upgrade the capacity of their 4G and 5G mobile services across “over” 5,700 postcodes in the city of Manchester (England), which should bring “faster” mobile broadband speeds and greater reliability to the area.",https://www.ispreview.co.uk/index.php/2025/04/o2-uk-complete-4g-and-5g-upgrades-for-5700-postcodes-in-manchester.html,8th Apr 2025
https://www.ispreview.co.uk/,A Tale of FTTP Broadband Delays and Availability on Openreach’s UK Network,"Imagine you’ve just moved into a house. You’ve done all the checking, so you already know the only viable network operator has listed “full fibre” ( FTTP ) broadband as being “available” to the property. But on the day of your install, the engineer tells you it needs a dig team and your ISP suggests you might have to wait nearly half a year for it to go live. Oh.. and there’s no other fixed line alternatives.",https://www.ispreview.co.uk/index.php/2025/04/a-tale-of-fttp-broadband-delays-and-availability-on-openreachs-uk-network.html,8th Apr 2025
https://www.ispreview.co.uk/,Pulse Fibre to Build FTTP Broadband to Homes of untypical Housebuilding Group,"London-based broadband provider Pulse Fibre , which specialises in deploying Fibre-to-the-Premises (FTTP) connections into new UK build home developments and MDUs ( here ), has signed a 3-year partnership to ensure that “thousands of new homeowners” under house building group untypical (yes, that’s their name) are served by their network.",https://www.ispreview.co.uk/index.php/2025/04/pulse-fibre-to-build-fttp-broadband-to-homes-of-untypical-housebuilding-group.html,7th Apr 2025
https://www.ispreview.co.uk/,Openreach Start Free 5 Day UK Street Works Training Courses,"Openreach ( BT ) has opened a free five-day skills course in roadworks, signing, lighting, and guarding to Jobseekers in Bolton (more areas to follow). The course has been launched in partnership with the Department for Work and Pensions (DWP) and is linked to the company’s commitment under their Project Gigabit broadband roll-out contracts.",https://www.ispreview.co.uk/index.php/2025/04/openreach-start-free-5-day-uk-street-works-training-courses.html,7th Apr 2025
https://www.ispreview.co.uk/,Mobile Operator Spusu UK Enables VoLTE Calling for Google Pixel,"SIM-Only UK mobile provider spusu , which holds a virtual operator (MVNO) agreement via BTWholesale to harness EE ’s national 4G and 5G network, has today confirmed that they’ve finally resolved calling problems ( here ) on Google’s popular Pixel Smartphones by enabling Voice over Long-Term Evolution (VoLTE) calling support.",https://www.ispreview.co.uk/index.php/2025/04/mobile-operator-spusu-uk-enables-volte-calling-for-google-pixel.html,7th Apr 2025
https://www.ispreview.co.uk/,Virgin Media UK Says Brits Prioritise Broadband During House Moves,A new survey from broadband ISP Virgin Media ( O2 ) has claimed that nearly half of Brits (45%) “prioritise getting their Wi-Fi set up” (they mean the internet connection) over anything else when moving into a newly purchased house. But 50% of respondents admit they aren’t sure where to place their router to ensure the best WiFi coverage.,https://www.ispreview.co.uk/index.php/2025/04/virgin-media-uk-says-brits-prioritise-broadband-during-house-moves.html,7th Apr 2025
https://www.ispreview.co.uk/,Elevate Win Contract to Build Hyperfast Broadband Network in St Helens,"Network operator Elevate (formerly Telcom and Luminet) has today announced that they’ve secured a new contract to build a “hyperfast” full fibre internet network in the large Merseyside (england) town of St Helens, which is home to a population of around 120,000.",https://www.ispreview.co.uk/index.php/2025/04/elevate-win-contract-to-build-hyperfast-broadband-network-in-st-helens.html,7th Apr 2025
https://www.ispreview.co.uk/,Sky Broadband to Have Tens of Thousands of CityFibre Users by May 2025,A newspaper report has claimed that UK ISP Sky Broadband (Comcast) could have “tens of thousands” of customers on CityFibre ’s alternative Fibre-to-the-Premises (FTTP) network as soon as May 2025. But the “full scale” roll-out is allegedly not expected to be completed until just a little later (H2 2025). Packages have yet to go live.,https://www.ispreview.co.uk/index.php/2025/04/sky-broadband-to-have-tens-of-thousands-of-cityfibre-users-by-may-2025.html,7th Apr 2025
https://www.ispreview.co.uk/,Trooli to Withdraw FTTC Broadband from Two Kent UK Villages UPDATE,"Alternative network operator and ISP Trooli ( Call Flow ) has revealed that they’re also planning to shut their “up to” 100Mbps capable Fibre-to-the-Cabinet ( FTTC / VDSL2 ) based broadband network in Kent, which currently still covers hundreds of premises across the villages of Stansted and parts of Fairseat.",https://www.ispreview.co.uk/index.php/2025/04/trooli-to-withdraw-fttc-broadband-from-two-kent-uk-villages.html,7th Apr 2025
https://www.ispreview.co.uk/,Openreach CEO’s Call for Change to Boost UK Fibre Rollout Meets Opposition,"The CEO of network access provider Openreach , Clive Selley, has once again called on the government to help boost the UK roll-out of gigabit-capable broadband networks by making a number of key changes to several new bills. But gaining acceptance of these calls has proven difficult, particularly with a group of cross-party MPs campaigning for the opposite.",https://www.ispreview.co.uk/index.php/2025/04/openreach-ceos-call-for-change-to-boost-uk-fibre-rollout-meets-opposition.html,6th Apr 2025
https://www.ispreview.co.uk/,Ofcom Grant Kepler a UK Licence for Small Broadband Satellites,"The national telecoms regulator, Ofcom , has finally granted Canadian company Kepler Communications a wireless telegraphy satellite earth station network licence for the operation of their new global network of CubeSats and larger sized broadband satellites. This will allow them to deploy their user terminals for a range of different services in the UK.",https://www.ispreview.co.uk/index.php/2025/04/ofcom-grant-kepler-a-uk-licence-for-small-broadband-satellites.html,5th Apr 2025
https://www.ispreview.co.uk/,British Satellite Broadband Operator Avanti Opens New HQ,"Avanti Communications , which is based in the UK and runs the HYLAS network of four large Ka-band communication satellites in high earth orbit (35,792km) for rural broadband and backhaul delivery across the EMEA, has this week opened a new technology HQ in the heart of Spaceport Cornwall’s Space Systems Operations Facility in Newquay.",https://www.ispreview.co.uk/index.php/2025/04/british-satellite-broadband-operator-avanti-opens-new-hq.html,4th Apr 2025
https://www.ispreview.co.uk/,Rydal Group Acquires Trisoft’s IT Division in Another Growth Move,"Peterborough-based Rydal Group , which is a UK telecoms, broadband and managed IT provider, has today announced that they’ve acquired the IT services arm of Trisoft Limited, a Midlands-based technology provider. The move follows a recent acquisition spree, which most recently saw the group gobble phone and internet provider Merula.",https://www.ispreview.co.uk/index.php/2025/04/rydal-group-acquires-trisofts-it-division-in-another-growth-move.html,4th Apr 2025
https://www.ispreview.co.uk/,Amazon to Launch First 27 Project Kuiper Broadband Satellites,Online shopping giant Amazon has confirmed that they will attempt to launch their first batch of 27 ultrafast broadband satellites into Low Earth Orbit (LEO) for Project Kuiper on Wednesday next week (9th April 2025) – mission “KA-01“. But it will take a further 79 launches before the new global mega constellation is fully completed.,https://www.ispreview.co.uk/index.php/2025/04/amazon-to-launch-first-27-project-kuiper-broadband-satellites.html,3rd Apr 2025
https://www.ispreview.co.uk/,Ofcom Find 5 Percent of UK People Do NOT Have Home Internet Access,"The telecoms regulator, Ofcom , has published new research into internet adoption and digital disadvantage, which among other things estimates that 2.8 million people (5% of the UK population) do not have internet access (broadband etc.) at home. But 69% of those unlikely to get access in the next 12 months said this was because they had “no need” or were “not interested” in it.",https://www.ispreview.co.uk/index.php/2025/04/ofcom-find-5-percent-of-uk-people-do-not-have-home-internet-access.html,3rd Apr 2025
https://www.ispreview.co.uk/,Virgin Media UK Add 2 Free Rakuten TV FAST Channels to Service,"Customers of broadband ISP Virgin Media ( O2 ), specifically those who take TV services via one of the provider’s TV 360, Stream (Flex) or v6 set-top-box platforms, have today been informed that the provider has just added two new Rakuten TV FAST channels to its service “at no extra cost“.",https://www.ispreview.co.uk/index.php/2025/04/virgin-media-uk-add-2-free-rakuten-tv-fast-channels-to-service.html,3rd Apr 2025
https://www.ispreview.co.uk/,Broadband Operator Fibrus Reorganises UK Business and Appoints New MDs,"Infracapital-backed alternative network operator Fibrus , which is currently busy building a new full fibre ( FTTP ) broadband ISP network across rural parts of Cumbria (England) and Northern Ireland, has today announced a reorganisation of their business and also the appointment of two new Managing Directors (MD) to “lead their next phase of growth“.",https://www.ispreview.co.uk/index.php/2025/04/broadband-operator-fibrus-reorganises-uk-business-and-appoints-new-mds.html,3rd Apr 2025
https://www.ispreview.co.uk/,Ten of the Largest UK Broadband and Connectivity Providers Agree Climate Goals,"The Digital Connectivity Forum (DCF), which is an industry think-tank for the Government, has today announced that ten of the largest UK broadband and connectivity players ( Openreach , Sky etc.) have agreed to sign letters encouraging their suppliers to adopt voluntary minimum standards as part of their effort to reach climate goals.",https://www.ispreview.co.uk/index.php/2025/04/ten-of-the-largest-uk-broadband-and-connectivity-providers-agree-climate-goals.html,3rd Apr 2025
https://www.ispreview.co.uk/,Gov Sets Out More Details of New UK Cyber Security and Resilience Bill,"The UK government has set out the scope and ambition for their new Cyber Security and Resilience Bill (CSRB), which aims to respond to increasing attacks from “cyber criminals and state actors” by toughening and expanding the existing rules for broadband, mobile, managed service providers, data centres and even their suppliers.",https://www.ispreview.co.uk/index.php/2025/04/gov-sets-out-more-details-of-new-uk-cyber-security-and-resilience-bill.html,2nd Apr 2025
https://www.ispreview.co.uk/,Eutelsat Boosts Deployment of OneWeb LEO Satellite Broadband for Aviation,"Eutelsat has announced that their OneWeb network, which is a global constellation of broadband satellites in Low Earth Orbit (LEO) that is still partly supported by the UK government (11% stake), is “now live and operational” for commercial and business aviation customers (airlines etc.) and they’re “ramping up” related deployments.",https://www.ispreview.co.uk/index.php/2025/04/eutelsat-boosts-deployment-of-oneweb-leo-satellite-broadband-for-aviation.html,2nd Apr 2025
https://www.ispreview.co.uk/,UK Street Works Firm M Group Services Rebrands to.. M Group,"Civil engineering firm M Group Services, which was last year acquired ( here ) by Private equity firm CVC (Fund IX) and also harbours a telecoms (broadband and mobile) focused division via several familiar brands (Avonline Networks, magdalene, Morrison and waldon), has today announced that they’re re-branding to just plain ‘M Group‘ (sans the ‘Services’ part).",https://www.ispreview.co.uk/index.php/2025/04/uk-street-works-firm-m-group-services-rebrands-to-m-group.html,2nd Apr 2025
https://www.ispreview.co.uk/,Creative Attempt at Car Parking Wrecks Gigaclear Broadband Cabinet UPDATE,"Customers of alternative UK broadband ISP Gigaclear , specifically those who take their full fibre ( FTTP ) network in the Northamptonshire (England) village of Brixworth South, have been impacted by a complex network outage since Sunday. This occurred after a car discovered a novel approach to parking by wiping out one of the operator’s street cabinets.",https://www.ispreview.co.uk/index.php/2025/04/creative-attempt-at-car-parking-wrecks-gigaclear-broadband-cabinet.html,2nd Apr 2025
https://www.ispreview.co.uk/,UK ISP Community Fibre Launches 5Gbps Home Broadband Plan UPDATE,"New customers considering whether to join UK broadband ISP CommunityFibre (CF), which has rolled out their full fibre (FTTP) network across 1.35 million UK premises (mostly in Greater London), may like to know that the provider will today replace their top 3Gbps (symmetric) speed package with an even faster 5Gbps premium plan.",https://www.ispreview.co.uk/index.php/2025/04/london-isp-community-fibre-launches-5gbps-broadband-plan.html,2nd Apr 2025
https://www.ispreview.co.uk/,Three UK Business Mobile Customers Top 1 Million Milestone,"Three Business, the business-to-business arm of mobile network operator Three UK , has today revealed it has reached 1 million customers. This might not seem like a big number for an operator with an overall base of 10.9 million customers (mostly residential / domestic users), but it reflects rapid growth over the last 4 years “from a virtual standing start“.",https://www.ispreview.co.uk/index.php/2025/04/three-uk-business-mobile-customers-top-1-million-milestone.html,2nd Apr 2025
https://www.ispreview.co.uk/,Streetwave Data Casts Doubt on Ofcom’s 4G UK Mobile Coverage Claims UPDATE,"Network analyst firm Streetwave , which is harnessing bin lorries to map the coverage and performance of 4G and 5G mobile (broadband) networks across 113 UK councils, has said its data “calls into question” Ofcom ’s claim that 88-89% of the UK’s landmass (geographic coverage) can access a 4G network if you look across all operators.",https://www.ispreview.co.uk/index.php/2025/04/streetwave-data-casts-doubt-on-ofcoms-4g-uk-mobile-coverage-claims.html,2nd Apr 2025
https://www.ispreview.co.uk/,Cornwall ISP Wildanet Completes Training of First In-House Engineers,"Rural UK ISP Wildanet , which is building a gigabit speed full fibre broadband (FTTP) network across rural parts of Cornwall and Devon in England, has today celebrated the graduation of their first cohort of five apprentices (telecommunication engineers etc.) from their new training academy.",https://www.ispreview.co.uk/index.php/2025/04/cornwall-isp-wildanet-completes-training-of-first-in-house-engineers.html,1st Apr 2025
https://www.ispreview.co.uk/,GoFibre Adopts Calix Platform to Support UK FTTP Broadband Rollout,"Edinburgh-based UK alternative network operator and ISP GoFibre , which is primarily focused on deploying their new full fibre (FTTP) broadband network across parts of remote rural Scotland and Northern England, has announced that it’s adopting more of Calix’s cloud, software, and appliance-based platform to help boost their roll-out.",https://www.ispreview.co.uk/index.php/2025/04/gofibre-adopts-calix-platform-to-support-uk-fttp-broadband-rollout.html,1st Apr 2025
https://www.ispreview.co.uk/,Wales Adopts Rules to Ensure New Build Homes Get Gigabit Broadband,"The Welsh Government (WG) has confirmed that new rules will be introduced across wales from 1st July 2025, which broadly follow England’s own updated Building Regulations by requiring housing developers to “ensure all new build houses be equipped with gigabit broadband capability” (some exceptions apply).",https://www.ispreview.co.uk/index.php/2025/04/wales-adopts-rules-to-ensure-new-build-homes-get-gigabit-broadband.html,1st Apr 2025
https://www.ispreview.co.uk/,Legal Dispute Over Mast Disconnects Strathspey Broadband Customers UPDATE2,"Fife-based ISP Transmitair , which specialises in rolling out ultrafast Fixed Wireless Access (FWA) broadband networks to rural parts of Scotland, has confirmed that homes and businesses across their coverage patch in Strathspey (Highlands of Scotland) have been left disconnected for around 5 days due to a legal dispute over a mast.",https://www.ispreview.co.uk/index.php/2025/04/legal-dispute-over-mast-disconnects-strathspey-broadband-customers.html,1st Apr 2025
https://www.ispreview.co.uk/,Superdrug Mobile Cuts Prices on UK 4G and 5G SIM Only Plans,"Mobile provider Superdrug Mobile , which is a virtual operator (MVNO) on Three UK ’s national network, has today kicked off April 2025 by bucking the industry trend of annual price hikes and instead discounting the prices of several 4G and 5G capable SIM Only plans.",https://www.ispreview.co.uk/index.php/2025/04/superdrug-mobile-cuts-prices-on-uk-4g-and-5g-sim-only-plans.html,1st Apr 2025
https://www.ispreview.co.uk/,UK Mobile Operators Attempt to Dismiss GBP3.3bn Overcharging Case,"Mobile operators including EE ( BT ), Vodafone , Three UK and O2 ( Virgin Media ) yesterday attempted to dismiss a class action claim worth “at least” £3.285bn. The case, brought by consumer rights champion Justin Gutmann and law firm Charles Lyndon, accuses the operators of overcharging for mobile handsets beyond the end of their contractual term.",https://www.ispreview.co.uk/index.php/2025/04/uk-mobile-operators-attempt-to-dismiss-gbp3-3bn-overcharging-case.html,1st Apr 2025
https://www.ispreview.co.uk/,ISP Cuckoo Broadband Hails Launch of Scented Wi-Fi – Whiff-Fi UPDATE,"Internet service provider Cuckoo today claims to have launched the “world’s first Wi-Fi-powered fragrance diffusion system” – Whiff-Fi, which is expressed as being a “stylish egg-shaped router” that also integrates a “revolutionary diffuser” and enables you to smell what you’re browsing online.",https://www.ispreview.co.uk/index.php/2025/04/isp-cuckoo-broadband-hails-launch-of-scented-wi-fi-whiff-fi.html,1st Apr 2025
https://www.ispreview.co.uk/,ISP LilaConnect Pick Genexis Kit to Enhance UK FTTP Broadband Service,"UK ISP LilaConnect , which following the VX FIBER merger is now part of Freedom Fibre ‘s new Fibre-to-the-Premises ( FTTP ) broadband network ( here ), has reached an agreement with Genexis to help “enhance their home broadband experience” through the use of new wireless routers and extenders.",https://www.ispreview.co.uk/index.php/2025/03/isp-lilaconnect-pick-genexis-kit-to-enhance-uk-fttp-broadband-service.html,31st Mar 2025
https://www.ispreview.co.uk/,Broadband and UK Network Supplier Net Lynk Ceases Trading,"More sad news for the UK telecommunications and broadband industry today as Net Lynk (Net Lynk Direct Limited), which was a widely used distribution supplier for many network operators and ISPs, has “ceased trading” and “no further orders can now be taken“. A good number of providers (e.g. KCOM , Zen Internet and others) are likely to feel the impact.",https://www.ispreview.co.uk/index.php/2025/03/broadband-isp-and-uk-network-supplier-net-lynk-ceases-trading.html,31st Mar 2025
https://www.ispreview.co.uk/,Nokia and Amazon Sign Patent Deal to Settle Streaming Dispute,The long-running pan-European battle over video streaming-related technology between Nokia and Amazon (Prime) has this morning been settled with the announcement of a new license agreement – Nokia’s first patent license deal with a major streaming platform. But the terms of the agreement remain confidential.,https://www.ispreview.co.uk/index.php/2025/03/nokia-and-amazon-agree-sign-patent-deal-to-settle-streaming-dispute.html,31st Mar 2025
https://www.ispreview.co.uk/,ISP Sky Broadband Saw Data Traffic Peak at 28Tbps in Dec 2024,"Sky UK has today published their latest bi-annual Attention Index report for the July to December 2024 period, which reveals various TV viewing figures across their network and also states that Sky Broadband customers used 19.1 billion gigabytes of data in the last six months.",https://www.ispreview.co.uk/index.php/2025/03/isp-sky-broadband-saw-data-traffic-peak-at-28tbps-in-dec-2024.html,31st Mar 2025
https://www.ispreview.co.uk/,Gigabit Broadband Voucher Scheme Expanded to UK Urban Areas,The Government’s Building Digital UK (BDUK) agency has today tweaked the language on the information page for their Gigabit Broadband Voucher Scheme (GBVS) in a number of key ways. This sees the removal of “rural” specific language and the introduction of language stating that some areas are “open for urban voucher projects“.,https://www.ispreview.co.uk/index.php/2025/03/gigabit-broadband-voucher-scheme-expanded-to-uk-urban-areas.html,31st Mar 2025
https://www.ispreview.co.uk/,Owner of Three UK Considers Spinning Off Global Telecommunications Biz,"The Hong Kong conglomerate behind mobile operator Three UK and several other operators in different countries, CK Hutchison Holdings (CKH), has confirmed that they’re currently engaged in talks that could see them spinning off their global telecommunications network in the near future. But an agreement is not yet certain.",https://www.ispreview.co.uk/index.php/2025/03/owner-of-three-uk-considers-spinning-off-global-telecommunications-biz.html,31st Mar 2025
https://www.ispreview.co.uk/,G.Network Ponders Sale of London Full Fibre Broadband Network Again,"Alternative UK network operator and ISP G.Network , which has deployed a gigabit speed Fibre-to-the-Premises ( FTTP ) broadband network across parts of London, has reportedly instructed bankers at Jefferies and Nomura to engage with potential buyers for the business again.",https://www.ispreview.co.uk/index.php/2025/03/g-network-ponders-sale-of-london-full-fibre-broadband-network-again.html,31st Mar 2025
https://www.ispreview.co.uk/,"Fibrus Extend Cumbria UK Gigabit Broadband Build by 21,000 Premises","Infracapital-backed network operator Fibrus has today confirmed what we first reported last week ( here ), which is that their £108m publicly funded Project Gigabit broadband rollout contract in Cumbria (Lot 28) has been “extended” to cover an additional 21,000 premises in hard-to-reach areas. But it’s a bit more complex than that.",https://www.ispreview.co.uk/index.php/2025/03/fibrus-extend-cumbria-uk-gigabit-broadband-build-by-21000-premises.html,28th Mar 2025
https://www.ispreview.co.uk/,KCOM Appointed to New YPO Public Sector Procurement Framework,"The enterprise division of Hull-based broadband ISP KCOM , which has spent the past few years deploying a new full fibre (FTTP) network across 305,000 premises in parts of East Yorkshire and Lincolnshire (England), has today been appointed to a new public sector YPO procurement framework for Connectivity and Telecommunications Services.",https://www.ispreview.co.uk/index.php/2025/03/kcom-appointed-to-new-ypo-public-sector-procurement-framework.html,28th Mar 2025
https://www.ispreview.co.uk/,"Sky UK Ponders Plan to Axe 3 Call Centres and Cut 2,000 Jobs","Sky UK ( Sky Broadband , Sky TV, Sky Mobile etc.) has confirmed that as many as 2,000 workers (7% of its total workforce) could be facing redundancy as part of a proposed plan to close three of its ten UK customer service centres, which reflects the company’s sites in Stockport, Sheffield and Leeds Central.",https://www.ispreview.co.uk/index.php/2025/03/sky-uk-ponders-plan-to-axe-3-call-centres-and-cut-2000-jobs.html,28th Mar 2025
https://www.ispreview.co.uk/,UK ISP Trooli to Shut BDUK Funded Hybrid Rural Broadband Network,"Network operator and ISP Trooli ( Call Flow ) has confirmed to ISPreview that a small number of their customers are at risk of disconnection, which will occur when they shut one of their old hybrid wireless and fibre optic broadband networks in rural Hampshire (England). This was originally deployed around ten years ago with public funding ( Building Digital UK ).",https://www.ispreview.co.uk/index.php/2025/03/uk-isp-trooli-to-shut-bduk-funded-hybrid-rural-broadband-network.html,28th Mar 2025
https://www.ispreview.co.uk/,Jangala Reveals Findings from Free UK WiFi Pilot with Virgin Media O2,"Tech charity Jangala has published a new report that reveals the findings from one of its recent pilot projects with mobile operator O2 ( Virgin Media ), which provided free WiFi internet access to 429 people in temporary accommodation around Coventry in England. The pilot also worked with local charities, NHS services, and housing associations.",https://www.ispreview.co.uk/index.php/2025/03/jangala-reveals-findings-from-free-uk-wifi-pilot-with-virgin-media-o2.html,28th Mar 2025
https://www.ispreview.co.uk/,Prysmian UK’s Fibre Optic Cable Workers in Hampshire Threaten Strike,"Italy-based Prysmian , which specialises in the global manufacture and supply of fibre optic broadband cables (inc. related kit), is reportedly being threatened with strike action over plans to cut 40 jobs and shift their only UK HQ in Bishopstoke (Hampshire, England) to Romania.",https://www.ispreview.co.uk/index.php/2025/03/prysmian-uks-fibre-optic-cable-workers-in-hampshire-threaten-strike.html,27th Mar 2025
https://www.ispreview.co.uk/,Over 40 Percent of UK People Feel Broadband ISPs Mainly Raise Prices to Boost Profits,"New research from Ipsos UK, which interviewed a representative sample of 993 adults across Great Britain during early March 2025, has claimed that Brits are increasingly cynical about the motivations of utility companies and broadband/phone providers when setting annual price increases – with over 40% believing these industries are mainly raising prices to boost profits.",https://www.ispreview.co.uk/index.php/2025/03/over-40-percent-of-uk-people-feel-broadband-isps-mainly-raise-prices-to-boost-profits.html,27th Mar 2025
https://www.ispreview.co.uk/,Virgin Media O2 Boosts UK Customer Support with New Team,"Broadband ISP, phone, TV and mobile operator Virgin Media ( O2 ) has today announced that they’ve established a new UK team of over 500 “highly skilled” customer service agents, which will be dedicated to resolving the most “complicated and sensitive issues“, including bereavements, complex complaints and supporting telecare and vulnerable customers.",https://www.ispreview.co.uk/index.php/2025/03/virgin-media-o2-boosts-uk-customer-support-with-new-team.html,27th Mar 2025
https://www.ispreview.co.uk/,ISP Ogi Launch New Pro Broadband Plan and eero Router for Biz Users,"Infracapital-backed network operator and UK ISP Ogi , which is rolling out a 10Gbps capable full fibre (FTTP) broadband network across South Wales (100,000 premises are covered / RFS), has today launched a new ‘Pro’ package for business customers that comes with eero’s TrueMesh WiFi technology from Amazon .",https://www.ispreview.co.uk/index.php/2025/03/isp-ogi-launch-new-pro-broadband-plan-and-eero-router-for-biz-users.html,27th Mar 2025
https://www.ispreview.co.uk/,Top 17 Full Fibre Broadband Networks by Estimated UK Coverage – H1 2025,"Independent data from Thinkbroadband has today revealed an updated assessment of how big – in terms of network coverage (premises passed) – the top 17 largest Fibre-to-the-Premises ( FTTP ) based broadband ISP networks in the UK have become by March 2025. Once again, we compare this data against official coverage claims.",https://www.ispreview.co.uk/index.php/2025/03/top-17-full-fibre-broadband-networks-by-estimated-uk-coverage-h1-2025.html,27th Mar 2025
https://www.ispreview.co.uk/,Point Topic Launch UK Maps of Broadband Cover by Local Authority,"Telecoms analyst firm Point Topic has today introduced a new interactive map of broadband connectivity across UK Local Authorities (LAs), which is said to “reveal significant disparities in digital infrastructure” and aims to support LAs by helping to inform their local digital strategies. The maps are also freely available to the public (recent data only).",https://www.ispreview.co.uk/index.php/2025/03/point-topic-launch-uk-maps-of-broadband-cover-by-local-authority.html,26th Mar 2025
https://www.ispreview.co.uk/,O2 UK and Ontix Expand 4G Mobile Small Cells into Plymouth,"Mobile network operator O2 ( Virgin Media ) have this morning announced that they’ve begun to enhance 4G mobile (mobile broadband) capacity across the Devon (England) port city of Plymouth, which has involved the deployment of several small cells from network technology provider Ontix.",https://www.ispreview.co.uk/index.php/2025/03/o2-uk-and-ontix-expand-4g-mobile-small-cells-into-plymouth.html,26th Mar 2025
https://www.ispreview.co.uk/,Cross Party MPs Warn Risk to Life Still Exists with UK Digital Phone Switch,"A new report from the Digital Communities All-Party Parliamentary Group (DC APPG) has been published, which examines the ongoing industry-led switchover from Openreach , BT and KCOM ’s legacy phone lines to new digital ( IP / VoIP based) networks. But it warns that, despite recent efforts, vulnerable users still face a “risk to life” from the switch.",https://www.ispreview.co.uk/index.php/2025/03/cross-party-mps-warn-risk-to-life-still-exists-with-uk-digital-phone-switch.html,26th Mar 2025
https://www.ispreview.co.uk/,ASA Ban EE UK Broadband Ads for Misleading Wi-Fi 7 Router Claims UPDATE,"The Advertising Standards Authority (ASA) has banned several TV, radio, paid-for social media and digital poster adverts for UK ISP EE ’s ( BT ) home broadband service. This occurred after they were found to have made “misleading” claims about the capabilities of the provider’s new Wi-Fi 7 Smart Hub Pro router and Smart Wi-Fi Pro device.",https://www.ispreview.co.uk/index.php/2025/03/asa-ban-ee-uk-broadband-ads-for-misleading-wi-fi-7-router-claims.html,26th Mar 2025
https://www.ispreview.co.uk/,Business UK ISP and IT Provider Communicate Acquires Blaze Networks,"Business broadband, security and managed IT provider Communicate , which is backed by private equity investor Rockpool Investments, has today announced their fifth acquisition by gobbling up Blaze Networks – a similar security-focused MSP with expertise in SD-WAN and advanced networking solutions.",https://www.ispreview.co.uk/index.php/2025/03/business-uk-isp-and-it-provider-communicate-acquires-blaze-networks.html,25th Mar 2025
https://www.ispreview.co.uk/,Ferries in Orkney Bring Ultrafast Broadband to Passengers via Starlink,"The Scottish Futures Trust has announced that thousands of tourists and travellers in the remote archipelago of Orkney (Northern Scotland) are set to benefit from “complimentary ultra-fast internet access“, which comes after three local ferries were upgraded to harness Starlink ’s global LEO satellite broadband network – supporting onboard WiFi .",https://www.ispreview.co.uk/index.php/2025/03/ferries-in-orkney-bring-ultrafast-broadband-to-passengers-via-starlink.html,25th Mar 2025
https://www.ispreview.co.uk/,Virgin Media’s UK Pay TV Service Launches Premier Sports Rugby,"Customers of broadband ISP Virgin Media ’s ( O2 ) Pay TV services (delivered via their TV 360, V6 or Stream boxes) have today been informed that the provider has launched ‘Premier Sports Rugby’ on their platform, which is said to be the “UK’s first dedicated 24/7 rugby channel“. But you’ll need to be subscribed to Premier Sports in order to get it.",https://www.ispreview.co.uk/index.php/2025/03/virgin-medias-uk-pay-tv-service-launches-premier-sports-rugby.html,25th Mar 2025
https://www.ispreview.co.uk/,Ofcom Propose to Authorise Satellites to Deliver UK 4G and 5G Mobile,"The telecoms regulator, Ofcom , has today done as expected by proposing for the UK to become the “first country in Europe” to authorise Direct to Device (D2D) satellite services for use in regular mobile bands, which could be used to help mobile operators improve their 4G and 5G coverage.",https://www.ispreview.co.uk/index.php/2025/03/ofcom-propose-to-authorise-satellites-to-deliver-uk-4g-and-5g-mobile.html,25th Mar 2025
https://www.ispreview.co.uk/,ISPA and INCA Set Out New UK Guidance for Deploying Telegraph Poles,"The ISPA and INCA have today published new ‘Best Practice Guidance’ for gigabit broadband operators that are building new poles as part of their UK network expansions. The guidance aims to support the Government’s goal of “ending the deployment of unnecessary telegraph poles” ( here ), not least by requiring providers to engage more closely with communities before they build.",https://www.ispreview.co.uk/index.php/2025/03/ispa-and-gov-set-out-new-uk-guidance-for-deploying-telegraph-poles.html,25th Mar 2025
https://www.ispreview.co.uk/,CEO of UK Alternative Cornwall Broadband ISP Wildanet Departs UPDATE,"Alternative network provider Wildanet , which has spent the past few years deploying a mix of full fibre and wireless broadband networks across rural parts of Cornwall and Devon in England, has today confirmed to ISPreview that its CEO, Helen Wylde-Archibald, has “left the business“.",https://www.ispreview.co.uk/index.php/2025/03/ceo-of-alternative-cornwall-broadband-isp-wildanet-departs.html,25th Mar 2025
https://www.ispreview.co.uk/,Mobile Operator VOXI UK Tops 1 Million Customers,"Contract-free mobile operator VOXI , which is a virtual network operator (MVNO) sibling of Vodafone , has today celebrated the milestone of reaching 1 million customers. The operator has come a long way since it first launched in 2017, when they initially appeared to be focused on the student market.",https://www.ispreview.co.uk/index.php/2025/03/mobile-operator-voxi-uk-tops-1-million-customers.html,24th Mar 2025
https://www.ispreview.co.uk/,"Hey! Broadband Top 35,000 Customers on F&W’s UK Full Fibre Network","UK ISP Hey! Broadband , which caters for areas covered by F&W Networks (Fibre and Wireless) alternative gigabit speed Fibre-to-the-Premises ( FTTP ) lines – mostly across the South East of England, has revealed that their customer base has now reached over 35,000 (up from 30,000 in mid-November 2024).",https://www.ispreview.co.uk/index.php/2025/03/hey-broadband-top-35000-customers-on-fws-uk-full-fibre-network.html,24th Mar 2025
https://www.ispreview.co.uk/,Quickline Confirm Expansion of Yorkshire UK Gigabit Broadband Projects,"Rural broadband ISP Quickline has today confirmed that they’ve reached an agreement with the Government’s Project Gigabit broadband roll-out programme. The deal will see them expand their full fibre (FTTP) network to cover an additional 6,000 hard-to-reach homes and businesses across Yorkshire and Lincolnshire in England.",https://www.ispreview.co.uk/index.php/2025/03/quickline-confirm-expansion-of-yorkshire-uk-gigabit-broadband-projects.html,24th Mar 2025
https://www.ispreview.co.uk/,Three UK Boosts Scam Protection via New Bitdefender Partnership,"Mobile operator Three UK has today announced a new partnership with global network security firm Bitdefender, which has resulted in the launch of a new ‘Three Device Security’ service – expressed as being a “powerful new subscription service designed to safeguard customers against fraud, phishing , and malware attacks“.",https://www.ispreview.co.uk/index.php/2025/03/three-uk-boosts-scam-protection-via-new-bitdefender-partnership.html,24th Mar 2025
https://www.ispreview.co.uk/,CityFibre to Acquire Connexin’s UK FTTP Broadband Network UPDATE,"Network operator CityFibre has this morning announced their second recent acquisition of an alternative UK broadband provider, which will see them gobble Connexin ’s growing 10Gbps capable Fibre-to-the-Premises (FTTP) network in parts of East Yorkshire (Hull etc.), Nottinghamshire and Lincolnshire (England). The financial details of the deal are not yet known.",https://www.ispreview.co.uk/index.php/2025/03/cityfibre-to-acquire-connexins-uk-fttp-broadband-network.html,24th Mar 2025
https://www.ispreview.co.uk/,Welsh Government to Reopen ABC Broadband Vouchers this Spring,"The Welsh Government (WG) has revealed that their Access Broadband Cymru (ABC) grant scheme is to “reopen” this spring 2025, albeit with some changes. The scheme previously offered funding to help rural homes get a faster broadband service installed in areas of slow connectivity, until it was paused last summer ( here ).",https://www.ispreview.co.uk/index.php/2025/03/welsh-government-to-reopen-abc-broadband-vouchers-this-spring.html,24th Mar 2025
https://www.ispreview.co.uk/,Broadband ISPs Report UK Problems with Vulnerable DrayTek Routers UPDATE6,"A number of broadband ISPs from across the United Kingdom (and possibly other countries too), such as ICUK and Andrews & Arnold ( AAISP ), have this weekend noticed an unusual increase in internet disconnections among customers who have DrayTek routers at home or in the office. The issue seems to be caused by a “router vulnerability“.",https://www.ispreview.co.uk/index.php/2025/03/broadband-isps-report-uk-connectivity-problems-with-vulnerable-draytek-routers.html,23rd Mar 2025
https://www.ispreview.co.uk/,Broadband Operators in the UK Watch Nervously as DZS Falls Over,"The chances are reasonably good that quite a few of our readers won’t have heard of the name DZS (DZSi / Zhone) before, but they’re a supplier of fibre optic networking kit to a number of broadband operators in the UK, USA and elsewhere across the world. Why is this relevant, you ask? This week, they “commenced a liquidation proceeding“.",https://www.ispreview.co.uk/index.php/2025/03/broadband-operators-in-the-uk-watch-nervously-as-dzs-falls-over.html,22nd Mar 2025
https://www.ispreview.co.uk/,Uswitch 2025 Awards Name Best UK Broadband and Mobile Providers,"Uswitch.com has today named the winners of their annual 2025 Telecoms Awards event, which among things saw UK ISP Plusnet once again being named as the best “National Broadband Provider of the Year“, while YouFibre won the best regional provider award and giffgaff scooped the win for best mobile “Network of the Year“.",https://www.ispreview.co.uk/index.php/2025/03/uswitch-2025-awards-name-best-uk-broadband-and-mobile-providers.html,21st Mar 2025
https://www.ispreview.co.uk/,Broadband Streaming Service NOW TV UK Finally Gets a Revamp,"Sky’s sibling NOW TV video streaming platform appears to have now largely completed the deployment of its new app and User Interface (UI), adding a “new look and some great new features“. The roll-out of the new app started on 18th February 2025 and has taken “several weeks” to deliver, although some devices have yet to benefit.",https://www.ispreview.co.uk/index.php/2025/03/broadband-streaming-service-now-tv-uk-finally-gets-a-revamp.html,21st Mar 2025
https://www.ispreview.co.uk/,Grain’s FTTP Broadband Network in Bury to Go Live in April 2025,Alternative UK network operator Grain (Grain Connect) has issued a progress update on their recently started roll-out of a new gigabit speed Fibre-to-the-Premises ( FTTP ) based broadband ISP network in the Greater Manchester (England) town of Bury. The service is now set to start going live next month.,https://www.ispreview.co.uk/index.php/2025/03/grains-fttp-broadband-network-in-bury-to-go-live-in-april-2025.html,21st Mar 2025
https://www.ispreview.co.uk/,"Gov Commit £45m for Better Internet Connectivity in Around 1,000 UK Schools","The UK Government’s Department for Education (DfE) has today committed to invest £45 million into improving internet connectivity and further plans to make digital standards a requirement for all schools across the country, which includes fibre broadband upgrades for 833 schools. The goal is to help close the remaining digital divide.",https://www.ispreview.co.uk/index.php/2025/03/gov-commits-45m-for-better-internet-connectivity-in-around-1000-uk-schools.html,21st Mar 2025
https://www.ispreview.co.uk/,BT UK to Shut Older Contact Centres in Leeds and Exeter,"Telecoms and broadband giant BT has confirmed to ISPreview that, as part of their ongoing UK programme to modernise and consolidate the number of offices they have, they’ve decided to close their Contact Centres in Leeds and Exeter over the “coming months“. The move is expected to impact hundreds of jobs, but many will be consolidated into more modern sites.",https://www.ispreview.co.uk/index.php/2025/03/bt-uk-to-shut-older-contact-centres-in-leeds-and-exeter.html,20th Mar 2025
https://www.ispreview.co.uk/,Vodafone UK Add Disney+ Premium to Mobile Entertainment Plans,"Customers of broadband and mobile network operator Vodafone UK may like to know that the provider has today added support on their Pay Monthly Airtime plans (i.e. those with the “Entertainment” feature) for Disney+ Premium Plans (video streaming service), which complements their existing choice of Amazon (Prime Video) and YouTube Premium plans.",https://www.ispreview.co.uk/index.php/2025/03/vodafone-uk-add-disney-premium-to-mobile-entertainment-plans.html,20th Mar 2025
https://www.ispreview.co.uk/,"Starlink Refresh UK Biz Broadband Plans, But Adds 1Mbps Speed Cap","SpaceX’s Starlink service, which offers ultrafast broadband speeds via a mega constellation of satellites in Low Earth Orbit (LEO), has this week refreshed their range of plans for business customers and made them more affordable for those with lower data usage requirements. But there’s a nasty catch for some customers in the form of a 1Mbps speed cap.",https://www.ispreview.co.uk/index.php/2025/03/starlink-refresh-uk-biz-broadband-plans-but-adds-1mbps-speed-cap.html,20th Mar 2025
https://www.ispreview.co.uk/,O2 UK Complete 4G and 5G Upgrades for 3500 Postcodes in Liverpool,"Mobile network operator O2 ( Virgin Media ) has today announced that they’ve completed a project to upgrade the capacity of their 4G and 5G mobile services across “over” 3,500 postcodes in the Merseyside city of Liverpool (England), which should mean “faster” mobile broadband speeds and greater reliability.",https://www.ispreview.co.uk/index.php/2025/03/o2-uk-complete-4g-and-5g-upgrades-for-3500-postcodes-in-liverpool.html,20th Mar 2025
https://www.ispreview.co.uk/,Ofcom Set Out Changes to Boost UK Gigabit Broadband in 2026 Review UPDATE3,"The national telecoms regulator, Ofcom , has today published their proposals for the new Telecoms Access Review 2026 (TAR), which it hopes will help to “promote competition and investment” in gigabit broadband and business connectivity. Broadly speaking, the regulator will be updating and tweaking their existing approach, with few radical changes this time around.",https://www.ispreview.co.uk/index.php/2025/03/ofcom-set-out-changes-to-boost-uk-broadband-in-2026-market-review.html,20th Mar 2025
https://www.ispreview.co.uk/,New Which Survey Award Best and Worst UK Broadband ISPs for 2025,"Consumer magazine Which? has published the results from their latest broadband ISP satisfaction survey, which questioned 4,347 UK adults (Dec 2024 to Jan 2025) about their internet providers. Overall three ISPs were labelled ‘Recommended Providers‘ – Zen Internet , Plusnet and Utility Warehouse, while NOW TV (NOW Broadband) and Virgin Media were ranked at the bottom.",https://www.ispreview.co.uk/index.php/2025/03/new-which-survey-award-best-and-worst-uk-broadband-isps-for-2025.html,20th Mar 2025
https://www.ispreview.co.uk/,Broadband ISP Zen Internet Moves to Become UK Altnet Aggregator,"In recent months’ we’ve been reporting on how Rochdale-base ISP Zen Internet has expanded the reach of their “full fibre” ( FTTP ) broadband network by signing wholesale access agreements with a number of alternative network providers, such as Trooli and Freedom Fibre. But their ambitions aren’t limited to retail packages.",https://www.ispreview.co.uk/index.php/2025/03/broadband-isp-zen-internet-moves-to-become-uk-altnet-aggregator.html,20th Mar 2025
https://www.ispreview.co.uk/,Sky Mobile UK Simplifies eSIM Setup for Apple Devices,"Customers of the Sky Mobile ( Sky Broadband , Sky TV etc.) service, which harnesses O2 ’s Mobile Virtual Network Operator (MVNO) platform, may like to know that they’ve recently made it even simpler for you to activate your eSIM on Apple devices (iPhone etc.) with iOS 18 or later. No more scanning of QR codes.",https://www.ispreview.co.uk/index.php/2025/03/sky-mobile-uk-simplifies-esim-setup-for-apple-devices.html,20th Mar 2025
https://www.ispreview.co.uk/,Virgin Media O2 UK Slowly Phasing Out TV 360 Mini Boxes,"Customers of broadband ISP Virgin Media (O2) may like to know that the provider recently began the slow process of phasing-out their old TV 360 Mini boxes, which are usually deployed to support for multi-room systems. But the company is now increasingly working to replace these with their modern ‘Stream’ set-top-boxes (STB) instead.",https://www.ispreview.co.uk/index.php/2025/03/virgin-media-o2-uk-slowly-phasing-out-tv-360-mini-boxes.html,19th Mar 2025
https://www.ispreview.co.uk/,FTTH Council Predict Full Fibre Broadband to Cover 31 Million UK Homes by 2030,The FTTH Council Europe has just published their 2025 ranking of 39 European countries (EU39) with the strongest take-up and coverage of gigabit-capable “full fibre” (FTTP/B) broadband ISP networks. This sees the UK pass 21.4 million homes (up by 4.2m in the year) with take-up of 37.1% and a prediction that it’ll cover 31m by 2030. But growth has slowed a bit.,https://www.ispreview.co.uk/index.php/2025/03/ftth-council-predict-full-fibre-broadband-to-cover-31-million-uk-homes-by-2030.html,19th Mar 2025
https://www.ispreview.co.uk/,"Project Gigabit Broadband Contract Tweaks for Wildanet, CityFibre, Fibrus and Quickline UPDATE","For the second time this week ( here ), the Government (DSIT) has published another round of contract modification notices for several of Wildanet, Fibrus , CityFibre and Quickline ’s state aid funded Project Gigabit broadband roll-outs across several regions – North Yorkshire, Cornwall, Cumbria, Suffolk, Hampshire and Norfolk. The tweaks change both the level of public funding and premises target.",https://www.ispreview.co.uk/index.php/2025/03/more-project-gigabit-broadband-contract-tweaks-for-wildanet-cityfibre-and-quickline.html,19th Mar 2025
https://www.ispreview.co.uk/,O2 Reminds Durham Over Start of UK 3G Mobile Switch Off in April 2025,"Mobile network operator O2 ( Virgin Media ) has today issued a reminder about how they intend to start switching off their old 3G mobile (broadband) services across the United Kingdom from next month, which is a process that will start in the city (NOT county) of Durham and should complete nationally by the end of 2025.",https://www.ispreview.co.uk/index.php/2025/03/o2-reminds-durham-over-start-of-uk-3g-mobile-switch-off-in-april-2025.html,19th Mar 2025
https://www.ispreview.co.uk/,EE Expand 5G Standalone Mobile Network to 50 UK Towns and Cities,"Broadband ISP and mobile operator EE ( BT ) has today announced the next batch of locations where their new 5G Standalone (SA) mobile network will be deployed and made it available to all new customers. By the end of March 2025, the new 5GSA network will be live and available to over 28 million people across 50 “major towns and cities” in the UK (over 40% of the population).",https://www.ispreview.co.uk/index.php/2025/03/ee-expand-5g-standalone-mobile-network-to-50-uk-towns-and-cities.html,19th Mar 2025
https://www.ispreview.co.uk/,"8,000 Social Homes in Barnet Set for Upgrade to FTTP Broadband","The Barnet Council in London has reached a wayleave agreement (legal land/property access) that will enable Openreach ( BT ) to deploy their gigabit speed Fibre-to-the-Premises ( FTTP ) broadband network to cover 8,000 households managed by the UK council’s social housing provider, Barnet Homes .",https://www.ispreview.co.uk/index.php/2025/03/8000-social-homes-in-barnet-set-for-upgrade-to-fttp-broadband.html,19th Mar 2025
https://www.ispreview.co.uk/,Rural UK Broadband ISP Gigaclear Deploy IPv6 Internet Addresses,Good news for customers of Abingdon-based alternative network provider Gigaclear . The ISP has now confirmed to ISPreview that they recently started rolling out IPv6 (Internet Protocol Version 6) internet addressing across their full fibre ( FTTP ) broadband network. The deployment is currently halfway to completion.,https://www.ispreview.co.uk/index.php/2025/03/rural-uk-broadband-isp-gigaclear-deploy-ipv6-internet-addresses.html,19th Mar 2025
https://www.ispreview.co.uk/,Some Users of UK Broadband ISP TalkTalk Struggling to Access Websites UPDATE,"Some customers of UK internet provider TalkTalk appear to be struggling to access certain websites, including major ones like github.io, due to what appears to be some sort of peering or routing issue. The ISP’s network teams are said to be “currently investigating” the ongoing issue.",https://www.ispreview.co.uk/index.php/2025/03/some-users-of-uk-broadband-isp-talktalk-struggling-to-access-cloudflare-sites.html,18th Mar 2025
https://www.ispreview.co.uk/,Essex Council Settles Legal Dispute with Rural Broadband ISP Gigaclear,"The Essex County Council (ECC) in England has this afternoon confirmed that they’ve settled their legal dispute with Abingdon-based UK broadband ISP Gigaclear , which was originally raised last summer ( here ) over an alleged failure by the network operator to deliver on their contracted Fibre-to-the-Premises (FTTP) build.",https://www.ispreview.co.uk/index.php/2025/03/essex-council-settles-legal-dispute-with-rural-broadband-isp-gigaclear.html,18th Mar 2025
https://www.ispreview.co.uk/,Students in UK and Ireland Vote Glide as the Best Wi-Fi Provider,"Business, student and residential ISP Glide Group , which is currently busy expanding their full fibre broadband network, claims to have been named the number one student WiFi provider in the UK and Ireland, according to an unspecified new student lifestyle survey.",https://www.ispreview.co.uk/index.php/2025/03/students-in-uk-and-ireland-vote-glide-as-the-best-wifi-provider.html,18th Mar 2025
https://www.ispreview.co.uk/,Broadband Outage in Goole After Car Crashes into KCOM Cabinet,"Around 800 premises in the East Yorkshire (England) port town of Goole (DN14) are experiencing protracted disruption to their FTTP broadband and phone services after a car crashed into one of UK ISP KCOM ’s street cabinets on Sunday night at 10:55pm, which completely disconnected the apparatus from all of its cables.",https://www.ispreview.co.uk/index.php/2025/03/broadband-outage-in-goole-after-car-crashes-into-kcom-cabinet.html,18th Mar 2025
https://www.ispreview.co.uk/,UK Broadband ISP GoFibre Extend Community Fund to Northumberland,"Edinburgh-based UK alternative network ISP GoFibre , which is building a new gigabit broadband (FTTP) network across parts of remote rural Scotland and Northern England, has today announced that they’ve expanded the availability of their GoFurther charity fund to North Northumberland for the very first time.",https://www.ispreview.co.uk/index.php/2025/03/uk-broadband-isp-gofibre-extend-community-fund-to-northumberland.html,18th Mar 2025
https://www.ispreview.co.uk/,Guernsey Court Overturns £3m of Telecoms Competition Fines,"The Royal Court appears to have overturned an earlier decision by the Guernsey Competition & Regulatory Authority (GCRA), which – between 2019 and 2022 – had fined broadband and mobile providers Sure and JT for allegedly breaking competition rules, including by sharing “commercially-sensitive information” and co-ordinating with each other.",https://www.ispreview.co.uk/index.php/2025/03/guernsey-court-overturns-3m-of-telecoms-competition-fines.html,18th Mar 2025
https://www.ispreview.co.uk/,New Technology Helps Subsea Fibre Optic Cables to Detect Sabotage,"A new report reveals how several companies are responding to the growing problem of deliberate sabotage against vital subsea fibre optic cables, which carry much of the world’s internet data traffic, by turning those same cables into a sophisticated sensor net capable of detecting when, where and how an attack may be occurring.",https://www.ispreview.co.uk/index.php/2025/03/new-technology-helps-subsea-fibre-optic-cables-to-detect-sabotage.html,18th Mar 2025
https://www.ispreview.co.uk/,O2 UK’s AI Flags 50 Million Suspected SPAM and Scam Calls a Month,"Readers may recall that mobile operator O2 ( Virgin Media ) integrated Hiya’s new AI-powered scam detection service (‘Call Defence’) to help combat fraud and nuisance calls last November 2024 ( here ). Since then, more than 150 million “suspected” scam and spam calls have been flagged by the new technology, recently rising to more than 50m per month.",https://www.ispreview.co.uk/index.php/2025/03/o2-uks-ai-flags-50-million-suspected-spam-and-scam-calls-a-month.html,18th Mar 2025
https://www.ispreview.co.uk/,UK Gov Tweak Project Gigabit Broadband Contracts for Quickline and CityFibre,"The Government (DSIT) has published contract modification notices for several of Quickline and CityFibre ’s state aid funded Project Gigabit broadband roll-outs across several regions – Lincolnshire and East Riding (Lot 23), South Yorkshire (Lot 20), West and parts of North Yorkshire (Lot 31) and Cambridgeshire (Lot 5). The tweaks change both the level of committed public funding and premises target.",https://www.ispreview.co.uk/index.php/2025/03/uk-gov-tweak-project-gigabit-broadband-contracts-for-quickline-and-cityfibre.html,18th Mar 2025
https://www.ispreview.co.uk/,Ofcom to Launch Improved UK Mobile Coverage Checker Later in 2025,"The UK telecoms regulator, Ofcom , this week informed ISPreview that they’ve been “working hard to overhaul our mobile coverage checker” in order to better match people’s real-world experiences, particularly of modern 4G and 5G (mobile broadband) services, and intend to launch the result of all their work “later this year“.",https://www.ispreview.co.uk/index.php/2025/03/ofcom-to-launch-improved-uk-mobile-coverage-checker-later-in-2025.html,18th Mar 2025
https://www.ispreview.co.uk/,Mobile Operator Spusu Continues UK Price Freeze Until 2026,"The SIM-only UK mobile provider spusu , which holds a virtual operator (MVNO) agreement via BTWholesale to harness EE ’s national 4G and 5G network, has today confirmed that it will continue its existing price freeze for another year until 2026.",https://www.ispreview.co.uk/index.php/2025/03/mobile-operator-spusu-continues-uk-price-freeze-until-2026.html,17th Mar 2025
https://www.ispreview.co.uk/,Street Works Firm C-Plan Telecommunications Falls into Administration,"Long-running Scottish civil engineering firm C-Plan Telecommunications , which has been helping to deploy gigabit broadband networks north of the border for a long list of clients (e.g. Openreach , Virgin Media, Vodafone , Gigaclear, and others), has fallen into administration after allegedly losing out on forecasted work.",https://www.ispreview.co.uk/index.php/2025/03/street-works-firm-c-plan-telecommunications-falls-into-administration.html,17th Mar 2025
https://www.ispreview.co.uk/,Cable Thieves Knock Out Broadband in St Neots for a Second Time UPDATE2,"Criminals have, for the second time in the space of around one month ( here ), today disrupted Openreach’s broadband services in the Cambridgeshire (England) town of St Neots by attempting to steal an unspecified amount of the UK network operator’s local copper telecoms cable.",https://www.ispreview.co.uk/index.php/2025/03/cable-thieves-knock-out-broadband-in-st-neots-for-a-second-time.html,17th Mar 2025
https://www.ispreview.co.uk/,"New 280km Full Fibre Network in South Essex Covers 9,000 Businesses","The ITS Technology Group , which has deployed various open access full fibre broadband and Ethernet networks (“Faster Britain“) across urban parts of the UK for businesses and ISPs, has revealed that their £7.5m (state aid) project to deploy a new 280km long full fibre network in South Essex (England) has now connected 250 public sector sites and covered 9,000 businesses.",https://www.ispreview.co.uk/index.php/2025/03/new-280km-full-fibre-network-in-south-essex-covers-9000-businesses.html,17th Mar 2025
https://www.ispreview.co.uk/,CGI and Buckinghamshire Council Expand Ultrafast Broadband to Rural Sites,"The Buckinghamshire Council in England has worked with global IT consultancy firm CGI to bring “ultra-fast rural broadband connectivity” to selected sites across the county by harnessing Low Earth Orbit (LEO) satellite technology from Starlink (SpaceX), along with a free-to-use public wireless ( WiFi ) service.",https://www.ispreview.co.uk/index.php/2025/03/cgi-and-buckinghamshire-council-expand-ultrafast-broadband-to-rural-sites.html,17th Mar 2025
https://www.ispreview.co.uk/,Virgin Media O2 UK Joins Lincolnshire’s New Street Works Charter,"UK ISP Virgin Media ( O2 ) has become the latest broadband operator to join Lincolnshire County Council’s (LCC) interesting new Street Works Charter, which aims to help cut down on road traffic disruption by encouraging a more co-operative approach to street works between different companies (reducing unnecessary works).",https://www.ispreview.co.uk/index.php/2025/03/virgin-media-o2-uk-joins-lincolnshires-new-street-works-charter.html,17th Mar 2025
https://www.ispreview.co.uk/,London Broadband ISP Community Fibre Cut 3Gbps Price to £39,"New customers looking to join UK broadband ISP CommunityFibre (CF), which has deployed their full fibre ( FTTP ) network across 1.32 million UK premises (mostly in Greater London), may like to know that the provider will later today heavily discount the price of their top 3Gbps (symmetric speed) package to just £39.99 per month for the first 24-month term.",https://www.ispreview.co.uk/index.php/2025/03/london-broadband-isp-community-fibre-cut-3gbps-price-to-39.html,17th Mar 2025
https://www.ispreview.co.uk/,Openreach Backs Fibre Broadband Amendment to Renters Rights Bill,"The CEO of Openreach , Clive Selley, has backed the Liberal Democrat peer Baroness Barbara Janke after she proposed an amendment to the new Renters’ Rights Bill (RRB) that would allow tenants to request the right for a gigabit broadband installation, while ensuring that consent cannot be “unreasonably refused” by landlords (they’d get 28 days to make a decision).",https://www.ispreview.co.uk/index.php/2025/03/openreach-backs-fibre-broadband-amendment-to-renters-rights-bill.html,16th Mar 2025
https://www.ispreview.co.uk/,Mobile Coverage in Worcestershire UK is 1000x Worse Than Ofcom Suggests UPDATE,"The Worcestershire County Council (WCC) in England has revealed the results of a recent study they conducted with Streetwave , which harnessed local bin lorries to map the coverage and performance of 4G and 5G mobile (broadband) networks across the county. Overall, it claims to have found that mobile coverage is “over 1,000 times worse than Ofcom and mobile operator data suggests“.",https://www.ispreview.co.uk/index.php/2025/03/mobile-coverage-in-worcestershire-uk-is-1000x-worse-than-ofcom-suggests.html,15th Mar 2025
https://www.ispreview.co.uk/,"North Lanarkshire to Deliver Free Broadband to 36,575 Council Homes","The North Lanarkshire Council (NLC) in Scotland has today announced a “groundbreaking digital plan” that, over the course of between 10 and 15 years, will aim to ensure that “all council housing tenants” (36,575 homes) will gain access to “free internet access, a first for any Scottish council“.",https://www.ispreview.co.uk/index.php/2025/03/north-lanarkshire-to-deliver-free-broadband-to-36575-council-homes.html,14th Mar 2025
https://www.ispreview.co.uk/,TOTSCo to Begin Testing of UK Business Broadband ISP Switching in June 2025,"The One Touch Switching Company (TOTSCo), which is the industry-led company that is helping to implement Ofcom ’s solution ( One Touch Switching ) for easier and quicker UK consumer switching between broadband and phone providers, has revealed that they’ll start testing a switching solution for businesses by the “end of June” 2025.",https://www.ispreview.co.uk/index.php/2025/03/totsco-to-begin-testing-of-uk-business-broadband-isp-switching-in-june-2025.html,14th Mar 2025
https://www.ispreview.co.uk/,"Broadband ISPs Vodafone, BT, KCOM and Zen Internet Prep New UK Battery Backup","Broadband, mobile and phone provider Vodafone UK has today announced that they’ve teamed up with rival ISPs BT , KCOM and Zen Internet to help bring an improved Broadband Battery Backup (BBU) device for WiFi routers to market, which is said to be capable of powering a customers broadband router (inc. digital phone/voice service) for up to 4-to-7 hours.",https://www.ispreview.co.uk/index.php/2025/03/broadband-isps-vodafone-bt-kcom-and-zen-internet-prep-new-uk-battery-backup.html,14th Mar 2025
https://www.ispreview.co.uk/,"Alncom Prep £1.4m FTTP Broadband Build in Rothbury, Northumberland","Rural gigabit broadband ISP Alncom has today announced that they’re working on a £1.4m project to extend their Fibre-to-the-Premises ( FTTP ) network to cover over 200 of the hardest to reach premises in and around the remote town of Rothbury in Northumberland (England), which aims to tackle areas that are still “unable to access ultrafast broadband“.",https://www.ispreview.co.uk/index.php/2025/03/alncom-prep-1-4m-fttp-broadband-build-in-rothbury-northumberland.html,13th Mar 2025
https://www.ispreview.co.uk/,Gloucestershire UK Celebrate Over 98 Percent Superfast Broadband Cover,"The Gloucestershire County Council (GCC) in England has today celebrated how their Fastershire programme, which was jointly conducted alongside Herefordshire Council, has now helped to enable 98.5% of properties in the county to access a “superfast broadband” (30Mbps+) connection, up from only 39% in 2012 and 36% in 2011.",https://www.ispreview.co.uk/index.php/2025/03/gloucestershire-uk-celebrate-over-98-superfast-broadband-cover.html,13th Mar 2025
https://www.ispreview.co.uk/,BDUK Release UPRN Level Data for UK Project Gigabit Broadband Rollout,"The Government’s executive Building Digital UK (BDUK) agency has today published fresh data that reveals the current levels of broadband connectivity, future commercial plans for gigabit broadband, and any premises included in BDUK’s publicly funded interventions (e.g gigabit vouchers and Project Gigabit contracts) down to the individual premises (UPRN) level.",https://www.ispreview.co.uk/index.php/2025/03/bduk-release-uprn-level-data-for-uk-project-gigabit-broadband-rollout.html,13th Mar 2025
https://www.ispreview.co.uk/,Broadband ISP Sky Business Launch UK Cloud Voice Service,"Broadband ISP Sky Business (Sky UK) has today announced the launch of their new Cloud Voice solution, which is partly intended to help businesses migrate away from the traditional Public Switched Telephone Network (PSTN) system before it’s switched-off at the end of this year (vulnerable consumers have longer, until 31st January 2027).",https://www.ispreview.co.uk/index.php/2025/03/broadband-isp-sky-business-launch-uk-cloud-voice-service.html,13th Mar 2025
https://www.ispreview.co.uk/,DrayTek Reveal Multiple New Security Vulnerabilities in their Routers,"Customers of DrayTek ‘s popular broadband routers, which are a familiar name in the UK ISP world, have this week been notified about two recently published security vulnerabilities in several of their products – both of which have a Common Vulnerability Score (CVSS) of 9.8 out of 10. But don’t worry, new firmware already exists to patch them.",https://www.ispreview.co.uk/index.php/2025/03/draytek-reveal-multiple-new-security-vulnerabilities-in-their-routers.html,13th Mar 2025
https://www.ispreview.co.uk/,Full Fibre Broadband ISP Hyperoptic Appoint Openreach Vet as COO,"City-focused broadband ISP Hyperoptic , which since 2011 claims to have built an alternative full fibre (FTTP/B) network to reach “more than” 1.73 million UK homes in parts of 64 towns and cities (inc. 340,000 customers), has today announced that they’ve appointed former Openreach ( BT ) veteran Mark Barlett to be their new Chief Operating Officer (COO).",https://www.ispreview.co.uk/index.php/2025/03/full-fibre-broadband-isp-hyperoptic-appoint-openreach-vet-as-coo.html,13th Mar 2025
https://www.ispreview.co.uk/,YouFibre Become First UK ISP to Take 400G Port at LINX Manchester,"Alternative UK broadband provider YouFibre , which is one of the retail outlets for Netomnia ’s ( Brsk ) growing 10Gbps capable Fibre-to-the-Premises (FTTP) network, today claims to have become the first ISP to take a 400G (Gbps) port at the London Internet Exchange’s (LINX) regional interconnection hub in the North – LINX Manchester.",https://www.ispreview.co.uk/index.php/2025/03/youfibre-become-first-uk-isp-to-take-400g-port-at-linx-manchester.html,13th Mar 2025
https://www.ispreview.co.uk/,Streetwave to Map 4G and 5G Mobile Cover Across Liverpool City Region,"As hinted last week ( here ), network analyst firm Streetwave has confirmed that they’ve won yet another contract to map 4G and 5G based mobile broadband coverage using bin lorries, which will this time focus on the Liverpool City Region in Merseyside (England) and some 7,000km of the UK’s road network.",https://www.ispreview.co.uk/index.php/2025/03/streetwave-to-map-4g-and-5g-mobile-cover-across-liverpool-city-region.html,12th Mar 2025
https://www.ispreview.co.uk/,Mayor of London Releases Interactive Map of City Broadband Speeds,"The Mayor of London , Sadiq Khan has this week published a new interactive map that shows how broadband speed availability varies across the city by postcode and where improvements may be needed.",https://www.ispreview.co.uk/index.php/2025/03/london-assembly-release-interactive-map-of-city-broadband-speeds.html,12th Mar 2025
https://www.ispreview.co.uk/,CityFibre’s UK Full Fibre Broadband Network Suffering Disruption UPDATE2,"Customers from a number of broadband ISPs on CityFibre ’s national Fibre-to-the-Premises ( FTTP ) network – covering 4.3 million UK premises (4.1m RFS) – appear to be experiencing sporadic service issues this morning, which range from disconnection events to problems with high network packet loss and latency.",https://www.ispreview.co.uk/index.php/2025/03/cityfibres-uk-full-fibre-broadband-network-suffering-disruption.html,12th Mar 2025
https://www.ispreview.co.uk/,Rocket Fibre to Disconnect Legacy UK Wireless Broadband Users,"Alternative network operator and ISP Rocket Fibre , which is in the process of expanding their Fibre-to-the-Premises ( FTTP ) broadband network across more of Northamptonshire ( here ), has caused concern after they notified their legacy base of Fixed Wireless Access (FWA) customers that they would “cease providing” the service from 31st March 2025.",https://www.ispreview.co.uk/index.php/2025/03/rocket-fibre-to-disconnect-legacy-uk-wireless-broadband-users.html,12th Mar 2025
https://www.ispreview.co.uk/,BDUK Reveal Benefits and Impacts of UK Superfast Broadband Rollout,"The Government’s Building Digital UK (BDUK) agency has posted a final evaluation of the previous ‘Superfast Broadband Programme’ (UK National Broadband Scheme), which reveals the various “economic, social, and environmental benefits” from the previous project to extend “superfast” (30Mbps+) coverage – run between 2016 and 2022.",https://www.ispreview.co.uk/index.php/2025/03/bduk-reveal-benefits-and-impacts-of-uk-superfast-broadband-rollout.html,11th Mar 2025
https://www.ispreview.co.uk/,EE UK Sees Positive Result from Trial of New Content Delivery Tech for TV Services,"Broadband ISP and mobile operator EE has today revealed the results from last year’s trial delivery of TV content via a new Content Delivery Network (CDN) technology, which reflects BT ’s effort to integrate their “world’s first” MAUD (Multicast-Assisted Unicast Delivery) solution into their CDN (originally Edgio).",https://www.ispreview.co.uk/index.php/2025/03/ee-uk-sees-positive-result-from-trial-of-new-content-delivery-tech-for-tv-services.html,11th Mar 2025
https://www.ispreview.co.uk/,Vodafone UK and Ericsson Trial AI Tech to Improve 5G Energy Efficiency,Broadband and mobile operator Vodafone UK has today announced that they’ve successfully conducted trials with Ericsson of three new Artificial Intelligence (AI) and Machine Learning (ML) powered software solutions. This showed that they were able to reduce the daily power consumption of their 5G radio units by 33%.,https://www.ispreview.co.uk/index.php/2025/03/vodafone-uk-and-ericsson-trial-ai-tech-to-improve-5g-energy-efficiency.html,11th Mar 2025
https://www.ispreview.co.uk/,PXC Signs Wholesale Deal to Harness Trooli’s UK FTTP Broadband Network,"Network provider PlatformX Communications (PXC), which was previously known as Talk Talk Wholesale before the demerger ( here ), has today announced that they’ve signed a new wholesale partnership to access Trooli ’s alternative full fibre (FTTP) broadband network in England.",https://www.ispreview.co.uk/index.php/2025/03/pxc-signs-wholesale-deal-to-harness-troolis-uk-fttp-broadband-network.html,11th Mar 2025
https://www.ispreview.co.uk/,Virgin Media O2 Invest £700m into UK 4G and 5G Mobile Upgrades for 2025,"Mobile operator O2 ( Virgin Media ) has today announced that they’ll invest the equivalent to approximately £700m this year into their ongoing Mobile Transformation Plan (MTP). This is aimed at enhancing network coverage and performance via new masts, small cells, 4G and 5G upgrades, additional spectrum deployment and increased automation via AI.",https://www.ispreview.co.uk/index.php/2025/03/virgin-media-o2-invest-700m-into-uk-4g-and-5g-mobile-upgrades-for-2025.html,11th Mar 2025
https://www.ispreview.co.uk/,CityFibre Target 850k UK Homes Covered by Full Fibre Altnets for Consolidation,"A new research note from James Ratzer at New Street Research has claimed that CityFibre , which have already deployed their full fibre broadband (FTTP) ISP network to cover 4.3 million UK premises (4.1m RFS), is making progress on their plans for future consolidation and already has “up to” 850,000 homes served by other alternative networks “under M&A exclusivity“.",https://www.ispreview.co.uk/index.php/2025/03/cityfibre-target-850k-uk-homes-covered-by-full-fibre-altnets-for-consolidation.html,11th Mar 2025
https://www.ispreview.co.uk/,Hope for Broadband and Mobile Boost as UK Gov to Publish Planning Bill,"The UK Internet Service Providers Association ( ISPA ) has called on the government to be “bold and brave” when they publish their new Planning and Infrastructure Bill (PIB) tomorrow, which it’s hoped may contain some measures that will benefit the roll-out of gigabit broadband and 4G / 5G mobile networks.",https://www.ispreview.co.uk/index.php/2025/03/hope-for-broadband-and-mobile-boost-as-uk-gov-to-publish-planning-bill.html,10th Mar 2025
https://www.ispreview.co.uk/,Government Invests £23m into Cutting Edge UK Telecoms R&D,"The UK Government’s Science and Technology Secretary, Peter Kyle, has today outlined a raft of new investments, reforms and appointments aimed at “supercharging innovation and helping to grow the economy“, which among other things includes an investment of £23m into “cutting edge telecoms research and deployment“.",https://www.ispreview.co.uk/index.php/2025/03/government-invests-23m-into-cutting-edge-uk-telecoms-rd.html,10th Mar 2025
https://www.ispreview.co.uk/,Alternative Broadband Networks Zzoomm and FullFibre Complete UK Merger,"Alternative broadband operators Zzoomm and FullFibre Limited ( Fibre Heroes ), both of which have been rolling out multi-gigabit speed capable Fibre-to-the-Premises (FTTP) ISP networks across different parts of the UK, have today confirmed the completion of their recently announced merger ( here ). The deal has received all the necessary regulatory approvals.",https://www.ispreview.co.uk/index.php/2025/03/alternative-broadband-networks-zzoomm-and-fullfibre-complete-uk-merger.html,10th Mar 2025
https://www.ispreview.co.uk/,Ofcom Propose Part of 1900MHz Band for 5G Mobile on UK Rail Network,"The UK telecoms regulator, Ofcom , has today proposed to make part of the 1900MHz radio spectrum band (1900-1920MHz), which was previously awarded for mobile operators but has since gone unused, available for use by both the UK’s rail network (5G mobile / broadband services) and to extend coverage for the 4G Emergency Services Network (ESN).",https://www.ispreview.co.uk/index.php/2025/03/ofcom-propose-part-of-1900mhz-band-for-5g-mobile-on-uk-rail-network.html,10th Mar 2025
https://www.ispreview.co.uk/,"Anchor Confirm WiFi Upgrade for 1,700 Housing and Care Locations in England","England’s largest not-for-profit provider of housing and care for people in later life, Anchor , has today revealed that they’re working with Managed ISP Wifinity to deploy faster Wi-Fi infrastructure across its almost 1,700 housing locations and care homes – serving more than 65,000 residents in almost 55,000 homes.",https://www.ispreview.co.uk/index.php/2025/03/anchor-confirm-wifi-upgrade-for-1700-housing-and-care-locations-in-england.html,10th Mar 2025
https://www.ispreview.co.uk/,Confusion Surrounds Sky UK’s Position on End of Contract TV Notifications,"Ofcom ’s rules require that all “phone, broadband and pay-TV providers” must “warn customers when their current contract is ending, and what they could save by signing up to a new deal” (usually sent between 10-40 days before the end of your contract). But an ongoing legal challenge makes the situation for customers of Sky TV a bit more confusing.",https://www.ispreview.co.uk/index.php/2025/03/confusion-surrounds-sky-uks-position-on-end-of-contract-tv-notifications.html,10th Mar 2025
https://www.ispreview.co.uk/,Strategic Shift as BT No Longer Being Ditched as UK Consumer Brand,"Broadband and telecoms giant BT appears to have confirmed that their strategy of turning EE into the group’s “flagship brand for our consumer customers”, which was eventually expected to result in the BT brand focusing more on business customers, will no longer result in the original brand being retired for consumer products.",https://www.ispreview.co.uk/index.php/2025/03/strategic-shift-as-bt-no-longer-being-ditched-as-uk-consumer-brand.html,8th Mar 2025
https://www.ispreview.co.uk/,SHiFT Bring Together UK Full Fibre Operators to Improve Health and Safety,"The SHiFT Group (Safety & Health in Fibre Telecoms), which was setup a few years ago to help improve health and safety practices and standards across the UK’s fibre broadband industry, has informed ISPreview that they will once again be bringing network operators together at a conference on 2nd April 2025 – at the Heart of England Events and conferencing centre.",https://www.ispreview.co.uk/index.php/2025/03/shift-bring-together-uk-full-fibre-operators-to-improve-health-and-safety.html,7th Mar 2025
https://www.ispreview.co.uk/,Freedom Fibre Drops Out of Project Gigabit Broadband Contract for Cheshire UK,"The Government’s Building Digital UK (BDUK) agency has just unexpectedly announced that alternative network provider Freedom Fibre has “mutually agreed to terminate” the £43m (state aid) Project Gigabit broadband roll-out contract for Cheshire (Lot 17), which would have expanded a full fibre ( FTTP ) network to 15,000 premises in hard to reach areas.",https://www.ispreview.co.uk/index.php/2025/03/freedom-fibre-drops-out-of-project-gigabit-broadband-contract-for-cheshire-uk.html,7th Mar 2025
https://www.ispreview.co.uk/,Virgin Media UK Add 2 New FAST TV Channels to Service for Free,"Customers of broadband ISP Virgin Media ( O2 ), specifically those who take Pay TV services via one of the provider’s TV 360, Stream or v6 box platforms, may like to know that the company has just added two new FAST (Free Ad-Supported Streaming Television) channels to its TV service “at no extra cost“.",https://www.ispreview.co.uk/index.php/2025/03/virgin-media-uk-add-2-new-fast-tv-channels-to-service-for-free.html,7th Mar 2025
https://www.ispreview.co.uk/,Broadband ISP Connect Fibre Add Wi-Fi 7 At No Extra Cost for UK Homes,"Alternative broadband operator and UK ISP Connect Fibre , which aimed to cover 100,000 premises across the East of England with their gigabit-capable full fibre ( FTTP ) network, has this morning announced the launch of Wi-Fi 7 capable routers “across all its contracted fibre broadband packages” and at “no additional cost“. But that’s not the only change.",https://www.ispreview.co.uk/index.php/2025/03/broadband-isp-connect-fibre-add-wi-fi-7-at-no-extra-cost-for-uk-homes.html,7th Mar 2025
https://www.ispreview.co.uk/,Customers of Broadband ISP Lit Fibre Gain Access to CityFibre’s UK Network,"As expected following last year’s merger agreement, broadband ISP Lit Fibre has today announced that customers of their service now have access to take packages over CityFibre ’s national full fibre (FTTP) network too, which is currently available to over 4.3 million UK premises (4.1m RFS).",https://www.ispreview.co.uk/index.php/2025/03/customers-of-broadband-isp-lit-fibre-gain-access-to-cityfibres-uk-network.html,6th Mar 2025
https://www.ispreview.co.uk/,INCA Calls on UK Gov to Focus on Full Fibre in New Industrial Strategy,"The Independent Networks Co-operative Association (INCA), which represents many of the UK’s alternative gigabit broadband operators, has today called on the UK government to ensure that their future Industrial Strategy “prioritises digital infrastructure“. The group wants this to be supported by a national campaign to promote full fibre-adoption, among other things.",https://www.ispreview.co.uk/index.php/2025/03/inca-calls-on-uk-gov-to-focus-on-full-fibre-in-new-industrial-strategy.html,6th Mar 2025
https://www.ispreview.co.uk/,LightSpeed Broadband Expand FTTP to Tamworth in Staffordshire UK,"Alternative network operator and UK ISP LightSpeed Broadband , which has so far built their 2Gbps speed full fibre (FTTP) network to cover 250,000 premises across the East of England and West Midlands, have today celebrated their expansion into the Staffordshire market town of Tamworth with a “Drone Show“.",https://www.ispreview.co.uk/index.php/2025/03/lightspeed-broadband-expand-fttp-to-tamworth-in-staffordshire-uk.html,6th Mar 2025
https://www.ispreview.co.uk/,Vodafone Challenges Open Internet Net Neutrality Protections Again,"The public policy team from broadband and mobile operator Vodafone (UK) has, once again, started a debate over the future of Net Neutrality rules (i.e. protecting the open internet from abuse by network operators) and warned that “telecoms networks are not infinite … [and] … overconsumption of this valuable and finite resource is already putting them at risk of degradation and depletion“.",https://www.ispreview.co.uk/index.php/2025/03/vodafone-challenges-open-internet-net-neutrality-protections-again.html,6th Mar 2025
https://www.ispreview.co.uk/,Virgin Media UK Start Making XGS-PON Full Fibre Upgrade Available,"Last month we reported that broadband ISP Virgin Media ( O2 ) were gearing up to start making their new XGS-PON powered full fibre (FTTP) network upgrade available to homes in existing coax (cable) areas ( here ), which was expected to occur in March 2025. Since then we’ve observed a growing number of areas where the service and symmetric speeds of 2Gbps are now becoming available, albeit with a catch.",https://www.ispreview.co.uk/index.php/2025/03/virgin-media-uk-start-making-xgs-pon-full-fibre-upgrade-available.html,6th Mar 2025
https://www.ispreview.co.uk/,Smarty UK Launch New TV Campaign and Cheap 4x Mobile Data Plans,"Smarty , which is a virtual mobile operator (MVNO) on Three UK ’s network, has recently introduced two plans that offer 32GB of mobile broadband data for £7 per month (normally 8GB) and 12GB for £6 (normally 5GB) – available until the end of March 2025 and lasting for 15 consecutive months. The move supports their new “Less Malarkey, More SMARTY ” TV campaign.",https://www.ispreview.co.uk/index.php/2025/03/smarty-uk-launch-new-tv-campaign-and-cheap-4x-mobile-data-plans.html,5th Mar 2025
https://www.ispreview.co.uk/,ISP Virgin Media UK Discounts Broadband Prices for March 2025,"New customers looking to sign-up with broadband ISP Virgin Media (O2) might like to know that the provider has just introduced some bigger discounts across their range of standalone broadband and bundle packages. For example, Virgin’s 1Gbps package is now just £36.99 per month on an 18-month minimum term (price increases to £40.49 from April 2026).",https://www.ispreview.co.uk/index.php/2025/03/isp-virgin-media-uk-discounts-broadband-prices-for-march-2025.html,5th Mar 2025
https://www.ispreview.co.uk/,Virgin Media Find Tuesdays are the Biggest for UK Broadband Usage,"Network data from broadband ISP Virgin Media has revealed that Tuesday is the UK’s new “big night in“, with evening peak (between 8-10pm) internet traffic pushing higher than on any other day of the week – usually driven by online video gaming (mostly big update/patch downloads) and TV sports events (streaming).",https://www.ispreview.co.uk/index.php/2025/03/virgin-media-find-tuesdays-are-the-biggest-for-uk-broadband-usage.html,4th Mar 2025
https://www.ispreview.co.uk/,"Netomnia Builds 10Gbps Broadband to 50,000 Premises in Swansea","Alternative network operator Netomnia ( Brsk and ISP YouFibre ), which has already expanded their 10Gbps capable Fibre-to-the-Premises (FTTP) broadband network to cover 2.08 million premises (RFS) across over 90 UK cities and towns, have today confirmed that their roll-out in Swansea (Wales) has reached 50,000 premises.",https://www.ispreview.co.uk/index.php/2025/03/netomnia-builds-10gbps-broadband-to-50000-premises-in-swansea.html,4th Mar 2025
https://www.ispreview.co.uk/,Progress Update as New Greenwich Full Fibre Network Expands in London,"The Digital Greenwich Connect (DGC) project, which is as Joint Venture (JT) between DG Cities, the Royal Borough of Greenwich’s Innovation Company, and full fibre broadband provider ITS Technology , has today announced the next phase of their network expansion, which will now cover both Woolwich and Eltham town centre.",https://www.ispreview.co.uk/index.php/2025/03/progress-update-as-new-greenwich-full-fibre-network-expands-in-london.html,4th Mar 2025
https://www.ispreview.co.uk/,Garforth Residents Vent Anger Over Giggle Fibre’s FTTP Pole Deployment,"Residents in part of Garforth, which is a town in the metropolitan borough of the City of Leeds (England), have vented anger at alternative network operator Giggle Fibre (aka – Giggle , Giggle Broadband , Giggle Holdings ) and pledged to “boycott the service” after they complained it had started deploying lots of “unsightly” new poles for their full fibre broadband network.",https://www.ispreview.co.uk/index.php/2025/03/garforth-residents-vent-anger-over-giggle-fibres-fttp-pole-deployment.html,4th Mar 2025
https://www.ispreview.co.uk/,Wavemobile Warn UK 2G Switch-off May Impact Sizeable Number of Devices,"A number of mobile operators, including O2 and EE , have already set out tentative plans for phasing-out existing 2G mobile services. But new data supplied by rural connectivity provider Wavemobile suggests that quite a few connections are still 2G-only, and thus closing the service will be more complex than the prior 3G switch-off.",https://www.ispreview.co.uk/index.php/2025/03/wavemobile-warn-uk-2g-switch-off-may-impact-sizeable-number-of-devices.html,4th Mar 2025
https://www.ispreview.co.uk/,BT Warns One in Five Small UK Firms Still on “Analogue” Lines,"Telecoms giant BT migrated 300,000 UK business customers away from legacy phone lines and on to digital broadband and phone solutions in 2024. But the provider claims that 22% of small businesses still see themselves as “analogue“, relying on tools like traditional landlines, paper contracts and fax machines, which must change before the old service is switched-off.",https://www.ispreview.co.uk/index.php/2025/03/bt-warns-one-in-five-small-uk-firms-still-on-analogue-lines.html,4th Mar 2025
https://www.ispreview.co.uk/,Gigaclear Complete FTTP Broadband Build to Large Oxfordshire Village,"Abingdon-based rural UK ISP Gigaclear has confirmed the completion of their gigabit broadband roll-out across the large South Oxfordshire (England) village of Sonning Common. The work to deploy their full fibre network across the village started in 2023 and a total of over 2,000 premises can now access the new service.",https://www.ispreview.co.uk/index.php/2025/03/gigaclear-complete-fttp-broadband-build-to-large-oxfordshire-village.html,4th Mar 2025
https://www.ispreview.co.uk/,Honest Mobile Launches New UK eSIM Based Smart SIM Plan,"Crowdfunded mobile operator Honest Mobile , which harnesses Three UK ’s network via a Mobile Virtual Network Operator (MVNO) agreement, has today announced the launch of a “first-of-its-kind SIM” plan – Smart SIM – that is multi-network and designed to tackle expensive global roaming, as well as poor UK phone signals.",https://www.ispreview.co.uk/index.php/2025/03/honest-mobile-launches-new-uk-esim-based-smart-sim-plan.html,3rd Mar 2025
https://www.ispreview.co.uk/,AllPoints Fibre Signs Strategic UK Partnership with Daisy Communications,Broadband network operator AllPoints Fibre (APFN) has today signed a new “long-term” strategic partnership with UK business ISP Daisy Communications . The deal will see Daisy both take on APFN’s B2B customers and harness their new aquila wholesale platform to access and sell products via their national Fibre-to-the-Premises ( FTTP ) network.,https://www.ispreview.co.uk/index.php/2025/03/allpoints-fibre-signs-strategic-uk-partnership-with-daisy-communications.html,3rd Mar 2025
https://www.ispreview.co.uk/,New Survey Reveals Best and Worst UK Cities and ISPs for Broadband Reliability,"New research from Broadband Genie , which surveyed 3,200 people across the UK, claims to have identified the best and worst cities, as well as internet providers, for broadband reliability. Overall, Gloucester was named as the best UK city for reliability (only 8% experienced outages last year), while Belfast (51%) was the worst.",https://www.ispreview.co.uk/index.php/2025/03/new-survey-reveals-best-and-worst-uk-cities-and-isps-for-broadband-reliability.html,3rd Mar 2025
https://www.ispreview.co.uk/,Vodafone UK Tests IBM Quantum Safe Tech for Internet Security,"Customers of Vodafone UK’s mobile and broadband services, specifically those that also use their internet anti-malware ‘Secure Net‘ service (included with their ‘Pro II Broadband’ packages), may in the near future be able to benefit from quantum-safe cryptography after the operator collaborated with IBM on a new Proof of Concept (PoC) test.",https://www.ispreview.co.uk/index.php/2025/03/vodafone-uk-tests-ibm-quantum-safe-tech-for-internet-security.html,3rd Mar 2025
https://www.ispreview.co.uk/,Study Claims 40 Percent of UK 5G Mobile Connections are Really 4G,"New research from SignalTracker , which runs a popular Android mobile app (but not iOS) for monitoring and examining mobile phone reception, appears to show that although your handset may say 5G, it frequently only has a 4G connection. In UK samples, when the 5G icon was displaying, 38% of tests were in fact found to be a 4G connection.",https://www.ispreview.co.uk/index.php/2025/03/study-claims-40-percent-of-uk-5g-mobile-connections-are-really-4g.html,3rd Mar 2025
https://www.ispreview.co.uk/,Firefighters Called to Blaze at BT’s Adastral Park Research Site UPDATE,Multiple Suffolk Fire and Rescue crews were called in late yesterday morning to tackle a blaze at the first floor of an office block on BT ’s research and development focused Adastral Park site near Ipswich. The business park is home to around 150 other ICT companies that contribute toward both BT and their own development.,https://www.ispreview.co.uk/index.php/2025/03/firefighters-called-to-blaze-at-bts-adastral-park-research-site.html,2nd Mar 2025
https://www.ispreview.co.uk/,Streetwave to Map 4G and 5G Mobile Coverage Across East Midlands,"Network analyst firm Streetwave has revealed that they’ve won another contract, this time via the Derbyshire County Council (DCC) in England, to map 4G and 5G mobile broadband coverage across another 10,000km of the UK’s road network in the East Midlands of England, using bin lorries.",https://www.ispreview.co.uk/index.php/2025/03/streetwave-to-map-4g-and-5g-mobile-coverage-across-east-midlands.html,2nd Mar 2025
https://www.ispreview.co.uk/,Northern Telecom Acquires Wireless Broadband Provider Dyfed Telecom,"Good news. Business broadband ISP and communications provider Northern Telecom , which normally focuses on serving the North of England, has announced the acquisition of Wales-focused wireless provider Dyfed Telecom . The move comes shortly after HMRC filed a winding-up petition against the Kidwelly-based business ( here ).",https://www.ispreview.co.uk/index.php/2025/03/northern-telecom-acquires-wireless-broadband-provider-dyfed-telecom.html,1st Mar 2025
https://www.ispreview.co.uk/,CityFibre Closing in on £500m UK FTTP Broadband Funding Deal,"Alternative network operator CityFibre , which has so far deployed their 2.5Gbps speed Fibre-to-the-Premises ( FTTP ) based broadband ISP network to cover 4.3 million UK premises (4.1m RFS), is reportedly close to reaching agreement on a much needed £500m equity financing deal to support its existing roll-out and fuel consolidation.",https://www.ispreview.co.uk/index.php/2025/03/cityfibre-closing-in-on-500m-uk-fttp-broadband-funding-deal.html,1st Mar 2025
https://www.ispreview.co.uk/,Netomnia Broadband ISP YouFibre to Launch UK Mobile Plans in 2025,"The CEO of alternative broadband operator Netomnia , Jeremy Chelot, has provided a small update on what was previously merely a future aspiration to potentially introduce a mobile phone service to their retail ISP YouFibre (inc. Brsk ). The plan now is to launch their first mobile plans sometime this year.",https://www.ispreview.co.uk/index.php/2025/03/netomnia-isp-youfibre-plans-to-launch-uk-mobile-plans-in-2025.html,1st Mar 2025
https://www.ispreview.co.uk/,Internet Voice Provider Skype to Close Service in May 2025,"In somewhat of a surprising development, global software and technology giant Microsoft has just announced that they intend to close one of the internet’s most familiar Voice-over-Internet Protocol ( VoIP ) style brands, Skype, during May 2025.",https://www.ispreview.co.uk/index.php/2025/02/internet-voip-provider-skype-to-close-service-in-may-2025.html,28th Feb 2025
https://www.ispreview.co.uk/,MultiGig Broadband ISP Yayzi Goes Live with UK Mobile Plans,"Back in May 2024 we reported ( here ) that internet provider Yayzi Broadband were preparing to make some big changes, not least by launching a Mobile (SIM) service. The good news is that the ISP recently put their new mobile service live, which is harnessing Three UK ’s national 4G and 5G network.",https://www.ispreview.co.uk/index.php/2025/02/multigig-broadband-isp-yayzi-goes-live-with-uk-mobile-plans.html,28th Feb 2025
https://www.ispreview.co.uk/,Broadband ISP Cuckoo Offers Bill Credits to Cycling UK Members,"Internet provider Cuckoo , which is the retail full fibre (FTTP) ISP for the consolidated AllPoints Fibre (Fern Trading) network and also offers packages via Openreach and CityFibre ’s networks, has launched a new offer for Cycling UK’s 70,000 members that gives them a £50 bill credit when they join the service.",https://www.ispreview.co.uk/index.php/2025/02/broadband-isp-cuckoo-offers-bill-credit-to-cycling-uk-members.html,28th Feb 2025
https://www.ispreview.co.uk/,Quickline Build FTTP to 2 Villages in Yorkshire Project Gigabit Broadband Rollout,"Alternative network operator and UK ISP Quickline has today issued a small progress update on their £44m state aid supported gigabit broadband roll-out contract for South Yorkshire (Lot 20 – here ) in England, which aims to reach 32,100 additional premises in hard-to-reach rural areas (plus 29,000 via a complementary commercial build).",https://www.ispreview.co.uk/index.php/2025/02/quickline-build-fttp-to-2-villages-in-yorkshire-project-gigabit-broadband-rollout.html,28th Feb 2025
https://www.ispreview.co.uk/,Openreach to Start Closure of 105 National UK Exchanges in April 2025,"Network operator Openreach (BT) has confirmed that they will kick off their project to close around 4,600 of their legacy exchanges from 1st April 2025, starting with the introduction of a “stop sell” on new service provisions for an initial batch of 105 sites (due to complete by around 2030/31). This will impact various broadband, PIA and Ethernet services from ISPs.",https://www.ispreview.co.uk/index.php/2025/02/openreach-to-start-closure-of-105-national-uk-exchanges-in-april-2025.html,28th Feb 2025
https://www.ispreview.co.uk/,"ISPs BT, EE, Plusnet and Vodafone Tweak UK Broadband Pricing Policies","Several broadband and mobile operators, including Vodafone , BT, EE , and Plusnet , have this week notified of a small but useful tweak to their mid-contract price hikes policy, which means that new customers who sign-up will not be hit by the price increase that was previously due to start around the end of March 2025.",https://www.ispreview.co.uk/index.php/2025/02/isps-bt-ee-plusnet-and-vodafone-tweak-uk-broadband-pricing-policies.html,28th Feb 2025
https://www.ispreview.co.uk/,Wireless and UK Satellite Broadband ISP Brdy Facing Insolvency UPDATE2,"Satellite internet provider Brdy , which offered a mix of satellite and wireless (5G) broadband solutions to rural parts of the UK, appears to be in difficulty after customers of the service started reporting a lack of support and connection problems. Shortly after that, the same users noted how their accounts had been taken over by rival ISP Bentley Telecom .",https://www.ispreview.co.uk/index.php/2025/02/wireless-and-uk-satellite-broadband-isp-brdy-facing-insolvency.html,28th Feb 2025
https://www.ispreview.co.uk/,Openreach Reveal UK Price for 1Gbps Symmetric FTTP Broadband UPDATE,"Network access provider Openreach ( BT ) has just revealed how much they’ll charge ISPs for their new symmetric 1Gbps speed Fibre-to-the-Premises ( FTTP ) based broadband package, which is due to launch on 1st April 2025 and will initially only be available to locations being covered as part of their rural Project Gigabit contracts ( here ).",https://www.ispreview.co.uk/index.php/2025/02/openreach-reveal-uk-price-for-1gbps-symmetric-fttp-broadband.html,27th Feb 2025
https://www.ispreview.co.uk/,Alternative Cornwall UK Broadband Network Wildanet to Cut Jobs UPDATE,"More bad news today as alternative rural broadband ISP Wildanet , which is busy deploying a gigabit speed full fibre ( FTTP ) network across rural parts of Cornwall and Devon in England, has revealed that “external forces” have pushed them into a period of restructuring that is expected to result in a loss of up to 35 jobs (roughly 18% of the workforce).",https://www.ispreview.co.uk/index.php/2025/02/alternative-cornwall-uk-broadband-network-wildanet-to-cut-jobs.html,27th Feb 2025
https://www.ispreview.co.uk/,Sky Business to Boost WiFi and Broadband for 787 UK Caffe Nero Stores,"Broadband ISP Sky Business (Sky UK) has announced a new multi-year agreement with Caffè Nero, the premium coffee house group, which will see them upgrade the digital infrastructure of 787 stores in The Caffè Nero Group (about 90% of their estate) across the United Kingdom.",https://www.ispreview.co.uk/index.php/2025/02/sky-business-to-boost-wifi-and-broadband-for-787-uk-caffe-nero-stores.html,27th Feb 2025
https://www.ispreview.co.uk/,KCOM to Close Mini Library Inside Classic Phone Box Due to Fire Risk,"Hull-based phone and broadband ISP KCOM , which have deployed a full fibre (FTTP) network across 305,000 premises in parts of East Yorkshire and Lincolnshire (England), has taken the decision to close a tiny “community library” in Skidby, that was set up during 2020 inside the village phone box, because it posed a “serious fire risk“.",https://www.ispreview.co.uk/index.php/2025/02/kcom-to-close-mini-library-inside-classic-phone-box-due-to-fire-risk.html,27th Feb 2025
https://www.ispreview.co.uk/,Court Orders Big UK ISPs to Block Pirated Israel TV Streaming Sites,"Most of the major broadband ISPs in the United Kingdom ( BT , Sky Broadband , Virgin Media , TalkTalk , EE and Plusnet ) have just been handed a new court order to block an Israel TV video streaming site, which was found to have been facilitating internet copyright infringement (piracy).",https://www.ispreview.co.uk/index.php/2025/02/court-orders-big-uk-isps-to-block-pirated-israel-tv-streaming-sites.html,27th Feb 2025
https://www.ispreview.co.uk/,"Virgin Media UK Expand FTTP Broadband to 6,000 Homes in Falconwood","Network operator nexfibre and supporting retail broadband ISP partner Virgin Media ( O2 ), which share some of the same parentage, have today announced that they’ve expanded the reach of their symmetric 2Gbps speed capable Fibre-to-the-Premises (FTTP) network to more than 6,000 homes in the Falconwood area of South East London for the first time.",https://www.ispreview.co.uk/index.php/2025/02/virgin-media-uk-expand-fttp-broadband-to-6000-homes-in-falconwood.html,27th Feb 2025
https://www.ispreview.co.uk/,Spectrum Policy Forum Says AI Can Help Ofcom Manage UK Radio Waves,"A new study from the cross-industry UK Spectrum Policy Forum (UKSPF), which was conducted by Smith Institute and Spectrivity, has recommended that the telecoms regulator, Ofcom , should adopt Artificial Intelligence (AI) technologies to help manage the nation’s finite wireless radio spectrum more efficiently.",https://www.ispreview.co.uk/index.php/2025/02/spectrum-policy-forum-says-ai-can-help-ofcom-manage-uk-radio-waves.html,27th Feb 2025
https://www.ispreview.co.uk/,Long Running UK ISP Internet for Business Acquired by Converged Communication Solutions,"Aberdeen-based UK broadband and I.T solutions provider Internet for Business (IFB), which was first established all the way back in 1995, has been acquired by Converged Communication Solutions (CCS) for an undisclosed sum and after briefly falling into administration on 19th February 2025.",https://www.ispreview.co.uk/index.php/2025/02/long-running-uk-isp-internet-for-business-acquired-by-converged-communication-solutions.html,27th Feb 2025
https://www.ispreview.co.uk/,10 Government Funded 4G Mobile Mast Upgrades Go Live in Scotland,"Digital Mobile Spectrum Limited (DMSL), which represents the four major UK mobile operators ( EE , O2 , Vodafone and Three UK ), has today confirmed that 10 more government-funded rural 4G (mobile broadband) mast upgrades have just gone live in Scotland as part of the industry-led £1bn Shared Rural Network (SRN) project.",https://www.ispreview.co.uk/index.php/2025/02/10-government-funded-4g-mobile-mast-upgrades-go-live-in-scotland.html,26th Feb 2025
https://www.ispreview.co.uk/,Ookla Examine WiFi 6 vs 7 Performance of EE’s UK Broadband Routers,"Internet connection benchmarking firm Ookla , which operates the popular Speedtest.net broadband and mobile testing service, has published an interesting new study that looks at the adoption of different WiFi standards and performance across the world. But the study also highlights the performance impact of EE’s (BT) new Wi-Fi 7 capable routers in the UK.",https://www.ispreview.co.uk/index.php/2025/02/ookla-examine-wifi-6-vs-7-performance-of-ees-uk-broadband-routers.html,26th Feb 2025
https://www.ispreview.co.uk/,ISP Sky Broadband UK Promises to Fix Router WiFi Calling Bug,"Internet provider Sky Broadband has promised customers of their service, specifically those connecting via the latest ‘Sky Max Hub‘ router, that a fix is on the way for a long-running bug that appears to be preventing users from being able to use Wi-Fi Calling when on their home network.",https://www.ispreview.co.uk/index.php/2025/02/isp-sky-broadband-uk-promises-to-fix-router-wifi-calling-bug.html,26th Feb 2025
https://www.ispreview.co.uk/,Jurassic Fibre Broadband ISP Customers Hit by UK Price Rises,"Exeter-based broadband ISP Jurassic Fibre , which is now part of the wider AllPointsFibre network that delivers FTTP broadband across various locations, has recently informed existing customers of a price increase to their service. The news has come as a surprise to some users, including those who previously benefitted from a 50% “Forever” discount.",https://www.ispreview.co.uk/index.php/2025/02/jurassic-fibre-broadband-isp-customers-hit-by-uk-price-rises.html,26th Feb 2025
https://www.ispreview.co.uk/,Broadband and Mobile Providers Pledge to Help UK Gov Improve Digital Skills,"The UK government has today set out its plan for increasing digital skills to help “deliver growth and opportunity for all“, which among other things includes various pledges from key ISPs and mobile operators (e.g. BT, CityFibre , Vodafone etc.) to help support the initiative and break down the digital divide that still exists for many people.",https://www.ispreview.co.uk/index.php/2025/02/broadband-and-mobile-providers-pledge-to-help-uk-gov-improve-digital-skills.html,26th Feb 2025
https://www.ispreview.co.uk/,Adtran’s Full Fibre Tech Powers 8.6 Million of Openreach’s UK Premises,"Network technology firm Adtran has revealed that their Software-Defined (SD), open and disaggregated SDX Optical Line Terminal (OLT) platform now powers 8.6 million UK premises passed on Openreach ’s (BT) new Fibre-to-the-Premises (FTTP) network, managed by Mosaic CP. This is said to reflect about 30% of their national full fibre network.",https://www.ispreview.co.uk/index.php/2025/02/adtrans-full-fibre-tech-powers-8-6-million-of-openreachs-uk-premises.html,25th Feb 2025
https://www.ispreview.co.uk/,KCOM and Nokia to Deploy 10Gbps Capable FTTP Broadband by Late 2025 UPDATE,"Hull-based broadband ISP KCOM , which has spent the past few years deploying a new full fibre (FTTP) network across 305,000 premises in parts of East Yorkshire and Lincolnshire (England), has today revealed that they’re working with Nokia to deploy their 10Gbps XGS-PON technology across the network and 25G PON in the future.",https://www.ispreview.co.uk/index.php/2025/02/kcom-and-nokia-to-deploy-10gbps-capable-fttp-broadband-by-late-2025.html,25th Feb 2025
https://www.ispreview.co.uk/,Quickline See Project Gigabit Broadband Progress in Lincolnshire and the East Yorkshire,"UK ISP Quickline has today given a progress update on their £118.9m state aid backed contracts under the Government’s Project Gigabit broadband rollout scheme for Lincolnshire and the East Riding of Yorkshire (Lot 23), which will see their 10Gbps capable full fibre (FTTP) network being expanded to cover 72,000 premises in hard to reach rural areas.",https://www.ispreview.co.uk/index.php/2025/02/quickline-see-project-gigabit-broadband-progress-in-lincolnshire-and-the-east-yorkshire.html,25th Feb 2025
https://www.ispreview.co.uk/,NET CHECK Study Names Vodafone UK as London’s Best Mobile Network,"Mobile operator Vodafone UK has come top in a new network benchmarking study of 4G and 5G (broadband and calls) performance across London, which was conducted by the Berlin-based NET CHECK organisation and saw them score the highest number of ranking points (932.83 out of a possible 1,000 points).",https://www.ispreview.co.uk/index.php/2025/02/net-check-study-names-vodafone-uk-as-londons-best-mobile-network.html,25th Feb 2025
https://www.ispreview.co.uk/,BDUK Close Gigabit Broadband Vouchers for Newcastle and North Tyneside,"The Government’s Building Digital UK (BDUK) agency has made a change this week that closes their Gigabit Broadband Voucher Scheme (GBVS) for Newcastle and North Tyneside (Tyne and Wear), which means that local homes and businesses in poorly served rural areas can no longer apply for big grants to help get a much faster broadband ISP network installed.",https://www.ispreview.co.uk/index.php/2025/02/bduk-close-gigabit-broadband-vouchers-for-newcastle-and-north-tyneside.html,25th Feb 2025
https://www.ispreview.co.uk/,Hiya Finds 32 Percent of Unknown UK Calls are SPAM in Q4 2024,"The Q4 2024 Global Call Threat Report from Hiya , which works with broadband ISPs and mobile operators ( BT , EE , O2 , Virgin Media etc.) to help tackle SPAM and fraud calls, has revealed that UK residents received 4 spam calls per person each month (unchanged from Q3) and the percentage of unknown calls that are spam hit 32% (up from 28%).",https://www.ispreview.co.uk/index.php/2025/02/hiya-finds-32-percent-of-unknown-uk-calls-are-spam-in-q4-2024.html,25th Feb 2025
https://www.ispreview.co.uk/,Vodafone UK Trial Simultaneous Use of Multiple 5G Standalone Network Slices,Mobile operator Vodafone has announced that they’ve completed a new trial that showcased their ability to deliver multiple 5G Standalone (SA) network slices simultaneously for different use cases. This included one that delivered a seamless live video stream and another that was required to ensure guaranteed upload speeds for a photography agency at the same site.,https://www.ispreview.co.uk/index.php/2025/02/vodafone-uk-trial-simultaneous-use-of-multiple-5g-standalone-network-slices.html,25th Feb 2025
https://www.ispreview.co.uk/,London Ranks Bottom in MedUX Test of UK and EU 5G Mobile Performance,"Network testing and benchmarking firm MedUX has today previewed a new study, which examined the performance and quality of 5G (mobile broadband) networks from EE , O2 , Vodafone and Three UK across London. Sadly the results, which also tested 14 other major European cities, put the UK’s capital at the very bottom of the table.",https://www.ispreview.co.uk/index.php/2025/02/london-ranks-bottom-in-medux-test-of-uk-and-eu-5g-mobile-performance.html,25th Feb 2025
https://www.ispreview.co.uk/,Wireless Broadband Provider Dyfed Telecom Hit by Winding Up Petition,"Kidwelly-based wireless broadband provider and supplier Dyfed Telecom Limited, which over the past few years has helped to connect various premises in rural Wales to broadband using a mix of mobile (EE powered 4G/5G), satellite ( Starlink ) and WiFi based solutions, has suffered a blow after HMRC filed a winding-up petition against the business.",https://www.ispreview.co.uk/index.php/2025/02/wireless-broadband-provider-dyfed-telecom-hit-by-winding-up-petition.html,25th Feb 2025
https://www.ispreview.co.uk/,Starlink Quietly Add £8 Roaming Plan to UK Satellite Broadband Service,"SpaceX’s Starlink service, which offers ultrafast broadband speeds via a mega constellation of satellites in Low Earth Orbit (LEO), appears to have quietly added a new and super cheap £8 per month roaming plan for customers in the UK. But as usual, there are a few catches to consider.",https://www.ispreview.co.uk/index.php/2025/02/starlink-quietly-add-8-roaming-plan-to-uk-satellite-broadband-service.html,24th Feb 2025
https://www.ispreview.co.uk/,TOTSCo Clarifies Status of Change Freeze in UK ISP Switching Process,"The industry-led One Touch Switching Company (TOTSCo), which is the central messaging platform for implementing Ofcom ’s recently launched (Sept 2024) solution for easier and quicker consumer switching between broadband and phone providers ( One Touch Switching ), has caused some head scratching after clarifying the status of a key change freeze.",https://www.ispreview.co.uk/index.php/2025/02/totsco-clarifies-status-of-change-freeze-in-uk-isp-switching-process.html,24th Feb 2025
https://www.ispreview.co.uk/,UK ISP Virgin Media Suffers Broadband Outage After Routing Issue,Broadband ISP Virgin Media (O2) should now be coming back online after some of the provider’s customers suffered a partial outage of their internet connectivity this morning. This appears as if it could have stemmed from a peering/routing issue with some of their network partners (this may have also impacted other online services / providers).,https://www.ispreview.co.uk/index.php/2025/02/uk-isp-virgin-media-suffers-broadband-outage-after-routing-issue.html,24th Feb 2025
https://www.ispreview.co.uk/,Study Compares UK and EU 5G Standalone and NSA Mobile Broadband Speeds,"Network testing firm Ookla (i.e. Speedtest.net, Downdetector.co.uk) has today published an interesting new report that examines the adoption and performance of 5G Standalone (5GSA) based mobile broadband networks across the UK and Europe. This also compares the new technology against existing Non-Standalone (NSA) 5G networks.",https://www.ispreview.co.uk/index.php/2025/02/study-compares-uk-and-eu-5g-standalone-and-nsa-mobile-broadband-speeds.html,24th Feb 2025
https://www.ispreview.co.uk/,Eutelsat OneWeb in First Successful Trial of a 5G Non-Terrestrial Network,"European satellite operator Eutelsat has announced that their OneWeb network, which is a global constellation of broadband satellites in Low Earth Orbit (LEO) that is partly still supported by the UK government (11% stake), has just conducted the “world’s first successful trial” of a 5G Non-Terrestrial Network (NTN).",https://www.ispreview.co.uk/index.php/2025/02/eutelsat-oneweb-in-first-successful-trial-of-a-5g-non-terrestrial-network.html,24th Feb 2025
https://www.ispreview.co.uk/,Signs of Life as UK Broadband Altnet WhyFibre Spotted Building FTTP,"Four years have passed since we first reported on the emergence of a new alternative network (altnet) called WhyFibre ( here ). The operator had expressed a plan to build a new gigabit speed Fibre-to-the-Premises ( FTTP ) broadband ISP network across “underserved” parts of South England, but until recently they had appeared to be dormant.",https://www.ispreview.co.uk/index.php/2025/02/signs-of-life-as-uk-broadband-altnet-whyfibre-spotted-building-fttp.html,24th Feb 2025
https://www.ispreview.co.uk/,Virgin Media Set to Open Upgraded Full Fibre Network to UK Customers,"Several credible sources have informed ISPreview that broadband ISP Virgin Media (O2) is gearing up for an important new product launch, which is expected to occur in March 2025 (delays still possible). The expectation is that this will reflect the opening up of their new XGS-PON powered full fibre network in existing coax (cable) areas to live customers.",https://www.ispreview.co.uk/index.php/2025/02/virgin-media-set-to-open-upgraded-full-fibre-network-to-uk-customers.html,24th Feb 2025
https://www.ispreview.co.uk/,CEO of Broadband ISP Community Fibre Apologises After Second Outage,"Hopefully bad things don’t come in threes. Graeme Oxby, the CEO of London focused full fibre broadband ISP CommunityFibre , has apologised to customers after the operator suffered a second service outage yesterday, which much like the first one appears as if it could have been related to their Domain Name Servers (DNS). But this outage was much shorter.",https://www.ispreview.co.uk/index.php/2025/02/ceo-of-broadband-isp-community-fibre-apologises-after-second-outage.html,22nd Feb 2025
https://www.ispreview.co.uk/,CityFibre UK Completes Primary FTTP Broadband Build in Aberdeen,"Network access provider CityFibre , which has so far built their 2.5Gbps speed Fibre-to-the-Premises ( FTTP ) broadband ISP network to cover 4.3 million UK premises (4.1m Ready for Service), have confirmed the completion of their “primary” £59m build in the city of Aberdeen (Scotland).",https://www.ispreview.co.uk/index.php/2025/02/cityfibre-uk-completes-primary-fttp-broadband-build-in-aberdeen.html,21st Feb 2025
https://www.ispreview.co.uk/,Rural UK Broadband ISP Quickline Discounts 1000Mbps Package to £32,"Rural ISP Quickline , which is deploying their own gigabit-capable full fibre (FTTP) and fixed wireless access (FWA) broadband network across rural parts of Yorkshire and Lincolnshire in England, has launched a new discount that offers their top 1000Mbps package for just £32 per month on a 24-month term to new customers (it’s normally £49).",https://www.ispreview.co.uk/index.php/2025/02/rural-uk-broadband-isp-quickline-discounts-1000mbps-package-to-32.html,21st Feb 2025
https://www.ispreview.co.uk/,Mobile Operator Scores Key Court Win in Dispute Over UK Mast Leasing and Renewal UPDATE2,"Mobile network operator Vodafone UK has won a key court case against leasing firm AP Wireless (inc. the affiliated Icon Tower company). Some operators believe the firm could risk damaging their roll-out of 5G based mobile broadband technology, such as by pushing up their costs and threatening the viability of future deployments.",https://www.ispreview.co.uk/index.php/2025/02/mobile-operator-scores-key-court-win-in-dispute-over-uk-mast-leasing-and-renewal.html,21st Feb 2025
https://www.ispreview.co.uk/,GoFibre Win Project Gigabit Broadband Rollout Contract for Scottish Borders UPDATE,"Edinburgh-based ISP GoFibre has secured a third contract under the UK government’s £5bn Project Gigabit scheme, which is worth £26.2m (state aid) and will see them expand their gigabit speed Fibre-to-the-Premises (FTTP) broadband network to cover around 11,000 premises across hard-to-reach rural areas in the Scottish Borders and East Lothian regions.",https://www.ispreview.co.uk/index.php/2025/02/gofibre-win-project-gigabit-broadband-rollout-contract-for-scottish-borders.html,20th Feb 2025
https://www.ispreview.co.uk/,ISPA Kicks Off Hunt for the Best UK Broadband Providers of 2025,"The UK Internet Service Providers Association ( ISPA ) has today begun their annual hunt for the best ISPs and internet companies ahead of their forthcoming 2025 awards event (the 27th one they’ve held), which this time adds several new and refreshed categories (total of 20) to help reflect the trends and successes of the industry.",https://www.ispreview.co.uk/index.php/2025/02/ispa-kicks-off-hunt-for-the-best-uk-broadband-providers-of-2025.html,20th Feb 2025
https://www.ispreview.co.uk/,Vodafone Trials Optical Broadband Drones to Fix Mobile Masts,"Broadband ISP and mobile operator Vodafone has revealed that they’ve begun “piloting” (no pun intended, we think) a new type of done that is designed to help restore connectivity to mobile masts, such as when their underground data capacity cables are cut or damaged. The drones employ a special optical wireless link.",https://www.ispreview.co.uk/index.php/2025/02/vodafone-trials-optical-broadband-drones-to-fix-mobile-masts.html,20th Feb 2025
https://www.ispreview.co.uk/,BT Deploy AI-ready Global Fabric Network-as-a-service Platform to 30 Equinix Data Centres,"Telecoms giant BT has revealed that they’ve now deployed their Global Fabric Network-as-a-Service (NaaS) platform to “over” 30 Equinix data-centres across the UK and world, which will grow to over 40 in the next year – spanning the world’s top 30 business locations and covering 95% of the world’s cloud interconnection traffic.",https://www.ispreview.co.uk/index.php/2025/02/bt-deploy-ai-ready-global-fabric-network-as-a-service-platform-to-30-equinix-data-centres.html,20th Feb 2025
https://www.ispreview.co.uk/,AllPointsFibre Set to Take the Reins Off New UK Wholesale Full Fibre Network,"The CEO of Fern Networks Limited (Fern Trading) backed alternative broadband network operator AllPointsFibre (APFN), Jarlath Finnegan, has this week spoken of his “excitement” ahead of officially launching their new Aquila wholesale platform into the wider UK market, which is expected to take place on 14th May 2025.",https://www.ispreview.co.uk/index.php/2025/02/allpointsfibre-set-to-take-the-reins-off-new-uk-wholesale-full-fibre-network.html,20th Feb 2025
https://www.ispreview.co.uk/,Liberty Global CEO Updates on Virgin Media’s UK Wholesale Broadband Plan,"The CEO of Liberty Global, Mike Fries, has said they’ve made “significant progress” on their plan for opening up Virgin Media ’s existing UK fixed line broadband network to wholesale (rival ISPs) via a new business (NetCo) during the first half of 2025 ( here ). Fries also confirmed they had received “proposals from a handful of the strongest infrastructure investors” for a stake in the biz.",https://www.ispreview.co.uk/index.php/2025/02/liberty-global-ceo-updates-on-virgin-medias-uk-wholesale-broadband-plan.html,20th Feb 2025
https://www.ispreview.co.uk/,Netgem TV to Deliver Free FIFA+ Content via Supporting UK Broadband ISPs,"Digital entertainment platform Netgem TV has today announced that their IPTV box and service, which is typically bundled by broadband ISPs like Brsk , TalkTalk , Connect Fibre , CommunityFibre and others, will benefit from a new collaboration with the FIFA+ streaming platform that will bring “unparalleled access to free, high-quality football content” to users of the service.",https://www.ispreview.co.uk/index.php/2025/02/netgem-tv-to-deliver-free-fifa-content-via-supporting-uk-broadband-isps.html,19th Feb 2025
https://www.ispreview.co.uk/,Rural UK Full Fibre Altnet ISP Truespeed Prepares More Job Cuts,"Sources have indicated to ISPreview that UK ISP Truespeed , which has deployed their alternative full fibre ( FTTP ) broadband network to over 105,000 rural premises (inc. over 21,000 customers) in parts of Devon, Wiltshire and Somerset in England, has recently put more workers on notice of future redundancies.",https://www.ispreview.co.uk/index.php/2025/02/rural-uk-full-fibre-altnet-isp-truespeed-ponders-more-job-cuts.html,19th Feb 2025
https://www.ispreview.co.uk/,Virgin Media O2 Sees UK FTTP Broadband Builds Surge and NetCo On Track,"The latest Q4 2024 results from Virgin Media and O2 have been published, which saw their fixed broadband base grow by +12,000 in the quarter (vs 16.2k in Q3) to total 5,738,900. The provider’s full fibre ( FTTP ) network also built to another 485,500 premises, primarily via nexfibre (up from 281k in Q3), while mobile connections grew to total 45.7 million.",https://www.ispreview.co.uk/index.php/2025/02/virgin-media-o2-sees-uk-fttp-broadband-builds-surge-and-netco-on-track.html,19th Feb 2025
https://www.ispreview.co.uk/,"Virgin Media UK Bring Full Fibre to 14,000 Homes in Filey and Pickering","Network operator nexfibre and retail ISP partner Virgin Media ( O2 ) have today confirmed that they’ve made their symmetric 2Gbps speed capable Fibre-to-the-Premises (FTTP) broadband network available to more than 14,000 homes in the North Yorkshire (England) towns of Filey and Pickering for the first time.",https://www.ispreview.co.uk/index.php/2025/02/virgin-media-uk-bring-full-fibre-to-14000-homes-in-filey-and-pickering.html,18th Feb 2025
https://www.ispreview.co.uk/,LightSpeed Broadband Expand Staffordshire FTTP Rollout to Kidsgrove and Scholar Green,"Network operator and UK ISP LightSpeed Broadband , which has already built their gigabit-capable full fibre (FTTP) network to cover 250,000 premises across the East of England and West Midlands, has today revealed that their new network has started to launch “in the Staffordshire region” with the town of Kidsgrove and village of Scholar Green (the latter is more in Cheshire).",https://www.ispreview.co.uk/index.php/2025/02/lightspeed-broadband-expand-staffordshire-fttp-rollout-to-kidsgrove-and-scholar-green.html,18th Feb 2025
https://www.ispreview.co.uk/,Voneus to Cut Jobs and Slow UK Gigabit Broadband Rollout UPDATE,"Rural broadband operator and UK ISP Voneus , which has spent the past few years rolling out a gigabit-capable fixed wireless access (FWA) and full fibre (FTTP) network across poorly served areas, has today informed staff about a fresh round of redundancies after “market conditions” meant it was “no longer possible” to continue their previous pace of deployment.",https://www.ispreview.co.uk/index.php/2025/02/voneus-to-cut-jobs-and-slow-uk-gigabit-broadband-rollout.html,18th Feb 2025
https://www.ispreview.co.uk/,Study Claims 3.9 Million UK Homes Owed Compensation for Broadband Issues UPDATE,"A new study from comparison site Go.Compare , which used data gathered from YouGov (survey of 2,000 UK residents) and the ONS, has claimed that more than 3.9 million UK households were owed compensation for broadband issues in the last year. But take that figure with a big pinch of salt.",https://www.ispreview.co.uk/index.php/2025/02/study-claims-3-9-million-uk-homes-owed-compensation-for-broadband-issues.html,18th Feb 2025
https://www.ispreview.co.uk/,Gigaclear Start New Oxfordshire UK Project Gigabit Broadband Rollout,"Abingdon-based rural ISP Gigaclear has today announced that they’ve kicked off the construction phase of their £25.4m (state aid) Project Gigabit contracts for South Oxfordshire (Lot 13.01 – c.5,500 premises) and North Oxfordshire (Lot 13.02 – c.4,200 premises), which will extend their full fibre (FTTP) broadband network to around 9,500 premises in hard-to-reach areas.",https://www.ispreview.co.uk/index.php/2025/02/gigaclear-start-new-oxfordshire-uk-project-gigabit-broadband-rollout.html,18th Feb 2025
https://www.ispreview.co.uk/,Broadband Outage in St Neots After Thieves Steal Openreach Cable,"Broadband, phone and Ethernet services in the Cambridgeshire (England) town of St Neots have been disrupted after criminals ripped up and stole around 500 metres worth of Openreach ’s ( BT ) copper telecoms cable, which has impacted four of their fibre street cabinets in the area – serving premises with around 380 customers.",https://www.ispreview.co.uk/index.php/2025/02/broadband-outage-in-st-neots-after-thieves-steal-openreach-cable.html,18th Feb 2025
https://www.ispreview.co.uk/,Broadband ISP Grain to Expand its Bradford Full Fibre Network,"Alternative network operator Grain (Grain Connect) has announced that they’re going to expand the coverage of their existing gigabit speed Fibre-to-the-Premises (FTTP) based UK broadband network in the West Yorkshire (England) city of Bradford, although the details of their expansion remain unclear.",https://www.ispreview.co.uk/index.php/2025/02/broadband-isp-grain-to-expand-its-bradford-full-fibre-network.html,18th Feb 2025
https://www.ispreview.co.uk/,London Broadband ISP Community Fibre Back Online After Outage,"Customers of broadband ISP CommunityFibre appear to be coming back online after the operator suffered a sizeable network outage in London today, which has been disrupting internet connectivity for thousands of users over the past few hours (since just after 11:30am this morning).",https://www.ispreview.co.uk/index.php/2025/02/london-broadband-isp-community-fibre-back-online-after-outage.html,17th Feb 2025
https://www.ispreview.co.uk/,ISP WightFibre Extend FTTP Broadband to 88 Percent of Isle of Wight,"Broadband ISP WightFibre , which is deploying a gigabit speed Fibre-to-the-Premises (FTTP) network across the Isle of Wight – just off the South Coast of Hampshire (England), recently published their latest annual results to 30th September 2024 and revealed that their full fibre network now covered 88% of island premises (up from 80% in June 2024).",https://www.ispreview.co.uk/index.php/2025/02/isp-wightfibre-extend-fttp-broadband-to-88-percent-of-isle-of-wight.html,17th Feb 2025
https://www.ispreview.co.uk/,Zen Internet Starts Selling Broadband via Trooli’s UK FTTP Network,"Rochdale-base broadband ISP Zen Internet has revealed that Trooli ’s alternative full fibre network, which at the last update (July 2024) covered 370,000 homes and businesses across parts of England and Scotland, is “now available to buy” via their service after being almost fully integrated as part of last year’s wholesale agreement.",https://www.ispreview.co.uk/index.php/2025/02/zen-internet-starts-selling-broadband-via-troolis-uk-fttp-network.html,17th Feb 2025
https://www.ispreview.co.uk/,Truespeed Suffers Broadband Outage in North Somerset and Bristol UPDATE,"Customers of rural broadband ISP Truespeed , which has deployed their own full fibre ( FTTP ) network across parts of Devon, Wiltshire and Somerset in England, are reporting that the provider appears to be suffering from a service outage that seems to be primarily impacting premises in the Bristol and North Somerset areas.",https://www.ispreview.co.uk/index.php/2025/02/truespeed-suffers-broadband-outage-in-north-somerset-and-bristol.html,17th Feb 2025
https://www.ispreview.co.uk/,HS2 Signs £99.6m Passenger Telecoms Deal for New UK Rail Network UPDATE,"High Speed 2 Ltd , which is a non-departmental public body that is wholly funded by the UK Government’s Department for Transport (DfT) and oversees the HS2 rail project, has signed a £99.6m deal (£80.5m in public funding) with Hitachi and Telent to design and deploy telecommunications services across the new rail network, including passenger voice and broadband connectivity.",https://www.ispreview.co.uk/index.php/2025/02/hs2-signs-99-6m-passenger-telecoms-deal-for-new-uk-rail-network.html,17th Feb 2025
https://www.ispreview.co.uk/,Brsk to Extend UK Full Fibre Broadband Network into Barnsley,"Alternative fibre optic ISP Brsk , which is currently in the final stages of being merged into Netomnia ’s network ( here ), has reportedly confirmed that approximately 50,000 homes and businesses across the South Yorkshire (England) market town of Barnsley will be the next to benefit from their roll-out of Fibre-to-the-Premises ( FTTP ) broadband.",https://www.ispreview.co.uk/index.php/2025/02/brsk-to-extend-uk-full-fibre-broadband-network-into-barnsley.html,17th Feb 2025
https://www.ispreview.co.uk/,Gigaclear Advisors to Hunt Fresh Funding for Rural UK Broadband Build UPDATE,"Abingdon-based broadband ISP Gigaclear , which has already extended their full fibre (FTTP) network to cover 580,000 premises (RFS) in rural parts of England (inc. over 130,000 customers), is reportedly hiring advisors to help it find new funding in order to continue their network deployments across the UK.",https://www.ispreview.co.uk/index.php/2025/02/gigaclear-advisors-to-hunt-fresh-funding-for-rural-uk-broadband-build.html,14th Feb 2025
https://www.ispreview.co.uk/,Full Fibre UK Broadband ISP Youfibre Launch New Loyalty Promise,"Broadband ISP Youfibre , which is available to those covered by Netomnia ’s ( Brsk ) 10Gbps capable FTTP network, has today launched a new “Loyalty Promise” for its renewing customers. The move is part of an effort to help set them apart from the market’s largest ISPs, which often hit existing customers with price hikes at the end of their term.",https://www.ispreview.co.uk/index.php/2025/02/full-fibre-uk-broadband-isp-youfibre-launch-new-loyalty-promise.html,14th Feb 2025
https://www.ispreview.co.uk/,LightSpeed Broadband Finally Puts FTTP Live in Cromer and Sheringham,"Alternative network provider and UK ISP LightSpeed Broadband , which has so far built their gigabit-capable full fibre (FTTP) network to cover 250,000 premises across the East of England and West Midlands, has finally started to put their new network live in the neighbouring coastal Norfolk towns of Cromer and Sheringham.",https://www.ispreview.co.uk/index.php/2025/02/lightspeed-broadband-finally-puts-fttp-live-in-cromer-and-sheringham.html,14th Feb 2025
https://www.ispreview.co.uk/,London Broadband ISP Community Fibre Launch Cheap 100Mbps Tier,"Broadband ISP CommunityFibre (CF), which has deployed their 3Gbps speed FTTP network to cover 1.32 million UK premises (mostly in Greater London), has this week introduced a new entry-level tier that offers symmetric speeds of 100Mbps from just £19 per month on a 24-month minimum term.",https://www.ispreview.co.uk/index.php/2025/02/london-broadband-isp-community-fibre-launch-cheap-100mbps-tier.html,14th Feb 2025
https://www.ispreview.co.uk/,ISP KCOM Upgrades Customers to Symmetric FTTP Broadband Speeds,"Hull-based broadband ISP KCOM , which has spent the past few years building a new Fibre-to-the-Premises (FTTP) network across parts of East Yorkshire and Lincolnshire in England, has begun upgrading their packages to support symmetric speeds. But only up to a maximum upload speed of 500Mbps.",https://www.ispreview.co.uk/index.php/2025/02/isp-kcom-upgrades-customers-to-symmetric-fttp-broadband-speeds.html,13th Feb 2025
https://www.ispreview.co.uk/,Broadband Altnet Freedom Fibre Appoints New UK COO,"Alternative network operator Freedom Fibre , which has built a Fibre-to-the-Premises (FTTP) broadband network that it wholesales out to UK ISPs across the North West and West Midlands of England, have today appointed Lindsey Sutherland to be their new Chief Operations Officer (COO). This will become effective from 4th March 2025.",https://www.ispreview.co.uk/index.php/2025/02/broadband-altnet-freedom-fibre-appoints-new-uk-coo.html,13th Feb 2025
https://www.ispreview.co.uk/,Ofcom Propose to Share Upper 6GHz Band for UK Mobile and WiFi,"After conducting more research, the UK telecoms regulator, Ofcom , has today formally begun to consult on a proposal that will allow low power indoor WiFi and mobile broadband ( 4G , 5G etc.) networks to “share” access to the upper 6GHz radio spectrum band (6425 to 7125MHz). But full implementation could take years.",https://www.ispreview.co.uk/index.php/2025/02/ofcom-proposes-to-share-upper-6ghz-band-for-uk-mobile-and-wifi.html,13th Feb 2025
https://www.ispreview.co.uk/,Freshwave Claims Better Indoor Mobile Signals Can Grow UK Economy by £70bn,"Wireless infrastructure provider Freshwave , which is backed by investment firm DigitalBridge and naturally has its own vested interests in this field, have published a new study that claims a focus on improving indoor mobile (4G, 5G etc.) signals and “eliminating mobile dead zones” could help to grow the UK economy by £70bn a year.",https://www.ispreview.co.uk/index.php/2025/02/freshwave-claims-better-indoor-mobile-signals-can-grow-uk-economy-by-70bn.html,13th Feb 2025
https://www.ispreview.co.uk/,Ofcom Shames TalkTalk and O2 for UK Telecoms Complaints – Q3 2024,"Ofcom have today published their Q3 2024 study of UK consumer telecoms complaints, which names and shames TalkTalk for attracting the most complaints about broadband, while O2 took the most flak mobile and Virgin Media was put on the naughty step for Pay TV.",https://www.ispreview.co.uk/index.php/2025/02/ofcom-shames-talktalk-and-o2-for-uk-telecoms-complaints-q3-2024.html,13th Feb 2025
https://www.ispreview.co.uk/,LINX Surpasses 725Gbps of Traffic at Manchester UK Internet Exchange,"The not-for-profit London Internet Exchange (LINX), which handles a large chunk of UK and global data traffic through their switches via around 900 members (broadband ISPs, mobile operators etc.), has today announced that their regional internet exchange in Manchester has hit a new “record maximum traffic peak” of 725Gbps (Gigabits per second).",https://www.ispreview.co.uk/index.php/2025/02/linx-surpasses-725gps-of-traffic-at-manchester-uk-internet-exchange.html,13th Feb 2025
https://www.ispreview.co.uk/,Virgin Media O2 Switches on 5G Standalone for UK Businesses UPDATE,"After launching their first commercial 5G Standalone (SA) based mobile broadband network for consumers in February 2024 ( here ), mobile operator O2 ( Virgin Media ) has today expanded the service’s availability to include large enterprise, public sector, and SME (business) customers on eligible tariffs.",https://www.ispreview.co.uk/index.php/2025/02/virgin-media-o2-switches-on-5g-standalone-for-uk-businesses.html,13th Feb 2025
https://www.ispreview.co.uk/,Fibrus CEO Apologises for Lengthy Broadband Outages in Northern Ireland,"The CEO and Co-Founder of UK ISP Fibrus , Dominic Kearns, has apologised to the several thousand premises in Northern Ireland that are still without access to their full fibre broadband network following Storm Éowyn (pronounced ‘Ay-oh-win’), which struck nearly three weeks ago. But most of their customers are now back online.",https://www.ispreview.co.uk/index.php/2025/02/fibrus-ceo-apologises-for-lengthy-broadband-outages-in-northern-ireland.html,13th Feb 2025
https://www.ispreview.co.uk/,Vodafone UK Send Mixed Messages Over Static IP Availability for Broadband UPDATE,"Mobile operator and UK ISP Vodafone has today confirmed to ISPreview that customers of their fixed line consumer broadband packages, which are supplied over Openreach and CityFibre ’s national networks ( FTTC and FTTP), should still be able to request a Static IP (Internet Protocol) address. But this is despite some support staff telling users the opposite.",https://www.ispreview.co.uk/index.php/2025/02/vodafone-uk-send-mixed-messages-over-static-ip-availability-for-broadband.html,13th Feb 2025
https://www.ispreview.co.uk/,Vodafone and Three UK Confirm New Leadership Team for Merger,"Mobile network operators Vodafone and Three UK (CK Hutchison) have this afternoon announced their newly formed General Management Team for the future merged company. The new appointments followed a selection process and were approved by the MergeCo Governance Board, with representatives of both operators as shareholders of the new entity.",https://www.ispreview.co.uk/index.php/2025/02/vodafone-and-three-uk-confirm-new-leadership-team-for-merger.html,12th Feb 2025
https://www.ispreview.co.uk/,New Gov Action Plan Supports Vulnerable Users in UK Digital Phone Switchover,"The UK government has published its revised Telecare National Action Plan (TNAP), which will require major UK broadband and phone providers (e.g. BT , Virgin Media , Vodafone and Sky Broadband ) to go further with protecting vulnerable telecare users when upgrading legacy phone lines to new digital ( IP based) networks.",https://www.ispreview.co.uk/index.php/2025/02/new-gov-action-plan-to-support-vulnerable-users-in-uk-digital-phone-switchover.html,12th Feb 2025
https://www.ispreview.co.uk/,Mobile Operator Spusu Launch New 5GB SIM Only UK Plan for £4.90,"Mobile provider spusu , which holds a Mobile Virtual Network Operator (MVNO) agreement via BTWholesale to harness EE ’s national 4G and 5G network, today claims to have launched its “most affordable plan yet” at just £4.90 per month.",https://www.ispreview.co.uk/index.php/2025/02/mobile-operator-spusu-launch-new-5gb-sim-only-uk-plan-for-4-90.html,12th Feb 2025
https://www.ispreview.co.uk/,Digital Catapult is One of the First Sites to join UK 6G Research Platform,"The self-proclaimed “deep tech innovation organisation“, Digital Catapult , has today become one of the first sites to connect to the University of Bristol (UB) led JOINER project (Joint Open Infrastructure for Networks Research), which is working to research and help accelerate the commercial deployment of future 6G based mobile broadband technologies across the UK.",https://www.ispreview.co.uk/index.php/2025/02/digital-catapult-is-one-of-the-first-sites-to-join-uk-6g-research-platform.html,12th Feb 2025
https://www.ispreview.co.uk/,Court Rejects Appeal Over Dismissal of BT UK Landline Overcharging Case,"The Competition Appeal Tribunal (CAT) has rejected an appeal against its earlier dismissal of a £1.3bn class action claim against BT by the Collective Action on Land Lines (CALL) campaign, which had accused the national broadband ISP and phone provider of overcharging 2.3 million of its landline-only phone customers between 2015 and 2018.",https://www.ispreview.co.uk/index.php/2025/02/court-rejects-appeal-over-dismissal-of-bt-uk-landline-overcharging-case.html,12th Feb 2025
https://www.ispreview.co.uk/,Youfibre Preps First Own Brand Router for 7Gbps UK Broadband Plan,"Broadband ISP Youfibre , which is one of the retail outlets for Netomnia ’s ( Brsk ) 10Gbps capable Fibre-to-the-Premises ( FTTP ) network, has begun to distribute a new router to customers of their top 2Gbps and 7Gbps (average speed) packages. But unlike the Asus AXE16000 router they shipped before , the new kit is their first own-brand device and more will follow.",https://www.ispreview.co.uk/index.php/2025/02/youfibre-preps-first-own-brand-router-for-7gbps-uk-broadband-plan.html,12th Feb 2025
https://www.ispreview.co.uk/,BDUK Reopens Gigabit Broadband Voucher Scheme to Devon UK UPDATE,"The Government’s Building Digital UK (BDUK) agency has made a change today that re-opens their Gigabit Broadband Voucher Scheme (GBVS) for parts of Devon in England, which means that local homes and businesses in poorly served rural areas can apply for big grants to help get a much faster broadband ISP network installed.",https://www.ispreview.co.uk/index.php/2025/02/bduk-reopens-gigabit-broadband-voucher-scheme-to-devon-uk.html,11th Feb 2025
https://www.ispreview.co.uk/,Sky UK Launches New Broadband-based Sky Glass Gen 2 TV Sets,"Customers of Sky’s broadband-based pay TV streaming service and devices may be interested to learn that the company has today introduced the first of their next generation Sky Glass Gen 2 televisions, which features an even brighter 4K HDR screen and an enhanced seven-speaker Dolby Atmos® sound system built in. This will be followed by SkyGlass Air “later this year“.",https://www.ispreview.co.uk/index.php/2025/02/sky-uk-launches-new-broadband-based-sky-glass-gen-2-tv-sets.html,11th Feb 2025
https://www.ispreview.co.uk/,Broadband ISP Rocket Fibre to Build Own FTTP Network in Northamptonshire UK,"Corby-based internet service provider Rocket Fibre has revealed that they’re looking to expand their existing roll-out of a Fibre-to-the-Premises ( FTTP ) based gigabit broadband network. The operator currently holds an “initial ambition” of being able to cover 21,000 “customers” in Northamptonshire (England) with the new network.",https://www.ispreview.co.uk/index.php/2025/02/broadband-isp-rocket-fibre-to-build-own-fttp-network-in-northamptonshire-uk.html,11th Feb 2025
https://www.ispreview.co.uk/,TP-Link Opens Largest National UK Distribution Centre in Newbury,"Networking kit manufacturer TP-Link , which produces a lot of affordable broadband routers, WiFi extenders and smart home devices for ISPs and consumers, has this morning announced the opening of its “largest” UK and Ireland National Distribution Centre to date in Newbury.",https://www.ispreview.co.uk/index.php/2025/02/tp-link-opens-largest-national-uk-distribution-centre-in-newbury.html,11th Feb 2025
https://www.ispreview.co.uk/,CityFibre Report 518K UK Full Fibre Customers and Profitability UPDATE,"Network operator CityFibre has today published a key trading update for the year ended 31st December 2024 (FY24), which reveals that the coverage of their full fibre (FTTP) broadband ISP network has now reached 4.3 million UK premises (inc. Lit Fibre ), with 518,000 live customers, and they also delivered their “first full year of profitability“.",https://www.ispreview.co.uk/index.php/2025/02/cityfibre-report-518k-uk-full-fibre-customers-and-first-full-year-of-profitability.html,11th Feb 2025
https://www.ispreview.co.uk/,Netomnia to Expand 10Gbps FTTP Broadband Rollout in Liverpool UK,"Network operator Netomnia (inc. Brsk and ISP YouFibre ) has today announced that their £39m investment to deploy a new 10Gbps capable Fibre-to-the-Premises (FTTP) broadband ISP network across the city of Liverpool (Merseyside) has covered 110,000 premises (homes and businesses). But they’re now planning to add another 80,000 premises.",https://www.ispreview.co.uk/index.php/2025/02/netomnia-to-expand-10gbps-fttp-broadband-rollout-in-liverpool-uk.html,11th Feb 2025
https://www.ispreview.co.uk/,Ofcom Refines Thinking on Cost of Adding Power Backup to UK Mobile Sites,"The telecoms regulator, Ofcom , has today published the results of a recent study it conducted into the costs of improving power resilience at UK mobile network sites (masts etc.). This finds that the cost of ensuring “almost everybody” could maintain access to the emergency services for up to 4 hours, in the event of a power cut, would be approx. £1bn.",https://www.ispreview.co.uk/index.php/2025/02/ofcom-refines-thinking-on-cost-of-adding-power-backup-to-uk-mobile-sites.html,10th Feb 2025
https://www.ispreview.co.uk/,Netgem TV Adds UK Support for Fox’s New Tubi Streaming Service,"Digital IPTV platform provider Netgem TV has today announced that their broadband-based TV box and service, which is typically bundled by ISPs like Brsk, Connect Fibre , TalkTalk , CommunityFibre and a few others, has added UK support for Fox’s free (ad supported) Tubi video streaming service.",https://www.ispreview.co.uk/index.php/2025/02/netgem-tv-adds-uk-support-for-foxs-new-tubi-streaming-service.html,10th Feb 2025
https://www.ispreview.co.uk/,TalkTalk Become First Major UK Broadband ISP to Harness Kraken Platform,Internet service provider TalkTalk has today become the first major UK ISP to sign a deal that will see them adopting the cloud-based Kraken platform (part of Octopus Energy Group). The move is said to be part of the provider’s “ambition to become the most recommended Wi-Fi provider in the UK” (they obviously really mean broadband provider).,https://www.ispreview.co.uk/index.php/2025/02/talktalk-become-first-major-uk-broadband-isp-to-harness-kraken-platform.html,10th Feb 2025
https://www.ispreview.co.uk/,Confusion on the Falkland Islands Over Status of Starlink’s Broadband,"Good news, SpaceX’s global Starlink broadband network is currently listed as finally coming to the poorly served Falkland Islands, which is a British Overseas Territory, sometime in 2025. Bad news, the service is already being used by hundreds of local customers and the company has just started to cut them off.",https://www.ispreview.co.uk/index.php/2025/02/confusion-on-the-falkland-islands-over-status-of-starlinks-broadband.html,10th Feb 2025
https://www.ispreview.co.uk/,First Hints of New UK Gov Measures to Tackle Broadband Pole Complaints,"The UK Government will shortly attempt to deliver on their pledge to “end the deployment of unnecessary telegraph poles” ( here ) by publishing an updated Code of Practice for broadband operators to follow, which will set out new guidance on the divisive issue. We now have a good idea of what that new code will include.",https://www.ispreview.co.uk/index.php/2025/02/first-hints-of-new-uk-gov-measures-to-tackle-broadband-pole-complaints.html,10th Feb 2025
https://www.ispreview.co.uk/,Rights Holders Move Closer to Imposing Website Blocks on VPN Providers,"Rights Holders, having recently succeeded in forcing even some third-party public Domain Name System (DNS) resolvers to block websites that have been found to facilitate internet copyright infringement (piracy), are now turning their attention to major Virtual Private Networks (VPN) like NordVPN , ExpressVPN, ProtonVPN, and others.",https://www.ispreview.co.uk/index.php/2025/02/rights-holders-move-closer-to-imposing-website-blocks-on-vpn-providers.html,9th Feb 2025
https://www.ispreview.co.uk/,Broadband ISP Zen Internet UK Now Offering 2.3Gbps Package,"Rochdale-based UK ISP Zen Internet appears to have Finally begun to make their long-awaited top tier Full Fibre Max package available over CityFibre ’s national Fibre-to-the-Premises ( FTTP ) broadband network, which means you can now take symmetric speeds of 2.3Gbps for just £55 per month.",https://www.ispreview.co.uk/index.php/2025/02/broadband-isp-zen-internet-uk-now-offering-2-3gbps-package.html,8th Feb 2025
https://www.ispreview.co.uk/,Streetwave UK Launch Map of Mobile Coverage and Speeds in Brent,"Network analyst firm Streetwave , which is currently conducting various UK surveys to study the coverage and speed of 4G and 5G mobile broadband networks using bin lorries and private vehicles, has published another free and interactive visual map of their results – this time for the London borough of Brent.",https://www.ispreview.co.uk/index.php/2025/02/streetwave-uk-launch-map-of-mobile-coverage-and-speeds-in-brent.html,8th Feb 2025
https://www.ispreview.co.uk/,Netflix Hikes Prices for UK Customers of its Video Streaming Service,"As expected, Netflix, the popular broadband-based Movie and TV video streaming service, this week updated their website to hike the monthly prices across all three of their plans for customers again. New customers will see the change immediately, while the timing for existing customers will depend upon your billing date (it usually follows 30 days’ after notification).",https://www.ispreview.co.uk/index.php/2025/02/netflix-hikes-prices-for-uk-customers-of-its-video-streaming-service.html,7th Feb 2025
https://www.ispreview.co.uk/,New Map Shows Project Gigabit Broadband Status in England and Wales,"A new interactive map has today been published by Thinkbroadband that rather handily provides a visual overview of the government’s £5bn Project Gigabit broadband roll-out across England and Wales, which drills down to premises level by factoring in a total of 30 million Unique Property Reference Numbers (UPRN).",https://www.ispreview.co.uk/index.php/2025/02/new-map-shows-project-gigabit-broadband-status-in-england-and-wales.html,7th Feb 2025
https://www.ispreview.co.uk/,nPerf Ranks Fastest UK Fixed Broadband ISPs by Nation and Speed,"Internet connection benchmarking firm nPerf has today published the results from a new crowdsourced study into fixed broadband ISP speeds across England, Scotland, Wales and Northern Ireland. But oddly the results only cover Sky Broadband , Virgin Media , Vodafone , TalkTalk , Fibrus (NI) and Ogi (Wales).",https://www.ispreview.co.uk/index.php/2025/02/nperf-ranks-fastest-uk-fixed-broadband-isps-by-nation-and-speed.html,7th Feb 2025
https://www.ispreview.co.uk/,Broadband ISP Gigabit IQ Joins F&W Network’s UK Full Fibre Service,"Internet access and online security provider Gigabit IQ has today announced that they’ve become the latest ISP to join F&W Networks ‘ (Fibre and Wireless) new gigabit speed Fibre-to-the-Premises ( FTTP ) broadband network, which mostly covers parts of the South East of England.",https://www.ispreview.co.uk/index.php/2025/02/broadband-isp-gigabit-iq-joins-fw-networks-uk-full-fibre-service.html,7th Feb 2025
https://www.ispreview.co.uk/,BT Group to Recruit 600 More UK Apprentices and Graduates in 2025,"Broadband ISP and telecoms giant BT have today confirmed that they will recruit more than 600 additional apprentices and graduates in 2025 (up from 500 in 2024) – forming part of their September 2025 intake. The roles will span across areas such as cybersecurity, software engineering and customer service.",https://www.ispreview.co.uk/index.php/2025/02/bt-group-to-recruit-600-more-uk-apprentices-and-graduates-in-2025.html,7th Feb 2025
https://www.ispreview.co.uk/,UK ISP Plusnet Discounts 900Mbps FTTP Broadband to £37.99,"Broadband ISP Plusnet has introduced a bunch of new discounts across their home broadband plans for new customers, which for example has cut the monthly price of their top 900Mbps Fibre-to-the-Premises (FTTP) package to just £37.99 per month on a 24-month term (price increases by £3 per month from April each year). Plus there’s a £110 reward card thrown-in.",https://www.ispreview.co.uk/index.php/2025/02/uk-isp-plusnet-discounts-900mbps-fttp-broadband-to-37-99.html,7th Feb 2025
https://www.ispreview.co.uk/,Jobs at Risk as Svella Connect and Virgin Media UK Work to Settle Dispute,"Broadband ISP Virgin Media (inc. nexfibre and O2 ) and civil engineering partner Svella Connect are currently trying to resolve a difficult dispute over “contractual terms“, which touches on issues of worker safety, rate reductions, and work volumes for Nexfibre . But there’s still hope for an amicable solution that may avoid the risk of redundancies.",https://www.ispreview.co.uk/index.php/2025/02/jobs-at-risk-as-svella-connect-and-virgin-media-uk-work-to-settle-dispute.html,7th Feb 2025
https://www.ispreview.co.uk/,Gov Expand CityFibre’s Project Gigabit Broadband Rollouts in 9 UK Contracts UPDATE2,"The Government’s Department for Science, Innovation and Technology (DSIT) has published contract modification notices for CityFibre ’s state aid funded Project Gigabit broadband roll-outs across four regions – Hampshire (Lot 27), Suffolk (Lot 2), Cambridgeshire (Lot 5) and Norfolk (Lot 7). The changes increase the level of committed public funding and often also the contracted scope.",https://www.ispreview.co.uk/index.php/2025/02/gov-expand-cityfibres-project-gigabit-broadband-rollouts-in-4-uk-regions.html,6th Feb 2025
https://www.ispreview.co.uk/,Quickline Helps Produce UK Kids Cartoon Book About Rural Broadband,"And now for something completely different. Rural broadband ISP Quickline , which is rolling out a gigabit-capable full fibre (FTTP) and 5G powered fixed wireless access (FWA) network across rural parts of England (Yorkshire and Lincolnshire), has helped to launch a new children’s book that explains the work network operators do and educates on safety etc.",https://www.ispreview.co.uk/index.php/2025/02/quickline-helps-produce-uk-kids-cartoon-book-about-rural-broadband.html,6th Feb 2025
https://www.ispreview.co.uk/,Virgin Media O2 to Create 100+ Early UK Career and Re-Training Opportunities,"Broadband and mobile provider Virgin Media and O2 (VMO2) has today announced that they’re planning to create more than 100 early UK careers and re-skilling opportunities during 2025, which is about half the intake figure of last year ( here ) and down from the c.350 they pledged to create during 2023 ( here ).",https://www.ispreview.co.uk/index.php/2025/02/virgin-media-o2-to-create-100-early-uk-career-and-re-training-opportunities.html,6th Feb 2025
https://www.ispreview.co.uk/,"Virgin Media UK and Nexfibre Build Full Fibre to 12,000 Exmouth Homes","Network operator nexfibre and retail ISP partner Virgin Media (O2) have today confirmed that they’ve made their 2Gbps speed Fibre-to-the-Premises (FTTP) broadband network available to more than 12,000 homes in the port town of Exmouth (near Exeter in Devon, England) for the first time.",https://www.ispreview.co.uk/index.php/2025/02/virgin-media-uk-and-nexfibre-build-full-fibre-to-12000-exmouth-homes.html,6th Feb 2025
https://www.ispreview.co.uk/,N.Ireland Assembly Blasts Broadband and Mobile Providers Over Storm Eowyn Response,"Members of the Northern Ireland Assembly have this week criticised UK broadband and mobile operators, particularly Vodafone , BT , EE , Sky Broadband , Vodafone, O2 and Fibrus , for their response to the damage caused by Storm Éowyn. The complaints touched on issues of slow repairs, absent compensation and poor communication with customers.",https://www.ispreview.co.uk/index.php/2025/02/n-ireland-assembly-blasts-broadband-and-mobile-providers-over-storm-eowyn-response.html,6th Feb 2025
https://www.ispreview.co.uk/,Openreach and Nokia Claim UK’s First Live Test of 50Gbps Broadband UPDATE,"Network access provider Openreach (BT), working alongside new 50G PON technology from strategic supplier Nokia, has this morning announced that they’ve “successfully tested” the United Kingdom’s “first live” 50Gbps speed broadband connection from a residential property in Ipswich (Suffolk, England).",https://www.ispreview.co.uk/index.php/2025/02/openreach-and-nokia-claim-uks-first-live-test-of-50gbps-broadband.html,5th Feb 2025
https://www.ispreview.co.uk/,Ookla Finds Starlink’s UK Broadband Speeds are Poor vs Europe,"Internet benchmarking firm Ookla , which operates the popular Speedtest.net broadband and mobile connection testing service, has published a new study that examines the performance of Starlink ’s (SpaceX) LEO satellite broadband service across Europe. Overall, the UK delivers the best latency of all the countries tested, but we’re poor for download and upload speeds.",https://www.ispreview.co.uk/index.php/2025/02/ookla-finds-starlinks-uk-broadband-speeds-are-poor-vs-europe.html,5th Feb 2025
https://www.ispreview.co.uk/,Scottish Government Seeks Feedback on R100 Fibre Broadband Build,"The Scottish Government has launched a new evaluation survey that calls for feedback from those who have benefitted from their £600m Reaching 100% (R100) project with Openreach ( BT ). This is rolling out full fibre ( FTTP ) broadband to remote rural areas and has now built to a total of 70,000 premises or 75,000 if you include vouchers.",https://www.ispreview.co.uk/index.php/2025/02/scottish-government-seeks-feedback-on-r100-fibre-broadband-build.html,5th Feb 2025
https://www.ispreview.co.uk/,BT Sells Irish Wholesale and Business Unit to Speed Fibre Group,"The UK telecoms giant, BT Group, has today continued to reduce their international operations by announcing the acquisition of their Irish wholesale and enterprise business unit – ‘BT Communications Ireland Ltd.‘ (BTCIL) – by the Speed Fibre Group , which describes itself as being an open access fibre infrastructure provider (managing or owning 5,400km of fibre).",https://www.ispreview.co.uk/index.php/2025/02/bt-sells-irish-wholesale-and-business-unit-to-speed-fibre-group.html,5th Feb 2025
https://www.ispreview.co.uk/,First Homes Live on Freedom Fibre’s Shropshire UK Project Gigabit Broadband Build,"Alternative network operator Freedom Fibre has today announced that the first homes have gone live on their new full fibre ( FTTP ) broadband ISP network in North Shropshire (England), which is being delivered as part of their £24m (state aid) LOT 25.02 Project Gigabit contract ( here ) to cover “around” 12,000 hard-to-reach rural homes.",https://www.ispreview.co.uk/index.php/2025/02/first-homes-live-on-freedom-fibres-shropshire-uk-project-gigabit-broadband-build.html,5th Feb 2025
https://www.ispreview.co.uk/,Virgin Media O2 UK Blocked 168 Million Suspected Fraud Texts Over Past 2 Years,"Mobile operator O2 ( Virgin Media ) has today revealed that their UK network blocked 168 million suspected fraudulent text messages from reaching customers over the past two years (up from 89 million texts in 2023 ), with scams including fake TikTok job offers, and deals and discounts for popular brands.",https://www.ispreview.co.uk/index.php/2025/02/virgin-media-o2-uk-blocked-168-million-suspected-fraud-texts-over-past-2-years.html,5th Feb 2025
https://www.ispreview.co.uk/,UK ISP Sky Broadband and TV Confirms Price Increases for 2025 UPDATE3,"Customers of Sky UK’s ( Sky Broadband , Comcast etc.) internet, phone and TV products have today been told to brace for an average annual price increase of 6.2% (down from 6.7% last year), which will be introduced from April 2025. But broadband and phone customers who are unhappy about this will be able to exit their contracts penalty free.",https://www.ispreview.co.uk/index.php/2025/02/uk-isp-sky-broadband-and-tv-confirms-uk-price-increases-for-2025.html,4th Feb 2025
https://www.ispreview.co.uk/,Ofcom Propose to Auction Upper 1.4GHz Band for UK 4G and 5G Mobile UPDATE,"The UK telecoms regulator, Ofcom , has today proposed to auction off a 25MHz (spectrum frequency) slice of the 1.4GHz band (i.e. the “upper block” of 1492 to 1517MHz) to mobile operators ( EE , O2 , Vodafone / Three UK ), which will be able to use it for their 4G and 5G based mobile broadband services.",https://www.ispreview.co.uk/index.php/2025/02/ofcom-propose-to-auction-upper-1-4ghz-band-for-uk-4g-and-5g-mobile.html,4th Feb 2025
https://www.ispreview.co.uk/,Octopus Energy Users Offered £200 Amazon Voucher for Taking Cuckoo Broadband,"Internet provider Cuckoo , which is the full fibre (FTTP) retail broadband ISP for the consolidated AllPoints Fibre (Fern Trading) network and also offers packages via Openreach and CityFibre ’s networks, has today launched a new offer that rewards existing Octopus Energy customers – who switch to their service – with a £200 Amazon gift card.",https://www.ispreview.co.uk/index.php/2025/02/octopus-energy-users-offered-200-amazon-voucher-for-taking-cuckoo-broadband.html,4th Feb 2025
https://www.ispreview.co.uk/,CityFibre UK Completes Primary FTTP Broadband Build in Bracknell,"Network access provider CityFibre , which has so far built their 2.5Gbps speed Fibre-to-the-Premises (FTTP) broadband ISP network to cover around 4 million UK premises, have today confirmed the completion of their “primary” £20m build in the Berkshire (England) town of Bracknell.",https://www.ispreview.co.uk/index.php/2025/02/cityfibre-uk-completes-primary-fttp-broadband-build-in-bracknell.html,4th Feb 2025
https://www.ispreview.co.uk/,GoFibre Quirkily Compares its UK Rural Broadband Speeds to Major World Cities,"Edinburgh-based UK alternative network ISP GoFibre has today published the results of a new study, which reveals how well (download speed) their new full fibre (FTTP) broadband network – present in parts of remote rural Scotland and Northern England – compares with a selection of major world cities. It’s interesting, if a bit on the random side.",https://www.ispreview.co.uk/index.php/2025/02/gofibre-quirkily-compares-its-rural-broadband-speeds-to-major-international-cities.html,4th Feb 2025
https://www.ispreview.co.uk/,RootMetrics Test Names EE as BEST UK Mobile Network for H2 2024,"Mobile benchmarking firm RootMetrics (Ookla) has today published their H2 2024 study of UK mobile networks (calls, texts etc.) and mobile broadband performance, which once again sees EE (BT) continuing to win all the award categories, followed by Vodafone and Three UK . But O2 ( Virgin Media ) found itself at the bottom of the table.",https://www.ispreview.co.uk/index.php/2025/02/rootmetrics-test-names-ee-as-best-uk-mobile-network-for-h2-2024.html,4th Feb 2025
https://www.ispreview.co.uk/,Vodafone UK Surge to 1.55 Million Broadband Users as Mobile Falls to 18.3M,"Mobile operator and ISP Vodafone UK has today published their Q3 FY25 financial results, which confirms that their fixed line broadband base grew by a new record to total 1.549 million customers (up by 72k in Q3 vs 50k in Q2). But their mobile base fell again to total 18.3m (down by -174k vs -93k in Q2), due entirely to a fall in their prepaid/PAYG base.",https://www.ispreview.co.uk/index.php/2025/02/vodafone-uk-surge-to-1-55-million-broadband-users-as-mobile-falls-to-18-3m.html,4th Feb 2025
https://www.ispreview.co.uk/,Broadband ISP Grain to Rollout its UK Full Fibre Network into Bury,"Alternative network operator Grain (Grain Connect) has confirmed that they’re planning to expand their gigabit speed Fibre-to-the-Premises (FTTP) based broadband ISP network into the Greater Manchester (England) town of Bury. The UK network currently covers over 220,000 premises and connects 30,000 customers.",https://www.ispreview.co.uk/index.php/2025/02/broadband-isp-grain-to-rollout-its-uk-full-fibre-network-into-bury.html,4th Feb 2025
https://www.ispreview.co.uk/,New West of England Digital Office Looks to Boost Broadband Investment,"The West of England Combined Authority , which is led by Mayor Dan Norris and represents the local authorities of Bristol, South Gloucestershire, and Bath and North East Somerset (BNES), has today invested £2.5m to deliver a “Digital Office” that it hopes will “unlock” a £1.3bn annual boost to the region’s economy “powered by private investment in better broadband and mobile connectivity“.",https://www.ispreview.co.uk/index.php/2025/02/new-west-of-england-digital-office-looks-to-boost-broadband-investment.html,3rd Feb 2025
https://www.ispreview.co.uk/,Government Invests £16m to Help Develop LEO Broadband Satellite Tech,"The government has today released a further £16m of public funding from the UK Space Agency’s £160m Connectivity in Low Earth Orbit (C-LEO) programme, which will be used to develop new satellite technologies that can enhance global connectivity by providing “high-speed internet access” (broadband) to remote and underserved areas etc.",https://www.ispreview.co.uk/index.php/2025/02/government-invests-16m-to-help-develop-leo-broadband-satellite-tech.html,3rd Feb 2025
https://www.ispreview.co.uk/,Ofcom Grant UK Licence for Amazon’s Project Kuiper Broadband Satellites,"Ofcom has today grant Amazon ’s Project Kuiper a UK Earth Station Network Licence (ESNL), which will support their effort to launch a global mega-constellation of satellites in Low Earth Orbit (LEO) to deliver affordable ultrafast broadband and mobile (4G, 5G) services. The UK telecoms regulator also made more spectrum available in the 28GHz and 32GHz bands.",https://www.ispreview.co.uk/index.php/2025/02/ofcom-grant-uk-licence-for-amazons-project-kuiper-broadband-satellites.html,3rd Feb 2025
https://www.ispreview.co.uk/,Westminster City Council Trials Free Connected London WiFi Service,"The Westminster City Council (WCC), supported by the Mayor of London (Sadiq Khan), has worked with wireless technology provider Guglielmo and the Wireless Broadband Alliance (WBA) to launch a free public WiFi network trial with a single sign-on (OpenRoaming) technology. This will be available to anyone living, visiting or working in the city.",https://www.ispreview.co.uk/index.php/2025/02/westminster-city-council-trials-free-connected-london-wifi-service.html,3rd Feb 2025
https://www.ispreview.co.uk/,Roughly 4 to 5 Starlink LEO Broadband Satellites Now Burning Up Per Day,"Data released by an independent researcher has revealed that SpaceX appears to now be “retiring and incinerating” about 4 or 5 Starlink broadband satellites from Low Earth Orbit (LEO) every day, which is up sharply from before May 2024, when the average was closer to just one per day. But the exact reason for this seeming mass retirement surge remains unclear.",https://www.ispreview.co.uk/index.php/2025/02/roughly-4-to-5-starlink-leo-broadband-satellites-now-burning-up-per-day.html,3rd Feb 2025
https://www.ispreview.co.uk/,Broadband ISP Grain Pledges UK Package Price Freeze Until 2027,"Alternative network operator Grain (Grain Connect), which has built their own Fibre-to-the-Premises ( FTTP ) based broadband network to cover over 220,000 UK premises and 30,000 customers, have maintained their promise of no mid-contract price hikes and also pledged to retain their current price freeze until 2027 (if you sign up before 21st Feb 2025).",https://www.ispreview.co.uk/index.php/2025/02/broadband-isp-grain-pledges-uk-package-price-freeze-until-2027.html,3rd Feb 2025
https://www.ispreview.co.uk/,Toob Expand Cheap Gigabit Broadband to 16 New UK Locations and Add 150Mbps Plan,"Hampshire-based broadband ISP toob , which has already deployed a 900Mbps+ full fibre ( FTTP ) network across parts of Southern England, have announced that they’ve expanded the availability of their services – under their partnership with CityFibre – to add 16 cities and towns across seven UK counties. We’ve also spotted a new 150Mbps package.",https://www.ispreview.co.uk/index.php/2025/02/toob-expand-cheap-gigabit-broadband-to-16-new-uk-locations-and-add-150mbps-plan.html,3rd Feb 2025
https://www.ispreview.co.uk/,Gov Reportedly Looking to Cut Support for £1bn Rural UK 4G Mobile Rollout,A major newspaper has reported that the Government may be looking to reduced their funding commitment for the £1bn industry-led Shared Rural Network (SRN) programme and its efforts to extend 4G mobile (mobile broadband) coverage into remote rural areas. The move could significantly cut the number of mobile masts due to be built with public funding.,https://www.ispreview.co.uk/index.php/2025/02/gov-reportedly-looking-to-cut-support-for-1bn-rural-uk-4g-mobile-rollout.html,2nd Feb 2025
https://www.ispreview.co.uk/,Openreach Reveal Storm Eowyn Badly Damaged Over 500 UK Telecoms Poles,"Network access provider Openreach ( BT ) has revealed that Storm Éowyn (pronounced ‘Ay-oh-win’), which violently struck the United Kingdom at the end of last week on Friday 24th January 2025 ( here and here ), has so far left more than 500 broadband / telecoms poles “badly damaged“, with reports continuing to come in.",https://www.ispreview.co.uk/index.php/2025/02/openreach-reveals-storm-eowyn-badly-damaged-over-500-uk-telecoms-poles.html,1st Feb 2025
https://www.ispreview.co.uk/,Wireless and Full Fibre Broadband ISP Orbital Net Acquires ClubWifi,"Independent Kent-based UK ISP Orbital Net (Orbital Internet Group), which runs the Vfast sub-brand that sells packages to homes via a mix of fixed wireless (FWA) and full fibre (FTTP) broadband networks, has today announced that they’ve acquired ClubWifi , which is a key supplier of commercial WiFi services to holiday parks, marinas and more.",https://www.ispreview.co.uk/index.php/2025/01/wireless-and-full-fibre-broadband-isp-orbital-net-acquires-clubwifi.html,31st Jan 2025
https://www.ispreview.co.uk/,Ofcom Probes Deeper into Flaws of New UK Broadband Switching Process,"The UK telecoms regulator, Ofcom , has called on major ISPs – including BT , Sky Broadband , Vodafone , TalkTalk , and Virgin Media – to provide more information in an effort to help them understand why the new consumer broadband and phone switching system ( One Touch Switching ) is still struggling to successfully complete many consumer migration requests.",https://www.ispreview.co.uk/index.php/2025/01/ofcom-probes-deeper-into-flaws-of-new-uk-broadband-switching-process.html,31st Jan 2025
https://www.ispreview.co.uk/,Quickline Connect First North Yorkshire Homes Under Gigabit Broadband Contract,"Rural focused UK ISP Quickline has today announced that they’ve connected the first homes under their £73.5m state-aid supported Project Gigabit roll-out contract for North Yorkshire (Lot 31). This will see their gigabit-capable broadband network extending to cover an additional 36,300 premises in some of the hardest-to-reach areas of the county.",https://www.ispreview.co.uk/index.php/2025/01/quickline-connect-first-north-yorkshire-homes-under-gigabit-broadband-contract.html,31st Jan 2025
https://www.ispreview.co.uk/,New Kent UK Homeowners Criticise Persimmon Over FTTP Broadband Monopoly,"Residents living in new build homes on the ‘Mascalls Grange Estate’ in Paddock Wood (Kent, England), which was constructed by Persimmon Homes , have called for help after suffering a “nightmare” of protracted broadband outages. But locals have been unable to escape the developer’s sibling ISP, FibreNest , because they have a “monopoly” over the area.",https://www.ispreview.co.uk/index.php/2025/01/new-kent-uk-homeowners-criticise-persimmon-over-fttp-broadband-monopoly.html,31st Jan 2025
https://www.ispreview.co.uk/,UK Remains Top of G7 Focused Digital Connectivity Readiness Index,"Consultancy firm FarrPoint has published the first 2025 edition of their Digital Connectivity Readiness Index (DCRI), which ranks the G7 countries by the quality and coverage of their digital infrastructure (broadband, 5G etc.), as well as other areas like digital skills and online security etc. Overall, the United Kingdom continues to rank top and has improved its scores.",https://www.ispreview.co.uk/index.php/2025/01/uk-remains-top-of-g7-focused-digital-connectivity-readiness-index.html,30th Jan 2025
https://www.ispreview.co.uk/,"Virgin Media O2 UK to Donate 12,000 Smartphones in 2025","Broadband ISP and mobile operator Virgin Media and O2 (VMO2) have today announced that they intend to donate “up to” 12,000 pre-owned Smartphones during 2025 (c.1,000 per month) to help people in need get online and reduce e-waste, which will be conducted in partnership with the Good Things Foundation and Hubbub .",https://www.ispreview.co.uk/index.php/2025/01/virgin-media-o2-uk-to-donate-12000-smartphones-in-2025.html,30th Jan 2025
https://www.ispreview.co.uk/,30 Government Funded 4G Mobile UK Mast Upgrades Now Live,"The boss of Digital Mobile Spectrum Limited (DMSL), which represents the four major mobile operators ( EE , O2 , Vodafone and Three UK ), has today confirmed that a total of 30 government-funded rural 4G (mobile broadband) mast upgrades have now gone live across the United Kingdom via the industry-led £1bn Shared Rural Network (SRN) project.",https://www.ispreview.co.uk/index.php/2025/01/30-government-funded-4g-mobile-uk-mast-upgrades-now-live.html,30th Jan 2025
https://www.ispreview.co.uk/,"BT Group Report Loss of 208,000 Total Openreach UK Broadband Lines","Telecoms giant BT Group has today published a brief trading update to the end of 2024, which reveals that Openreach added another 1 million premises in the last quarter (unchanged) to the coverage of their full fibre (FTTP) broadband ISP network (total 17m) and saw related take-up rise by 472k (net adds) to total 6m (stable at 35%). But total broadband lines fell by 208k as rivals continue to bite.",https://www.ispreview.co.uk/index.php/2025/01/bt-group-report-loss-of-208000-total-openreach-uk-broadband-lines.html,30th Jan 2025
https://www.ispreview.co.uk/,Vodafone UK Beat Starlink with First Mobile to Mobile Video Call via Satellite,Mobile operator Vodafone UK today claims to have “beaten Elon Musk in the space race” by making the first mobile-to-mobile video call using a normal (unmodified) Smartphone and special satellites in Low Earth Orbit (LEO) from partner AST SpaceMobile . This is essentially a space-based 4G and 5G mobile broadband service.,https://www.ispreview.co.uk/index.php/2025/01/vodafone-uk-beat-starlink-with-first-mobile-to-mobile-video-call-via-satellite.html,29th Jan 2025
https://www.ispreview.co.uk/,BT Propose to Cut up to 90 Jobs from Belfast HQ in Northern Ireland,"Telecoms and UK broadband giant BT Group has reportedly proposed to make up to 90 staff redundant from their Belfast office, which is currently home to 2,000 colleagues from across the company, including EE , BT Business and Openreach. The group currently employs a total of 3,400 from across Northern Ireland.",https://www.ispreview.co.uk/index.php/2025/01/bt-propose-to-cut-up-to-90-jobs-from-belfast-hq-in-northern-ireland.html,29th Jan 2025
https://www.ispreview.co.uk/,GCON Pumps Extra £6.2m into UK Gigabit Broadband ISP Voneus UPDATE,"Rural network operator and UK ISP Voneus , which aims to cover 370,000 premises via both their gigabit-capable fixed wireless access (FWA) and Fibre-to-the-Premises (FTTP) broadband networks, has just received a further combined capital investment of £6,198,805 from Rural Broadband Solutions Holdings Limited (RBSHL).",https://www.ispreview.co.uk/index.php/2025/01/gcon-pumps-extra-6-2m-into-uk-gigabit-broadband-isp-voneus.html,29th Jan 2025
https://www.ispreview.co.uk/,Ofcom Publish 8th Annual Report into UK Net Neutrality Issues,"Ofcom has today published their 8th annual (2025) monitoring report of the UK’s Net Neutrality rules (guidelines), which were originally established to prevent unfair blocking or slowing of access to legal websites and internet services by broadband ISPs and mobile operators (with some exceptions). Overall, the report found no major concerns.",https://www.ispreview.co.uk/index.php/2025/01/ofcom-publish-8th-annual-report-into-uk-net-neutrality-issues.html,29th Jan 2025
https://www.ispreview.co.uk/,Neos Networks to Lead Gigabit Broadband Upgrade in Notts and Derbyshire UK,"The Nottinghamshire County Council (NCC) has today appointed Neos Networks to lead their £1.2m D2N2 Gigahubs project, which will work alongside Openreach (BT) and Netomnia to deploy a new full fibre gigabit broadband network to connect “up to” 28 public buildings (schools, NHS sites etc.) across rural parts of Nottinghamshire and Derbyshire.",https://www.ispreview.co.uk/index.php/2025/01/neos-networks-to-lead-gigabit-broadband-upgrade-in-notts-and-derbyshire-uk.html,29th Jan 2025
https://www.ispreview.co.uk/,Comms Council UK and NTS to Help Crackdown on Telephone Fraud,"The Comms Council UK , which represents the UK’s national Unified Communications and Voice-over-Internet-Protocol ( VoIP ) phone industry, has today announced a new “joint information sharing initiative” with National Trading Standards (NTS) that aims to help “crack down on telephone fraud“.",https://www.ispreview.co.uk/index.php/2025/01/comms-council-uk-and-nts-to-help-crackdown-on-telephone-fraud.html,29th Jan 2025
https://www.ispreview.co.uk/,UK Phones Providers Introduce Tougher Blocking of Foreign Scam Calls,"Ofcom has confirmed that, from today, UK phone providers (fixed line and mobile) are expected to have implemented changes that aim to block scammers who call from abroad and imitate UK landline numbers (i.e. spoofed calls). Further measures are also expected to follow “later this year“, which will tackle spoofed mobile numbers.",https://www.ispreview.co.uk/index.php/2025/01/uk-phones-providers-introduce-tougher-blocking-of-foreign-scam-calls.html,29th Jan 2025
https://www.ispreview.co.uk/,Analyst Warns Mergers Between Smaller UK Broadband Altnets are Not Enough,"A new research note from analyst firm Enders Analysis has warned that mergers between smaller alternative gigabit broadband networks, such as the one that occurred on Monday between FullFibre Limited and Zzoomm ( here ), will not be enough for the sector to become “sustainable” and “further financial distress may be required” for some realism over valuations.",https://www.ispreview.co.uk/index.php/2025/01/analyst-warns-mergers-between-smaller-uk-broadband-altnets-is-not-enough.html,29th Jan 2025
https://www.ispreview.co.uk/,Competition Watchdog Finds UK Cloud Market “not working as well as it could”,"The Competition and Markets Authority (CMA) has today published the “provisional findings” of their investigation into the UK’s public cloud infrastructure services market, which is currently dominated by Amazon (AWS) and Microsoft (Azure). The probe found that “competition is not working as well as it could” and is now shifting its focus to look at remedies.",https://www.ispreview.co.uk/index.php/2025/01/competition-watchdog-finds-competition-concerns-in-uk-cloud-market.html,28th Jan 2025
https://www.ispreview.co.uk/,Home Broadband ISP iTalk Launch New UK Full Fibre Packages,"Internet service provider iTalk , which is powered by Openreach ’s national network, has today announced the arrival of their brand-new “Full Fibre” ( FTTP ) home broadband packages to complement their existing range of ADSL and FTTC ( VDSL2 ) based packages on older lines. The new tiers are being launched alongside some big price discounts.",https://www.ispreview.co.uk/index.php/2025/01/home-broadband-isp-italk-launch-new-uk-full-fibre-packages.html,28th Jan 2025
https://www.ispreview.co.uk/,Ofcom UK Propose to Cap the Wholesale Price of Bulk Business Texts,"The communications regulator, Ofcom , has today proposed to cap the wholesale price charged by mobile network operators (e.g. EE , O2 , Vodafone and Three UK ) for the delivery of automated text messages, known as application-to-person (A2P) SMS, which are widely used by business and organisations across the public and private sectors.",https://www.ispreview.co.uk/index.php/2025/01/ofcom-uk-propose-to-cap-the-wholesale-price-of-bulk-business-texts.html,28th Jan 2025
https://www.ispreview.co.uk/,O2 UK Use Starlink to Bring 4G Mobile to Rural Village of Craster UPDATE,"Mobile network operator O2 ( Virgin Media ) has harnessed a Starlink based LEO satellite broadband connection for backhaul capacity in order to successfully expand their 4G mobile coverage across the remote rural Northumberland (England) village of Craster, which they say “previously had no coverage from any mobile operator“; 5G and fibre will follow.",https://www.ispreview.co.uk/index.php/2025/01/o2-uk-use-starlink-to-bring-4g-mobile-to-rural-village-of-craster.html,28th Jan 2025
https://www.ispreview.co.uk/,Liberty Global and Juniper Networks Test New Multi Cloud Tech in the UK,"Juniper Networks and European broadband operator Liberty Global, which is one of the parents of Virgin Media and O2 UK, have just completed a joint Proof-of-Concept (PoC) in the UK that demonstrated a “cost-efficient, software-programmable, secure and seamless way” to consistently connect services and applications hosted in disparate locations and across different cloud technologies.",https://www.ispreview.co.uk/index.php/2025/01/liberty-global-and-juniper-networks-test-new-multi-cloud-tech-in-the-uk.html,28th Jan 2025
https://www.ispreview.co.uk/,"Scotland Tenders for £43m Gigabit Broadband Rollout in Fife, Perth and Kinross","ISPreview has spotted that the Scottish Government (SG) yesterday published a contract notice for the Fife, Perth and Kinross (Lot 4 – Scotland) area under the UK’s £5bn Project Gigabit broadband roll-out scheme, which is expected to expand full fibre ( FTTP ) connectivity to an estimated 28,441 premises in hard-to-reach (rural) locations.",https://www.ispreview.co.uk/index.php/2025/01/scotland-tenders-for-43m-gigabit-broadband-rollout-in-fife-perth-and-kinross.html,28th Jan 2025
https://www.ispreview.co.uk/,Cross-Party Inquiry Examines Threats to Undersea UK Internet Cables,"The Joint Committee on the National Security Strategy (JCNSS) has launched a new UK inquiry that will see cross-party MPs and Lords examine the growing threats to undersea fibre optic cables, which are described as being the ‘backbone’ of the world’s internet (broadband, mobile etc.) systems.",https://www.ispreview.co.uk/index.php/2025/01/cross-party-inquiry-examines-threats-to-undersea-uk-internet-cables.html,27th Jan 2025
https://www.ispreview.co.uk/,Three UK and Virgin Media O2 Partner to Launch RCS Business Messaging,"Mobile operators Three UK and O2 (Virgin Media) have today announced that they’re partnering with the cloud communications platform, Sinch, to make RCS Business Messaging (RBM) available on iOS (Apple iPhone, iPad etc.) for their customers – previously this was only available to Android based phones and devices.",https://www.ispreview.co.uk/index.php/2025/01/three-uk-and-virgin-media-o2-partner-to-launch-rcs-business-messaging.html,27th Jan 2025
https://www.ispreview.co.uk/,Freshwave Deploy 4G Mobile to Firms in London Skyscraper 8 Bishopsgate,"Wireless infrastructure provider Freshwave has teamed-up with Electracom Projects to deliver a 4G mobile signal – from all four mobile network operators (MNOs) – to the 50-storey ‘8 Bishopsgate’ development in the City of London (CoL), which will benefit local businesses inside the property.",https://www.ispreview.co.uk/index.php/2025/01/freshwave-deploy-4g-mobile-to-firms-in-london-skyscraper-8-bishopsgate.html,27th Jan 2025
https://www.ispreview.co.uk/,Broadband Networks Zzoomm and FullFibre Limited Agree UK Merger,"Alternative broadband network builders Zzoomm and FullFibre Limited ( Fibre Heroes ), both of which have been rolling out multi-gigabit speed capable Fibre-to-the-Premises (FTTP) ISP networks across different parts of the United Kingdom, have this morning announced that they’ve agreed to merge to create one of the UK’s largest Altnets.",https://www.ispreview.co.uk/index.php/2025/01/broadband-networks-zzoomm-and-fullfibre-limited-agree-uk-merger.html,27th Jan 2025
https://www.ispreview.co.uk/,Data Suggests Storm Eowyn Caused Severe Decline in UK Mobile Connectivity,"New data from Ookla, which runs the popular Speedtest.net broadband connection benchmarking service, has revealed that Storm Éowyn (pronounced ‘Ay-oh-win’) triggered a “rapid, severe and sustained decline” in mobile performance across all operators in Ireland and parts of the UK, particularly Northern Ireland and Scotland, on a “scale not seen before“.",https://www.ispreview.co.uk/index.php/2025/01/data-shows-storm-eowyn-caused-severe-decline-in-uk-mobile-connectivity.html,27th Jan 2025
https://www.ispreview.co.uk/,Full Fibre Broadband Network Hyperoptic Suffers More UK Job Cuts,"City-focused ISP Hyperoptic , which since 2011 has built an alternative full fibre (FTTP/B) network to reach “more than” 1.73 million homes in parts of 64 UK towns and cities, has informed its staff that 2025 will see a “reduced volume of work” and thus a potential reduction in their infrastructure teams of nearly 130 jobs (out of nearly 280 potentially impacted roles).",https://www.ispreview.co.uk/index.php/2025/01/full-fibre-broadband-network-hyperoptic-suffers-more-uk-job-cuts.html,27th Jan 2025
https://www.ispreview.co.uk/,Budget Broadband ISP TalkTalk Probes Possible UK Data Breach,"Customers of debt-troubled UK internet provider TalkTalk have been given an uncomfortable reminder of the 2015 cyberattack ( here ), which came after the ISP admitted that it was “investigating” reports on a cybercrime forum that alleged the provider had suffered a new data breach.",https://www.ispreview.co.uk/index.php/2025/01/budget-broadband-isp-talktalk-probes-possible-uk-data-breach.html,25th Jan 2025
https://www.ispreview.co.uk/,Police Arrest After Protestors Cut Vital Fibre Optic Cables in UK Cities,"The City of London Police (CoLP) have arrested a 29-year-old man after a climate protest group claimed to have “[disrupted] the wifi systems of hundreds of insurance companies across the UK“, which they achieved by cutting key fibre optic cables in London (similar events are also said to have occurred in Leeds, Birmingham and Sheffield).",https://www.ispreview.co.uk/index.php/2025/01/police-arrest-after-protestors-cut-vital-fibre-optic-cables-in-uk-cities.html,25th Jan 2025
https://www.ispreview.co.uk/,BT Urges Critical Infrastructure Providers to Get Off UK Copper Network,Telecoms giant BT has today “urged” providers of Critical National Infrastructure (CNI) to “move off” the “outdated copper network” as it is becoming “increasingly unstable“. BT claims its own data shows that 60% of CNI customers in the UK currently have no plan in place to start migrating off the legacy analogue network.,https://www.ispreview.co.uk/index.php/2025/01/bt-urges-critical-infrastructure-providers-to-get-off-uk-copper-network.html,24th Jan 2025
https://www.ispreview.co.uk/,Shire Fibre Seek Code Powers to Support Shropshire UK Full Fibre Rollout,"A new alternative broadband network provider and ISP called Shire Fibre has today surfaced with a tentative plan to build their new Fibre-to-the-Premises ( FTTP ) network across poorly served parts of Shropshire (England), starting with the small market town of Craven Arms (population of 2,300) and surrounding areas.",https://www.ispreview.co.uk/index.php/2025/01/shire-fibre-seek-code-powers-to-support-shropshire-uk-full-fibre-rollout.html,24th Jan 2025
https://www.ispreview.co.uk/,nPerf Name EE as the UK Fastest Mobile Network in 2025 Benchmark,"Internet connection benchmarking firm nPerf has this morning published the results from their annual 2025 crowdsourced study into UK mobile broadband ( 4G , 5G ) performance, which sees EE being named as the country’s best and fastest operator for mobile data performance. But Three UK still holds the top spot for 5G-only performance.",https://www.ispreview.co.uk/index.php/2025/01/nperf-award-ee-as-the-uk-fastest-mobile-network-in-2025-benchmark.html,24th Jan 2025
https://www.ispreview.co.uk/,ITS Technology Launch 5Gbps Speeds via Ethernet over FTTP Service,"The ITS Technology Group , which operates various wholesale full fibre broadband and Ethernet networks (“Faster Britain“) across urban parts of the UK for businesses and ISPs, has today introduced both 2.5Gbps and 5Gbps symmetric speed tiers on their “FibreLight” Ethernet over FTTP (EoFTTP) service.",https://www.ispreview.co.uk/index.php/2025/01/its-technology-launch-5gbps-speeds-via-fttp-over-ethernet-service.html,24th Jan 2025
https://www.ispreview.co.uk/,Broadband Altnet Toob Ranks 4th in Sunday Times 100 Tech List,"Hampshire-based network builder and UK ISP toob , which has deployed a gigabit speed full fibre (FTTP) network across parts of South England and also harness some of CityFibre ’s network, has placed 4th in the latest 2025 Sunday Times 100 Tech – a ranking of Britain’s fastest-growing private technology companies.",https://www.ispreview.co.uk/index.php/2025/01/broadband-altnet-toob-ranks-4th-in-sunday-times-100-tech-list.html,24th Jan 2025
https://www.ispreview.co.uk/,"EE Miles Ahead of O2, Three UK and Vodafone for 5G Mobile Availability","Network benchmarking provider Ookla, which operates the popular Speedtest.net internet connection testing service, has kindly furnished ISPreview with some additional data that reveals the past and present levels of UK 5G mobile (mobile broadband) availability across EE (BT), Vodafone , Three UK and O2 ( Virgin Media ). Some of the results may surprise.",https://www.ispreview.co.uk/index.php/2025/01/ee-miles-ahead-of-o2-three-uk-and-vodafone-for-5g-mobile-availability.html,24th Jan 2025
https://www.ispreview.co.uk/,Openreach to Stop Selling 40Mbps FTTC Broadband Tier on 24th April,"Network access provider Openreach (BT) has today confirmed our report from last month ( here ) and revealed that they will withdraw, from new sale (provision), the once popular 40Mbps (2Mbps upload) tier for their Fibre-to-the-Cabinet ( FTTC / VDSL2 ) based broadband ISP lines – effective from 24th April 2025.",https://www.ispreview.co.uk/index.php/2025/01/openreach-to-stop-selling-40mbps-fttc-broadband-tier-on-24th-april.html,23rd Jan 2025
https://www.ispreview.co.uk/,Mobile Network Operator Three UK Suffers Calling Outage UPDATE7,"Some customers of mobile operator Three UK are this afternoon being impacted by a partial network outage, which is preventing them from making or recieving calls (this often returns a “call failed” message). But 999 (emergency) calls and data (mobile broadband) connectivity, including related IP based calls (e.g. WhatsApp), continue to function.",https://www.ispreview.co.uk/index.php/2025/01/mobile-network-operator-three-uk-suffers-calling-outage.html,23rd Jan 2025
https://www.ispreview.co.uk/,Broadband Operators Warned to Brace for Storm Eowyn on Friday,"A number of network operators, such as Openreach (BT), have put out notifications to warn partners and customers about the expected impact of Storm Éowyn tomorrow morning. The named storm is expected to be particularly vicious when it strikes Ireland, which is why it’s generating some headlines online, although its impact upon the UK will still be nasty.",https://www.ispreview.co.uk/index.php/2025/01/broadband-operators-warned-to-brace-for-storm-eowyn-on-friday.html,23rd Jan 2025
https://www.ispreview.co.uk/,LONAP Internet Exchange Cuts UK Pricing of Port Fees,"The London Access Point (LONAP), which is a not-for-profit Layer 2 Internet Exchange Point (IXP) based in London that was first established in 1997 and works with various different members (broadband ISPs, CDNs, mobile operators etc.), appears to have responded to recent price cuts at LINX ( here ) by refreshing some of its own fees.",https://www.ispreview.co.uk/index.php/2025/01/lonap-internet-exchange-cuts-uk-pricing-of-port-fees.html,23rd Jan 2025
https://www.ispreview.co.uk/,O2 UK Reveals First Insights from AI Granny Created to Waste Scammers Time,"Mobile operator O2 ( Virgin Media ) launched a “human-like” AI (Artificial Intelligence) ‘Granny’ called Daisy in November last year ( here ), which was designed to answer calls in real-time from fraudsters and keep them busy (away from customers) for as long as possible. Since then, the bot has chatted with over 1,000 scam callers, and it’s learnt a few things.",https://www.ispreview.co.uk/index.php/2025/01/o2-uk-reveals-first-insights-from-ai-granny-created-to-waste-scammers-time.html,23rd Jan 2025
https://www.ispreview.co.uk/,"FarrPoint Find UK Councils Prioritise Gigabit Broadband, Ignore Data Centres","Consultancy firm FarrPoint has today published their third annual (2025) survey of digital leaders at councils across England, Scotland and Wales. The results reveal that expanding the coverage of gigabit broadband remains the top priority for most local authorities. But on the flip side, only 4% of surveyed councils are developing a dedicated data centre strategy.",https://www.ispreview.co.uk/index.php/2025/01/farrpoint-find-uk-councils-prioritise-gigabit-broadband-ignore-data-centres.html,23rd Jan 2025
https://www.ispreview.co.uk/,Virgin Media O2 and Ontix Expand 4G Mobile Small Cells in Birmingham,"Mobile network operator O2 (Virgin Media) has continued with their effort to boost 4G mobile (mobile broadband) capacity across the UK, which today sees them working with Ontix to expand their roll-out of small cells into new areas of Birmingham – primarily around Soho Road and Handsworth.",https://www.ispreview.co.uk/index.php/2025/01/virgin-media-o2-and-ontix-expand-4g-mobile-small-cells-in-birmingham.html,23rd Jan 2025
https://www.ispreview.co.uk/,Anger After CityFibre Builds UK Broadband Cabinet on Private Garden,"CityFibre has been criticised by a homeowner in Southend-on-Sea (Essex, England) after the operator accidentally built one of their new full fibre broadband ISP street cabinets, without permission, on a private garden. But then, after attempting to rectify their mistake, “left the garden in ruins – an unsafe and hazardous mess“.",https://www.ispreview.co.uk/index.php/2025/01/anger-after-cityfibre-builds-uk-broadband-cabinet-on-private-garden.html,23rd Jan 2025
https://www.ispreview.co.uk/,CityFibre Improves Testing of UK Full Fibre Network with EXFO Exchange,"Network operator CityFibre has today become the latest broadband infrastructure builder to adopt EXFO ‘s Exchange solution, which is a solution that will improve the company’s ability to conduct field-testing of their full fibre network (covering. 4 million premises across the UK) and so also save them time, as well as money.",https://www.ispreview.co.uk/index.php/2025/01/cityfibre-improves-testing-of-uk-full-fibre-network-with-exfo-exchange.html,22nd Jan 2025
https://www.ispreview.co.uk/,Openreach Expand FTTP Broadband to Half of Scotland – 1.45 Million Premises,"Network access provider Openreach (BT) has announced that their UK Fibre-to-the-Premises (FTTP) based broadband ISP network now covers over 1.45 million properties in Scotland (half of all premises), which has also delivered a strong take-up rate of 38% and at a total build cost of £435 million.",https://www.ispreview.co.uk/index.php/2025/01/openreach-expand-fttp-broadband-to-half-of-scotland-1-45-million-premises.html,22nd Jan 2025
https://www.ispreview.co.uk/,"Virgin Media UK and Nexfibre Expand Full Fibre to 8,000 Northallerton Homes","Network operator nexfibre , which shares some of their UK parentage with retail broadband ISP partner Virgin Media (O2), has today announced that they’ve made their 2Gbps speed Fibre-to-the-Premises (FTTP) network available to more than 8,000 homes in the market town of Northallerton (North Yorkshire, England) for the first time.",https://www.ispreview.co.uk/index.php/2025/01/virgin-media-uk-and-nexfibre-expand-full-fibre-to-8000-northallerton-homes.html,22nd Jan 2025
https://www.ispreview.co.uk/,Broadband ISP Wildanet Offers Discounts to Blue Light Card Holders,"Alternative network provider Wildanet , which is building a gigabit speed Fibre-to-the-Premises ( FTTP ) broadband network across rural parts of Cornwall and Devon in England, has just become the latest UK ISP to start offering special discounts to holders of a Blue Light Card (i.e. price cuts for workers in the emergency services and veterans).",https://www.ispreview.co.uk/index.php/2025/01/broadband-isp-wildanet-offers-discounts-to-blue-light-card-holders.html,22nd Jan 2025
https://www.ispreview.co.uk/,BT Wholesale Retires UK Broadband ISP Speed Tester Service,"Network services provider BT Wholesale has confirmed to ISPreview that they’ve taken the decision to “retire” their long-running BroadBand Performance Test (speed tester), which is a change that was formally introduced at the start of this month. But BT has yet to post a notice about this on the service page, which may cause some confusion for those trying to run a test.",https://www.ispreview.co.uk/index.php/2025/01/bt-wholesale-retires-uk-broadband-isp-speed-tester-service.html,22nd Jan 2025
https://www.ispreview.co.uk/,Sky Broadband Users in West Yorkshire Suffer Unusual Connectivity Woes UPDATE,"Some customers of UK ISP Sky Broadband , primarily those in West Yorkshire (England), appear to be suffering from an unusual problem with their internet connectivity. The issue is disrupting video playback on YouTube and hampering access and downloads from Google Play (Android App store), as well as some other services.",https://www.ispreview.co.uk/index.php/2025/01/sky-broadband-users-in-west-yorkshire-suffer-unusual-connectivity-woes.html,21st Jan 2025
https://www.ispreview.co.uk/,New Report Makes the Case for Global and UK Telco Sector to Adopt AI,"A new report from consultancy firm EY and European broadband operator Liberty Global, which alongside Telefonica is also a parent of the merged Virgin Media and O2 UK, has today argued for the “strategic adoption” of AI in the telco sector to help drive “major sustainability gains over the next decade“. Just don’t worry about its power consumption.",https://www.ispreview.co.uk/index.php/2025/01/new-report-makes-the-case-for-global-and-uk-telco-sector-to-adopt-ai.html,21st Jan 2025
https://www.ispreview.co.uk/,"GoFibre Complete FTTP Broadband Build in Hawick, Sees Strong Early Take-up","Edinburgh-based alternative UK network ISP GoFibre has today announced that they’ve managed to sign-up 1,000 customers to their new full fibre ( FTTP ) broadband network in the Scottish Borders town of Hawick, which has just completed its build. Locals are now being offered a special deal that gives new customers speeds of 1000Mbps for the price of 500Mbps for the duration of their contract.",https://www.ispreview.co.uk/index.php/2025/01/gofibre-complete-fttp-broadband-build-in-hawick-sees-strong-early-take-up.html,21st Jan 2025
https://www.ispreview.co.uk/,Virgin Media Business Start Offering Ethernet via New Converged UK Network,"The wholesale division of UK broadband ISP Virgin Media Business (VMO2) has today announced that they’ve started offering their high-bandwidth products, such as National Ethernet (NE) and Direct Internet Access (DIA), over their new “next generation” Converged Interconnect Network (CIN).",https://www.ispreview.co.uk/index.php/2025/01/virgin-media-business-start-offering-ethernet-via-new-converged-uk-network.html,20th Jan 2025
https://www.ispreview.co.uk/,CityFibre UK Starts Project Gigabit Broadband Roll Out for Kent,"Network operator CityFibre has today announced that they’ve begun the roll-out phase of their £112 million state-aid supported Project Gigabit contract for Kent (Lot 29) in England. This will extend their 10Gbps capable FTTP broadband ISP network to an additional 50,000+ premises in hard-to-reach rural areas.",https://www.ispreview.co.uk/index.php/2025/01/cityfibre-uk-starts-project-gigabit-broadband-roll-out-for-kent.html,20th Jan 2025
https://www.ispreview.co.uk/,Broadband ISP Aquiss Introduce FullFibre Ltd Based FTTP Packages,"Shropshire-based UK ISP Aquiss has this morning announced that they’ve launched an additional range of broadband packages based off FullFibre Limited ‘s ( Fibre Heroes ) network, which has so far deployed an open access Fibre-to-the-Premises (FTTP) network to cover 380,000 UK premises ‘ready for service’ (23rd Aug 2024).",https://www.ispreview.co.uk/index.php/2025/01/broadband-isp-aquiss-introduce-fullfibre-ltd-based-fttp-packages.html,20th Jan 2025
https://www.ispreview.co.uk/,UK Still Trails Most of EU with Poor Level of 5G Mobile Availability UPDATE,"New data from Ookla, which operates the popular Speedtest.net internet connection benchmarking service, has revealed that the United Kingdom still places near the bottom of the table in Europe for 5G mobile availability (mobile broadband) on a score of just 42.2% (i.e. the percentage of users with 5G devices spending most of their time connected to 5G networks).",https://www.ispreview.co.uk/index.php/2025/01/uk-still-trails-most-of-eu-with-poor-level-of-5g-mobile-availability.html,20th Jan 2025
https://www.ispreview.co.uk/,Netomnia Builds UK FTTP Broadband Coverage to 2.08 Million Premises,"Alternative network operator Netomnia (inc. Brsk and YouFibre ) has today announced that they’ve successfully expanded their 10Gbps capable Fibre-to-the-Premises (FTTP) broadband ISP network to cover 2.08 million UK homes and businesses (RFS) on time (up from 1.82m on 30th Sept 2024). Customers have also grown to 238,000 (up from 190k).",https://www.ispreview.co.uk/index.php/2025/01/netomnia-builds-uk-fttp-broadband-coverage-to-2-08-million-premises.html,20th Jan 2025
https://www.ispreview.co.uk/,Some Vodafone UK Broadband Users Struggling to Claim Switching Credit UPDATE,Telecoms provider Vodafone UK has confirmed that they’re “working hard to resolve” a problem that appears to be making it difficult for some of their new home broadband customers to claim the operators offer of up to £100 in “switching credit” for inward migrations. This is offered to those who incur Early Termination Charges (ETCs) when leaving their existing ISP.,https://www.ispreview.co.uk/index.php/2025/01/some-vodafone-uk-broadband-users-struggling-to-claim-switching-credit.html,20th Jan 2025
https://www.ispreview.co.uk/,ICO Confirms it’s Still Investigating Lyca Mobile UK’s 2023 Data Breach,"In a small update, the Information Commissioner’s Office ( ICO ) has confirmed to ISPreview that their investigation into the September 2023 cyberattack and data breach of mobile network operator Lyca Mobile ( here ) is still “ongoing“. But the ICO declined to answer why it was taking so long to reach a conclusion.",https://www.ispreview.co.uk/index.php/2025/01/ico-confirms-its-still-investigating-lyca-mobile-uks-2023-data-breach.html,18th Jan 2025
https://www.ispreview.co.uk/,EXA Infrastructure Reaches Agreement to Acquire Aqua Comms,"London-registered network operator EXA Infrastructure , which was acquired by investment firm ‘I Squared Capital’ in 2021, has today announced that they’ve signed binding agreements to acquire specialist connectivity services provider Aqua Comms, which operates a number of transatlantic and intra-European subsea infrastructure systems (fibre optic cables).",https://www.ispreview.co.uk/index.php/2025/01/exa-infrastructure-reaches-agreement-to-acquire-aqua-comms.html,17th Jan 2025
https://www.ispreview.co.uk/,Openreach List 163 More UK Areas for Copper to FTTP Switch – Tranche 19 UPDATE,"Openreach ( BT ) has released the next January 2025 batch of 163 exchanges (Tranche 19) in their “FTTP Priority Exchange Stop Sell” programme, which reflects areas where over 75% of premises are able to get full fibre lines and will thus stop selling copper based analogue phone and broadband products (i.e. FTTP becomes the only product option).",https://www.ispreview.co.uk/index.php/2025/01/openreach-list-163-more-uk-areas-for-copper-to-fttp-switch-tranche-19.html,17th Jan 2025
https://www.ispreview.co.uk/,Ofcom Propose to Make More Wireless Devices Licence Exempt,"Ofcom has today launched a new consultation that proposes to exempt lots of additional devices (equipment) from needing a wireless telegraphy licence, such as 5G handsets and dongles on an aircraft or ship and 5.8 GHz (5725-5850 MHz) Fixed Wireless Access kit – used by many wireless broadband ISPs to offer rural connectivity.",https://www.ispreview.co.uk/index.php/2025/01/ofcom-propose-to-make-more-wireless-devices-licence-exempt.html,17th Jan 2025
https://www.ispreview.co.uk/,Three UK Picks Ericsson to Build New Cloud Native Core Network,"Mobile operator Three UK has this morning announced that they’ve selected Ericsson to build their new cloud-native core network, which it claims will be the “largest in Europe” and one that will end up “more than tripling its core capacity” to 9Tbps (Terabits per second).",https://www.ispreview.co.uk/index.php/2025/01/three-uk-picks-ericsson-to-build-new-cloud-native-core-network.html,17th Jan 2025
https://www.ispreview.co.uk/,Sky UK Shifts Sky Cinema Customers to Paramount+ Basic (with ads) Plan,"Customers of Sky’s TV ( Sky Broadband ) service, specifically those with their Sky Cinema plan, have been told that their included Paramount+ subscription will be “moved” to the lower value Paramount+ Basic (with ads) plan from 21st January 2025. Some customers will no doubt see this as a downgrade, given that the overall plan price remains the same.",https://www.ispreview.co.uk/index.php/2025/01/sky-uk-shifts-sky-cinema-customers-to-paramount-basic-with-ads-plan.html,17th Jan 2025
https://www.ispreview.co.uk/,Zen Internet Claim a Third of Brits Unaware of Analogue Phone Switch-off,"A new Censuswide survey conducted on behalf of broadband ISP Zen Internet , which involved 2,000 nationally representative UK consumers aged 16+, has revealed that 34% of respondents are still “unaware” of the upcoming switch from the old Public Switched Telephone Network (PSTN) to IP -based digital phone ( VoIP etc.) services.",https://www.ispreview.co.uk/index.php/2025/01/zen-internet-warn-a-third-of-brits-unaware-of-analogue-uk-phone-switch-off.html,17th Jan 2025
https://www.ispreview.co.uk/,Three UK Provide Brief Progress Update on 3G Mobile Switch Off,"Mobile operator Three UK , which was previously aiming to complete the process of switching off their old 3G (mobile broadband) network by the end of 2024 ( here ), has told ISPreview today that the “vast majority” of their 3G sites were switched off in September 2024. But a “small number” of sites are still live to avoid customers losing service.",https://www.ispreview.co.uk/index.php/2025/01/three-uk-provide-brief-progress-update-on-3g-mobile-switch-off.html,17th Jan 2025
https://www.ispreview.co.uk/,Dorset UK Council Celebrate Completion of £23.6m Broadband Project,"After 11 years and £23.6m of public investment, the Dorset Council in the South of England has today celebrated the completion of their Superfast Dorset project (now part of the wider ‘Digital Dorset’ scheme), which helped to extend “superfast” and “ultra-fast” broadband networks to an additional 85,000 premises.",https://www.ispreview.co.uk/index.php/2025/01/dorset-uk-council-celebrate-completion-of-23-6m-broadband-project.html,16th Jan 2025
https://www.ispreview.co.uk/,BT Confirms Revised Annual Mid-Contract Price Hikes Policy for 2025,"Broadband, TV, phone and mobile provider BT (inc. EE ) has today reiterated their policy on annual UK price increases, which readers may recall was first introduced last year ( here and here ). This is intended to align with Ofcom ’s ban on mid-contract price hikes that are linked to confusing inflation and percentage-based changes ( here ).",https://www.ispreview.co.uk/index.php/2025/01/bt-confirms-revised-annual-mid-contract-price-hikes-policy-for-2025.html,16th Jan 2025
https://www.ispreview.co.uk/,Netgem TV Adds Sports Channels via Supporting UK Broadband ISPs,"Digital entertainment platform provider Netgem TV has today announced that their IPTV box and service, which is typically bundled by broadband ISPs like Brsk , TalkTalk , Connect Fibre , CommunityFibre and a few others, will benefit from a new partnership with Sports Studio that adds more than 40 free sports channels from its Free Live Sports streaming platform their TV Guide.",https://www.ispreview.co.uk/index.php/2025/01/netgem-tv-adds-sports-channels-for-supporting-uk-broadband-isps.html,16th Jan 2025
https://www.ispreview.co.uk/,Report Examines Customer Take-up of Openreach vs AltNet Broadband ISPs UPDATE,"Strategic consultancy firm Eight Advisory has today launched a new Takeup Tracker, which examines the steady rise in take-up across the UK’s many alternative full fibre broadband (altnet) networks and compares it with that of incumbent operator Openreach ( BT ). The new tracker paints a mixed picture, albeit one with some positives to share.",https://www.ispreview.co.uk/index.php/2025/01/report-examines-customer-take-up-of-openreach-vs-altnet-broadband-isps.html,16th Jan 2025
https://www.ispreview.co.uk/,Ofcom Begin Process of Imposing Age Verification on UK Internet Sites,"The UK telecoms and media regulator, Ofcom , has today moved forward with implementation of the government’s tedious new Online Safety Act (OSA) by publishing industry guidance on how websites and social media services should introduce “effective age checks“. The goal is to prevent children from encountering online porn and protect them from other harmful content.",https://www.ispreview.co.uk/index.php/2025/01/ofcom-begin-process-of-imposing-age-verification-on-uk-internet-sites.html,16th Jan 2025
https://www.ispreview.co.uk/,BT’s First Real-World UK Deployment of 5G Standalone Network Slicing,"Telecoms giant BT has today said they recently conducted their “first real-world deployment” of a 5G Standalone (5GSA) mobile broadband network using network slicing technology, which formed part of a trial that brought “superfast payments” to the Belfast Christmas Market last month.",https://www.ispreview.co.uk/index.php/2025/01/bt-in-first-real-world-uk-deployment-of-5g-standalone-network-slicing.html,16th Jan 2025
https://www.ispreview.co.uk/,Neos Networks Helps LightSpeed Expand UK FTTP Broadband Network,"Alternative network operator and ISP LightSpeed Broadband , which has built a gigabit-capable ( FTTP ) network across 250,000 premises in the East of England, has today signed a new agreement that will enable them to expand their services by gaining access to Neos Networks dark fibre, 100Gbps and 10Gbps optical links, and backhaul services etc.",https://www.ispreview.co.uk/index.php/2025/01/neos-networks-helps-lightspeed-expand-uk-fttp-broadband-network.html,16th Jan 2025
https://www.ispreview.co.uk/,BT Scrap Pilot to Convert Openreach UK Broadband Cabinets to EV Chargers,"Only a few months have passed since BT’s awkwardly named UK digital incubation team, Etc. , “powered up” their first Electric Vehicle (EV) charger under a 2-year pilot, which was one of potentially tens of thousands that could have been established by repurposing Openreach ’s old broadband street cabinets. But it’s now being powered down and the whole scheme shelved.",https://www.ispreview.co.uk/index.php/2025/01/bt-scrap-pilot-to-convert-openreach-uk-broadband-cabinets-to-ev-chargers.html,16th Jan 2025
https://www.ispreview.co.uk/,Ofcom Enforce BAN on Some Mid-Contract UK Broadband Price Hikes,"Ofcom will tomorrow begin enforcing a new rule that bans UK phone, mobile, pay TV and broadband providers from doing mid-contract price hikes that are linked to inflation (CPI or RPI) and percentage-based changes. The change will make pricing clearer for new customers, but some consumers could still pay more than under the old model.",https://www.ispreview.co.uk/index.php/2025/01/ofcom-enforce-ban-on-some-mid-contract-uk-broadband-price-hikes.html,16th Jan 2025
https://www.ispreview.co.uk/,Millions of VPN Servers and Routers Exposed to New Tunnelling Protocol Vulnerabilities,"Security and VPN researchers Simon Migliano and Mathy Vanhoef have published a new report today that warns “over 4 million internet hosts“, including VPN servers and private home broadband routers, were found to be vulnerable to being hijacked to perform anonymous attacks and provide access to their private networks – thanks to “new vulnerabilities in multiple tunneling protocols“.",https://www.ispreview.co.uk/index.php/2025/01/millions-of-vpn-servers-and-routers-exposed-to-new-tunnelling-protocol-vulnerabilities.html,15th Jan 2025
https://www.ispreview.co.uk/,Altnet ISP Lightning Fibre Refreshes UK Broadband Plans and Prices,"Eastbourne-based alternative network operator and UK ISP Lightning Fibre , which is building a new Fibre-to-the-Premises ( FTTP ) broadband network across parts of Sussex and Kent in England, has today announced a package refresh for the New Year that delivers some speed boosts and pricing changes.",https://www.ispreview.co.uk/index.php/2025/01/altnet-isp-lightning-fibre-refreshes-uk-broadband-plans-and-prices.html,15th Jan 2025
https://www.ispreview.co.uk/,Broadband ISP Virgin Media UK to Upgrade Community Forum UPDATE,"Broadband, phone and pay TV provider Virgin Media ( O2 ) has notified its customers that their Community Forum platform will tomorrow – starting at around 10am – go through a “major upgrade“, which will see the ISP switch from using the older Khoros ‘Classic’ platform over to the modern ‘Aurora’ one.",https://www.ispreview.co.uk/index.php/2025/01/broadband-isp-virgin-media-uk-to-upgrade-community-forum.html,15th Jan 2025
https://www.ispreview.co.uk/,Ofcom to Improve Handling of UK Broadband and Phone Complaints UPDATE,"The UK telecoms regulator, Ofcom, has today proposed to make it quicker for people to access Alternative Dispute Resolution (ADR) providers, which are third-party ombudsman schemes that help consumers to resolve complaints with their phone providers, broadband ISPs and mobile operators.",https://www.ispreview.co.uk/index.php/2025/01/ofcom-to-improve-handling-of-uk-broadband-and-phone-complaints.html,15th Jan 2025
https://www.ispreview.co.uk/,ACOME Claims to Slash Fibre Optic Cable Waste via New System,Fibre manufacturer ACOME Group has today announced the introduction of a new platform that they claim could help broadband operators to reduce the amount of expensive optical fibre cable network builders throw away each year. All you need is a QR code and an App that combine to keep a record of each cable drum and its usage.,https://www.ispreview.co.uk/index.php/2025/01/acome-claims-to-slash-fibre-optic-cable-waste-via-new-system.html,15th Jan 2025
https://www.ispreview.co.uk/,FTTH Council Europe Summarises Copper Switch Off Progress by Country,"The FTTH Council Europe has published an interesting new report that looks at the progress being made across 27 EU member states (and the United Kingdom) in switching off older copper based broadband networks as part of adopting gigabit full-fibre infrastructure. The report finds a mixed picture, with Portugal, Spain and Sweden leading the way, while others lag far behind.",https://www.ispreview.co.uk/index.php/2025/01/ftth-council-europe-summarises-copper-switch-off-progress-by-country.html,15th Jan 2025
https://www.ispreview.co.uk/,London Internet Exchange Updates Pricing Structure for 2025,"The not-for-profit London Internet Exchange (LINX), which handles a large chunk of UK and global data traffic through their switches via around 900 members (broadband ISPs, mobile operators etc.), has today announced an update to its pricing structure for 2025 – impacting port and service fees – that aims to “deliver greater member value“.",https://www.ispreview.co.uk/index.php/2025/01/london-internet-exchange-updates-pricing-structure-for-2025.html,15th Jan 2025
https://www.ispreview.co.uk/,Lyca Mobile UK Simplifies Billing by Partnering with Revolut Pay,"Mobile network operator Lyca Mobile , which in the UK is a virtual operator (MVNO) on EE ’s network, has taken a break from recent troubles ( here ) by pledging to “transform” the “payment experiences” of its customers through a new partnership with online payment provider Revolut Pay, making it the neobank’s first official MVNO partner in the UK.",https://www.ispreview.co.uk/index.php/2025/01/lyca-mobile-uk-simplifies-billing-by-partnering-with-revolut-pay.html,15th Jan 2025
https://www.ispreview.co.uk/,"Virgin Media UK and Nexfibre Expand Full Fibre to 9,000 Homes in Bath","Network operator nexfibre , which shares some of their UK parentage with retail broadband ISP partner Virgin Media ( O2 ), has today announced that they’ve made their 2Gbps speed Fibre-to-the-Premises ( FTTP ) network available to more than 9,000 additional homes in the city of Bath (Somerset, England).",https://www.ispreview.co.uk/index.php/2025/01/virgin-media-uk-and-nexfibre-expand-full-fibre-to-9000-homes-in-bath.html,15th Jan 2025
https://www.ispreview.co.uk/,DCC and Vodafone Begin UK Trial of New 4G Energy Smart Meter Upgrade,"The descriptively named Data Communications Company (DCC), which manages Britain’s national Smart Meter network(s), recently began their first live customer trials that will see existing Smart Meters in UK homes being upgraded to use Toshiba’s new 4G Communication Hub. Several suppliers, such as E.on and British Gas, are taking part.",https://www.ispreview.co.uk/index.php/2025/01/dcc-and-vodafone-begin-uk-trial-of-new-4g-energy-smart-meter-upgrade.html,15th Jan 2025
https://www.ispreview.co.uk/,A Spider Surprise for One of Openreach’s Engineers in Staffordshire,"Spiders have an awkward habit of getting pretty much everywhere imaginable, which is probably down to their deep connection to the web. But spare a thought for one of Openreach ’s UK broadband engineers in the Staffordshire village of Hixon who, while working on top of a telecoms pole, had to do a bit of extra debugging after opening up a cable box to find this surprise.",https://www.ispreview.co.uk/index.php/2025/01/a-spider-surprise-for-one-of-openreachs-engineers-in-staffordshire.html,14th Jan 2025
https://www.ispreview.co.uk/,Pulse Fibre to Deploy FTTP Broadband to Entity Connect’s New Homes,"London-based broadband ISP Pulse Fibre , which specialises in building “full fibre” ( FTTP ) connections into UK new build home developments and MDUs ( here ), has signed a new partnership that will enable their network to expand across new developments being built alongside multi-utility provider Entity Connect in the South East of England.",https://www.ispreview.co.uk/index.php/2025/01/pulse-fibre-to-deploy-fttp-broadband-to-entity-connects-new-homes.html,14th Jan 2025
https://www.ispreview.co.uk/,Study Reveals Mobile Data Performance on Manchester to Cardiff Train,"Network analyst firm Streetwave has today shared the results from a new survey they conducted, which examined the coverage and performance of 4G and 5G mobile (broadband) networks for people travelling on a train from Manchester (Piccadilly) in England to Cardiff (Central) in Wales. Overall, Vodafone came top.",https://www.ispreview.co.uk/index.php/2025/01/study-reveals-mobile-data-performance-on-manchester-to-cardiff-train.html,14th Jan 2025
https://www.ispreview.co.uk/,Nexfibre Sets Out Demands for Ofcom’s UK Telecoms Access Review,"Network operator nexfibre , which is working alongside UK ISP partner Virgin Media to deploy a new 10Gbps full fibre broadband (FTTP) network across over 5 million premises (2m have already been built), has today set out its list of recommendations for Ofcom to consider adopting as part of their forthcoming Telecoms Access Review 2026 (TAR).",https://www.ispreview.co.uk/index.php/2025/01/nexfibre-sets-out-demands-for-ofcoms-uk-telecoms-access-review.html,14th Jan 2025
https://www.ispreview.co.uk/,Four Broadband and Mobile Providers Named in Top 50 for UK Customer Satisfaction,"The Institute of Customer Service (ICS) has today published their first biannual UK Customer Satisfaction Index for 2025 (January), which reveals that four mobile and broadband (telecoms) providers made it into their table of the country’s top 50 organisations – Tesco Mobile (16th), Utility Warehouse (28th), Sky Mobile (41st) and giffgaff (47th).",https://www.ispreview.co.uk/index.php/2025/01/four-broadband-and-mobile-providers-named-in-uk-customer-satisfaction-top-50.html,14th Jan 2025
https://www.ispreview.co.uk/,Sky Stream Box Briefly Gains Option to Add Terrestrial UK TV Channels UPDATE,"Some customers of Sky’s broadband-based Sky Stream TV devices (puck) have, over the past week, noticed the surprise addition of a new “TV Input” App that appears to activate the previously unused TV aerial port (tuner) on the back of the box – making it possible to add terrestrial Freeview channels via the old-fashioned method. But it may only be temporary.",https://www.ispreview.co.uk/index.php/2025/01/sky-stream-box-briefly-gains-option-to-add-terrestrial-uk-tv-channels.html,14th Jan 2025
https://www.ispreview.co.uk/,Broadband ISP KCOM Awards Another £30k of Digital Inclusion Grants,"Hull-based broadband ISP KCOM , which is building a Fibre-to-the-Premises (FTTP) network across parts of East Yorkshire and Lincolnshire in England, has named the second round of three winners for their Digital Inclusion Grants. Each of the projects and organisations will share from a pot of £30k, which aims to improve lives in communities across the region.",https://www.ispreview.co.uk/index.php/2025/01/broadband-isp-kcom-awards-another-30k-of-digital-inclusion-grants.html,13th Jan 2025
https://www.ispreview.co.uk/,BDUK Publish Early Evaluation of Gigabit Broadband Subsidy Scheme,"The Government’s executive Building Digital UK (BDUK) agency and Ipsos UK have today published an “early process review” of the Gigabit Infrastructure Subsidy (GIS) programme under their £5bn Project Gigabit broadband roll-out scheme, which identifies what “worked well” and “less well” in terms of providing the GIS intervention to date.",https://www.ispreview.co.uk/index.php/2025/01/bduk-publish-early-evaluation-of-gigabit-broadband-subsidy-scheme.html,13th Jan 2025
https://www.ispreview.co.uk/,Poor Broadband May Hamper Dorset Council’s Cost Cutting Drive Toward Digital,"The Dorset Council in England recently set out its proposals for a £416m budget for 2025/26, which included major cost-saving measures of around £44m and some of that involves the greater adoption of digital technologies, as well as AI. But councillors have been quick to warn that “pockets” of poor broadband and a lack of digital skills, among some groups, could create problems.",https://www.ispreview.co.uk/index.php/2025/01/poor-broadband-may-hamper-dorset-councils-cost-cutting-drive-toward-digital.html,13th Jan 2025
https://www.ispreview.co.uk/,O2 to Start UK 3G Mobile Switch Off in City of Durham in April 2025,"Mobile network operator O2 (Virgin Media) has this morning revealed that they’ll begin the withdrawal of their older 3G mobile (broadband) services across the United Kingdom – the last major operator to do so – in April 2025, which will start with the city of Durham in England (not to be confused with County Durham).",https://www.ispreview.co.uk/index.php/2025/01/o2-uk-to-start-3g-mobile-switch-off-in-city-of-durham-in-april-2025.html,13th Jan 2025
https://www.ispreview.co.uk/,Mobile Operator EE Sets Out UK Approach to Future 2G Switch Off,"The Chief Security and Networks Officer of BT Group, Howard Watson, has today joined the COO of BT Business, Kerry Small, in setting out what approach they intend to take when it comes to withdrawing their old 2G mobile service on EE . This will start in the “coming months“, when they’ll begin encouraging some customers to move to their more modern (4G and 5G) network.",https://www.ispreview.co.uk/index.php/2025/01/mobile-operator-ee-sets-out-uk-approach-to-future-2g-switch-off.html,13th Jan 2025
https://www.ispreview.co.uk/,Cost Cutting Sees UK ISP TalkTalk Scale Back Support for Internet Matters,"Debt-troubled UK broadband provider TalkTalk has reportedly “pulled out” of industry-funded online child safety charity Internet Matters , which was established alongside BT, Virgin Media and Sky Broadband during 2014. The move is said to form part of the ISP’s efforts to cut £120m in costs and follows recent job cuts ( here ).",https://www.ispreview.co.uk/index.php/2025/01/cost-cutting-sees-uk-isp-talktalk-scale-back-support-for-internet-matters.html,13th Jan 2025
https://www.ispreview.co.uk/,Altnet UK Broadband Provider Fibrus Confirms More Job Cuts,"Infracapital-backed ISP Fibrus , which is busy rolling out their alternative gigabit-capable Fibre-to-the-Premises (FTTP) broadband network across rural parts of Cumbria (England) and Northern Ireland, has confirmed another round of redundancies as their roll-out in N.Ireland comes to an end. But new jobs in customer facing roles are expected to be created.",https://www.ispreview.co.uk/index.php/2025/01/altnet-uk-broadband-provider-fibrus-confirms-more-job-cuts.html,11th Jan 2025
https://www.ispreview.co.uk/,Three UK Still Fastest for 5G Mobile Broadband in Ookla H2 2024 Study,"Network testing giant Ookla, which collects data from consumers via their popular Speedtest.net service, has published their Q3-Q4 2024 (H1) study into the speed of 5G based mobile broadband networks across the United Kingdom. The results reveal that Three UK once again delivered the fastest downloads (236.25Mbps) and uploads (12.94Mbps), but their performance has fallen.",https://www.ispreview.co.uk/index.php/2025/01/three-uk-still-fastest-for-5g-mobile-broadband-in-ookla-h2-2024-study.html,11th Jan 2025
https://www.ispreview.co.uk/,TOTSCo Updates on Development of UK Business Broadband ISP Switching,"The One Touch Switching Company (TOTSCo), which is the industry-led company that is helping to implement Ofcom ’s solution ( One Touch Switching ) for easier and quicker UK consumer switching between broadband and phone providers, has now started to consult on contract changes to enable business switching.",https://www.ispreview.co.uk/index.php/2025/01/totsco-updates-on-development-of-uk-business-broadband-isp-switching.html,10th Jan 2025
https://www.ispreview.co.uk/,Three UK Discounts Unlimited 5G Home Broadband Service to £19,"Mobile operator Three UK has introduced a new discount this week that cuts the monthly price of their 5G powered unlimited Three Home Broadband package to just £19 per month on a 24-month minimum term, rising to £28 if you only take a 1-month term or £21 for the equivalent 4G service on a 24-month term.",https://www.ispreview.co.uk/index.php/2025/01/three-uk-discounts-unlimited-5g-home-broadband-service-to-19.html,10th Jan 2025
https://www.ispreview.co.uk/,Swansea Bay City Deal Seeks Support for Better Broadband Infill Project,"The Swansea Bay City Deal’s Digital Infrastructure Programme has launched a new Prior Information Notice (PIN), which is seeking feedback from suppliers that might be interested in helping to provide “affordable” gigabit broadband to poorly served premises in the Swansea Bay City Region (Pembrokeshire, Carmarthenshire, Swansea, and Neath Port Talbot).",https://www.ispreview.co.uk/index.php/2025/01/swansea-bay-city-deal-seeks-support-for-better-broadband-infill-project.html,10th Jan 2025
https://www.ispreview.co.uk/,Customers Report Problems with Vodafone’s Roaming Service,"Some customers of mobile network operator Vodafone UK, specifically those who are currently abroad in a variety of countries and using the operator’s roaming services, have for the past few hours been complaining about connectivity problems (e.g. they’re unable to make any calls and find that mobile broadband / data isn’t working).",https://www.ispreview.co.uk/index.php/2025/01/customers-report-problems-with-vodafones-roaming-service.html,9th Jan 2025
https://www.ispreview.co.uk/,Survey Claims 4.3 Million UK People May Lose O2 Data Access After 3G Switch Off UPDATE,"A new Opinium survey of 2,000 UK adults, which was commissioned by Uswitch.com and conducted on 7th Jan 2025, has claimed that more than 4.3 million Brits could potentially be left without access to mobile broadband if they don’t upgrade their device before O2 switches-off their 3G service (inc. MVNO’s Tesco Mobile , GiffGaff and Sky Mobile etc.).",https://www.ispreview.co.uk/index.php/2025/01/survey-claims-4-3-million-uk-people-may-lose-o2-data-access-after-3g-switch-off.html,9th Jan 2025
https://www.ispreview.co.uk/,Broadband Users on CityFibre’s UK Network Suffer Nokia ONT Problems UPDATE2,"Some broadband ISP customers on Cityfibre ’s national Fibre-to-the-Premises ( FTTP ) network, which covers 4 million UK premises, are currently experiencing ongoing connectivity problems due to an unspecified issue that seems to only be affecting those that have one of Nokia’s Optical Network Terminals (ONT) installed inside their building.",https://www.ispreview.co.uk/index.php/2025/01/broadband-users-on-cityfibres-uk-network-suffer-nokia-ont-problems.html,9th Jan 2025
https://www.ispreview.co.uk/,UK Internet Domain Registry Nominet Suffers Cyber Attack,"The UK internet domain registry, Nominet , has confirmed to ISPreview that their network has suffered an “unauthorised intrusion” after hackers exploited a “zero-day vulnerability” in the Virtual Private Network (VPN) software they use, which is supplied by Ivanti and enables their people to access systems remotely.",https://www.ispreview.co.uk/index.php/2025/01/uk-internet-domain-registry-nominet-suffers-cyber-attack.html,9th Jan 2025
https://www.ispreview.co.uk/,CityFibre Begins Project Gigabit Broadband Roll Out for Sussex,"Network operator CityFibre has this morning announced that they’ve begun the roll-out phase of their £108m state-aid supported Project Gigabit contract for the West & East Sussex (Lot 16 & 1) area in England. This will extend their 10Gbps capable FTTP broadband ISP network to an additional 57,000 hard-to-reach rural premises.",https://www.ispreview.co.uk/index.php/2025/01/cityfibre-begins-project-gigabit-broadband-roll-out-for-sussex.html,9th Jan 2025
https://www.ispreview.co.uk/,Nexfibre’s UK Full Fibre Broadband Build Covers 2 Million Premises UPDATE2,"Network operator nexfibre , which shares some of their parentage with ISP partner Virgin Media (VMO2) and uses the same build teams, has today revealed that the roll-out of their new 10Gbps capable Fibre-to-the-Premises (FTTP / XGS-PON) broadband network has reached its coverage target of 2 million premises on time and is now moving on with the next phase.",https://www.ispreview.co.uk/index.php/2025/01/nexfibres-uk-full-fibre-broadband-build-covers-2-million-premises.html,9th Jan 2025
https://www.ispreview.co.uk/,"BT Make Largest Ever UK Commercial EV Fleet Order of 3,500 Vehicles","Telecoms and broadband giant BT Group (inc. Openreach ) has today announced the “UK’s largest ever commercial Electric Vehicle (EV) fleet order“, which will see them purchasing around 3,500 new EVs and thus expanding their EV fleet to nearly 8,000 by the time the order is complete in 2026.",https://www.ispreview.co.uk/index.php/2025/01/bt-group-make-largest-ever-uk-commercial-electric-vehicle-fleet-order.html,9th Jan 2025
https://www.ispreview.co.uk/,Scam Callers Target Broadband ISP BT’s UK Digital Voice Switchover,Consumer magazine Which? has warned customers of UK broadband ISP BT (inc. EE ) to be on alert for phone scammers who are now actively impersonating BT’s support agents in order to exploit the ongoing migration onto digital landlines (Digital Voice). The scammers do this by trying to con customers into sharing their financial (payment) details.,https://www.ispreview.co.uk/index.php/2025/01/scam-callers-target-broadband-isp-bts-uk-digital-voice-switchover.html,8th Jan 2025
https://www.ispreview.co.uk/,Comms Council UK Appoints New Chair to Represent VoIP Providers,"The Comms Council UK , which represents the United Kingdom’s national Unified Communications and Voice-over-Internet-Protocol ( VoIP ) phone industry, has today announced that they’ve appointed new Chair, Tracey Wright, to replace Eli Katz, who, after 20 long years of service, stepped down as Chair on the 6th of January 2025.",https://www.ispreview.co.uk/index.php/2025/01/comms-council-uk-appoints-new-chair-to-represent-voip-providers.html,8th Jan 2025
https://www.ispreview.co.uk/,Wireless ISP Kijoma Broadband Vanishes During UK Service Outage UPDATE2,"Little-known fixed wireless ISP Kijoma Broadband (Kijoma Solutions), which generally covers rural parts of West Sussex, Surrey and Hampshire in England, appears to have vanished (including email and website) after appearing to suffer a service outage that started just before 9am yesterday morning.",https://www.ispreview.co.uk/index.php/2025/01/wireless-isp-kijoma-broadband-vanishes-during-uk-service-outage.html,8th Jan 2025
https://www.ispreview.co.uk/,Broadband ISP TalkTalk UK Starts Phasing Out NOW TV on Bills UPDATE,"Customers of budget internet provider TalkTalk , specifically those who take their Pay TV service, have had it confirmed that the ISP will be phasing out their single billing integration of Sky’s NOW TV streaming service (i.e. customers will no longer be able to add NOW TV Plans to a single bill from the ISP). Netflix integration was also removed last month.",https://www.ispreview.co.uk/index.php/2025/01/broadband-isp-talktalk-uk-starts-phasing-out-now-tv.html,8th Jan 2025
https://www.ispreview.co.uk/,Openreach Reveals Biggest UK Broadband Traffic Events for 2024,"Network access provider Openreach (BT) has today revealed that broadband usage across their UK network increased by 10.5% in 2024 (higher than the c.9% recorded for 2023 and 2.5% in 2022) to total 103,590 PetaBytes (PB) of data, with December 2024 being the “busiest month of the year for broadband traffic” (1st Dec 2024 was the busiest day).",https://www.ispreview.co.uk/index.php/2025/01/openreach-reveals-biggest-uk-broadband-traffic-events-for-2024.html,7th Jan 2025
https://www.ispreview.co.uk/,Altnet UK Broadband Operator Freedom Fibre Signs Armed Forces Covenant,"Alternative network provider Freedom Fibre , which are busy rolling out a 10Gbps capable Fibre-to-the-Premises (FTTP) broadband networks across different parts of England (North West and Midlands), has today announced that they’ve become the latest operator to sign the Armed Forces Covenant (AFC).",https://www.ispreview.co.uk/index.php/2025/01/altnet-uk-broadband-operator-freedom-fibre-signs-armed-forces-covenant.html,7th Jan 2025
https://www.ispreview.co.uk/,GoFibre Begin FTTP Broadband Build for Ovington in County Durham,"Edinburgh-based UK alternative network ISP GoFibre has today announced that they’ve begun to expand their new full fibre ( FTTP ) broadband network into the rural village of Ovington in County Durham, which forms part of their state aid supported Project Gigabit contract with the government (this also includes nearby villages such as Hutton Magna and Gainford).",https://www.ispreview.co.uk/index.php/2025/01/gofibre-begin-fttp-broadband-build-for-ovington-in-county-durham.html,7th Jan 2025
https://www.ispreview.co.uk/,O2 UK Complete 4G and 5G Upgrades for 1500 Postcodes in Nottingham,"Mobile network operator O2 ( Virgin Media ) has today announced that they’ve completed a project to upgrade the capacity of their 4G and 5G mobile services across “over” 1,500 postcodes in the East Midlands city of Nottingham (Nottinghamshire, England), which should mean “faster” mobile broadband speeds and greater reliability.",https://www.ispreview.co.uk/index.php/2025/01/o2-uk-complete-4g-and-5g-upgrades-for-1500-postcodes-in-nottingham.html,7th Jan 2025
https://www.ispreview.co.uk/,Strategic Move Sees Lyca Group Shift Mobile Focus to New Markets,"The Group behind mobile operator Lyca Mobile , which in the UK is a virtual operator (mvno) on EE ’s network, has this morning announced a “strategic reorganisation” that it says aims to “drive efficiency and foster global growth“. This will include, among other things, “plans” for global expansion into Spain and the USA during early 2025.",https://www.ispreview.co.uk/index.php/2025/01/strategic-move-sees-lyca-group-shift-mobile-focus-to-new-markets.html,7th Jan 2025
https://www.ispreview.co.uk/,Welsh ISP Ogi Make Progress on 10Gbps Full Fibre Rollout in Central Cardiff,"Infracapital-backed network builder and UK ISP Ogi , which is rolling out a new 10Gbps capable Fibre-to-the-Premises ( FTTP ) broadband network across South Wales (100,000 premises are already covered / RFS), has today announced the completion of their network expansion to connect businesses in Cardiff’s city centre economic gateway.",https://www.ispreview.co.uk/index.php/2025/01/welsh-isp-ogi-make-progress-on-10gbps-full-fibre-rollout-in-central-cardiff.html,7th Jan 2025
https://www.ispreview.co.uk/,"131,000 Premises to Benefit from New Project Gigabit Broadband Contracts UPDATE","The UK Government and Openreach ( BT ) have today confirmed their latest four UK contract awards – valued at £289m+ – under the Project Gigabit broadband roll-out scheme, which we leaked last week ( here ). Some 131,000 premises in rural parts of North and Southwest Wales, Shropshire, Herefordshire, Devon, Somerset, Essex, North East England and Worcestershire will benefit.",https://www.ispreview.co.uk/index.php/2025/01/131000-premises-to-benefit-from-new-project-gigabit-broadband-contracts.html,7th Jan 2025
https://www.ispreview.co.uk/,Broadband ISP Quickline to Support 500 Lincolnshire Students via New Bursary,"Rural focused alternative UK ISP Quickline , which is building a gigabit-capable broadband network (full fibre and wireless) across parts of Yorkshire and Lincolnshire (England), has collaborated with the Lincolnshire Institute of Technology (LIoT) to help support 500 students through a bursary scheme (i.e. money will help with study, travel and additional childcare costs).",https://www.ispreview.co.uk/index.php/2025/01/broadband-isp-quickline-to-support-500-lincolnshire-students-via-new-bursary.html,6th Jan 2025
https://www.ispreview.co.uk/,Investors Share Views on UK’s Difficult Alternative Broadband Market,"A new newspaper report has revealed what digital infrastructure investors think of the UK’s current market for alternative broadband networks (altnets). Suffice to say that, after a difficult couple of years, there still seems to be a fair mix of both strong pessimism and optimism for 2025, which perhaps reflects the different states of the market’s many providers.",https://www.ispreview.co.uk/index.php/2025/01/investors-share-views-on-uks-difficult-alternative-broadband-market.html,6th Jan 2025
https://www.ispreview.co.uk/,Business ISP FluidOne Appoints New UK Chief Financial Officer,"Business focused UK broadband ISP, IT and Cloud solutions provider FluidOne has today announced the appointment of Graham Dickie as its new Chief Financial Officer (CEO), effective immediately. Graham will replace former CFO, Roy Hastings, in the role after he left during July 2024 by mutual agreement.",https://www.ispreview.co.uk/index.php/2025/01/business-isp-fluidone-appoints-new-uk-chief-financial-officer.html,6th Jan 2025
https://www.ispreview.co.uk/,Openreach Builds FTTP Broadband to 17 Million UK Premises,"National network access provider Openreach ( BT ) has today revealed that their Fibre-to-the-Premises (FTTP) network, which offers broadband speeds of up to 1800Mbps to homes and businesses via hundreds of ISPs, has now covered 17 million UK premises. This includes more than 4.3 million premises in “rural and hard-to-reach areas“.",https://www.ispreview.co.uk/index.php/2025/01/openreach-builds-fttp-broadband-to-17-million-uk-premises.html,6th Jan 2025
https://www.ispreview.co.uk/,AllPoints Fibre CEO on Becoming the UBER of the UK’s Full Fibre Wholesale Market,"The CEO of alternative network operator AllPoints Fibre (APFN / Fern Trading), Jarlath Finnegan, has today told ISPreview – in a new interview – of his ambition for the company to become the “UBER of the full fibre wholesale market“, which reflects their desire to help “accelerate” the delivery of related UK broadband services over the next few years.",https://www.ispreview.co.uk/index.php/2025/01/allpoints-fibre-ceo-on-becoming-the-uber-of-the-uks-full-fibre-wholesale-market.html,6th Jan 2025
https://www.ispreview.co.uk/,Starlink 2024 Report Details 1Tbps Speed LEO v3 Broadband Satellites,"SpaceX’s Starlink service, which offers ultrafast broadband speeds to the UK and globally via a mega constellation of satellites in Low Earth Orbit (LEO), has published an annual 2024 Progress Report that summarises their recent upgrades and reveals how their future V3 (GEN3) satellite will be able to handle 1Tbps (Terabits per second) of capacity.",https://www.ispreview.co.uk/index.php/2025/01/starlink-2024-report-details-1tbps-speed-leo-v3-broadband-satellites.html,4th Jan 2025
https://www.ispreview.co.uk/,OneWeb LEO Broadband Satellites Suffer Major Outage Due to Silly Fault,"European satellite operator Eutelsat has confirmed that their OneWeb network, which is the global constellation of broadband satellites in Low Earth Orbit (LEO) that is still partly supported by the UK government, suffered a “temporary, 48-hour outage” over the New Year period that started on 31st December 2024.",https://www.ispreview.co.uk/index.php/2025/01/oneweb-leo-broadband-satellites-suffer-major-outage-due-to-silly-glitch.html,2nd Jan 2025
https://www.ispreview.co.uk/,UK ISP Glide Completes Debt Refinancing and Agrees New Capex Facility,"Business, student and residential ISP Glide Group , which has been busy expanding their full fibre broadband network across more of the UK (leased lines and FTTP etc.), recently announced the successful completion of a refinancing of its existing debt arrangements. The deal also included a new capex (capital expenditure) facility to support growth.",https://www.ispreview.co.uk/index.php/2025/01/uk-isp-glide-completes-debt-refinancing-and-agrees-new-capex-facility.html,2nd Jan 2025
https://www.ispreview.co.uk/,BT Win Four More UK Project Gigabit Broadband Rollout Contracts Worth £289m,"The UK government has today confirmed the expected news that BT Group (Openreach) have been formally awarded several new Type C (Cross-Regional) Project Gigabit broadband roll-out contracts. This will help upgrade internet connectivity across more parts (hard to reach rural areas) of Shropshire, Herefordshire, Wales, Devon, Somerset, Essex and North East England, and Worcestershire.",https://www.ispreview.co.uk/index.php/2025/01/bt-win-four-more-uk-project-gigabit-broadband-rollout-contracts-worth-289m.html,2nd Jan 2025
https://www.ispreview.co.uk/,2024 H2 – UK Coverage of Gigabit Broadband Nears 86 Percent,"ISPreview has today published our biannual UK summary of fixed broadband coverage for H2 2024, which found that “full fibre” (FTTP) ISP networks have grown to reach 73.53% of premises (up from 67.68% in H1) and 85.87% are within reach of “gigabit” speeds (up from 83.39%). Continue on to see details for England, Wales, Scotland and N.Ireland.",https://www.ispreview.co.uk/index.php/2025/01/2024-h2-uk-coverage-of-gigabit-broadband-nears-86-percent.html,2nd Jan 2025
https://www.ispreview.co.uk/,INCA CEO Talks Future of UK Broadband Altnets and Infrastructure Sharing,"The new CEO of the Independent Networks Co-operative Association (INCA), Paddy Paddison, which represents many of the UK’s alternative broadband operators, has today told ISPreview – as part of a new interview – that he’s optimistic about financial institutions supporting altnets again “over the next year” and wants to see more sharing (infrastructure, wholesale etc.) in the sector.",https://www.ispreview.co.uk/index.php/2025/01/inca-ceo-talks-future-of-uk-broadband-altnets-and-infrastructure-sharing.html,2nd Jan 2025
https://www.ispreview.co.uk/,CityFibre Suffers FTTP Broadband Network Outage in York UPDATE2,"More than four thousand customers on CityFibre ’s full fibre broadband network in the Northeast England city of York (Yorkshire and the Humber), which is used by lots of different ISPs ( Vodafone , Zen Internet , iDNET , TalkTalk etc.), are this afternoon being affected by a major network outage.",https://www.ispreview.co.uk/index.php/2024/12/cityfibre-suffers-fttp-broadband-network-outage-in-york.html,31st Dec 2024
https://www.ispreview.co.uk/,2025 New Year Honours for Ofcom Director’s Services to Telecoms,"The UK Government has published their annual New Year Honours List for 2025 , which saw Ofcom ’s Interim Group Director of Networks and Communications, David Peter Clarkson, being named a “Member of the Order of the British Empire” for his services to telecommunications.",https://www.ispreview.co.uk/index.php/2024/12/2025-new-year-honours-for-ofcom-directors-services-to-telecoms.html,31st Dec 2024
https://www.ispreview.co.uk/,Starlink’s Satellite Broadband Hits Capacity Limit in South East England,"Customers in the South East of England who may be looking to sign-up with SpaceX’s popular Starlink service, which offers ultrafast broadband connectivity via a global mega constellation of satellites in Low Earth Orbit (LEO), may have to wait a bit longer as the network in that area is now “at capacity“.",https://www.ispreview.co.uk/index.php/2024/12/starlinks-satellite-broadband-hits-capacity-limit-in-south-east-england.html,31st Dec 2024
https://www.ispreview.co.uk/,Broadband ISP Plusnet UK Discontinues Static IP Address Option,"Low-cost broadband ISP Plusnet ( BT Group), which over the past few years has already lost many of its extra features (pay TV, home phone (on FTTP ), mobile etc.), appears to have added yet another service to the digital dustbin after customers began complaining that they could no longer add a Static IP address to their accounts.",https://www.ispreview.co.uk/index.php/2024/12/broadband-isp-plusnet-uk-discontinues-static-ip-address-option.html,31st Dec 2024
https://www.ispreview.co.uk/,ISP Zen Internet Reveals its UK Network Traffic Peaks for 2024,"Rochdale-base broadband ISP Zen Internet has revealed that they saw their busiest ever period for network traffic on 4th December 2024, when streaming of live Premier League Football caused usage on their network to peak at 17% higher than 2023’s record and 10% above the average for a typical December evening. This was a 4% increase over their previous record high in September 2024.",https://www.ispreview.co.uk/index.php/2024/12/isp-zen-internet-reveals-its-uk-network-traffic-peaks-for-2024.html,30th Dec 2024
https://www.ispreview.co.uk/,99 Percent of Cumbria Still Expected to Get Gigabit Broadband by 2026,"The Cumberland Council in England has praised the progress being made on local broadband upgrades in the rural region, which they say has so far helped to extend “superfast” (30Mbps+) networks to cover more than 95% of premises and “gigabit” (1000Mbps+) connectivity to 62%. But they also “anticipate” that gigabit cover will “exceed 99% of properties by 2026“.",https://www.ispreview.co.uk/index.php/2024/12/99-percent-of-cumbria-uk-expected-to-get-gigabit-broadband-by-2026.html,30th Dec 2024
https://www.ispreview.co.uk/,The Cheapest UK 4G and 5G Unlimited Mobile Data Plans for 2024 vs 2022,ISPreview has today taken a quick look back across the UK’s market for mobile network operators in order to identify both the cheapest unlimited 4G and 5G data (broadband) plans and examine how their pricing has changed since our last survey two years ago. But some people may be surprised to find that most operators are still charging a similar amount.,https://www.ispreview.co.uk/index.php/2024/12/the-cheapest-uk-4g-and-5g-unlimited-mobile-broadband-plans-for-2025.html,30th Dec 2024
https://www.ispreview.co.uk/,2025 Broadband Price Hikes and the Impact of Ofcom’s New UK Policy,"On 17th January 2025 Ofcom will begin enforcing a ban on mid-contract price hikes that are linked to inflation and percentage changes ( here ), but this doesn’t extend to many existing broadband contracts. Consumers on bigger ISPs may thus find themselves being divided between two different pricing policies, and one is going to hurt your wallet more than the other.",https://www.ispreview.co.uk/index.php/2024/12/broadband-price-hikes-and-the-impact-of-ofcoms-new-uk-policy.html,28th Dec 2024
https://www.ispreview.co.uk/,ISP Virgin Media Slashes UK Broadband Prices in Winter Sale,"New customers looking to join broadband ISP Virgin Media ( O2 ) should take note that they’ve today launched their Winter Sale, which significantly slashes some of their broadband and TV bundle prices. For example, Virgin’s top 2Gbps package has been reduced in price to just £55 per month on an 18-month minimum term.",https://www.ispreview.co.uk/index.php/2024/12/isp-virgin-media-slashes-uk-broadband-prices-in-winter-sale.html,27th Dec 2024
https://www.ispreview.co.uk/,Free Broadband Boost on Guernsey as FTTP Rollout Reaches 75 Percent,"Mobile and broadband operator Sure recently confirmed that their roll-out of full fibre ( FTTP ) broadband on the English Channel Island of Guernsey had now reached 75% of premises (with take-up of 15,000 premises), which puts them on-track to complete the build phase by the end of 2025. Many customers are also being given free speed boosts as part of the upgrade.",https://www.ispreview.co.uk/index.php/2024/12/free-broadband-boost-on-guernsey-as-fttp-rollout-covers-75-percent.html,27th Dec 2024
https://www.ispreview.co.uk/,Top Fastest UK Mobile and Home Broadband ISPs for H2 2024,"Once again, as we reach the end of 2024, it’s time for ISPreview to take our usual biannual look back to see how the broadband download and upload speeds have changed across the fastest nationally available UK fixed line ISPs, mobile network operators and Starlink ( satellite ) services. But this time around we’ve made a few changes.",https://www.ispreview.co.uk/index.php/2024/12/top-fastest-uk-mobile-and-home-broadband-isps-for-h2-2024.html,27th Dec 2024
https://www.ispreview.co.uk/,2024 vs 2023 – UK Broadband and Mobile Speeds vs the World,"Once again we’re ending 2024 by taking a look back to see how the United Kingdom’s position, at least in terms of the top 50 fastest countries for both fixed broadband ISP and mobile (4G, 5G) data speeds, has changed since 2023. Overall, the UK fell from 51st to 53rd for mobile and jumped from 56th to 44th for fixed lines.",https://www.ispreview.co.uk/index.php/2024/12/2024-vs-2023-uk-broadband-and-mobile-speeds-vs-the-world.html,26th Dec 2024
https://www.ispreview.co.uk/,"North Yorkshire UK Seeks Faster Broadband Fix for 11,000 Premises","The North Yorkshire Council (NYC) has called on the UK government to help it find funding and solutions for the remaining 11,000 properties in the county that, once existing roll-outs of gigabit-capable broadband ISP networks have completed, will likely still be left without access to “decent internet connections“.",https://www.ispreview.co.uk/index.php/2024/12/north-yorkshire-uk-seeks-faster-broadband-fix-for-11000-premises.html,24th Dec 2024
https://www.ispreview.co.uk/,ISP G.Network Offers 300Mbps Broadband for £20 in London,"London focused UK broadband ISP G.Network , which has deployed a Fibre-to-the-Premises (FTTP) network across 361,000 “connectable” premises in parts of London ( here ), has today begun a new discount that cuts the price of their 300Mbps (100Mbps upload) package to just £20 per month on a 24-month term (£30 thereafter).",https://www.ispreview.co.uk/index.php/2024/12/isp-g-network-offers-300mbps-broadband-for-20-in-london.html,24th Dec 2024
https://www.ispreview.co.uk/,Ookla Examine New Year’s Eve 23-24 City 5G Mobile Broadband Speeds,"Network testing firm Ookla (i.e. Speedtest.net, Downdetector.co.uk) has used its crowdsourced data to examine how 5G mobile (mobile broadband) networks performed across a selection of major world cities, including London in the UK, during last year’s New Year’s Eve (Dec 2023) celebrations.",https://www.ispreview.co.uk/index.php/2024/12/ookla-examine-new-years-eve-23-24-city-5g-mobile-broadband-speeds.html,23rd Dec 2024
https://www.ispreview.co.uk/,Voneus to Expand Gigabit Broadband in Carmarthenshire via Street Lights,"The Carmarthenshire County Council (CCC) in Wales has signed a new agreement that will allow rural ISP Voneus to install their fixed wireless gigabit broadband network equipment on top of local street lighting columns, which will make it easier for them to expand into the county’s poorly served rural communities.",https://www.ispreview.co.uk/index.php/2024/12/voneus-to-expand-gigabit-broadband-in-carmarthenshire-via-street-lights.html,23rd Dec 2024
https://www.ispreview.co.uk/,BDUK Expand CityFibre’s Norfolk UK Project Gigabit Broadband Rollout,"The Government’s Building Digital UK (BDUK) agency recently revealed that their £114m (state aid) Project Gigabit broadband roll-out contract for Norfolk (Lot 7), which was won by CityFibre in July 2023 ( here ), has seen its scope expanded. As a result the public funding has been boosted to £128.8m and the targeted premises for intervention has risen from 62,282 to 75,587.",https://www.ispreview.co.uk/index.php/2024/12/bduk-expand-cityfibres-norfolk-uk-project-gigabit-broadband-rollout.html,21st Dec 2024
https://www.ispreview.co.uk/,Altnet UK Broadband Provider Fibrus Summarises Financial Results,"Infracapital-backed network provider Fibrus , which is busy rolling out their gigabit-capable Fibre-to-the-Premises (FTTP) broadband ISP network across rural parts of Cumbria (England) and Northern Ireland, has published a limited preview of their latest financial results for 2024 – showing a 58% increase in revenues and a 143% increase in connected customers.",https://www.ispreview.co.uk/index.php/2024/12/altnet-uk-broadband-provider-fibrus-summarises-financial-results.html,20th Dec 2024
https://www.ispreview.co.uk/,Openreach Publish Updated Dec 2024 UK FTTP Broadband Build Plan,"Network operator Openreach ( BT ) has today updated the build plan for the ongoing roll-out of their 1.8Gbps Fibre-to-the-Premises ( FTTP ) broadband ISP technology, which is the first update since May 2024 when they added 517 new UK locations to their deployment. But this update mostly just reflects changes and progress with their existing locations.",https://www.ispreview.co.uk/index.php/2024/12/openreach-publish-updated-dec-2024-uk-fttp-broadband-build-plan.html,20th Dec 2024
https://www.ispreview.co.uk/,Big UK ISPs Ordered to Block More Pirated Book and Journal Websites,"The Publishers Association (PA) has convinced the High Court to force most of the major broadband ISPs in the United Kingdom ( BT , Sky Broadband , Virgin Media , TalkTalk , EE and Plusnet ) to extend and expand their existing block of websites, focusing on those that were found to facilitate internet copyright infringement (piracy) of books and journals.",https://www.ispreview.co.uk/index.php/2024/12/big-uk-isps-ordered-to-block-more-pirated-book-and-journal-websites.html,20th Dec 2024
https://www.ispreview.co.uk/,Trial Seeks to Improve Broadband on Public Transport in Swansea Bay Area,"The Welsh Government (WG) and a consortium of partners have today kicked off the StarBws project, which will trial a mix of Low Earth Orbit (LEO) satellite and 4G mobile (wireless) technologies from Starlink , Peplink and wavemobile in order to improve broadband for passengers travelling on public transportation in rural parts of the Swansea Bay area.",https://www.ispreview.co.uk/index.php/2024/12/trial-seeks-to-improve-broadband-on-public-transport-in-swansea-bay-area.html,20th Dec 2024
https://www.ispreview.co.uk/,Voneus Drops Out of Project Gigabit Broadband Contract for Mid West Shropshire,"In an unexpected development, the Government’s Building Digital UK (BDUK) agency has just announced that rural broadband ISP Voneus have “mutually agreed to terminate” the £12m (state aid) Project Gigabit broadband roll-out contract for Mid West Shropshire (Lot 25.01), which would have expanded a full fibre ( FTTP ) network to 6,000 premises in hard to reach areas.",https://www.ispreview.co.uk/index.php/2024/12/voneus-drops-out-of-project-gigabit-broadband-contract-for-mid-west-shropshire.html,20th Dec 2024
https://www.ispreview.co.uk/,"Virgin Media UK and Nexfibre Expand Full Fibre to 13,000 Homes in Stoke","Broadband operator nexfibre , which shares some of their UK parentage with retail ISP partner Virgin Media ( O2 ), has today announced that they’ve made their 2Gbps speed Fibre-to-the-Premises (FTTP / XGS-PON) broadband network available to more than 13,000 additional homes in the city of Stoke-on-Trent (Staffordshire, England).",https://www.ispreview.co.uk/index.php/2024/12/virgin-media-uk-and-nexfibre-expand-full-fibre-to-13000-homes-in-stoke.html,20th Dec 2024
https://www.ispreview.co.uk/,Cumbria Overbuild Questions Raised Over Fibrus and B4RN’s Broadband Networks,"Residents in the rural Cumbria (England) villages of Kirkoswald and Great Salkeld, which previously worked with local ISP B4RN to build a new full fibre (FTTP) broadband network (partly funded by government vouchers), have been left puzzled after Fibrus started building a similar network in the same area under a publicly funded Project Gigabit contract.",https://www.ispreview.co.uk/index.php/2024/12/cumbria-overbuild-questions-raised-over-fibrus-and-b4rns-broadband-networks.html,20th Dec 2024
https://www.ispreview.co.uk/,Openreach Expand Pilot to Help UK Telecare Users Switch to Digital Phones,"Openreach (BT) has today announced that they’ve expanded their small scale ‘Prove Telecare’ trial into a full pilot, which aims to help UK consumers with old analogue based phone (PSTN / WLR) and telecare systems to safely migrate to modern broadband (FTTP etc.) connections with IP / digital phone ( VoIP ) services.",https://www.ispreview.co.uk/index.php/2024/12/openreach-expand-pilot-to-help-uk-telecare-users-switch-to-digital-phones.html,19th Dec 2024
https://www.ispreview.co.uk/,"Openreach Reveal More 2024 UK Ethernet, PIA and Dark Fibre Price Rises","Network access provider Openreach (BT) has just announced the second batch of annual price increases for 2024 ( see first batch ), albeit this time focused more on their wholesale Ethernet (EAD, EBD etc.), OSA, Excess Construction Charges (ECC), SOTAP for Analogue, Dark Fibre and Physical Infrastructure Access (PIA) products for UK ISPs, businesses and other networks.",https://www.ispreview.co.uk/index.php/2024/12/openreach-reveal-more-2024-uk-ethernet-pia-and-dark-fibre-price-rises.html,19th Dec 2024
https://www.ispreview.co.uk/,Sky Glass and Stream UK Customers Get New Ad-Skipping Feature,"Customers of Sky’s broadband-based Sky Glass and Sky Stream pay TV streaming devices have finally got access to the provider’s new Ad-Skipping feature, which is an add-on pack that appears to have been introduced alongside Sky’s latest firmware update (e.g. QS34.022.00P on Sky Glass ).",https://www.ispreview.co.uk/index.php/2024/12/sky-glass-and-stream-uk-customers-get-new-ad-skipping-feature.html,19th Dec 2024
https://www.ispreview.co.uk/,Court Dismisses Class Action Claim Over BT’s Alleged UK Landline Overcharging UPDATE,"The Competition Appeal Tribunal (CAT) has today dismissed a £1.3bn class action claim by the Collective Action on Land Lines (CALL) campaign against national broadband ISP and phone provider BT, which alleged that the UK telecoms giant had overcharged 2.3 million of its landline-only phone customers between 2015 and 2018.",https://www.ispreview.co.uk/index.php/2024/12/court-dismisses-class-action-claim-over-bts-alleged-uk-landline-overcharging.html,19th Dec 2024
https://www.ispreview.co.uk/,CityFibre Begin Project Gigabit Broadband Build in Leicestershire and Warwickshire,"Network operator CityFibre has today announced that they’ve begun the roll-out phase of their £77m state-aid supported Project Gigabit contract for the Leicestershire and Warwickshire (Lot 11) area. This will extend their 10Gbps capable FTTP broadband network to an additional 45,000 hard-to-reach rural premises in those regions.",https://www.ispreview.co.uk/index.php/2024/12/cityfibre-begin-project-gigabit-broadband-build-in-leicestershire-and-warwickshire.html,19th Dec 2024
https://www.ispreview.co.uk/,Broadband ISP TalkTalk UK Suffers Router Disconnections Bug,"Some of TalkTalk ’s broadband customers have, over the past week or two, been experiencing an unusual router bug with the provider’s ‘Wi-Fi Hub’ device that has been causing them to be repeatedly disconnected from the internet. But the ISP is currently known to be “in the process of applying a solution to all impacted” routers.",https://www.ispreview.co.uk/index.php/2024/12/broadband-isp-talktalk-uk-suffers-router-disconnections-bug.html,19th Dec 2024
https://www.ispreview.co.uk/,Rural UK Fibre Broadband ISP Gigaclear Appoints New Chairman,"Abingdon-based rural ISP and full fibre network builder Gigaclear , which has already extended their FTTP network to cover 580,000 premises (RFS) in England and signed-up over 130,000 customers, has today announced that they’ve appointed Andy Matthews to be their new Chairman – replacing Stephen Nelson who is retiring.",https://www.ispreview.co.uk/index.php/2024/12/rural-uk-fibre-broadband-isp-gigaclear-appoints-new-chairman.html,18th Dec 2024
https://www.ispreview.co.uk/,First Customer Live on Project Gigabit Broadband Network in South Wiltshire UK,"Rural ISP Wessex Internet has announced that they’ve connected their first customer to a new 10Gbps capable Fibre-to-the-Premises (FTTP) broadband network, which they’ve been building as part of their £18.8m Project Gigabit (Lot 30) contract for South Wiltshire (England). This aims to cover “around” 14,500 hard-to-reach premises in the area.",https://www.ispreview.co.uk/index.php/2024/12/first-customer-live-on-project-gigabit-broadband-network-in-south-wiltshire-uk.html,18th Dec 2024
https://www.ispreview.co.uk/,Vodafone UK and Google Boost 5G Upload Speeds for Pixel Users via MIMO and ULCA,"Vodafone UK has announced that they’ve worked with Google to bring MIMO (Multiple Input, Multiple Output) support to their Pixel 8 Pro and new Pixel 9, 9 Pro, 9 Pro XL, and 9 Fold phones when on the mobile operator’s new 5G Standalone (broadband) network, which has helped to boost upload speeds. But Google users won’t be the only ones to benefit.",https://www.ispreview.co.uk/index.php/2024/12/vodafone-uk-and-google-boost-5g-upload-speeds-for-pixel-users-via-mimo-and-ulca.html,18th Dec 2024
https://www.ispreview.co.uk/,London Internet Exchange Increased its Network Capacity by 21 Percent in 2024,"The London Internet Exchange (LINX), which handles a large chunk of UK and global data traffic through their switches via around 900 members (broadband ISPs, mobile operators etc.), has today revealed that they increased their connected network capacity by 21% over the past year, from 60.10Tbps (Terabits per second) in 2023, to 72.91Tbps in 2024.",https://www.ispreview.co.uk/index.php/2024/12/london-internet-exchange-increased-its-network-capacity-by-21-percent-in-2024.html,18th Dec 2024
https://www.ispreview.co.uk/,Eutelsat Tap Airbus to Build Next Gen OneWeb Broadband Satellites,"European satellite operator Eutelsat has announced that they’ve selected Airbus Defence and Space (ADS) to build the first batch of 100 next generation (GEN2) broadband satellites for their global OneWeb network in Low Earth Orbit (LEO), which is a constellation that has been partly supported by the UK government. Expect various upgrades, such as 5G mobile support.",https://www.ispreview.co.uk/index.php/2024/12/eutelsat-tap-airbus-to-build-next-gen-oneweb-broadband-satellites.html,18th Dec 2024
https://www.ispreview.co.uk/,ISP Virgin Media UK Warns Parental Controls on New Devices Still Confuse,"A new survey of 1,020 people in the UK, which was conduct by Strand Partners on behalf of broadband ISP Virgin Media ( O2 ) and Internet Matters , has found that 44% of parents don’t know how to add safety controls or tools to the tech (devices) they’re planning to gift this Christmas. This is despite 82% being worried about their children having unrestricted access to the internet.",https://www.ispreview.co.uk/index.php/2024/12/isp-virgin-media-uk-warns-parental-controls-on-new-devices-still-confuse.html,18th Dec 2024
https://www.ispreview.co.uk/,Openreach Name Top 5 London Boroughs for Full Fibre Broadband Cover,"Network access provider Openreach ( BT ) has today revealed the top five London Boroughs for coverage of their Fibre-to-the-Premises ( FTTP ) broadband network, which sees Barking and Dagenham topping the table with more than 8 out of 10 premises now able to upgrade to the new service.",https://www.ispreview.co.uk/index.php/2024/12/openreach-name-top-5-london-boroughs-for-full-fibre-broadband-cover.html,17th Dec 2024
https://www.ispreview.co.uk/,"CityFibre Begin Project Gigabit Broadband Build in Bedfordshire, Northamptonshire and Milton Keynes","Network operator CityFibre has today announced that they’ve begun the roll-out phase of their £51m state-aid supported Project Gigabit contract for the Bedfordshire, Northamptonshire & Milton Keynes (Lot 12) area. This will extend their 10Gbps capable FTTP broadband network to an additional 25,000 hard-to-reach rural premises in those regions.",https://www.ispreview.co.uk/index.php/2024/12/cityfibre-begin-project-gigabit-broadband-build-in-bedfordshire-northamptonshire-and-milton-keynes.html,17th Dec 2024
https://www.ispreview.co.uk/,Openreach Brings FTTP Broadband Cover to 50 Percent of UK Premises,"The latest independent data from Thinkbroadband has revealed that the footprint of Openreach ’s ( BT ) national Fibre-to-the-Premises (FTTP) network, which currently offers broadband speeds of up to 1.8Gbps to ISPs and their customers, has just passed the 50% of UK premises (16,328,469 ready for service) milestone.",https://www.ispreview.co.uk/index.php/2024/12/openreach-brings-fttp-broadband-cover-to-50-percent-of-uk-premises.html,17th Dec 2024
https://www.ispreview.co.uk/,Ofcom UK Propose Tweak to 3.9GHz Band for Mobile and Wireless Broadband,"The UK telecoms regulator has proposed an additional tweak to its existing licence for the 3.9GHz (3925 – 4009MHz) radio spectrum band, which would change the authorised frequency from 3925-4009 MHz (3.9GHz) to 3800-3884 MHz (3.8GHz). This could potentially make it more efficient for fixed wireless and 5G based mobile broadband services, such as those from Three UK .",https://www.ispreview.co.uk/index.php/2024/12/ofcom-uk-propose-tweak-to-3-9ghz-band-for-mobile-and-wireless-broadband.html,17th Dec 2024
https://www.ispreview.co.uk/,Football Streaming Pushes BT to Record UK Broadband Traffic of 33.7Tbps,"Broadband and telecoms giant BT ( EE ) has used a mix of UK network stats and a consumer survey of 2,000 adults to reveal how the “British public are engaging with the biggest cultural moments of the year“. BT also hit a record peak of broadband traffic on 4th Dec 2024, when streaming of Premier League Football helped push them to 33.7Tbps (Terabits per second).",https://www.ispreview.co.uk/index.php/2024/12/football-streaming-pushes-bt-to-record-uk-broadband-traffic-of-33-7tbps.html,17th Dec 2024
https://www.ispreview.co.uk/,Voneus Face Rural Broadband Complaints in Shropshire and Powys,"Rural broadband ISP Voneus , which has built a mix of full fibre (FTTP) and fixed wireless broadband networks across parts of Wales and England, has pledge to “increase community communication” after more than a hundred complaints about their service were raised by residents through two MPs for Shropshire and Powys.",https://www.ispreview.co.uk/index.php/2024/12/voneus-face-rural-broadband-complaints-in-shropshire-and-powys.html,16th Dec 2024
https://www.ispreview.co.uk/,Lyca Mobile Warns up to 90 Percent of UK Staff Could Lose their Jobs,"Troubled mobile operator Lyca Mobile , which is a virtual operator (mvno) on EE ’s network, has reportedly told its UK workforce that the company is facing some “pretty serious challenges” and as a result of that almost 90% of their workers (up to 316 jobs) could be made redundant.",https://www.ispreview.co.uk/index.php/2024/12/lyca-mobile-warns-up-to-90-percent-of-uk-staff-could-lose-their-jobs.html,16th Dec 2024
https://www.ispreview.co.uk/,Ofcom UK Set Timetable for 5G Mobile Auction of 26GHz and 40GHz,"The UK telecoms regulator has today set out their expected timetable for the long-in-gestation plan to auction off a large chunk of millimetre wave (mmW) radio spectrum frequency in the 26GHz and 40GHz bands, which will be used by mobile operators to deliver faster 5G (mobile broadband) services. But you’ll have to wait until October 2025.",https://www.ispreview.co.uk/index.php/2024/12/ofcom-uk-set-timetable-for-5g-mobile-auction-of-26ghz-and-40ghz.html,16th Dec 2024
https://www.ispreview.co.uk/,"Business ISP bOnline Launch New FTTP Broadband, VOIP and Unlimited Calls Plan","Business focused UK broadband ISP bOnline today claims to have launched a new “industry beating” full fibre broadband (FTTP), Voice-over- IP ( VoIP ) and unlimited calls package for small businesses that costs from just £29.95 ex. VAT a month (this is said to represent a 33% drop over its equivalent previous monthly pricing).",https://www.ispreview.co.uk/index.php/2024/12/business-isp-bonline-launch-new-fttp-broadband-voip-and-unlimited-calls-plan.html,16th Dec 2024
https://www.ispreview.co.uk/,Ofcom Publish New Online UK Internet Safety Codes of Practice,"Ofcom has today published the “first edition” of its new online UK safety codes of practice for “tech firms” (e.g. social media) and smaller websites under the government’s Online Safety Act (OSA). Providers now have 3 months to ensure they’re able to tackle “illegal harms” (content), such as terror, hate, fraud, child sexual abuse and assisting or encouraging suicide.",https://www.ispreview.co.uk/index.php/2024/12/ofcom-publish-new-online-uk-internet-safety-codes-of-practice.html,16th Dec 2024
https://www.ispreview.co.uk/,Broadband ISP Andrews and Arnold Trial UK 2.5Gbps Speeds via CityFibre,"Internet provider Andrews & Arnold ( AAISP ) this month became the latest ISP to introduce symmetric broadband speeds capable of harnessing the top 2.5Gbps (2500Mbps) tier on CityFibre ’s growing Fibre-to-the-Premises (FTTP) network, which is currently available to around 4 million premises across the UK. But for now it’s only a trial with limited availability.",https://www.ispreview.co.uk/index.php/2024/12/broadband-isp-andrews-and-arnold-trial-uk-2-5gbps-speeds-via-cityfibre.html,16th Dec 2024
https://www.ispreview.co.uk/,Court Sides with Wychavon Council in Judicial Review of Broadband Poles,"The Lifford Gardens and the Sands Residents Association, which represents part of Broadway in Worcestershire (England), has lost its Judicial Review case against the local council’s decision to allow the deployment of a new FTTP broadband network using wood poles. The Birmingham High Court ruled that the council had acted lawfully.",https://www.ispreview.co.uk/index.php/2024/12/court-sides-with-wychavon-council-in-judicial-review-of-broadband-poles.html,14th Dec 2024
https://www.ispreview.co.uk/,UK ISP Home Telecom Adopt New Pricing Policy for Mid-Contract Hikes,"Customers of internet provider Home Telecom , which is part of the wider Telecom Acquisitions (TAL) group that also includes several other UK ISP brands (No One, Leetline, Fleur Telecom, Eclipse Broadband etc.), have this week begun to receive emails notifying them of a change that will make their “annual price increase simpler“.",https://www.ispreview.co.uk/index.php/2024/12/uk-isp-home-telecom-adopt-new-pricing-policy-for-mid-contract-hikes.html,14th Dec 2024
https://www.ispreview.co.uk/,Building Digital UK Reveals Gov’s Gigabit Broadband Build Progress,"The Government’s Building Digital UK agency has published its annual performance report ( accounts here ), which provides breakdowns of how many premises in the United Kingdom have received gigabit-capable broadband coverage as a result of their public subsidy (i.e. funding provided under the prior “Superfast Broadband” programme and the current £5bn Project Gigabit scheme).",https://www.ispreview.co.uk/index.php/2024/12/building-digital-uk-reveals-govs-gigabit-broadband-build-progress.html,13th Dec 2024
https://www.ispreview.co.uk/,Confusion as New UK Mobile Operator Ymobile Suddenly “Pauses” Service,"Some customers of new UK mobile operator, Ymobile (Ycorp), which only launched one month ago while pledging to offer a “simpler, more streamlined and environmentally friendly” alternative to traditional mobile networks ( here ), have suddenly been told that their service will be “terminated” in January 2025.",https://www.ispreview.co.uk/index.php/2024/12/confusion-as-new-uk-mobile-operator-ymobile-suddenly-pauses-service.html,13th Dec 2024
https://www.ispreview.co.uk/,Ofcom UK Propose to Cut Mobile Licence Fees for 900MHz and 1800MHz by GBP40m,"The UK telecoms regulator has today proposed, following evidence submitted by BT (EE), to reduce the total amount paid by the mobile network operators to use the 900MHz, 1800MHz and 2100MHz radio spectrum bands – used to support 2G, 3G and 4G mobile (mobile broadband) services – by around £40m per year.",https://www.ispreview.co.uk/index.php/2024/12/ofcom-uk-propose-to-cut-mobile-licence-fees-for-900mhz-and-1800mhz-by-gbp40m.html,13th Dec 2024
https://www.ispreview.co.uk/,Hyperoptic Fined £50k in London for Unsafe Fibre Broadband Build UPDATE,"Gigabit broadband ISP Hyperoptic , which has built a full fibre broadband ( FTTP / B) network to cover “more than” 1.73 million UK homes in parts of 64 towns and cities (mostly MDUs), has been fined £50,000 by the Westminster Magistrates Court in London after they were found to have carried out unsafe street works.",https://www.ispreview.co.uk/index.php/2024/12/hyperoptic-fined-50k-in-london-for-unsafe-fibre-broadband-build.html,13th Dec 2024
https://www.ispreview.co.uk/,Zen Internet UK Finally Launch 1.6Gbps FTTP Broadband via Openreach,"Rochdale-based UK ISP Zen Internet appears to have finally started to make their new Openreach powered 1.6Gbps broadband package available to retail customers, which follows some months after they made the new tier available at wholesale to other partners ( here ). But there’s still no sign of any 2Gbps packages on the CityFibre side of their network.",https://www.ispreview.co.uk/index.php/2024/12/zen-internet-uk-finally-launch-1-6gbps-fttp-broadband-via-openreach.html,13th Dec 2024
https://www.ispreview.co.uk/,Streetwave Make Maps of UK Mobile Coverage and Performance Available,"Network analyst firm Streetwave , which is currently conducting various UK surveys to study the coverage and speed of 4G and 5G mobile (broadband) networks across the UK using bin lorries and private vehicles, appears to have responded to some of ISPreview’s suggestions by making interactive visual maps of their findings available for free to the public.",https://www.ispreview.co.uk/index.php/2024/12/streetwave-make-maps-of-uk-mobile-coverage-and-performance-available.html,13th Dec 2024
https://www.ispreview.co.uk/,Major Yayzi Network Migration Triggers Super Slow UK Broadband UPDATE2,"Internet provider Yayzi Broadband has been causing a spot of bother for quite a few of their customers this week after their plan to roll-out an “incredible network upgrade” resulted in a protracted period of service disruption as users were migrated, which saw broadband speeds plummet to single digits (Mbps), as well as other connectivity problems.",https://www.ispreview.co.uk/index.php/2024/12/major-yayzi-network-migration-triggers-super-slow-uk-broadband.html,12th Dec 2024
https://www.ispreview.co.uk/,ISP Zen Internet Warn UK Businesses Unprepared for Phone Switch-off,A new survey conducted by broadband ISP Zen Internet claims to have revealed that UK businesses are still “alarmingly unprepared” for the transition to IP -based digital phone ( VoIP etc.) services. This is occurring with the phased shutdown of the Public Switched Telephone Network (PSTN) and Integrated Services Digital Network (ISDN).,https://www.ispreview.co.uk/index.php/2024/12/isp-zen-internet-warn-uk-business-unprepared-for-phone-switch-off.html,12th Dec 2024
https://www.ispreview.co.uk/,Alncom Teach Kids in Northumberland How to Build FTTP Broadband,"Rural broadband ISP Alncom has today informed ISPreview that they’ve completed the roll-out of a new FTTP broadband network to the rural villages of Craster and Embleton (inc. surrounding areas) in Northumberland (England), covering 1,057 properties. But as part of that they’ve also been teaching local school children how to build the network.",https://www.ispreview.co.uk/index.php/2024/12/alncom-teach-kids-in-northumberland-how-to-build-fttp-broadband.html,12th Dec 2024
https://www.ispreview.co.uk/,Swansea Bay City Deal Completes Half of its Full Fibre Infrastructure Build,The Swansea Bay City Region project has announced that it’s successfully completed 50% of its Full Fibre Infrastructure Build project with BT . This forms part of the related ‘Swansea Bay City Deal’s Digital Infrastructure Programme’ and is helping to upgrade key public sector sites with “future proofed” broadband connectivity.,https://www.ispreview.co.uk/index.php/2024/12/swansea-bay-city-deal-completes-half-of-its-full-fibre-infrastructure-build.html,12th Dec 2024
https://www.ispreview.co.uk/,"Ofcom Report 506,000 UK Homes Now Take Social Broadband Tariffs","The UK telecoms regulator has today published their annual 2024 Pricing Trends Report , which among other things confirms that the take-up of cheaper social broadband ISP and mobile tariffs for those on state benefits has jumped to 506,000 customers in June 2024 (up from 380,000 in Sept 2023). But that’s still just 9.6% of eligible households (e.g. those on Universal Credit).",https://www.ispreview.co.uk/index.php/2024/12/ofcom-report-506000-uk-homes-now-take-social-broadband-tariffs.html,12th Dec 2024
https://www.ispreview.co.uk/,CityFibre’s Project Gigabit Broadband Network in Suffolk UK Goes Live,"CityFibre has today announced that the first customers have gone live on their new full fibre (FTTP) broadband ISP network in Suffolk (England), which is being built as part of their £100m state aid supported Project Gigabit contract (Lot 2) – this aims to reach more than 79,500 extra homes and businesses across hard-to-reach rural areas of the county.",https://www.ispreview.co.uk/index.php/2024/12/cityfibres-project-gigabit-broadband-network-in-suffolk-uk-goes-live.html,12th Dec 2024
https://www.ispreview.co.uk/,"Virgin Media and Nexfibre Expand FTTP to 5,000 Homes in Whitby","Broadband operator nexfibre , which shares some of their parentage with retail UK ISP partner Virgin Media ( O2 ), has today confirmed that they’ve made their 2Gbps speed Fibre-to-the-Premises (FTTP / XGS-PON) broadband network available to more than 5,000 additional homes in Whitby (North Yorkshire, England).",https://www.ispreview.co.uk/index.php/2024/12/virgin-media-and-nexfibre-expand-fttp-to-5000-homes-in-whitby.html,12th Dec 2024
https://www.ispreview.co.uk/,Scotland Tenders for £40.7m Gigabit Broadband Rollout in Orkney and Shetland,"ISPreview has spotted that the Scottish Government (SG) yesterday issued a contract notice for the Orkney & Shetland (Lot 6 – Scotland) deployment under the UK’s £5bn Project Gigabit broadband roll-out scheme, which is expected to expand full fibre (FTTP) connectivity to an estimated 13,550 premises in hard-to-reach (rural) parts of the remote Northern Isles.",https://www.ispreview.co.uk/index.php/2024/12/scotland-tenders-for-40-7m-gigabit-broadband-rollout-in-orkney-and-shetland.html,12th Dec 2024
https://www.ispreview.co.uk/,"Opensignal Reveal Impact of 3G Shut Down by EE, Three UK and Vodafone","Internet benchmarking firm Opensignal has used their crowdsource data, which is collected via users of their benchmarking apps and services, to reveal a bit more information about how the recent 3G mobile switch-off on EE ( BT ), Three UK (ongoing) and Vodafone has impacted the availability of their remaining 2G, 4G and 5G based mobile / broadband services.",https://www.ispreview.co.uk/index.php/2024/12/opensignal-reveal-impact-of-3g-shut-down-by-ee-three-uk-and-vodafone.html,12th Dec 2024
https://www.ispreview.co.uk/,BT Claim to be Enhancing UK Customer Support via AI Tech and Chatbots,"Broadband and telecoms giant BT Group has today highlighted how they’re using AI (Artificial Intelligence) based systems to “significantly” enhance the customer experience and streamline support processes across the Group. For example, EE ’s (mobile) new virtual assistant, Aimee, now handles up to 60,000 customer conversations per week.",https://www.ispreview.co.uk/index.php/2024/12/bt-claims-to-be-enhancing-uk-customer-support-via-ai-tech-and-chatbots.html,12th Dec 2024
https://www.ispreview.co.uk/,Communications Ombudsman Reports Q3 2024 Rise in UK Telecoms Complaints UPDATE,"The Communications Ombudsman , which is one of Ofcom ’s two approved Alternative Dispute Resolution (ADR) providers for UK consumers of broadband ISPs, mobile and landline phone providers, has released its complaints data Q3 2024 and reported a 29% increase compared to the same period in 2023.",https://www.ispreview.co.uk/index.php/2024/12/communications-ombudsman-reports-q3-2024-rise-in-uk-telecoms-complaints.html,12th Dec 2024
https://www.ispreview.co.uk/,Openreach to Withdraw Some Legacy UK FTTP and FTTC Broadband Speed Tiers UPDATE,Prices aren’t the only thing changing at Openreach (BT) today. The national UK network operator has also revealed that it will be withdrawing some of the “legacy” speed tiers on their Fibre-to-the-Cabinet ( FTTC ) and Fibre-to-the-Premises (FTTP + FTTP on Demand) based broadband products for ISPs and their customers.,https://www.ispreview.co.uk/index.php/2024/12/openreach-to-withdraw-some-legacy-uk-fttp-broadband-speed-tiers.html,11th Dec 2024
https://www.ispreview.co.uk/,Openreach Reveal Annual 2024 UK Broadband and Ethernet Price Rises for ISPs,"Network access provider Openreach (BT) has today started to unveil their usual round of annual (2024) price increases across their wholesale broadband and Ethernet products for UK ISPs, which touches on everything from full fibre (FTTP) lines to hybrid fibre ( FTTC / SOGEA), Cablelinks and Ethernet, among other products.",https://www.ispreview.co.uk/index.php/2024/12/openreach-annual-2024-uk-broadband-and-ethernet-price-rises-for-isps.html,11th Dec 2024
https://www.ispreview.co.uk/,Manx Telecom to Switch Off Copper Lines on Isle of Man by 2029,"Broadband, phone and mobile operator Manx Telecom (MT), which serves premises across the remote Isle of Man, has revealed that they will begin “shutting down” their legacy copper telecoms network in 2025, with the full switch-off completed “no later than” 2029.",https://www.ispreview.co.uk/index.php/2024/12/manx-telecom-to-switch-off-copper-lines-on-isle-of-man-by-2029.html,11th Dec 2024
https://www.ispreview.co.uk/,"InternetTY Build FTTP Broadband to 12,000 Lincolnshire UK Premises","UK ISP InternetTY (aka – Internet ThankYou), which in 2020 began deploying a new gigabit-capable Fibre-to-the-Premises ( FTTP ) broadband network to “rural and semi-urbanised areas” across Staffordshire and Lincolnshire, has revealed that they now cover around 12,000 premises in North Lincolnshire and Lincolnshire.",https://www.ispreview.co.uk/index.php/2024/12/internetty-build-fttp-broadband-to-12000-lincolnshire-uk-premises.html,11th Dec 2024
https://www.ispreview.co.uk/,Viasat Demos Working Direct-to-Device Messaging from its Satellites,"Satellite communications firm Viasat appears to be following Starlink and AST SpaceMobile by successfully demonstrating their own Direct-to-Device (D2D) connectivity, which could allow their broadband satellites to connect with “everyday devices“, like 4G / 5G mobile phones, industrial machinery or transport operators.",https://www.ispreview.co.uk/index.php/2024/12/viasat-demos-working-direct-to-device-messaging-from-its-satellites.html,11th Dec 2024
https://www.ispreview.co.uk/,Virgin Media and O2 Reveal UK Broadband and Mobile Traffic Trends for 2024,"Network operator Virgin Media and O2 (VMO2) has today revealed some insights from their network, which among other things shows that they recorded an 8.1% rise in broadband usage (a new record) and a 9% uplift in mobile data traffic year-on-year. But that’s not all.",https://www.ispreview.co.uk/index.php/2024/12/virgin-media-and-o2-reveal-uk-broadband-and-mobile-traffic-trends-for-2024.html,11th Dec 2024
https://www.ispreview.co.uk/,Virgin Media UK Offers UltraHD TV Channel Free for Christmas,"Broadband ISP Virgin Media has confirmed to ISPreview that, as a “festive treat for our customers“, they have temporarily opened up access to their Virgin TV Ultra HD (4K) channel (Ch 175 and Ch 999) to all their V6, TV360 and Stream customers at no extra cost until 1st January 2025.",https://www.ispreview.co.uk/index.php/2024/12/virgin-media-uk-offers-ultrahd-tv-channel-free-for-christmas.html,11th Dec 2024
https://www.ispreview.co.uk/,Wessex Internet Start Project Gigabit Broadband Build in Dorset and Somerset UK,"Rural UK broadband ISP Wessex Internet has today announced that they’ve begun the build phase of their new £33.5m state aid supported Project Gigabit contract in Dorset and South Somerset (Lot 14), which will extend their gigabit speed Fibre-to-the-Premises ( FTTP ) network to cover 21,400 hard-to-reach local homes and businesses.",https://www.ispreview.co.uk/index.php/2024/12/wessex-internet-start-project-gigabit-broadband-build-in-dorset-and-somerset-uk.html,11th Dec 2024
https://www.ispreview.co.uk/,Parliamentary Debate Hauls Brsk’s UK Broadband Poles Over the Coals UPDATE,"Broadband network builder and UK ISP Brsk , which is in the process of being merged into Netomnia ( here ), yesterday found itself being the perhaps unwanted centre of attention (again) during a debate in parliament that focused on the problems being caused by the deployment of “telegraph poles” in Birmingham.",https://www.ispreview.co.uk/index.php/2024/12/parliamentary-debate-hauls-brsks-uk-broadband-poles-over-the-coals.html,11th Dec 2024
https://www.ispreview.co.uk/,Tesco Mobile Adopt New UK Pricing Policy for Mid-Contract Hikes UPDATE,"Mobile provider Tesco Mobile , which is a Mobile Virtual Network Operator (MVNO) on O2 ’s national platform, has this morning become the latest UK telecoms operator to adopt Ofcom ’s new guidance on inflation-linked annual price rises. But they appear to be taking a more proportional approach than many other operators.",https://www.ispreview.co.uk/index.php/2024/12/tesco-mobile-adopt-new-uk-pricing-policy-for-mid-contract-hikes.html,11th Dec 2024
https://www.ispreview.co.uk/,Supplier Picked to Deliver Oxfordshire and Bucks 5G Rail and Broadband Project,"The Oxfordshire County Council (OCC) and England’s Connected Heartland (ECH) have this morning announced that they’ve picked AWTG , a 5G mobile private network supplier, to enhance broadband and mobile connectivity along the soon-to-be reopened passenger railway line between Bicester Village and Bletchley.",https://www.ispreview.co.uk/index.php/2024/12/supplier-picked-to-deliver-oxfordshire-and-bucks-5g-rail-and-broadband-project.html,11th Dec 2024
https://www.ispreview.co.uk/,Vodafone UK Hit by £120m Legal Claim from Current and Former Franchisees,"Broadband and mobile operator Vodafone has this afternoon been hit by a £120m+ legal claim (CL-2024-000663), which was filed by 61 current and former UK franchisees who claim to be challenging the “financial, mental, and physical impacts of the retail giant’s “irrational” business decisions“. Something Vodafone “strongly refute“.",https://www.ispreview.co.uk/index.php/2024/12/vodafone-uk-hit-by-120m-legal-claim-by-current-and-former-franchisees.html,10th Dec 2024
https://www.ispreview.co.uk/,Openreach Bring FTTP Broadband to 1 Million Premises in Wales,"Network access provider Openreach ( BT ) has announced that their new 1.8Gbps speed Fibre-to-the-Premises (FTTP) broadband ISP network has passed an important milestone by covering 1 million premises across Wales (up from 816,000 in January 2024 and 700,000 in July 2023).",https://www.ispreview.co.uk/index.php/2024/12/openreach-bring-fttp-broadband-to-1-million-premises-in-wales.html,10th Dec 2024
https://www.ispreview.co.uk/,VOXI Mobile Launch eSIM for New and Existing UK Customers,"Contract-free UK mobile provider VOXI , which is a virtual network operator (MVNO) sibling of Vodafone, has today announced the introduction of eSIM (Electronic SIM) support to their mobile service for both new and existing customers who take one of their SIM Only mobile plans.",https://www.ispreview.co.uk/index.php/2024/12/voxi-mobile-launch-esim-for-new-and-existing-uk-customers.html,10th Dec 2024
https://www.ispreview.co.uk/,"Gigaclear Extends UK Rural FTTP Broadband Cover to 580,000 Premises","Abingdon-based rural ISP and full fibre network builder Gigaclear has today celebrated a “record year of growth in 2024” after adding 40,000 new customers (up almost 50% in the year) to total over 130,000, while also extending their network coverage to 580,000 premises as ‘Ready for Service’ (up by 100k in the year).",https://www.ispreview.co.uk/index.php/2024/12/gigaclear-extends-uk-rural-fttp-broadband-cover-to-580000-premises.html,10th Dec 2024
https://www.ispreview.co.uk/,"GoFibre Complete FTTP Broadband Build for Harbottle, Northumberland UK","Edinburgh-based UK ISP GoFibre ( BorderLink ) has today confirmed that they’ve “completed” their roll-out of a new full fibre (FTTP) broadband network across the rural Northumberland village of Harbottle, which is home to over 250 people and forms part of their £7.3m Project Gigabit delivery contract ( here ) to cover 3,750 hard-to-reach premises in the county.",https://www.ispreview.co.uk/index.php/2024/12/gofibre-complete-fttp-broadband-build-for-harbottle-northumberland-uk.html,10th Dec 2024
https://www.ispreview.co.uk/,Sky UK and NOW TV Users to Get Free Access to New Max Streaming Service in 2026,"Sky ( Sky Broadband etc.) has this afternoon announced that they’ve signed an expanded partnership with Warner Bros. Discovery in the UK and Ireland, which means that existing Sky TV and NOW TV customers (e.g. Sky Glass , Sky Stream ) will gain free (non-exclusive) access to the new ad-supported streaming service (app), Max (HBO Max), when it launches in 2026.",https://www.ispreview.co.uk/index.php/2024/12/sky-uk-and-now-tv-users-to-get-free-access-to-new-max-streaming-service-in-2026.html,9th Dec 2024
https://www.ispreview.co.uk/,"Lightning Fibre Sees 31 Percent FTTP Take-up in Old Town, Eastbourne","Broadband network operator and UK ISP Lightning Fibre , which has been building a new “full fibre” (FTTP) network across parts of Sussex and Kent in England, has today revealed that their deployment in the Old Town area of Eastbourne has covered 6,574 (87%) premises and seen 2,021 of those take their service (31% of connectable premises or 27% of the total area).",https://www.ispreview.co.uk/index.php/2024/12/lightning-fibre-sees-31-percent-fttp-take-up-in-old-town-eastbourne.html,9th Dec 2024
https://www.ispreview.co.uk/,AST Space Mobile and Vodafone Sign Long Term 5G Satellite Deal,"Satellite operator AST SpaceMobile has today signed a “definitive” long-term commercial agreement that will allow Vodafone to harness their new network of cellular broadband satellites in Low Earth Orbit (LEO) until 2034. This is essentially a space-based 2G, 4G and 5G mobile broadband service that can connect with regular handsets around the world.",https://www.ispreview.co.uk/index.php/2024/12/ast-space-mobile-and-vodafone-sign-long-term-5g-satellite-deal.html,9th Dec 2024
https://www.ispreview.co.uk/,Quickline Welcomes First Apprentice Fibre Broadband Engineers,"Rural focused UK ISP Quickline , which is deploying gigabit-capable broadband networks (FTTP and wireless) across remote parts of Yorkshire and Lincolnshire in England, has today announced that they’ve welcomed their first cohort of eight in-house trained telecoms apprentices to help build the new network.",https://www.ispreview.co.uk/index.php/2024/12/quickline-welcomes-first-apprentice-fibre-broadband-engineers.html,9th Dec 2024
https://www.ispreview.co.uk/,Vodafone UK and Gigs Remove Barriers for New Virtual Mobile Operators,"Broadband ISP and mobile operator Vodafone UK has this morning announced a new “strategic alliance” with Gigs , which provides a kind of operating system for mobile services that can help startups and large tech companies across the country to launch their own virtual mobile operator (MVNO) style services.",https://www.ispreview.co.uk/index.php/2024/12/vodafone-uk-and-gigs-remove-barriers-for-new-virtual-mobile-operators.html,9th Dec 2024
https://www.ispreview.co.uk/,Vodafone UK to Complete IPv6 Rollout on Fixed Broadband by March 2025,"Mobile telecoms giant and UK ISP Vodafone has revealed that their roll-out of IPv6 internet addressing for fixed broadband customers, which began at the tail end of 2023 with a “limited trial” ( here ), has now reached 76% of subscribers and they “aim to reach 100% by the end of this fiscal year” (i.e. 31st March 2025).",https://www.ispreview.co.uk/index.php/2024/12/vodafone-uk-to-complete-ipv6-rollout-on-fixed-broadband-by-march-2025.html,9th Dec 2024
https://www.ispreview.co.uk/,Broadband ISP Plusnet UK Leaves Some Email Users Cut-off for Weeks,"Low-cost internet provider Plusnet , which is part of the wider BT Group, has got itself into a bit of hot water with a small collection of their old legacy email users after leaving them unable to access their inboxes for several weeks. But despite the passage of time, the provider still won’t say what has caused the problem or when it will be fixed.",https://www.ispreview.co.uk/index.php/2024/12/broadband-isp-plusnet-uk-leaves-some-email-users-cut-off-for-weeks.html,7th Dec 2024
https://www.ispreview.co.uk/,TOTSCo Switches to Focus on UK Business Broadband ISP Switching,"The One Touch Switching Company (TOTSCo), which is the industry-led company that is helping to implement Ofcom ’s solution for easier and quicker UK consumer switching between broadband and phone providers ( One Touch Switching ), has revealed more details about its efforts to introduce support for business connections too.",https://www.ispreview.co.uk/index.php/2024/12/totsco-switches-to-focus-on-uk-business-broadband-isp-switching.html,6th Dec 2024
https://www.ispreview.co.uk/,Hiya – UK Residents Receive 4 SPAM Calls Per Person Each Month,"The latest Q3 2024 Global Call Threat Report from Hiya , which also works with broadband ISPs and mobile operators ( BT , EE , O2 , Virgin Media etc.) to help detect and block SPAM and fraud calls, has revealed that residents of the UK receive 4 spam calls per person each month (up from 3 spam calls last quarter) – albeit one of the lowest rates in Europe.",https://www.ispreview.co.uk/index.php/2024/12/hiya-uk-residents-receive-4-spam-calls-per-person-each-month.html,6th Dec 2024
https://www.ispreview.co.uk/,Opensignal 2024 Study Ranks UK Broadband ISPs by Quality and Speed,"Internet benchmarking firm Opensignal has today published their “definitive” 2024 Fixed Broadband Experience report, which gauges the performance of various internet service providers across the UK and then separately across 12 of its regions (inc. Scotland, Wales and Northern Ireland). Overall, Virgin Media came top in the national scores, but the regional results are different.",https://www.ispreview.co.uk/index.php/2024/12/opensignal-2024-study-ranks-uk-broadband-isps-by-quality-and-speed.html,5th Dec 2024
https://www.ispreview.co.uk/,"Virgin Media O2 Boosts 1,000 UK Mobile Sites with 10Gbps Fibre Backhaul","Broadband ISP and mobile operator Virgin Media and O2 (VMO2) have today announced that the recent introduction ( here ) of their new “next generation” Converged Interconnect Network (CIN) has already helped to improve its mobile network across the UK, not least by connecting 1,000 mobile sites to its proprietary 10Gbps fibre optic backhaul network.",https://www.ispreview.co.uk/index.php/2024/12/virgin-media-o2-boosts-1000-uk-mobile-sites-with-10gbps-fibre-backhaul.html,5th Dec 2024
https://www.ispreview.co.uk/,Ofcom – UK Gigabit Broadband Cover Rises to 84% as 5G Hits 90-95%,"Ofcom has published their annual Connection Nations 2024 digital infrastructure report, which among many other things finds that residential gigabit-capable broadband ISP networks now cover 84% of the UK (up from 78% in 2023), while outdoor 5G mobile cover from at least one operator is available to 90-95% of premises (up from 85-93%). But rural cover remains poor.",https://www.ispreview.co.uk/index.php/2024/12/ofcom-uk-gigabit-broadband-cover-rises-to-84-as-5g-hits-90-95.html,5th Dec 2024
https://www.ispreview.co.uk/,Study Finds Patchy Mobile Coverage on the East Coast Mainline,"Network analyst firm Streetwave has surveyed UK mobile coverage ( 4G , 5G etc.) and mobile broadband speeds along the East Coast Mainline – as operated by the London North Eastern Railway (LNER), which found that passengers can face “hours without mobile coverage access” while travelling between London and Edinburgh. But EE delivered the best service.",https://www.ispreview.co.uk/index.php/2024/12/study-finds-patchy-mobile-coverage-on-the-east-coast-mainline.html,5th Dec 2024
https://www.ispreview.co.uk/,Vodafone and Three UK Mega Mobile Merger Gets Final Approval UPDATE,"The Competition and Markets Authority (CMA) has today finally granted approval for mobile operators Vodafone and Three UK to proceed with their merger deal ( here ), which will result in an expansion of their 5G Standalone (SA) network (broadband) coverage. But the merged company will have to comply with new legal obligations and consumer pricing controls.",https://www.ispreview.co.uk/index.php/2024/12/vodafone-and-three-uk-mega-mobile-merger-gets-final-approval.html,5th Dec 2024
https://www.ispreview.co.uk/,Ransomware Group Claims to Have Breached One of BT’s UK Systems,"Broadband and telecoms giant BT Group has confirmed that a ransomware gang made an “attempt” to compromise their BT Conferencing business platform. The group, which calls itself Black Basta, claims to have stolen 500GB (GigaBytes) of sensitive and financial data, although the UK operator has yet to confirm this.",https://www.ispreview.co.uk/index.php/2024/12/ransomware-group-claims-to-have-breached-some-of-bts-uk-systems.html,5th Dec 2024
https://www.ispreview.co.uk/,OTA Identify Areas Needing Improvement in UK Broadband Switching Process UPDATE,"The UK telecoms regulator, Ofcom, has revealed the outcome of the Telecoms Adjudicator ‘s (OTA) recent review into the remaining problems (i.e. the matching process) with the new One Touch Switching (OTS) system, which was intended to make it easier for consumers to change broadband ISPs but is still somewhat of a work-in-progress.",https://www.ispreview.co.uk/index.php/2024/12/ota-identify-areas-needing-improvement-in-uk-broadband-switching-process.html,4th Dec 2024
https://www.ispreview.co.uk/,O2 Boosts Bristol 4G Mobile Coverage with Cellnex UK Small Cells,"Customers of mobile network operator O2 (Virgin Media) in the city of Bristol are starting to benefit from the deployment of a new 4G based small cell mobile (mobile broadband) network, which reflects a recent partnership with Cellnex UK and the Bristol City Council (BCC) in England.",https://www.ispreview.co.uk/index.php/2024/12/o2-boosts-bristol-4g-mobile-coverage-with-cellnex-uk-small-cells.html,4th Dec 2024
https://www.ispreview.co.uk/,Openreach Web App Cut Missed UK Engineer Appointments by 30 Percent,"Network provider Openreach (BT) has revealed that the introduction, in April 2024, of a new website app (‘Change My Appointment‘) that put customers in charge of their engineer visits, has already helped to reduce missed appointments by 30%. The extra resources freed up by this have also boosted the number of engineers installing full fibre broadband services.",https://www.ispreview.co.uk/index.php/2024/12/openreach-website-app-cuts-missed-uk-engineer-appointments-by-30-percent.html,4th Dec 2024
https://www.ispreview.co.uk/,Sky UK Launches New Essentials TV Package for £15 Monthly,"Sky ( Sky Broadband , Sky Mobile etc.) has today announced the launch of their new entry-level Essential TV package, which includes some premium channels and also brings those together with Netflix and discovery+ content from just £15 per month. This is available via their internet-based Sky Stream and Sky Glass platforms.",https://www.ispreview.co.uk/index.php/2024/12/sky-uk-launches-new-essentials-tv-package-for-15-monthly.html,4th Dec 2024
https://www.ispreview.co.uk/,UK ISP iDNET Joins MS3’s New Full Fibre Broadband Network,"Broadband provider iDNET has today become the latest UK ISP to begin harnessing MS3 ’s growing 10Gbps capable Fibre-to-the-Premises ( FTTP ) network, which currently covers over 210,000 premises (footprint) across locations such as Hull, Scunthorpe, Grimsby, Cleethorpes, Immingham, and Mexborough etc.",https://www.ispreview.co.uk/index.php/2024/12/uk-isp-idnet-joins-ms3s-new-full-fibre-broadband-network.html,4th Dec 2024
https://www.ispreview.co.uk/,EE UK Helicopters in New 4G Mast to Boost Mobile Cover on Skye,"Mobile network operator EE (BT) has boosted 4G based mobile (mobile broadband) coverage across the Central and Northern parts of the remote rural Isle of Skye in Scotland. The operator used a helicopter to bring in a new mast, which has been strategically located among trees to minimise its visual impact on the natural surroundings.",https://www.ispreview.co.uk/index.php/2024/12/ee-uk-helicopters-in-new-4g-mast-to-boost-mobile-cover-on-skye.html,4th Dec 2024
https://www.ispreview.co.uk/,Neos Networks Expands UK Partnership with CityFibre’s Network,"Network operator Neos Networks , which runs one of the biggest 34,000km long business fibre networks in the UK – spanning 550 exchanges, 90+ data centres and 676 Points of Presence (PoPs), has announced that they’ve expanded their strategic partnership with wholesale fibre optic FTTP broadband builder CityFibre to boost Ethernet availability.",https://www.ispreview.co.uk/index.php/2024/12/neos-networks-expands-uk-partnership-with-cityfibres-network.html,4th Dec 2024
https://www.ispreview.co.uk/,Flotek to Supply Full Fibre Services via Elevate’s New Cardiff Hypercity Network,"Network operator Elevate Wholesale (formerly Telcom) has today announced its first strategic ISP and comms provider partner, Flotek , for the new Hypercity fibre optic broadband and Ethernet network that they’ve been contracted to build across Cardiff in South Wales.",https://www.ispreview.co.uk/index.php/2024/12/flotek-to-supply-full-fibre-services-via-elevates-new-cardiff-hypercity-network.html,4th Dec 2024
https://www.ispreview.co.uk/,TfL Complete 4G Mobile Rollout for the Elizabeth Line in London,"The latest update from Transport for London (TfL) and Boldyn Networks has today revealed that they’ve completed the work to bring 4G and 5G mobile (mobile broadband) coverage to the entire Elizabeth Line, including tunnelled sections in between stations, which can be harnessed by mobile operators including EE , Vodafone , Three UK and O2 .",https://www.ispreview.co.uk/index.php/2024/12/tfl-complete-4g-mobile-rollout-for-the-elizabeth-line-in-london.html,4th Dec 2024
https://www.ispreview.co.uk/,Mobile Operator Three UK Introduce RCS Support for iOS with v18.2,"Mobile network operator Three UK has this week begun issuing text messages to customers on Apple’s iPhone devices, which confirms that they will officially introduce support for Rich Communications Services (RCS) with the release of the next iOS 18.2 update – due on 9th December 2024.",https://www.ispreview.co.uk/index.php/2024/12/mobile-operator-three-uk-introduce-rcs-support-for-ios-with-v18-2.html,4th Dec 2024
https://www.ispreview.co.uk/,Poverty Alliance Claims Millions in UK Choosing Between Broadband and Food,"The Digital Poverty Alliance (DPA) has highlighted new data from Point Topic ’s UK broadband affordability tracker as helping to show that the “cost-of-living crisis isn’t getting any easier“, with a digital divide still existing that is allegedly “forcing millions to choose between broadband and food.”",https://www.ispreview.co.uk/index.php/2024/12/poverty-alliance-warns-millions-in-uk-choosing-between-broadband-and-food.html,3rd Dec 2024
https://www.ispreview.co.uk/,Netomnia to Build FTTP Broadband into Peabody’s UK Homes,"Broadband network operator Netomnia (inc. Brsk and YouFibre ) has today announced that they’ve signed a deal to expand their 10Gbps full fibre network into properties managed and owned by Peabody (inc. subsidiaries). This is a not-for-profit housing association that serves thousands of residents across their housing stock in Oxfordshire, Hertfordshire and Kent (England).",https://www.ispreview.co.uk/index.php/2024/12/netomnia-to-build-fttp-broadband-into-peabodys-uk-homes.html,3rd Dec 2024
https://www.ispreview.co.uk/,eSIM Go Partners with Vodafone UK to Remove MVNO Barriers,"Mobile network operator Vodafone UK has today announced that they’ve signed a new partnership with eSIM Go , which will allow the latter to offer connectivity on Vodafone’s network in the UK to their business customers and thus remove MVNO (virtual operator) barriers to entry for organisations of all sizes.",https://www.ispreview.co.uk/index.php/2024/12/esim-go-partners-with-vodafone-uk-to-remove-mvno-barriers.html,3rd Dec 2024
https://www.ispreview.co.uk/,Toob Extend FTTP Broadband Availability to 6 New UK Cities and Towns,"Hampshire-based network builder and ISP toob , which has deployed a gigabit speed full fibre ( FTTP ) network across parts of South England, have today announced that they’ve expanded the availability of their services – under a strategic partnership with CityFibre – to include Lincoln, Loughborough, Milton Keynes, Nottingham, Peterborough and Derby.",https://www.ispreview.co.uk/index.php/2024/12/toob-extend-fttp-broadband-availability-to-6-new-uk-cities-and-towns.html,3rd Dec 2024
https://www.ispreview.co.uk/,Pulse Fibre Offer Blue Light Broadband Discount to Emergency Services Workers,"London-based alternative broadband ISP Pulse Fibre , which over the next few years aspires to complete over 250,000 unique UK “full fibre” (FTTP) connections into new build homes and MDUs ( here ), has today announced that holders of the Blue Light Card (i.e. price cuts for workers in the emergency services and veterans) will be able to get a special discount.",https://www.ispreview.co.uk/index.php/2024/12/pulse-fibre-offer-blue-light-broadband-discount-to-emergency-services-workers.html,3rd Dec 2024
https://www.ispreview.co.uk/,Ookla Name the Top 10 Global and European Internet Outages of 2024,"Internet benchmarking firm Ookla , which runs the popular broadband ISP performance testing service Speedtest.net and the real-time outage monitoring Downdetector site, has used data gathered from the latter to reveal which online services suffered the largest outages during 2024 – Facebook’s outage on 5th March tops the table.",https://www.ispreview.co.uk/index.php/2024/12/ookla-names-the-top-global-and-european-internet-outages-of-2024.html,3rd Dec 2024
https://www.ispreview.co.uk/,CityFibre Complete Primary FTTP Broadband Rollout in Hartlepool,"Network operator CityFibre, which has so far extended their 2.5Gbps speed Fibre-to-the-Premises (FTTP) broadband ISP network to cover around 4 million UK premises, have today confirmed the completion of their “primary” £21m build in the large port town of Hartlepool in County Durham (England).",https://www.ispreview.co.uk/index.php/2024/12/cityfibre-complete-primary-fttp-broadband-rollout-in-hartlepool.html,3rd Dec 2024
https://www.ispreview.co.uk/,O2 UK Complete 4G and 5G Upgrades for 600 Postcodes in Aberdeen,"Mobile network operator O2 ( Virgin Media ) has today announced that they’ve completed a project to upgrade the capacity of their 4G and 5G based mobile services across “over” 600 postcodes in the port city of Aberdeen (Scotland), which should mean “faster” mobile broadband speeds and greater reliability.",https://www.ispreview.co.uk/index.php/2024/12/o2-uk-complete-4g-and-5g-upgrades-for-600-postcodes-in-aberdeen.html,3rd Dec 2024
https://www.ispreview.co.uk/,Bin Lorries to Survey Mobile Coverage Across Glasgow City Region,"Network analyst firm Streetwave has been contracted to conduct a huge survey of mobile broadband network (4G, 5G) coverage, using bin lorries, which will this time focus on 8 council areas within Scotland’s Glasgow City Region – including North Lanarkshire, West Dunbartonshire, South Lanarkshire, Glasgow, East Dunbartonshire, and East Renfrewshire.",https://www.ispreview.co.uk/index.php/2024/12/bin-lorries-to-survey-mobile-coverage-across-glasgow-city-region.html,3rd Dec 2024
https://www.ispreview.co.uk/,Broadband ISP TalkTalk to Slash More UK Jobs After Refinancing Deal,"Debt-troubled UK internet provider TalkTalk has confirmed that its staff were yesterday informed about another round of significant redundancies, which one report indicates could affect almost a quarter (c. 130) of their consumer division workforce across the country. But the specifics won’t be known until after Christmas.",https://www.ispreview.co.uk/index.php/2024/12/broadband-isp-talktalk-to-slash-more-uk-jobs-after-refinancing-deal.html,3rd Dec 2024
https://www.ispreview.co.uk/,EE Named Best UK Mobile Operator in New 2024 Network Test Study,"Mobile operator EE ( BT ) has come top in umlaut and Connect’s latest annual 2024 UK Mobile Network Test, which used a range of different benchmarks to test 4G (voice and data / broadband) and 5G performance across 19 cities, 27 towns and along 10,480km of major roads. On the flip side, O2 ( Virgin Media ) once again found themselves at the bottom.",https://www.ispreview.co.uk/index.php/2024/12/ee-named-best-uk-mobile-operator-in-new-2024-network-test-study.html,3rd Dec 2024
https://www.ispreview.co.uk/,Ofcom Enhance Spectrum Sharing for UK Mobile and Wireless Broadband,"The UK telecoms regulator, Ofcom , has today introduced changes that are designed to improve their spectrum sharing framework, which among other things have been designed to add more flexibility, facilitate more effective spectrum sharing and increase spectrum supply to support new types of fixed wireless (broadband) and mobile (4G, 5G etc.) services.",https://www.ispreview.co.uk/index.php/2024/12/ofcom-enhance-spectrum-sharing-for-uk-mobile-and-wireless-broadband.html,2nd Dec 2024
https://www.ispreview.co.uk/,EE UK’s Pay TV Platform Launches Support for Paramount+,Broadband ISP and mobile operator EE ( BT ) has today announced that customers of their pay TV service have just gained access to the new Paramount+ streaming App via their TV Box Pro and TV Box Mini hardware (set-top-boxes). This offers access to a wide selection of blockbuster movies and TV shows etc. But there’s a catch for those with a Premium plan.,https://www.ispreview.co.uk/index.php/2024/12/ee-uks-pay-tv-platform-launches-support-for-paramount.html,2nd Dec 2024
https://www.ispreview.co.uk/,First Local Authority in Wales Completes Digital Phone Switchover,The Bridgend County Borough Council (BCBC) today claims to have become the “first local authority in Wales” to complete a digital switchover of its telecare alarms. This has seen them move away from BT and Openreach ’s old copper-based analogue line services (PSTN phones and WLR) to adopt internet-based solutions instead.,https://www.ispreview.co.uk/index.php/2024/12/first-local-authority-in-wales-completes-digital-phone-switchover.html,2nd Dec 2024
https://www.ispreview.co.uk/,BT and EE Extend Gov’s 4G Emergency Services Network for 7 Years,"The UK Government has signed a new £1.29bn deal with BT ( EE ) to extend their operation of the 4G based Emergency Services Network (ESN) for another 7-years. But after years of delays and disputes, only some of which is related to EE ’s side of things, the Home Office still doesn’t expect the ESN to be fully operational until 2029.",https://www.ispreview.co.uk/index.php/2024/12/bt-and-ee-extend-govs-4g-emergency-services-network-for-7-years.html,2nd Dec 2024
https://www.ispreview.co.uk/,Potentially Fatal – UK Broadband Firm Erects Steel Mast Next to High Voltage Cables,"Energy provider Electricity North West (ENW) has said its engineers were “left speechless” after discovering that a telecoms operator in the Lancashire (England) town of Burnley had erected a steel mast “just one metre away” from 132,000-volt overhead electricity lines. “One wrong move could have resulted in a death,” said ENW.",https://www.ispreview.co.uk/index.php/2024/11/potentially-fatal-uk-broadband-firm-erects-steel-mast-next-to-high-voltage-cables.html,30th Nov 2024
https://www.ispreview.co.uk/,The Cumbria UK Villages Still Fighting for Gigabit Broadband,"A year and a half has now passed since the MP for Westmorland and Lonsdale, Tim Farron (Lib Dem), highlighted the connectivity limbo ( here ) that several villages in Cumbria – including Ormside, Warcop, Hilton, and Murton – had been left in by the Government’s Broadband Delivery UK (BDUK) programme. But locals have just been asked to wait a little bit longer.",https://www.ispreview.co.uk/index.php/2024/11/the-cumbria-uk-villages-still-fighting-for-gigabit-broadband.html,29th Nov 2024
https://www.ispreview.co.uk/,International Body Launched to Help Protect Submarine Telecoms Cables,"The International Telecommunication Union (ITU), the United Nations Agency for Digital Technologies, and the International Cable Protection Committee (ICPC) have today formed a new ‘International Advisory Body for Submarine Cable Resilience‘, which comes hot on the heels of an ongoing dispute after two fibre optic cables were cut in the Baltic Sea last week.",https://www.ispreview.co.uk/index.php/2024/11/international-body-launched-to-help-protect-submarine-telecoms-cables.html,29th Nov 2024
https://www.ispreview.co.uk/,Ads Watchdog Updates UK Guidance on Mid-Contract Broadband Price Hikes,"The UK Advertising Standards Authority (ASA) has today updated their guidance for how broadband ISPs, phone, pay TV and mobile operators should communicate mid-contract prices hikes to consumers. The change is primarily intended to align their policy with Ofcom ’s imminent ban on mid-contract price hikes that are linked to inflation and percentage changes.",https://www.ispreview.co.uk/index.php/2024/11/ads-watchdog-updates-uk-guidance-on-mid-contract-broadband-price-hikes.html,29th Nov 2024
https://www.ispreview.co.uk/,Broadband ISP Quickline Cuts UK FTTP Prices in Half for Black Friday,"Alternative network operator and ISP Quickline , which is deploying gigabit-capable broadband networks ( FTTP and wireless) across rural and semi-rural parts of Yorkshire and Lincolnshire (England), has today become the latest provider to launch some big Black Friday discounts on their packages and Amazon vouchers worth up to £1,000.",https://www.ispreview.co.uk/index.php/2024/11/broadband-isp-quickline-cuts-uk-fttp-prices-in-half-for-black-friday.html,29th Nov 2024
https://www.ispreview.co.uk/,VOXI UK Offers 4x and 5x Mobile Data Boosts in Black Friday Deals,"Contract-free mobile provider VOXI , which is the virtual network operator (MVNO) sibling of Vodafone , has today launched a series of Black Friday discounts across their Pay Monthly SIM Only 4G and 5G plans, which quadruples or more the included data (mobile broadband) allowance for new customers.",https://www.ispreview.co.uk/index.php/2024/11/voxi-uk-offers-4x-and-5x-mobile-data-boosts-in-black-friday-deals.html,29th Nov 2024
https://www.ispreview.co.uk/,Cornwall UK Broadband ISP Wildanet Appoint New Leadership Team,"Alternative network provider Wildanet, which is deploying a gigabit speed Fibre-to-the-Premises ( FTTP ) network across rural parts of Cornwall and Devon in England, has today appointed a trio of new chiefs (CCO, COO and CFO) to help oversee the deployment of its new network and strengthen its leadership team.",https://www.ispreview.co.uk/index.php/2024/11/cornwall-uk-broadband-isp-wildanet-appoint-new-leadership-team.html,28th Nov 2024
https://www.ispreview.co.uk/,5G DRIVE and O2 Project Bring Mobile Signals to 31 Rural UK Notspots,"Mobile giant O2 ( Virgin Media ) has announced that, while working alongside the government-backed 5G DRIVE project, they’ve been able to deliver reliable mobile network coverage to 31 “iconic tourist destinations” that were previously “not spots” for mobile signals (i.e. 21 in Wales, 5 in England, and 5 in Scotland).",https://www.ispreview.co.uk/index.php/2024/11/5g-drive-and-o2-project-bring-mobile-signals-to-31-rural-uk-notspots.html,28th Nov 2024
https://www.ispreview.co.uk/,O2 UK Deploying Free AI-Powered Scam Call Detector Service,"Mobile network operator O2 ( Virgin Media ) has today expanded upon their existing partnership with Hiya by integrating the company’s AI-powered scam detection service to help combat fraud and nuisance calls, which sees them claiming to be the “first and only UK mobile operator to provide this service to customers at no extra cost“.",https://www.ispreview.co.uk/index.php/2024/11/o2-uk-deploys-free-ai-powered-scam-call-detector-service.html,28th Nov 2024
https://www.ispreview.co.uk/,"KCOM Issue Progress Update on FTTP Build, Copper Migration and More UPDATE","Macquarie-backed UK ISP KCOM , which is the dominant telecoms operator in Hull and is also expanding their full fibre (FTTP) broadband network further into East Yorkshire and Lincolnshire (England), has today celebrated their 120th anniversary and revealed that their network, which is home to 150k customers, now covers 305,000 premises (up from 297k in March 2023).",https://www.ispreview.co.uk/index.php/2024/11/kcom-issue-progress-update-on-fttp-build-copper-migration-and-more.html,28th Nov 2024
https://www.ispreview.co.uk/,EE UK Boosts 4G and 5G Mobile by Refarming More 3G Spectrum,"Mobile operator EE (BT) has confirmed to ISPreview that they’ve “started the work” to repurpose more of their old 3G radio spectrum for use by modern 4G and 5G based mobile networks, which is said to already be delivering “performance improvements” (e.g. faster mobile broadband speeds) for customers in “thousands of postcodes” across the UK.",https://www.ispreview.co.uk/index.php/2024/11/ee-uk-boosts-4g-and-5g-mobile-by-refarming-more-3g-spectrum.html,28th Nov 2024
https://www.ispreview.co.uk/,Freedom Fibre Update on Project Gigabit Broadband Build in Shropshire UK,"Alternative network provider Freedom Fibre has today issued a short progress update on their £24m (state aid) Project Gigabit contract for North Shropshire – Lot 25.02 ( here ), which will see their full fibre (FTTP) broadband ISP network being expanded to cover “around” 12,000 hard-to-reach rural homes.",https://www.ispreview.co.uk/index.php/2024/11/freedom-fibre-update-on-project-gigabit-broadband-build-in-shropshire-uk.html,27th Nov 2024
https://www.ispreview.co.uk/,November 2024 BDUK Update on UK Project Gigabit Broadband Rollout,"The Government’s Building Digital UK agency has published its latest quarterly November 2024 progress update on the £5bn Project Gigabit broadband rollout scheme, which now has “over” 30 live contracts in place across England and Wales – supporting planned deployments of gigabit-capable broadband to around 1 million premises.",https://www.ispreview.co.uk/index.php/2024/11/november-2024-bduk-update-on-uk-project-gigabit-broadband-rollout.html,27th Nov 2024
https://www.ispreview.co.uk/,INCA Name Winners of the 2024 UK Altnet Broadband ISP Awards,"The Independent Networks Co-operative Association (INCA) has today revealed the list of winners from their annual 2024 INCA Awards event, which aims to recognise and celebrate the top alternative networks (altnets) and ISPs from across the UK. Suffice to say that it was a good night for Brsk ( Netomnia ), Ogi , Quickline , Wessex Internet and others.",https://www.ispreview.co.uk/index.php/2024/11/inca-name-winners-of-the-2024-uk-altnet-broadband-isp-awards.html,27th Nov 2024
https://www.ispreview.co.uk/,EE and BT’s UK Consumer Division CEO Marc Allera to Step Down,"Telecoms and broadband giant BT Group has today announced that the CEO of their UK Consumer Division (EE), Marc Allera, is to step down from the role on 31st March 2025. The operator also confirmed that Claire Gillies would then become CEO-Designate and a member of its Executive Committee on 10th December 2024, as part of a transition process.",https://www.ispreview.co.uk/index.php/2024/11/ee-uk-and-bts-consumer-division-ceo-marc-allera-to-step-down.html,27th Nov 2024
https://www.ispreview.co.uk/,Gov Launch £3.5m UK Rural Broadband Trials of Hybrid Networks,"The UK Government (DSIT, UK Space Agency) has today announced the launch of a new £3.5m “Very Hard to Reach Programme“, which will conduct three projects that seek to use hybrid networks (e.g. a mix of satellite , fixed wireless and 5G /6G mobile technologies) to help improve broadband connectivity in remote rural areas.",https://www.ispreview.co.uk/index.php/2024/11/gov-launch-3-5m-uk-rural-broadband-trials-of-hybrid-networks.html,27th Nov 2024
https://www.ispreview.co.uk/,Broadband ISP Grain Extends UK Full Fibre Network into Ashington,"Alternative network operator Grain (Grain Connect) has announced that they’re expanding their gigabit speed Fibre-to-the-Premises ( FTTP ) based broadband network into the town of Ashington in Northumberland (England). The operator’s network currently reaches 220,000 UK premises RFS (21st May 2024) and has already connected 30,000 customers.",https://www.ispreview.co.uk/index.php/2024/11/broadband-isp-grain-extends-uk-full-fibre-network-into-ashington.html,27th Nov 2024
https://www.ispreview.co.uk/,Sky Threatens Legal Challenge to Vodafone and Three UK Merger,"Sky ( Sky Mobile , Sky Broadband etc.) has today warned the Competition and Markets Authority (CMA) that they could launch a legal challenge (appeal) if the proposed merger between mobile network operators Vodafone and Three UK is allowed to proceed, unless significant changes are made to the proposed competition remedies.",https://www.ispreview.co.uk/index.php/2024/11/sky-threatens-legal-challenge-to-vodafone-and-three-uk-merger.html,26th Nov 2024
https://www.ispreview.co.uk/,"384,890 Customers Take Utility Warehouse’s UK Broadband Services","Energy and communications provider Telecom Plus , which trades as Utility Warehouse (UW), has today published their latest Half Year Results (H1 2025) to 30th Sept 2024 and revealed that their broadband ISP grew its total UK customer base to 384,890 (up by 10.09k since H2 2024) and their mobile base hit 526,167 (up by 59.95k).",https://www.ispreview.co.uk/index.php/2024/11/384890-customers-take-utility-warehouses-uk-broadband-services.html,26th Nov 2024
https://www.ispreview.co.uk/,"O2 UK Complete 4G and 5G Upgrades for 1,500 Postcodes in Derby","Mobile network operator O2 ( Virgin Media ) has today announced that they’ve completed a project to upgrade the capacity of their 4G and 5G based mobile services across “over” 1,500 postcodes in the city of Derby (Derbyshire, England), which should mean “faster” mobile broadband speeds and greater reliability.",https://www.ispreview.co.uk/index.php/2024/11/o2-uk-complete-4g-and-5g-upgrades-for-1500-postcodes-in-derby.html,26th Nov 2024
https://www.ispreview.co.uk/,Virgin Media and Nexfibre Near Completion of Upp’s UK FTTP Integration,"UK ISP Virgin Media ( O2 ) has today confirmed to ISPreview that they and network operator nexfibre have nearly completed the integration of Upp’s full fibre ( FTTP ) broadband network. Most of the operator’s premises have already been transferred to nexfibre , but we’re told that the remaining properties should be completed next month (December).",https://www.ispreview.co.uk/index.php/2024/11/virgin-media-and-nexfibre-near-completion-of-upps-uk-fttp-integration.html,26th Nov 2024
https://www.ispreview.co.uk/,Elevate Wholesale to Integrate Vorboss’s Full Fibre Network in London,"Network operator Elevate (formerly Telcom and Luminet) has today announced that they’ve signed a strategic deal to expand their UK wholesale reach in London by adding access to Vorboss ‘s 100Gbps capable full fibre network to their platform, which is focused on serving businesses across the city centre.",https://www.ispreview.co.uk/index.php/2024/11/elevate-wholesale-to-integrate-vorbosss-full-fibre-network-in-london.html,26th Nov 2024
https://www.ispreview.co.uk/,Starlink’s Direct to Cell 4G Mobile via Satellite Service Achieves Global Cover UPDATE,Elon Musk’s SpaceX has announced that Starlink have now launched enough Direct to Cell (DtC) capable broadband satellites to be able to deliver “robust” global coverage of their new 4G mobile roaming service. But the first commercial products won’t be able to launch until final regulatory approval is gained.,https://www.ispreview.co.uk/index.php/2024/11/starlinks-direct-to-cell-4g-mobile-via-satellite-service-achieves-global-cover.html,26th Nov 2024
https://www.ispreview.co.uk/,Full Fibre Broadband Reaches Remote UK Island of Iona for the First Time UPDATE,"Engineers working for Openreach ( BT ) have started to extend the operator’s new 1.8Gbps speed Fibre-to-the-Premises (FTTP) broadband ISP network to the beautifully remote Inner Hebrides island of Iona, which is sometimes described as the birthplace of Christianity in Scotland and sits just off the Ross of Mull on the country’s western coast.",https://www.ispreview.co.uk/index.php/2024/11/full-fibre-broadband-reaches-remote-uk-island-of-iona-for-the-first-time.html,26th Nov 2024
https://www.ispreview.co.uk/,Openreach Name Top 10 Kent UK Areas for FTTP Broadband Cover,"Network access provider Openreach ( BT ) has today revealed the top ten locations for coverage of their Fibre-to-the-Premises (FTTP) broadband network in Kent (England), which sees the coastal town of Minster on the Isle of Sheppey top the table with “almost” 90% of all residents able to upgrade.",https://www.ispreview.co.uk/index.php/2024/11/openreach-name-top-10-kent-uk-areas-for-fttp-broadband-cover.html,25th Nov 2024
https://www.ispreview.co.uk/,Transport for Wales Launch Own Full Fibre Network for ISPs – TfW Ffeibr,"In somewhat of a unique development for the UK and Wales. Transport for Wales (TfW), which is a not-for-profit owned by the Welsh Government , has launched a new “arm’s-length initiative” called TfW Ffeibr (Fibre). This has built a new full fibre broadband network alongside the railways and is offering access to help serve communities in the South Wales valley.",https://www.ispreview.co.uk/index.php/2024/11/transport-for-wales-launch-own-full-fibre-network-for-isps-tfw-ffeibr.html,25th Nov 2024
https://www.ispreview.co.uk/,Business ISP Commsworld Complete Northumberland’s New Full Fibre Network,"Business UK broadband ISP Commsworld has today announced that they’ve completed the construction of the core network build for a new full fibre infrastructure in Northumberland (England), which is designed to replace the county council’s ageing Wide Area Network (WAN). But local homes, schools and business are also seeing the benefit.",https://www.ispreview.co.uk/index.php/2024/11/business-isp-commsworld-complete-northumberlands-new-full-fibre-network.html,25th Nov 2024
https://www.ispreview.co.uk/,Top 10 Fastest and Slowest Streets for UK Broadband in 2024,"New research from Broadband Genie has analysed 207,711 internet speed tests in order to identify the top slowest and fastest ten UK streets for broadband. The slowest street was found to be Greenfields Road in Bishop Auckland (average downloads of 0.35Mbps), while the fastest was Tynemouth Street in London (921.76Mbps). But this isn’t the full story.",https://www.ispreview.co.uk/index.php/2024/11/top-10-fastest-and-slowest-streets-for-uk-broadband-in-2024.html,25th Nov 2024
https://www.ispreview.co.uk/,Broadband ISP LilaConnect Adds £100 Voucher for New Customers,"UK ISP LilaConnect , which following the VXFIBER merger is now part of Freedom Fibre ‘s new Fibre-to-the-Premises (FTTP) broadband network ( here ), has launched a special Black Friday promotion that will give new customers on their 1Gbps package in Stoke-on-Trent, Leek, Crewe and Uttoxeter a £100 voucher upon account activation.",https://www.ispreview.co.uk/index.php/2024/11/broadband-isp-lilaconnect-adds-100-voucher-for-new-customers.html,25th Nov 2024
https://www.ispreview.co.uk/,"TOTSCo Celebrate 200,000 Completed UK Broadband and Phone Switches","The industry-led One Touch Switching Company (TOTSCo), which operates the central messaging platform that helps UK ISPs to implement Ofcom ’s new One Touch Switching (OTS) process, has today announced that they’ve completed 200,000 switches of broadband and phone services since going live on 12th Sept 2024 (up by 20,000 this week).",https://www.ispreview.co.uk/index.php/2024/11/totsco-celebrate-200000-completed-uk-broadband-and-phone-switches.html,22nd Nov 2024
https://www.ispreview.co.uk/,London Gigabit Broadband ISP G.Network Cuts Price to £17 for Black Friday,"Alternative broadband network and UK ISP G.Network , which has deployed a Fibre-to-the-Premises (FTTP) network across 361,000 “connectable” premises in parts of London ( here ), has today become the latest internet provider to launch early Black Friday discounts across their 24-month term packages.",https://www.ispreview.co.uk/index.php/2024/11/london-gigabit-broadband-isp-g-network-cuts-price-to-17-for-black-friday.html,22nd Nov 2024
https://www.ispreview.co.uk/,Ofcom Prep Proposals to Authorise Using Satellites to Deliver UK Mobile,"The telecoms regulator, Ofcom , has revealed that they’re moving ahead with plans to consult on specific proposals that would authorise Direct to Device (D2D) satellite services to work in UK mobile bands (inc. MSS – Mobile-Satellite Services), which could be used to help improve mobile (4G and 5G) coverage. The proposals are planned to surface during “early 2025“.",https://www.ispreview.co.uk/index.php/2024/11/ofcom-prep-proposals-to-authorise-using-satellites-to-deliver-uk-mobile.html,22nd Nov 2024
https://www.ispreview.co.uk/,Vodafone UK Launch Black Friday SIM Only Mobile Discounts,"New customers looking to join UK mobile operator Vodafone should note that they’ve today launched a range of new Black Friday discounts across their regular Pay Monthly SIM Only plans and their Basics SIM Only plans, which reflects a varied combination of price cuts and extra data allowances.",https://www.ispreview.co.uk/index.php/2024/11/vodafone-uk-launch-black-friday-sim-only-mobile-discounts.html,22nd Nov 2024
https://www.ispreview.co.uk/,Openreach Claim Full Fibre Broadband to Boost UK Economy by £66bn,"New research from network access provider Openreach ( BT ), which was pieced together by the Centre for Economics and Business Research (Cebr) and Stantec, has claimed that the operator’s ongoing roll-out of a Fibre-to-the-Premises ( FTTP ) based broadband ISP network could contribute up to £66bn (GVA – Gross Value Added) to the UK economy in 2029.",https://www.ispreview.co.uk/index.php/2024/11/openreach-claim-full-fibre-broadband-to-boost-uk-economy-by-66bn.html,22nd Nov 2024
https://www.ispreview.co.uk/,ISPA Unveil WINNERS of the 2024 UK ISP Internet Industry Awards UPDATE,"The UK Internet Service Providers Association ( ISPA ) has tonight revealed the winners of their 26th annual 2024 internet industry and broadband awards, which among other things saw several providers taking home two awards each across different categories, including Brsk , CommunityFibre , and Vorboss.",https://www.ispreview.co.uk/index.php/2024/11/ispa-unveil-winners-of-the-2024-uk-isp-internet-industry-awards.html,21st Nov 2024
https://www.ispreview.co.uk/,Mobile Operator Three UK Launch SIM Only Black Friday Discounts,"New customers looking to joint Three UK ’s mobile network should take note that they’ve today launched some new Black Friday discounts, which for example drops their LITE Unlimited Data SIM (mobile broadband, calls and texts) plan to £20 per month on a 24-month term.",https://www.ispreview.co.uk/index.php/2024/11/mobile-operator-three-uk-launch-sim-only-black-friday-discounts.html,21st Nov 2024
https://www.ispreview.co.uk/,"New Small Cells in Chester to Boost Mobile Connections, O2 UK First to Adopt","Residents, visitors and businesses in the Cathedral City of Chester (Cheshire, England) may be pleased to learn that local 4G and possibly 5G mobile (mobile broadband) connections are set for a boost with the deployment of a new small cell network from Ontix, which follows a recent survey of local coverage by consultancy FarrPoint.",https://www.ispreview.co.uk/index.php/2024/11/new-small-cells-in-chester-to-boost-mobile-connections-o2-uk-first-to-adopt.html,21st Nov 2024
https://www.ispreview.co.uk/,Multiboost Gain Ofcom UK Approval for Indoor Mobile Signal Boosters,"Consumers may like to know that Ofcom ’s earlier move to soften their requirements for licence exempt indoor or in-vehicle “mobile phone repeaters” ( here ) is starting to bear fruit. Multiboost has just announced that their ‘PRO’ kit is now fully compliant with the regulator’s standards, which means more choice for homes and businesses.",https://www.ispreview.co.uk/index.php/2024/11/multiboost-gain-ofcom-uk-approval-for-its-indoor-mobile-signal-boosters.html,21st Nov 2024
https://www.ispreview.co.uk/,Fusion Fibre Group Gives Smaller UK ISPs Access to their Broadband Network,"Rural ISP and broadband network builder, Fusion Fibre Group (FFG), which has deployed a number of its own full fibre ( FTTP ) networks across various communities, has today announced plans to launch a channel partner programme that will allow smaller providers to resell their services.",https://www.ispreview.co.uk/index.php/2024/11/fusion-fibre-group-gives-smaller-uk-isps-access-to-their-broadband-network.html,21st Nov 2024
https://www.ispreview.co.uk/,EE UK to Refresh Mobile Roaming Plans and Scraps Old Products UPDATE,"Mobile operator EE ( BT ) has begun to inform their UK customers, specifically those with inclusive roaming, that their “current roaming products will be removed” from 25th December 2024. The plan is to replace them with new roaming plans, due for launch on 4th Dec 2024, but this has left some existing customers confused about the impact.",https://www.ispreview.co.uk/index.php/2024/11/ee-uk-to-refresh-mobile-roaming-plans-and-scraps-old-products.html,21st Nov 2024
https://www.ispreview.co.uk/,High Court Rejects LetterOne Appeal Over Forced Sale of UK Broadband Biz,"The High Court in London has dismissed an appeal by investment firm LetterOne, which had been asking the court to rule that it was unlawfully ordered, under the new National Security and Investment Act (NSIA), to sell Upp’s full fibre broadband network by the UK Government. The company is now considering whether or not to challenge the outcome.",https://www.ispreview.co.uk/index.php/2024/11/high-court-rejects-letterone-appeal-over-forced-sale-of-uk-broadband-biz.html,21st Nov 2024
https://www.ispreview.co.uk/,Accounts for UK Broadband ISP Airband Highlight Funding Risks and Job Cuts UPDATE,"Rural broadband ISP Airband , which has deployed a full fibre (FTTP) and wireless (FWA) broadband network that covers parts of Wales and South West England, recently published their latest accounts to the end of 2023 and revealed a sharp fall in employees (from 485 to 235) and the urgent need for new funding by 1st February 2025.",https://www.ispreview.co.uk/index.php/2024/11/accounts-for-uk-broadband-isp-airband-highlight-funding-risks-and-job-cuts.html,21st Nov 2024
https://www.ispreview.co.uk/,"Netomnia Broadband ISP YouFibre Tops 150,000 UK Customers","Gigabit broadband ISP YouFibre , which sells packages via Netomnia (inc. Brsk ) and Cityfibre ’s respective 10Gbps capable Fibre-to-the-Premises (FTTP) networks – across different parts of the United Kingdom, has today announced that they’ve more than doubled their customer base in just 10 months to total 150,000.",https://www.ispreview.co.uk/index.php/2024/11/netomnia-broadband-isp-youfibre-tops-150000-uk-customers.html,20th Nov 2024
https://www.ispreview.co.uk/,Dotlines Launches in UK and Preps New Broadband ISP – Carnival Internet,"Global tech company Dotlines has today launched into the UK ( Dotlines UK ) with a plan to offer a variety of business and household solutions, from digital security to connectivity. A quick look at the company’s website shows that one of their brands will be a new broadband ISP called Carnival Internet UK .",https://www.ispreview.co.uk/index.php/2024/11/dotlines-launches-in-uk-and-preps-new-broadband-isp-carnival-internet.html,20th Nov 2024
https://www.ispreview.co.uk/,Survey Claims Smaller UK Firms Sceptical of Alternative Broadband Networks,"A new survey conducted by business ISP and VoIP provider bOnline , which interviewed 407 small business owners during October 2024, has claimed that 74% of respondents are not sure if an alternative broadband network (altnet) is available in their area, and amongst those that believe there is, the majority (65%) have not yet tried to access them.",https://www.ispreview.co.uk/index.php/2024/11/survey-claims-smaller-uk-firms-sceptical-of-alternative-broadband-networks.html,20th Nov 2024
https://www.ispreview.co.uk/,Virgin Media O2 Switches On New UK Converged Interconnect Network,"Broadband ISP and mobile operator Virgin Media and O2 (VMO2) has today announced that they’ve switched on their new “next generation” Converged Interconnect Network (CIN), which brings together its fixed line (FTTP, DOCSIS ) and mobile networks (4G, 5G etc.) in a way that will make them more efficient, resilient, scalable and flexible.",https://www.ispreview.co.uk/index.php/2024/11/virgin-media-o2-switches-on-new-uk-converged-interconnect-network.html,20th Nov 2024
https://www.ispreview.co.uk/,Virgin Media O2 UK Offer Free Access to AI Search Engine Perplexity Pro,"Customers of Virgin Media and O2 ’s various broadband, mobile, phone and TV packages may like to know that their ‘Priority’ app, which rewards existing subscribers with various special offers and discounts, is now allowing access to AI-powered tool ‘Perplexity Pro‘ at no extra cost for one year (normally £150 per year).",https://www.ispreview.co.uk/index.php/2024/11/virgin-media-o2-uk-offer-free-access-to-ai-search-engine-perplexity-pro.html,20th Nov 2024
https://www.ispreview.co.uk/,Rural UK Broadband ISP Gigaclear Appoints New Financial Boss,"Abingdon-based rural ISP and full fibre network builder Gigaclear has today announced that they’ve finally appointed a new Chief Financial Officer (CFO), Hugo Eales, which comes after the departure of both their former CEO, Gareth Williams, and CFO, Ian Wade, earlier in 2024 ( here ).",https://www.ispreview.co.uk/index.php/2024/11/rural-uk-broadband-isp-gigaclear-appoints-new-financial-boss.html,20th Nov 2024
https://www.ispreview.co.uk/,Mobile Operators Fear UK 5G Rollout At Risk from Dispute with Leasing Firm,"Mobile network operators (e.g. EE , Vodafone , O2 and Three UK ) appear to be increasingly raising concerns over the impact that leasing firm AP Wireless is having on their already sluggish deployment of 5G based mobile broadband technology. This is said to be pushing up their build costs and thus allegedly threatening the viability of future deployments.",https://www.ispreview.co.uk/index.php/2024/11/mobile-operators-fear-uk-5g-rollout-at-risk-from-dispute-with-leasing-firm.html,19th Nov 2024
https://www.ispreview.co.uk/,Lightning Fibre Resume Stalled Full Fibre Broadband Build in Tenterden,"Eastbourne-based network operator and UK ISP Lightning Fibre , which has been building a new Fibre-to-the-Premises ( FTTP ) broadband network across parts of Sussex and Kent in England, has today confirmed that they’ve resumed their roll-out in the town of Tenterden. The build was stopped during early 2024, while the operator went through a re-structure.",https://www.ispreview.co.uk/index.php/2024/11/lightning-fibre-resume-stalled-full-fibre-broadband-build-in-tenterden.html,19th Nov 2024
https://www.ispreview.co.uk/,Quickline Bring FTTP to 4 Villages in Yorkshire Project Gigabit Broadband Build,"Alternative network operator and UK ISP Quickline has today issued another small progress update on their £60m state aid supported gigabit broadband roll-out contract for North and West Yorkshire (Lot 8 – here ), which ultimately aims to reach 28,000 additional premises in hard-to-reach rural areas.",https://www.ispreview.co.uk/index.php/2024/11/quickline-bring-fttp-to-4-villages-in-yorkshire-project-gigabit-broadband-build.html,19th Nov 2024
https://www.ispreview.co.uk/,Streetwave to Conduct County-Wide Mobile Coverage Study of Argyll and Bute,"The Argyll and Bute Council (ABC) in Scotland has joined forces with network analyst firm Streetwave and the Scottish Futures Trust (SFT) to conduct the “first county-wide mobile coverage survey” in Scotland, which will mirror similar studies that are already being conducted across other parts of the UK.",https://www.ispreview.co.uk/index.php/2024/11/streetwave-to-conduct-county-wide-mobile-coverage-study-of-argyll-and-bute.html,19th Nov 2024
https://www.ispreview.co.uk/,Broadband ISP YouFibre Deploy First UK 400Gbps vCGNAT Servers,"Broadband ISP YouFibre , which is one of the retail outlets for Netomnia ’s (inc. Brsk ) 8Gbps capable full fibre ( FTTP ) network, has worked with NFWare to deploy the “industry’s first” 400Gbps virtual Carrier Grade Network Address Translation (vCGNAT) servers to its customers. The move should help them to keep up with their rapid subscriber growth.",https://www.ispreview.co.uk/index.php/2024/11/broadband-isp-youfibre-deploy-first-uk-400gbps-vcgnat-servers.html,19th Nov 2024
https://www.ispreview.co.uk/,"Rural UK ISP Wessex Internet Builds Gigabit Broadband to 30,000 Premises","Broadband ISP Wessex Internet , which is building a new Fibre-to-the-Premises (FTTP) network across rural parts of Southern England, has today – for the first time – announced that they’ve just connected their 10,000th customer and their gigabit network has covered 30,000 properties (Ready for Service).",https://www.ispreview.co.uk/index.php/2024/11/rural-uk-isp-wessex-internet-builds-gigabit-broadband-to-30000-premises.html,19th Nov 2024
https://www.ispreview.co.uk/,Ofcom UK Widen Scope of Probe into Gigaclear’s Emergency Calls Failure,"The UK telecoms regulator, Ofcom , has today confirmed that they’ve widened the scope of their recently launched investigation into rural broadband ISP Gigaclear , which was probing their possible failure to “provide accurate and reliable caller location information to emergency organisations“ (i.e. making it more difficult for police, fire and ambulances to find callers).",https://www.ispreview.co.uk/index.php/2024/11/ofcom-uk-widen-scope-of-probe-into-gigaclears-emergency-calls-failure.html,19th Nov 2024
https://www.ispreview.co.uk/,iD Mobile Doubles Data on UK Mobile Plans for Black Friday,"Low-cost mobile network operator iD Mobile (Currys), which harnesses Three UK ’s national 4G and 5G platform under a virtual operator (MVNO) partnership, has launched a range of Black Friday promotions for new customers that doubles the included data (mobile broadband) allowances across all of their 1, 12 and 24-month SIM Only mobile plans.",https://www.ispreview.co.uk/index.php/2024/11/id-mobile-doubles-data-on-uk-mobile-plans-for-black-friday.html,19th Nov 2024
https://www.ispreview.co.uk/,Pulse Fibre Offers 12 Months Free Broadband to Wain Homes,"London-based broadband ISP Pulse Fibre , which over the next few years aspires to complete over 250,000 unique “full fibre” (FTTP) connections into new build homes and MDUs ( here ), has announced a collaboration with property developer Wain Homes to offer associated homeowners “free broadband for 12 months“.",https://www.ispreview.co.uk/index.php/2024/11/pulse-fibre-offers-12-months-free-broadband-to-wain-homes.html,19th Nov 2024
https://www.ispreview.co.uk/,London Full Fibre Broadband ISP G.Network Cuts Jobs and Shifts Strategy,"London focused UK broadband ISP G.Network , which has spent the past few years deploying a gigabit speed Fibre-to-the-Premises (FTTP) network across parts of the city centre, has today announced a “strategic update” that will see some redundancies as the operator shifts their strategy and moves to “drive further commercialisation” (growing take-up).",https://www.ispreview.co.uk/index.php/2024/11/london-full-fibre-broadband-isp-g-network-cuts-jobs-and-shifts-strategy.html,19th Nov 2024
https://www.ispreview.co.uk/,O2 UK Boost 4G and 5G Network Capacity for 850 Wolverhampton Postcodes,"Mobile operator O2 ( Virgin Media ) has today announced that they’ve completed a project to improve their 4G and 5G based mobile (mobile broadband) network in the West Midlands city of Wolverhampton, which since the start of 2024 has seen network capacity upgraded in 850 postcodes across the area.",https://www.ispreview.co.uk/index.php/2024/11/o2-uk-boost-4g-and-5g-network-capacity-for-850-wolverhampton-postcodes.html,19th Nov 2024
https://www.ispreview.co.uk/,Survey Warns Some UK ISPs Continue to Mislead by Advertising Copper Broadband as Fibre,"A new YouGov survey conducted by network operator AllPoints Fibre , which is the UK wholesale division of Fern Trading’s recently consolidate alternative FTTP broadband ISP networks ( Giganet , Jurassic Fibre , and Swish Fibre), claims to have found that the “vast majority of people” (72%) think it’s “misleading” to advertise part-copper broadband (e.g. FTTC ) as ‘fibre’.",https://www.ispreview.co.uk/index.php/2024/11/survey-warns-some-uk-isps-continue-to-mislead-by-advertising-copper-broadband-as-fibre.html,19th Nov 2024
https://www.ispreview.co.uk/,Pembrokeshire Celebrate Passing 60 Percent Gigabit Broadband Cover,"The Pembrokeshire County Council (Cyngor Sir Penfro) in Wales has celebrated the news that 60% of local premises can now access gigabit-speed full fibre (FTTP) broadband (up from just 5% in 2019). But this is still well behind the UK’s current level of gigabit coverage, which stands at over 85%, due largely to the remote rural nature of the county.",https://www.ispreview.co.uk/index.php/2024/11/pembrokeshire-celebrate-passing-60-percent-gigabit-broadband-cover.html,19th Nov 2024
https://www.ispreview.co.uk/,Gov Reach New Deal with UK Phone Operators to Protect Vulnerable Users,"The UK Government’s Telecoms Minister, Sir Chris Bryant, has today announced that he’s agreed a new ‘Telecare National Action Plan‘ with major UK broadband and phone providers (e.g. BT , Virgin Media , Vodafone and Sky Broadband ), which requires them to do more to protect vulnerable telecare users when upgrading phone lines to new digital ( IP based) networks.",https://www.ispreview.co.uk/index.php/2024/11/gov-reach-new-deal-with-uk-phone-operators-to-protect-vulnerable-users.html,19th Nov 2024
https://www.ispreview.co.uk/,Sky UK Extends Agreement to Retain Amazon Prime Video,"Customers of Sky (Sky TV, Sky Broadband etc.) may like to know that the media giant has today announced an extension of their long-term collaboration with Amazon , which will see ‘Prime Video’ apps and related content continue to be available on Sky devices (e.g. Sky Q, Sky Glass , Sky Stream etc.).",https://www.ispreview.co.uk/index.php/2024/11/sky-uk-extends-agreement-to-retain-amazon-prime-video.html,18th Nov 2024
https://www.ispreview.co.uk/,ISP Hey! Broadband Cuts UK 900Mbps Full Fibre Price to £21.50,"UK ISP Hey! Broadband , which caters for homes covered by F&W Networks ‘ (Fibre and Wireless) new Fibre-to-the-Premises (FTTP) network – mostly across the South East of England, has today announced that new customers will be able to get 50% off the price of their 900Mbps full fibre packages during the Black Friday period.",https://www.ispreview.co.uk/index.php/2024/11/isp-hey-broadband-cuts-uk-900mbps-full-fibre-price-to-21-50.html,18th Nov 2024
https://www.ispreview.co.uk/,Virgin Media O2 UK See Success of Digital Phone Switch and Telecare Trial,"Broadband ISP Virgin Media ( O2 ) has today released a progress update on their Digital Landline Switchover (DLS) programme (i.e. migrating old analogue landline phones to IP -based services). This revealed some positive results from their recent trial with the telecare advisory body, TSA , which provided enhanced support to telecare users.",https://www.ispreview.co.uk/index.php/2024/11/virgin-media-o2-uk-see-success-of-digital-phone-switch-and-telecare-trial.html,18th Nov 2024
https://www.ispreview.co.uk/,Full Fibre UK Network Operator Telcom Rebrands to Elevate,"The Telcom Group , which operates a mix of fixed wireless access (FWA) and gigabit-capable “full fibre” broadband and Ethernet networks across England via its various sub-brands (ClearFibre, WeFibre, HyperCity etc.), has this morning announced that they’re re-branding to Elevate following a year of growth, consolidation and integration.",https://www.ispreview.co.uk/index.php/2024/11/full-fibre-uk-network-operator-telcom-rebrands-to-elevate.html,18th Nov 2024
https://www.ispreview.co.uk/,Broadband ISP Ogi Launch Referral Scheme and Black Friday Speed Boost,"Infracapital-backed network builder and UK ISP Ogi , which is rolling out a new Fibre-to-the-Premises ( FTTP ) broadband network across South Wales (100,000 premises are already covered / RFS), has today introduced Black Friday discounts across their broadband packages and simultaneously launched their new referral programme.",https://www.ispreview.co.uk/index.php/2024/11/broadband-isp-ogi-launch-referral-scheme-and-black-friday-speed-boost.html,18th Nov 2024
https://www.ispreview.co.uk/,Updated Ways to Find ISPreview on Social Media Outlets,"ISPreview has long had a social media presence on LinkedIn , Facebook and Twitter (X) , where we engage with readers, industry figures and share our daily news. But this is just a quick note to say that in recent months we’ve expanded and can now also be found on Bluesky , Mastodon and Threads.net . The downside is that a lot of telecoms operators have yet to establish themselves on these new pastures, which we hope will change.",https://www.ispreview.co.uk/index.php/2024/11/updated-ways-to-find-ispreview-on-social-media-outlets.html,17th Nov 2024
https://www.ispreview.co.uk/,O2 UK Confirm End Date for PAYG Mobile Broadband and iPad SIMs,A couple of weeks ago ISPreview reported on how mobile operator O2 ( Virgin Media ) had withdrawn their Pay As You Go (PAYG) Data and iPad SIMs (mobile broadband) from sale to new customers ( here ). But the big change this week is that they’ve now informing existing customers of their plan to close the service by 31st January 2025.,https://www.ispreview.co.uk/index.php/2024/11/o2-uk-confirm-end-date-for-payg-mobile-broadband-and-ipad-sims.html,16th Nov 2024
https://www.ispreview.co.uk/,Gov Reopens Gigabit Broadband Vouchers in Part of Derbyshire UK,"The Government’s Building Digital UK (BDUK) agency made a change this week that has re-opened their Gigabit Broadband Voucher Scheme (GBVS) for parts of Derbyshire in England, which means that local homes and businesses in poorly served rural areas can apply for grants worth up to £7,500 to help get a much faster broadband ISP network installed.",https://www.ispreview.co.uk/index.php/2024/11/gov-reopens-gigabit-broadband-vouchers-in-part-of-derbyshire-uk.html,15th Nov 2024
https://www.ispreview.co.uk/,Broadband Altnet Spring Fibre UK Sold to Harmony Networks for Just £1.5m,"Alternative broadband operator Spring Fibre , which began attempting to deploy a new 10Gbps capable wholesale full fibre ( FTTP ) network for ISPs to use in 2021 – starting in Lincolnshire ( here ), has been sold by their administrators to Leeds-based Harmony Networks for £1.5m after only having passed 12,000 UK premises (RFS).",https://www.ispreview.co.uk/index.php/2024/11/broadband-altnet-spring-fibre-uk-sold-to-harmony-networks-for-just-1-5m.html,15th Nov 2024
https://www.ispreview.co.uk/,Ofcom UK Warns One Touch Switching Laggard ISPs to Get Onboard UPDATE,"The UK telecoms regulator has warned that they are “prepared to take action” against broadband ISPs that have failed to adopt the new One Touch Switching (OTS) process, which went live on 12th Sept 2024 and aims to make it easier and quicker for consumers to change provider. But not every ISP has joined, which is causing some consumers to struggle with switching.",https://www.ispreview.co.uk/index.php/2024/11/ofcom-uk-warns-one-touch-switching-laggard-isps-to-get-onboard.html,15th Nov 2024
https://www.ispreview.co.uk/,DCF Summarises Progress of UK Telecoms Operators Toward Net Zero,"A new report from the Digital Connectivity Forum (DCF), which is an industry think-tank for the Government, has summarised how much progress the UK telecoms (broadband, mobile etc.) market has made with respect to sustainability and Net Zero (i.e. the goal of an organisation to remove as many carbon emissions as they produce) – with nearly all of the major operators having set targets.",https://www.ispreview.co.uk/index.php/2024/11/dcf-summarises-progress-of-uk-telecoms-operators-toward-net-zero.html,15th Nov 2024
https://www.ispreview.co.uk/,BT Wholesale Investigating One Touch Switch Problems with UK ISPs UPDATE2,"BT Wholesale , which supplies a number of UK ISPs with broadband services, has confirmed to ISPreview that they’re investigating an issue with consumer switching between providers via the One Touch Switching (OTS) process that appears to have been introduced on Monday and is disrupting some ISP switches and internet connections.",https://www.ispreview.co.uk/index.php/2024/11/bt-wholesale-investigating-one-touch-switch-problems-with-uk-isps.html,14th Nov 2024
https://www.ispreview.co.uk/,Broadband Networks Zzoomm and Freedom Fibre Ponder UK Merger UPDATE,"Alternative broadband network builders Freedom Fibre and Zzoomm , both of which have been rolling out 10Gbps capable Fibre-to-the-Premises (FTTP) networks across different parts of the country, are reportedly holding “detailed discussions” about a possible future merger, which could create a network that covers over 500,000 premises.",https://www.ispreview.co.uk/index.php/2024/11/broadband-networks-zzoomm-and-freedom-fibre-ponder-uk-merger.html,14th Nov 2024
https://www.ispreview.co.uk/,Clarus Networks Deploys Starlink Broadband Across Scotrail Trains,"Communications provider Clarus Networks has today announced that they’ve teamed up to use Starlink ’s (SpaceX) global network of ultrafast broadband satellites in Low Earth Orbit (LEO), which will be used to help bring improved internet connectivity to ScotRail’s trains and related commuters across the highlands of Scotland.",https://www.ispreview.co.uk/index.php/2024/11/clarus-networks-deploys-starlink-broadband-across-scotrail-trains.html,14th Nov 2024
https://www.ispreview.co.uk/,GoCompare Claim 9.5 Million UK Homes Paying for Unneeded Broadband Speeds,"A new survey from comparison site Go.Compare , which used data gathered from YouGov and other sources, has claimed that 34% of respondents (equated to 9.5 million households) are paying for broadband speeds “they don’t need“. This is said to be equal to an estimated £53m spent on “unused speeds” each month (or £637m a year).",https://www.ispreview.co.uk/index.php/2024/11/gocompare-claim-9-5-million-uk-homes-paying-for-unneeded-broadband-speeds.html,14th Nov 2024
https://www.ispreview.co.uk/,"Ofcom Put NOW, EE and O2 on Naughty Step for UK Telecoms Complaints – Q2 2024","Ofcom has published their latest Q2 2024 study of UK consumer complaints, which names and shames NOW Broadband ( NOW TV ) for being the worst provider by attracting the most complaints about broadband, while EE did the same for landline phone and O2 took most flak mobile. Finally, both EE and Virgin Media were jointly on the naughty step for Pay TV.",https://www.ispreview.co.uk/index.php/2024/11/ofcom-put-now-ee-and-o2-on-naughty-step-for-uk-telecoms-complaints-q2-2024.html,14th Nov 2024
https://www.ispreview.co.uk/,Virgin Media O2 UK Creates AI Granny to Waste Scammers Time UPDATE,"Mobile operator O2 (Virgin Media) has done something rather crafty by creating a “human-like” AI (Artificial Intelligence) ‘Granny’ called Daisy, which is designed to answer calls in real-time from fraudsters and then keep them on the phone and away from customers for as long as possible – wasting them time and money.",https://www.ispreview.co.uk/index.php/2024/11/virgin-media-o2-uk-creates-ai-granny-to-waste-scammers-time.html,14th Nov 2024
https://www.ispreview.co.uk/,Dispute Erupts Between UK ISP Onecom and Eve VoIP Partner,"Hampshire-based business broadband and cloud provider Onecom , which is backed by LDC and the Ares Management Corporation ( here ), has caused some concern among their partners after notifying them of an ongoing dispute with their supplier of eve Services (KM Telecom) that threatens to disrupt some services.",https://www.ispreview.co.uk/index.php/2024/11/dispute-erupts-between-uk-isp-onecom-and-eve-voip-partner.html,14th Nov 2024
https://www.ispreview.co.uk/,Seven More 4G Mobile Mast Upgrades Go Live Across Rural Wales,"The UK government (DSIT) has this morning announced that seven more 4G (mobile broadband) mast upgrades have gone live across North, South West and West Wales as part of the £1bn Shared Rural Network (SRN) project. The work will benefit parts of Bontddu, Llanelltyd, Llanarmon Dyffryn Ceiriog, Penmaenpool, Tabor, Snowdonia National Park and Bontgoch.",https://www.ispreview.co.uk/index.php/2024/11/seven-more-4g-mobile-mast-upgrades-go-live-across-rural-wales.html,14th Nov 2024
https://www.ispreview.co.uk/,"Virgin Media and nexfibre Add 9,000 Witham Homes to UK FTTP Network","Broadband network operator nexfibre , which shares some of their parentage with retail ISP partner Virgin Media (O2), has announced that they’ve extended their 2Gbps speed Fibre-to-the-Premises (FTTP / XGS-PON) network to cover 9,000 additional homes in the Essex (England) town of Witham.",https://www.ispreview.co.uk/index.php/2024/11/virgin-media-and-nexfibre-add-9000-witham-homes-to-uk-fttp-network.html,13th Nov 2024
https://www.ispreview.co.uk/,Ycorp Launch New Data-only eSIM Driven UK Mobile Operator Ymobile,"A new UK mobile operator called Ymobile (Ycorp) has officially launched today and claims to be the United Kingdom’s “first data-led, eSIM MVNO“, all while claiming to offer users a “simpler, more streamlined and environmentally friendly” alternative to traditional mobile networks.",https://www.ispreview.co.uk/index.php/2024/11/ycorp-launch-new-data-only-esim-driven-uk-mobile-operator-ymobile.html,13th Nov 2024
