source,date,title,url,primary_use_case,primary_use_case_confidence,ai_use_cases,sentiment,ai_mention_count,ai_mentions,title_ai_mention_count,title_ai_mentions,word_count,summary
ISPreview UK,2025-11-17,Broadband ISP TalkTalk Increases UK Mid-Contract Price Hikes to £4,https://www.ispreview.co.uk/index.php/2025/11/broadband-isp-talktalk-increases-uk-mid-contract-price-hikes-to-4.html,,0.0,,not_applicable,0,,0,,42,
ISPreview UK,2025-11-17,House of Lords Report Calls for UK Broadband Investment to Boost Home Working,https://www.ispreview.co.uk/index.php/2025/11/house-of-lords-report-calls-for-uk-broadband-investment-to-boost-home-working.html,,0.0,,not_applicable,0,,0,,44,
ISPreview UK,2025-11-17,Full Fibre’s Impact – Fibrus Report Makes Three Predictions for UK Rural Areas in 2025,https://www.ispreview.co.uk/index.php/2025/11/full-fibres-impact-fibrus-report-makes-three-predictions-for-uk-rural-areas-in-2025.html,,0.0,,not_applicable,0,,0,,52,
ISPreview UK,2025-11-17,Virgin Media UK Make Linear FAST TV Channel Content Available On-Demand,https://www.ispreview.co.uk/index.php/2025/11/virgin-media-uk-make-linear-fast-tv-channel-content-available-on-demand.html,,0.0,,not_applicable,0,,0,,55,
ISPreview UK,2025-11-17,Great Western Railway Pilots Hybrid Network to Boost Onboard Wi-Fi,https://www.ispreview.co.uk/index.php/2025/11/great-western-railway-pilots-hybrid-network-to-boost-onboard-wi-fi.html,,0.0,,not_applicable,0,,0,,58,
ISPreview UK,2025-11-17,Ofcom Consult on Impact of Openreach PIA on the UK Leased Line Market UPDATE,https://www.ispreview.co.uk/index.php/2025/11/ofcom-consult-on-impact-of-openreach-pia-on-the-uk-leased-line-market.html,,0.0,,not_applicable,0,,0,,58,
ISPreview UK,2025-11-17,Nokia Interview – 6G to Focus on Efficiency More than Mobile Broadband Speed,https://www.ispreview.co.uk/index.php/2025/11/nokia-interview-6g-to-focus-on-efficiency-more-than-mobile-broadband-speed.html,,0.0,,not_applicable,0,,0,,57,
ISPreview UK,2025-11-16,"O2 UK Hit Customer with £1,000 Bill After Losing their Mobile Number",https://www.ispreview.co.uk/index.php/2025/11/o2-uk-hit-customer-with-1000-bill-after-losing-their-mobile-number.html,,0.0,,not_applicable,0,,0,,65,
ISPreview UK,2025-11-15,CEO of Broadband ISP Zen Internet Calls for Ban of Mid-Contract Price Hikes,https://www.ispreview.co.uk/index.php/2025/11/ceo-of-broadband-isp-zen-internet-calls-for-ban-of-mid-contract-price-hikes.html,,0.0,,not_applicable,0,,0,,53,
ISPreview UK,2025-11-15,No Solution Yet for West Herefordshire and Peak District Gigabit Broadband Project,https://www.ispreview.co.uk/index.php/2025/11/no-solution-yet-for-west-herefordshire-and-peak-district-gigabit-broadband-project.html,,0.0,,not_applicable,0,,0,,58,
ISPreview UK,2025-11-14,Starlink Toys with Cheaper Residential 100Mbps Broadband Satellite Plan,https://www.ispreview.co.uk/index.php/2025/11/starlink-toys-with-cheaper-residential-100mbps-broadband-satellite-plan.html,,0.0,,not_applicable,0,,0,,58,
ISPreview UK,2025-11-14,Project Kuiper’s Global Satellite Broadband Network Rebrands to Amazon Leo,https://www.ispreview.co.uk/index.php/2025/11/project-kuipers-global-satellite-broadband-network-rebrands-to-amazon-leo.html,,0.0,,not_applicable,0,,0,,55,
ISPreview UK,2025-11-14,Streetwave Publish Map of South Yorkshire 4G and 5G Mobile Cover and Data Speed,https://www.ispreview.co.uk/index.php/2025/11/streetwave-publish-map-of-south-yorkshire-4g-and-5g-mobile-cover-and-data-speed.html,,0.0,,not_applicable,0,,0,,62,
ISPreview UK,2025-11-14,ISPA Reveal WINNERS of the 2025 UK ISP Internet Industry Awards,https://www.ispreview.co.uk/index.php/2025/11/ispa-reveal-winners-of-the-2025-uk-isp-internet-industry-awards.html,,0.0,,not_applicable,0,,0,,57,
ISPreview UK,2025-11-13,"Openreach Update – Project Gigabit Builds in Wales, Surrey, Hertfordshire and Wiltshire",https://www.ispreview.co.uk/index.php/2025/11/openreach-update-project-gigabit-builds-in-wales-surrey-hertfordshire-and-wiltshire-uk.html,,0.0,,not_applicable,0,,0,,46,
ISPreview UK,2025-11-13,London ISP Community Fibre Launch 100Mbps “Business Ready” Broadband,https://www.ispreview.co.uk/index.php/2025/11/london-isp-community-fibre-launch-100mbps-business-ready-broadband.html,,0.0,,not_applicable,0,,0,,51,
ISPreview UK,2025-11-13,BDUK Publish Q2 – Q3 2025 Project Gigabit Broadband Rollout Progress Report,https://www.ispreview.co.uk/index.php/2025/11/bduk-publish-q2-q3-2025-project-gigabit-broadband-rollout-progress-report.html,,0.0,,not_applicable,0,,0,,51,
ISPreview UK,2025-11-13,Business ISP FluidOne Appoints New CEO as Current Boss Steps Down,https://www.ispreview.co.uk/index.php/2025/11/business-isp-fluidone-appoints-new-ceo-as-current-boss-steps-down.html,,0.0,,not_applicable,0,,0,,44,
ISPreview UK,2025-11-13,City of London Corp Picks Roc Technologies to Deliver New Network,https://www.ispreview.co.uk/index.php/2025/11/city-of-london-corp-picks-roc-technologies-to-deliver-new-network.html,network_optimization_performance,0.7,network_optimization_performance,neutral,1,AI-driven wireless capability,0,,55,"The City of London Corporation has selected Roc Technologies to deliver a new end-to-end networking solution featuring AI-driven wireless capability and a UK-first enterprise SASE rollout for public services, leveraging Vorboss's 100Gbps full fibre network."
ISPreview UK,2025-11-13,Netomnia Rapidly Expands UK FTTP Broadband as Take-up and Revenues Rise,https://www.ispreview.co.uk/index.php/2025/11/netomnia-rapidly-expands-uk-fttp-broadband-as-take-up-and-revenues-rise.html,,0.0,,not_applicable,0,,0,,66,
ISPreview UK,2025-11-13,B4RN Secure Finance from Triodos Bank UK to Expand Rural 10Gbps Broadband,https://www.ispreview.co.uk/index.php/2025/11/b4rn-secure-finance-from-triodos-bank-uk-to-expand-rural-10gbps-broadband.html,,0.0,,not_applicable,0,,0,,58,
ISPreview UK,2025-11-12,Openreach Raises Prices on Copper Lines to Boost UK Fibre Broadband Adoption,https://www.ispreview.co.uk/index.php/2025/11/openreach-raises-prices-on-copper-lines-to-boost-uk-fibre-broadband-adoption.html,,0.0,,not_applicable,0,,0,,50,
ISPreview UK,2025-11-12,Survey Claims 41 Percent of UK People Hit by Broadband Outages,https://www.ispreview.co.uk/index.php/2025/11/survey-claims-41-percent-of-uk-people-hit-by-broadband-outages.html,,0.0,,not_applicable,0,,0,,52,
ISPreview UK,2025-11-12,Altnet Broadband ISP Toob Wins Two North East Contact Centre Awards,https://www.ispreview.co.uk/index.php/2025/11/altnet-broadband-isp-toob-wins-two-north-east-contact-centre-awards.html,,0.0,,not_applicable,0,,0,,48,
ISPreview UK,2025-11-12,UK ISP TalkTalk Business Follows Consumer Division by Refreshing its Brand,https://www.ispreview.co.uk/index.php/2025/11/uk-isp-talktalk-business-follows-consumer-division-by-refreshing-its-brand.html,,0.0,,not_applicable,0,,0,,43,
ISPreview UK,2025-11-12,Cellnex Delivers its First Consolidated 4G and 5G Mast Site for Vodafone and Three UK,https://www.ispreview.co.uk/index.php/2025/11/cellnex-delivers-first-consolidated-4g-and-5g-mast-site-for-vodafone-and-three-uk.html,,0.0,,not_applicable,0,,0,,53,
ISPreview UK,2025-11-12,ISP Octaplus Test New AI Support System with UK Broadband Customers,https://www.ispreview.co.uk/index.php/2025/11/isp-octaplus-test-new-ai-support-system-with-uk-broadband-customers.html,customer_support_experience,0.95,customer_support_experience,positive,9,"AI,Artificial Intelligence,Ask Octa AI,chatbot,virtual assistant,automation,natural language processing,NLP",1,AI,44,"Octaplus has begun an early‑stage rollout of its AI‑powered support system, Ask Octa AI, to a selected group of customers. The system employs a chatbot/virtual assistant that uses natural language processing to automate troubleshooting and support interactions, aiming to improve customer experience and reduce response times."
ISPreview UK,2025-11-12,ISP Quickline Improve UK Business Broadband Packages for Rural Areas,https://www.ispreview.co.uk/index.php/2025/11/isp-quickline-improve-uk-business-broadband-packages-for-rural-areas.html,,0.0,,not_applicable,0,,0,,48,
ISPreview UK,2025-11-12,Openreach Trial Trenchless Drilling Robot to Boost UK FTTP Broadband Build,https://www.ispreview.co.uk/index.php/2025/11/openreach-trial-trenchless-drilling-robot-to-boost-uk-fttp-broadband-build.html,,0.0,,not_applicable,0,,0,,52,
ISPreview UK,2025-11-12,New Cyber Security and Resilience Bill Introduced to UK Parliament,https://www.ispreview.co.uk/index.php/2025/11/new-cyber-security-and-resilience-bill-introduced-to-uk-parliament.html,,0.0,,not_applicable,0,,0,,53,
ISPreview UK,2025-11-11,Openreach Temporarily Withdraw Multiport ONT on UK FTTP Broadband Lines,https://www.ispreview.co.uk/index.php/2025/11/openreach-temporarily-withdraw-multiport-ont-on-uk-fttp-broadband-lines.html,,0.0,,not_applicable,0,,0,,57,
ISPreview UK,2025-11-11,SMARTY Mobile Launches New UK Everyone Unlimited Data Group Plan,https://www.ispreview.co.uk/index.php/2025/11/smarty-mobile-launches-new-uk-everyone-unlimited-data-group-plan.html,,0.0,,not_applicable,0,,0,,61,
ISPreview UK,2025-11-11,Repairs to Broken Subsea Broadband Cable for Tiree Island Set to Begin,https://www.ispreview.co.uk/index.php/2025/11/repairs-to-broken-subsea-broadband-cable-for-tiree-island-set-to-begin.html,,0.0,,not_applicable,0,,0,,56,
ISPreview UK,2025-11-11,Broadband ISP Virgin Media UK Adds Identity Protection to Security Add-on UPDATE,https://www.ispreview.co.uk/index.php/2025/11/broadband-isp-virgin-media-uk-adds-identity-protection-to-security-add-on.html,,0.0,,not_applicable,0,,0,,44,
ISPreview UK,2025-11-11,Virgin Media UK Add Extra FAST TV Channel to Service – Inside Outside,https://www.ispreview.co.uk/index.php/2025/11/virgin-media-uk-add-extra-fast-tv-channel-to-service-inside-outside.html,,0.0,,not_applicable,0,,0,,53,
ISPreview UK,2025-11-11,Ofcom Monitoring UK VPN Use Due to Circumvention of Online Safety Act,https://www.ispreview.co.uk/index.php/2025/11/ofcom-monitoring-uk-vpn-use-due-to-circumvention-of-online-safety-act.html,security_fraud_threat,0.7,security_fraud_threat,neutral,1,AI,0,,55,"Ofcom is reportedly using a third‑party monitoring tool with AI capabilities to track VPN usage, aiming to detect and curb circumvention of the Online Safety Act’s censorship provisions. The initiative focuses on monitoring network traffic for potential policy violations."
ISPreview UK,2025-11-11,VodafoneThree Tops 1.7 Million UK Broadband Users as Mobile Rises to 28.82m,https://www.ispreview.co.uk/index.php/2025/11/vodafonethree-tops-1-7-million-uk-broadband-users-as-mobile-rises-to-28-82m.html,,0.0,,not_applicable,0,,0,,49,
ISPreview UK,2025-11-10,Business IT and Cloud Provider labdesk Acquires UK ISP Cheshire Telecom,https://www.ispreview.co.uk/index.php/2025/11/business-it-and-cloud-provider-labdesk-acquires-uk-isp-cheshire-telecom.html,,0.0,,not_applicable,0,,0,,50,
ISPreview UK,2025-11-10,Business UK Broadband ISP Fibre1 Acquired by Kube Networks Limited,https://www.ispreview.co.uk/index.php/2025/11/business-uk-broadband-isp-fibre1-acquired-by-kube-networks-limited.html,,0.0,,not_applicable,0,,0,,41,
ISPreview UK,2025-11-10,Poverty Alliance Warn Vulnerable Users at Risk from UK 2G and 3G Mobile Switch Off UPDATE,https://www.ispreview.co.uk/index.php/2025/11/poverty-alliance-warn-vulnerable-users-at-risk-from-uk-2g-and-3g-mobile-switch-off.html,,0.0,,not_applicable,0,,0,,61,
ISPreview UK,2025-11-10,TalkTalk UK Broadband Group Appoints New Chief Financial Officer,https://www.ispreview.co.uk/index.php/2025/11/talktalk-uk-broadband-group-appoints-new-chief-financial-officer.html,,0.0,,not_applicable,0,,0,,68,
ISPreview UK,2025-11-10,INCA Calls for Clarity from Openreach on Which UK Homes Won’t Get Full Fibre,https://www.ispreview.co.uk/index.php/2025/11/inca-calls-for-clarity-from-openreach-on-which-uk-homes-wont-get-full-fibre.html,,0.0,,not_applicable,0,,0,,59,
ISPreview UK,2025-11-10,Gigaclear Call for Openreach Changes to Bring Gigabit Broadband to UK Rural Areas,https://www.ispreview.co.uk/index.php/2025/11/gigaclear-calls-for-openreach-changes-to-bring-gigabit-broadband-to-uk-rural-areas.html,,0.0,,not_applicable,0,,0,,58,
ISPreview UK,2025-11-09,Openreach Faces Protest in Lincoln Over Rollout of 40 Broadband Poles,https://www.ispreview.co.uk/index.php/2025/11/openreach-faces-protest-in-lincoln-over-rollout-of-40-broadband-poles.html,,0.0,,not_applicable,0,,0,,64,
ISPreview UK,2025-11-09,ISP KCOM Start Black Friday SALE on UK Broadband Packages,https://www.ispreview.co.uk/index.php/2025/11/isp-kcom-start-black-friday-sale-on-uk-broadband-packages.html,,0.0,,not_applicable,0,,0,,50,
ISPreview UK,2025-11-08,Ofcom Predict 97 Percent of UK Covered by Gigabit Broadband in Jan 2028,https://www.ispreview.co.uk/index.php/2025/11/ofcom-predict-97-percent-of-uk-covered-by-gigabit-broadband-in-jan-2028.html,,0.0,,not_applicable,0,,0,,63,
ISPreview UK,2025-11-07,Sky UK in Talks to Acquire ITV’s Media and Entertainment Divisions,https://www.ispreview.co.uk/index.php/2025/11/sky-uk-in-talks-to-acquire-itvs-media-and-entertainment-divisions.html,,0.0,,not_applicable,0,,0,,43,
ISPreview UK,2025-11-07,Nexfibre Publish Q3 2025 UK Full Fibre Broadband Build Update – 2.44M Premises,https://www.ispreview.co.uk/index.php/2025/11/nexfibre-publish-q3-2025-uk-full-fibre-broadband-build-update-2-44m-premises.html,,0.0,,not_applicable,0,,0,,50,
ISPreview UK,2025-11-07,ISP LightSpeed Broadband Drops 2000Mbps Package to £33.99,https://www.ispreview.co.uk/index.php/2025/11/isp-lightspeed-broadband-drops-2000mbps-package-to-33-99.html,,0.0,,not_applicable,0,,0,,60,
ISPreview UK,2025-11-07,Vodafone UK Gifts Free Global Roaming to all UK Armed Forces Personnel,https://www.ispreview.co.uk/index.php/2025/11/vodafone-uk-gifts-free-global-roaming-for-all-uk-armed-forces-personnel.html,,0.0,,not_applicable,0,,0,,40,
ISPreview UK,2025-11-07,British Airways to Supply Free In-flight WiFi by Starlink Broadband Satellites,https://www.ispreview.co.uk/index.php/2025/11/british-airways-to-supply-free-in-flight-wifi-by-starlink-broadband-satellites.html,,0.0,,not_applicable,0,,0,,56,
ISPreview UK,2025-11-06,Vodafone and Three UK to Increase Mid-Contract Price Hikes on Broadband and Mobile UPD,https://www.ispreview.co.uk/index.php/2025/11/vodafone-uk-increases-mid-contract-price-hikes-on-broadband-and-mobile.html,,0.0,,not_applicable,0,,0,,64,
ISPreview UK,2025-11-06,Pop Telecom Joins Freedom Fibre’s UK Broadband Network,https://www.ispreview.co.uk/index.php/2025/11/pop-telecom-joins-freedom-fibres-uk-broadband-network.html,,0.0,,not_applicable,0,,0,,47,
ISPreview UK,2025-11-06,ISP Connect Fibre Offer 3 Months Free Broadband and £50 Cashback,https://www.ispreview.co.uk/index.php/2025/11/isp-connect-fibre-offer-3-months-free-broadband-and-50-cashback.html,,0.0,,not_applicable,0,,0,,53,
ISPreview UK,2025-11-06,BLACK FRIDAY – UK ISP Virgin Media Offers First 3 Months Free Broadband,https://www.ispreview.co.uk/index.php/2025/11/black-friday-uk-isp-virgin-media-offers-first-3-months-free-broadband.html,,0.0,,not_applicable,0,,0,,65,
ISPreview UK,2025-11-06,Ofcom to Boost UK Telecoms Security by Working with Key Countries,https://www.ispreview.co.uk/index.php/2025/11/ofcom-to-boost-uk-telecoms-security-by-working-with-key-countries.html,,0.0,,not_applicable,0,,0,,50,
ISPreview UK,2025-11-06,"Virgin Media UK and Nexfibre Extend Full Fibre to 6,000 Homes in Widnes",https://www.ispreview.co.uk/index.php/2025/11/virgin-media-uk-and-nexfibre-extend-full-fibre-to-6000-homes-in-widnes.html,,0.0,,not_applicable,0,,0,,49,
ISPreview UK,2025-11-06,BT See Openreach UK Broadband Lines Fall by 242k as FTTP Covers 20.3M Premises,https://www.ispreview.co.uk/index.php/2025/11/bt-see-openreach-uk-broadband-lines-fall-by-242k-as-fttp-covers-20-3m-premises.html,,0.0,,not_applicable,0,,0,,60,
ISPreview UK,2025-11-06,BT and EE to Sell Starlink as UK Rural Broadband Solution to Customers,https://www.ispreview.co.uk/index.php/2025/11/bt-and-ee-to-sell-starlink-as-uk-rural-broadband-solution-to-customers.html,,0.0,,not_applicable,0,,0,,51,
ISPreview UK,2025-11-05,Key News for Virgin Media O2 as Telefonica’s Strategic Plan to Focus on UK,https://www.ispreview.co.uk/index.php/2025/11/key-news-for-virgin-media-o2-as-telefonicas-strategic-plan-to-focus-on-uk.html,,0.0,,not_applicable,0,,0,,57,
ISPreview UK,2025-11-05,Sky UK to Scrap Sky Live 4K Smart Camera for Sky Glass After Just 2 Years,https://www.ispreview.co.uk/index.php/2025/11/sky-uk-to-scrap-sky-live-4k-smart-camera-for-sky-glass-after-just-2-years.html,,0.0,,not_applicable,0,,0,,59,
ISPreview UK,2025-11-05,Openreach CEO Threatens to Scrap 30M UK Premises Target for FTTP Broadband,https://www.ispreview.co.uk/index.php/2025/11/openreach-ceo-threatens-to-scrap-30m-uk-premises-target-for-fttp-broadband.html,,0.0,,not_applicable,0,,0,,61,
ISPreview UK,2025-11-05,London ISP Vorboss Launch New Connectivity Product for Smart Public Services,https://www.ispreview.co.uk/index.php/2025/11/london-isp-vorboss-launch-new-connectivity-product-for-smart-public-services.html,,0.0,,not_applicable,0,,0,,41,
ISPreview UK,2025-11-05,ISP Lightning Fibre Launch UK Business Broadband Services via CityFibre,https://www.ispreview.co.uk/index.php/2025/11/isp-lightning-fibre-launch-uk-business-broadband-services-via-cityfibre.html,,0.0,,not_applicable,0,,0,,60,
ISPreview UK,2025-11-05,London Internet Exchange Launch New Bandwidth Options for Peering,https://www.ispreview.co.uk/index.php/2025/11/london-internet-exchange-launch-new-bandwidth-options-for-peering.html,,0.0,,not_applicable,0,,0,,59,
ISPreview UK,2025-11-05,Rural Broadband ISP Voneus Secure UK Funding to 2030 as More Job Cuts Loom,https://www.ispreview.co.uk/index.php/2025/11/rural-broadband-isp-voneus-secure-uk-funding-to-2030-as-more-job-cuts-loom.html,,0.0,,not_applicable,0,,0,,55,
ISPreview UK,2025-11-05,"R100 Gigabit Broadband Rollout Reaches 93,800 Premises in Scotland",https://www.ispreview.co.uk/index.php/2025/11/r100-gigabit-broadband-rollout-reaches-93800-premises-in-scotland.html,,0.0,,not_applicable,0,,0,,52,
ISPreview UK,2025-11-05,Broadband ISP TalkTalk Issue Trading Update and Explores New Ownership Structures,https://www.ispreview.co.uk/index.php/2025/11/broadband-isp-talktalk-issue-trading-update-and-explores-new-ownership-structures.html,,0.0,,not_applicable,0,,0,,57,
ISPreview UK,2025-11-05,Major UK Phone Providers Agree to Crackdown on Scam Calls and Fraud,https://www.ispreview.co.uk/index.php/2025/11/major-uk-phone-providers-agree-to-crackdown-on-scam-calls-and-fraud.html,,0.0,,not_applicable,0,,0,,64,
ISPreview UK,2025-11-04,INCA Continues Work to Standardise Wholesale Full Fibre Among UK Altnets,https://www.ispreview.co.uk/index.php/2025/11/inca-continues-work-to-standardise-wholesale-full-fibre-among-uk-altnets.html,,0.0,,not_applicable,0,,0,,44,
ISPreview UK,2025-11-04,New Spec Looks to Make 5G Fixed Wireless Broadband Viable for Blocks of Flats,https://www.ispreview.co.uk/index.php/2025/11/new-spec-looks-to-make-5g-fixed-wireless-broadband-viable-for-blocks-of-flats.html,,0.0,,not_applicable,0,,0,,46,
ISPreview UK,2025-11-04,eSIM.net Launch eSIM Using iOS 26’s Automatic Travel Activation Feature,https://www.ispreview.co.uk/index.php/2025/11/esim-net-launch-esim-using-ios-26s-automatic-travel-activation-feature.html,,0.0,,not_applicable,0,,0,,45,
ISPreview UK,2025-11-04,Vodafone UK Launch New Together Discount on Mobile and Broadband Bundles,https://www.ispreview.co.uk/index.php/2025/11/vodafone-uk-launch-new-together-discount-on-mobile-and-broadband-bundles.html,,0.0,,not_applicable,0,,0,,57,
ISPreview UK,2025-11-04,Business ISP 4Com Criticised Over UK Broadband and Phone Contracts,https://www.ispreview.co.uk/index.php/2025/11/business-isp-4com-criticised-over-uk-broadband-and-phone-contracts.html,,0.0,,not_applicable,0,,0,,55,
ISPreview UK,2025-11-04,Gov Push Ofcom to Tackle Mid Contract UK Broadband and Mobile Price Hikes,https://www.ispreview.co.uk/index.php/2025/11/gov-push-ofcom-to-tackle-mid-contract-uk-broadband-and-mobile-price-hikes.html,,0.0,,not_applicable,0,,0,,60,
ISPreview UK,2025-11-04,Fibrus Launch Black Friday Broadband Sale in N.Ireland and Cumbria UK,https://www.ispreview.co.uk/index.php/2025/11/fibrus-launch-black-friday-broadband-sale-in-n-ireland-and-cumbria-uk.html,,0.0,,not_applicable,0,,0,,57,
ISPreview UK,2025-11-04,Community Fibre Offers 6 Months Free Full Fibre Broadband in London,https://www.ispreview.co.uk/index.php/2025/11/community-fibre-offers-6-months-free-full-fibre-broadband-in-london.html,,0.0,,not_applicable,0,,0,,62,
ISPreview UK,2025-11-03,Giffgaff Expands Full Fibre Broadband Availability to Include Chester UK,https://www.ispreview.co.uk/index.php/2025/11/giffgaff-expands-full-fibre-broadband-availability-to-include-chester-uk.html,,0.0,,not_applicable,0,,0,,56,
ISPreview UK,2025-11-03,Openreach Expand Project Gigabit Broadband Build in Staffordshire and Lancashire UK,https://www.ispreview.co.uk/index.php/2025/11/openreach-expand-project-gigabit-broadband-build-in-staffordshire-and-lancashire-uk.html,,0.0,,not_applicable,0,,0,,53,
ISPreview UK,2025-11-03,Guernsey Switches Off Copper Network as Full Fibre Rollout Nears Completion,https://www.ispreview.co.uk/index.php/2025/11/guernsey-switches-off-copper-network-as-full-fibre-rollout-nears-completion.html,,0.0,,not_applicable,0,,0,,50,
ISPreview UK,2025-11-03,Altnet Broadband ISP Lightning Fibre Launches UK Black Friday SALE,https://www.ispreview.co.uk/index.php/2025/11/altnet-broadband-isp-lightning-fibre-launches-uk-black-friday-sale.html,,0.0,,not_applicable,0,,0,,56,
ISPreview UK,2025-11-03,Virgin Media O2 Appoint Kate Dohaney as CEO of UK Mobile Provider giffgaff,https://www.ispreview.co.uk/index.php/2025/11/virgin-media-o2-appoint-kate-dohaney-as-ceo-of-uk-mobile-provider-giffgaff.html,,0.0,,not_applicable,0,,0,,47,
ISPreview UK,2025-11-03,Broadband ISP Gigaclear Kicks Off UK Black Friday Discounts,https://www.ispreview.co.uk/index.php/2025/11/broadband-isp-gigaclear-kicks-off-uk-black-friday-discounts.html,,0.0,,not_applicable,0,,0,,45,
ISPreview UK,2025-11-03,Ofcom Warns UK Phone Providers to Ensure Customers Can Contact 999,https://www.ispreview.co.uk/index.php/2025/11/ofcom-warns-uk-phone-providers-to-ensure-customers-can-contact-999.html,,0.0,,not_applicable,0,,0,,64,
ISPreview UK,2025-11-03,Boss of UK Rural Broadband ISP Quickline Exits as New Top Team Formed,https://www.ispreview.co.uk/index.php/2025/11/boss-of-uk-rural-broadband-isp-quickline-exits-as-new-top-team-formed.html,,0.0,,not_applicable,0,,0,,52,
ISPreview UK,2025-11-03,O2 UK Reach Grim Milestone as Mobile Network Blocks 1 Billion Scam Texts,https://www.ispreview.co.uk/index.php/2025/11/o2-uk-reach-grim-milestone-as-mobile-network-blocks-1-billion-scam-texts.html,,0.0,,not_applicable,0,,0,,62,
ISPreview UK,2025-11-03,Rural UK Broadband ISP Quickline Discounts 1Gbps Plan to GBP 32,https://www.ispreview.co.uk/index.php/2025/11/rural-uk-broadband-isp-quickline-discounts-1gbps-plan-to-gbp-32.html,,0.0,,not_applicable,0,,0,,60,
ISPreview UK,2025-11-03,Virgin Media O2 Integrate Neutral Host Small Cell into Live UK 5G SA Network,https://www.ispreview.co.uk/index.php/2025/11/virgin-media-o2-integrate-neutral-host-small-cell-into-live-uk-5g-sa-network.html,,0.0,,not_applicable,0,,0,,58,
ISPreview UK,2025-11-03,October 2025 Progress Update on BT 10Mbps UK Broadband USO,https://www.ispreview.co.uk/index.php/2025/11/october-2025-progress-update-on-bt-10mbps-uk-broadband-uso.html,,0.0,,not_applicable,0,,0,,54,
ISPreview UK,2025-11-03,Falkland Islands Government Grants Licence for Starlink Satellite Broadband,https://www.ispreview.co.uk/index.php/2025/11/falkland-islands-government-grants-licence-for-starlink-satellite-broadband.html,,0.0,,not_applicable,0,,0,,59,
ISPreview UK,2025-11-01,Rural UK Broadband Altnet Gigaclear Hunts Buyer to Tackle £1bn Debt,https://www.ispreview.co.uk/index.php/2025/11/rural-uk-broadband-altnet-gigaclear-hunts-buyer-to-tackle-1bn-debt.html,,0.0,,not_applicable,0,,0,,56,
ISPreview UK,2025-11-01,Broadband ISP Aquiss Prep 2025 UK Black Friday Discounts – 6 Months Half Price,https://www.ispreview.co.uk/index.php/2025/11/broadband-isp-aquiss-prep-2025-uk-black-friday-discounts-6-months-half-price.html,,0.0,,not_applicable,0,,0,,48,
ISPreview UK,2025-10-31,Openreach Cuts UK Price of 1.2Gbps and 1.8Gbps FTTP Broadband Tiers,https://www.ispreview.co.uk/index.php/2025/10/openreach-cuts-uk-price-of-1-2gbps-and-1-8gbps-fttp-broadband-tiers.html,,0.0,,not_applicable,0,,0,,58,
ISPreview UK,2025-10-31,Vodafone and Three UK to Cut Jobs from Network Development Division UPDATE,https://www.ispreview.co.uk/index.php/2025/10/vodafone-and-three-uk-to-cut-jobs-from-network-development-division.html,,0.0,,not_applicable,0,,0,,59,
ISPreview UK,2025-10-31,Mobile Operator Spusu Launches New SIM Only Plans for UK Customers,https://www.ispreview.co.uk/index.php/2025/10/mobile-operator-spusu-launches-new-sim-only-plans-for-uk-customers.html,,0.0,,not_applicable,0,,0,,51,
ISPreview UK,2025-10-31,Ofcom and UK Mobile Providers Agree on Wholesale Price of Bulk Biz Texts,https://www.ispreview.co.uk/index.php/2025/10/ofcom-and-uk-mobile-providers-agree-on-wholesale-price-of-bulk-biz-texts.html,,0.0,,not_applicable,0,,0,,56,
ISPreview UK,2025-10-31,Three UK Discounts Unlimited 4G and 5G Home Broadband to £16,https://www.ispreview.co.uk/index.php/2025/10/three-uk-discounts-unlimited-4g-and-5g-home-broadband-to-16.html,,0.0,,not_applicable,0,,0,,56,
ISPreview UK,2025-10-31,Broadband Provider GoFibre Named One of Scotland’s Fastest Growing Companies,https://www.ispreview.co.uk/index.php/2025/10/broadband-provider-gofibre-named-one-of-scotlands-fastest-growing-companies.html,,0.0,,not_applicable,0,,0,,46,
ISPreview UK,2025-10-31,"O2 UK Reduce Flexibility to Swap Your Phone After 90 Days, Now it’s 11 Months",https://www.ispreview.co.uk/index.php/2025/10/o2-uk-reduce-flexibility-to-swap-your-phone-after-90-days-now-its-11-months.html,,0.0,,not_applicable,0,,0,,51,
ISPreview UK,2025-10-31,Uncertainty Clouds Future of North Shropshire Project Gigabit Broadband Rollout,https://www.ispreview.co.uk/index.php/2025/10/uncertainty-clouds-future-of-north-shropshire-project-gigabit-broadband-rollout.html,,0.0,,not_applicable,0,,0,,50,
ISPreview UK,2025-10-31,Swansea Bay City Deal’s Digital Infrastructure Scheme Given Green Rating,https://www.ispreview.co.uk/index.php/2025/10/swansea-bay-city-deals-digital-infrastructure-scheme-given-green-rating.html,,0.0,,not_applicable,0,,0,,53,
ISPreview UK,2025-10-30,Ofcom UK Grant Gateway Licence for Amazon’s Project Kuiper Broadband Network,https://www.ispreview.co.uk/index.php/2025/10/ofcom-uk-grant-gateway-licence-for-amazons-project-kuiper-broadband-network.html,,0.0,,not_applicable,0,,0,,53,
ISPreview UK,2025-10-30,"Ofcom Express Disappointment over O2’s UK Mobile Price Hike, But Doesn’t Act UPDATE",https://www.ispreview.co.uk/index.php/2025/10/ofcom-express-disappointment-over-o2s-uk-mobile-price-hike-but-doesnt-act.html,,0.0,,not_applicable,0,,0,,61,
ISPreview UK,2025-10-30,EE and Three UK Attract Most Complaints for Broadband and Mobile in Q2 2025,https://www.ispreview.co.uk/index.php/2025/10/ee-and-three-uk-attract-most-complaints-for-broadband-and-mobile-in-q2-2025.html,,0.0,,not_applicable,0,,0,,44,
ISPreview UK,2025-10-30,Openreach Improve Reappointment Process for Some UK FTTP Broadband Installs,https://www.ispreview.co.uk/index.php/2025/10/openreach-improve-reappointment-process-for-some-uk-fttp-broadband-installs.html,,0.0,,not_applicable,0,,0,,47,
ISPreview UK,2025-10-30,ISP BT to Launch New AI Anti-Virus Service for Small UK Businesses,https://www.ispreview.co.uk/index.php/2025/10/isp-bt-to-launch-new-ai-anti-virus-service-for-small-uk-businesses.html,security_fraud_threat,0.95,security_fraud_threat,positive,1,AI,1,AI,53,"BT partners with CrowdStrike to launch an AI‑powered antivirus service for small businesses, designed to proactively detect and stop threats before they become breaches, strengthening cybersecurity for its customers."
ISPreview UK,2025-10-30,Virgin Media UK See Broadband Customers Grow as O2 Joins Starlink for Mobile,https://www.ispreview.co.uk/index.php/2025/10/virgin-media-uk-see-broadband-customers-grow-as-o2-joins-starlink-for-mobile.html,,0.0,,not_applicable,0,,0,,71,
ISPreview UK,2025-10-30,Virgin Media O2 Ponder £2bn UK Broadband Deal to Acquire Netomnia UPDATE,https://www.ispreview.co.uk/index.php/2025/10/virgin-media-o2-ponders-2bn-uk-broadband-deal-to-acquire-netomnia.html,,0.0,,not_applicable,0,,0,,61,
ISPreview UK,2025-10-29,Vodafone UK Expands Availability of Fix and Go Repair Service for Smartphones,https://www.ispreview.co.uk/index.php/2025/10/vodafone-uk-expands-availability-of-fix-and-go-repair-service-for-smartphones.html,,0.0,,not_applicable,0,,0,,50,
ISPreview UK,2025-10-29,Mast Removal in Hebden Bridge Leaves O2 and Vodafone UK Users Without Signal UPDATE2,https://www.ispreview.co.uk/index.php/2025/10/mast-removal-in-hebden-bridge-leaves-o2-and-vodafone-uk-users-without-signal.html,,0.0,,not_applicable,0,,0,,51,
ISPreview UK,2025-10-29,Ofcom UK Propose New Rules to Tackle Mobile Messaging Scams,https://www.ispreview.co.uk/index.php/2025/10/ofcom-uk-propose-new-rules-to-tackle-mobile-messaging-scams.html,,0.0,,not_applicable,0,,0,,58,
ISPreview UK,2025-10-29,"SignalTracker Compares UK 5G Performance with India, Greece, Spain and Finland",https://www.ispreview.co.uk/index.php/2025/10/signaltracker-compares-uk-5g-performance-with-india-greece-spain-and-finland.html,,0.0,,not_applicable,0,,0,,42,
ISPreview UK,2025-10-29,Starlink Threatens to Brick Dormant UK Broadband Kit if Users Don’t Update,https://www.ispreview.co.uk/index.php/2025/10/starlink-threatens-to-brick-dormant-uk-broadband-kit-if-users-dont-update.html,,0.0,,not_applicable,0,,0,,64,
ISPreview UK,2025-10-28,EE and Three UK Offer Free Calls and Data for Jamaica as Hurricane Melissa Hits UPDATE,https://www.ispreview.co.uk/index.php/2025/10/ee-uk-offers-free-calls-and-data-for-jamaica-as-hurricane-melissa-hits.html,,0.0,,not_applicable,0,,0,,53,
ISPreview UK,2025-10-28,Ofcom Grant Starlink an E Band Capacity Boost for UK Satellite Broadband,https://www.ispreview.co.uk/index.php/2025/10/ofcom-grant-starlink-an-e-band-capacity-boost-for-uk-satellite-broadband.html,,0.0,,not_applicable,0,,0,,50,
ISPreview UK,2025-10-28,Grain Start Building UK Full Fibre Broadband Network in Gainsborough,https://www.ispreview.co.uk/index.php/2025/10/grain-start-building-uk-full-fibre-broadband-network-in-gainsborough.html,,0.0,,not_applicable,0,,0,,48,
ISPreview UK,2025-10-28,BT Group Explore Launch of Budget UK Mobile Brand to Complement EE UPDATE,https://www.ispreview.co.uk/index.php/2025/10/bt-group-explore-launch-of-budget-uk-mobile-brand-to-complement-ee.html,,0.0,,not_applicable,0,,0,,52,
ISPreview UK,2025-10-27,Virgin Media O2 CEO Joins BT in Raising Concern Over UK Biz Rates Hike,https://www.ispreview.co.uk/index.php/2025/10/virgin-media-o2-ceo-joins-bt-in-raising-concern-over-uk-biz-rates-hike.html,,0.0,,not_applicable,0,,0,,67,
ISPreview UK,2025-10-27,5G on Aircraft and 5.8GHz for UK FWA Broadband as Ofcom Make Kit Licence Exempt,https://www.ispreview.co.uk/index.php/2025/10/5g-on-aircraft-and-5-8ghz-for-uk-fwa-broadband-as-ofcom-make-kit-licence-exempt.html,,0.0,,not_applicable,0,,0,,56,
ISPreview UK,2025-10-27,Openreach UK Launch Rental Discount on up to 1Gbps EAD Ethernet Tiers UPDATE,https://www.ispreview.co.uk/index.php/2025/10/openreach-uk-launch-rental-discount-on-up-to-1gbps-ead-ethernet-tiers.html,,0.0,,not_applicable,0,,0,,74,
ISPreview UK,2025-10-27,Sky UK Launch Business Focused SIM-Only Pay Monthly Mobile Service,https://www.ispreview.co.uk/index.php/2025/10/sky-uk-launch-business-focused-sim-only-pay-monthly-mobile-service.html,,0.0,,not_applicable,0,,0,,64,
ISPreview UK,2025-10-27,Broadband ISP WightFibre Start Charging for “Free” Phone Line Service,https://www.ispreview.co.uk/index.php/2025/10/broadband-isp-wightfibre-start-charging-for-free-phone-line-service.html,,0.0,,not_applicable,0,,0,,57,
ISPreview UK,2025-10-27,Bad Weather Delays Fix for Broken Shetland Subsea Fibre Cable Until Tuesday UPDATE,https://www.ispreview.co.uk/index.php/2025/10/bad-weather-delays-fix-for-broken-shetland-subsea-fibre-cable-until-tuesday.html,,0.0,,not_applicable,0,,0,,55,
ISPreview UK,2025-10-26,JT Group Acquire Isle of Man Broadband and Mobile Provider Manx Telecom,https://www.ispreview.co.uk/index.php/2025/10/jt-group-acquire-isle-of-man-broadband-and-mobile-provider-manx-telecom.html,,0.0,,not_applicable,0,,0,,52,
ISPreview UK,2025-10-25,Openreach Damages Netomnia’s Main Fibre Optic Cable Near Bristol,https://www.ispreview.co.uk/index.php/2025/10/openreach-damages-netomnias-main-fibre-optic-cable-near-bristol.html,,0.0,,not_applicable,0,,0,,53,
ISPreview UK,2025-10-25,Scottish Government Upgrades Broadband Coverage Checker UPDATE,https://www.ispreview.co.uk/index.php/2025/10/scottish-government-upgrades-broadband-coverage-checker.html,,0.0,,not_applicable,0,,0,,49,
ISPreview UK,2025-10-25,New Scotland-based UK Broadband ISP Fibeo Set to Launch in 2026,https://www.ispreview.co.uk/index.php/2025/10/new-scotland-based-uk-broadband-isp-fibeo-set-to-launch-in-2026.html,,0.0,,not_applicable,0,,0,,47,
ISPreview UK,2025-10-24,Ofcom Make Part of 1900MHz Band Available for 5G Mobile on UK’s Rail Network,https://www.ispreview.co.uk/index.php/2025/10/ofcom-make-part-of-1900mhz-band-available-for-5g-mobile-on-uks-rail-network.html,,0.0,,not_applicable,0,,0,,51,
ISPreview UK,2025-10-24,BDUK Summarise Progress of UK Project Gigabit Broadband Rollout Contracts,https://www.ispreview.co.uk/index.php/2025/10/bduk-summarise-progress-of-uk-project-gigabit-broadband-rollout-contracts.html,,0.0,,not_applicable,0,,0,,56,
ISPreview UK,2025-10-24,Ofcom Publish Final Results of UK 5G Mobile Auction for 26GHz and 40GHz,https://www.ispreview.co.uk/index.php/2025/10/ofcom-publish-final-results-of-uk-5g-mobile-auction-for-26ghz-and-40ghz.html,,0.0,,not_applicable,0,,0,,60,
ISPreview UK,2025-10-24,Internal Auditors Seek Greater UK Telecoms Role via New Security Code,https://www.ispreview.co.uk/index.php/2025/10/internal-auditors-seek-greater-uk-telecoms-role-via-new-security-code.html,,0.0,,not_applicable,0,,0,,63,
ISPreview UK,2025-10-24,Energy Smart Meters May Soon Link via UK Home Broadband Connectivity,https://www.ispreview.co.uk/index.php/2025/10/energy-smart-meters-may-soon-link-via-uk-home-broadband-connectivity.html,,0.0,,not_applicable,0,,0,,66,
ISPreview UK,2025-10-24,Survey Claims Half of UK Broadband Users Leave Routers Open to Cyberattack,https://www.ispreview.co.uk/index.php/2025/10/survey-claims-half-of-uk-broadband-users-leave-routers-open-to-cyberattack.html,,0.0,,not_applicable,0,,0,,52,
ISPreview UK,2025-10-23,Tim Creswick Departs as CEO and Founder of London Full Fibre ISP Vorboss,https://www.ispreview.co.uk/index.php/2025/10/tim-creswick-departs-as-ceo-and-founder-of-london-full-fibre-isp-vorboss.html,,0.0,,not_applicable,0,,0,,46,
ISPreview UK,2025-10-23,Vodafone UK Discounts Family Device Insurance by 15 Percent,https://www.ispreview.co.uk/index.php/2025/10/vodafone-uk-discounts-family-device-insurance-by-15-percent.html,,0.0,,not_applicable,0,,0,,45,
ISPreview UK,2025-10-23,O2 UK Increases Mid-Contract Price Hikes for Mobile Customers UPDATE,https://www.ispreview.co.uk/index.php/2025/10/o2-uk-increases-mid-contract-price-hikes-for-mobile-customers.html,,0.0,,not_applicable,0,,0,,47,
ISPreview UK,2025-10-23,"Building Digital UK Publish Annual Report, Accounts and Fraud Data for 2024 – 2025",https://www.ispreview.co.uk/index.php/2025/10/building-digital-uk-publish-annual-report-accounts-and-fraud-for-2024-2025.html,,0.0,,not_applicable,0,,0,,62,
ISPreview UK,2025-10-23,London Broadband ISP Community Fibre Launch Fibre to your Room Installs,https://www.ispreview.co.uk/index.php/2025/10/london-broadband-isp-community-fibre-launch-fibre-to-your-room-installs.html,,0.0,,not_applicable,0,,0,,49,
ISPreview UK,2025-10-23,"Virgin Media UK and Nexfibre Extend Full Fibre to 6,000 Homes in Llantwit",https://www.ispreview.co.uk/index.php/2025/10/virgin-media-uk-and-nexfibre-extend-full-fibre-to-6000-homes-in-llantwit.html,,0.0,,not_applicable,0,,0,,59,
ISPreview UK,2025-10-23,Survey Claims UK Broadband and Mobile Users Save up to £258 by Haggling or Switching,https://www.ispreview.co.uk/index.php/2025/10/survey-claims-uk-broadband-and-mobile-users-save-up-to-258-by-haggling-or-switching.html,,0.0,,not_applicable,0,,0,,64,
ISPreview UK,2025-10-23,Rural UK Broadband Altnet Voneus Quietly Completes Refinancing of Debts,https://www.ispreview.co.uk/index.php/2025/10/rural-uk-broadband-altnet-voneus-quietly-completes-refinancing-of-debts.html,,0.0,,not_applicable,0,,0,,51,
ISPreview UK,2025-10-23,Quickline Bring FTTP Broadband to 6 More East Yorkshire UK Villages UPDATE,https://www.ispreview.co.uk/index.php/2025/10/quickline-bring-fttp-broadband-to-3-more-east-yorkshire-uk-villages.html,,0.0,,not_applicable,0,,0,,68,
ISPreview UK,2025-10-22,20 Broadband Altnets Launch New UK Network Infrastructure Sharing Venture,https://www.ispreview.co.uk/index.php/2025/10/20-broadband-altnets-launch-new-uk-network-infrastructure-sharing-venture.html,,0.0,,not_applicable,0,,0,,51,
ISPreview UK,2025-10-22,Major UK Banks Scale Back Support for Alternative Broadband Networks,https://www.ispreview.co.uk/index.php/2025/10/major-uk-banks-scale-back-support-for-alternative-broadband-networks.html,,0.0,,not_applicable,0,,0,,62,
ISPreview UK,2025-10-22,Study Sees Coverage and Speed Improvements from Vodafone and Three UK Merger,https://www.ispreview.co.uk/index.php/2025/10/study-sees-coverage-and-speed-improvements-from-vodafone-and-three-uk-merger.html,,0.0,,not_applicable,0,,0,,45,
ISPreview UK,2025-10-22,ScaleFibre Launches in the UK Market to Supply Broadband Networks,https://www.ispreview.co.uk/index.php/2025/10/scalefibre-launches-in-the-uk-market-to-supply-broadband-networks.html,,0.0,,not_applicable,0,,0,,44,
ISPreview UK,2025-10-22,Manx Telecom Scraps Free Email and Migrates Users to Paid Platform,https://www.ispreview.co.uk/index.php/2025/10/manx-telecom-scraps-free-email-and-migrates-users-to-paid-platform.html,,0.0,,not_applicable,0,,0,,65,
ISPreview UK,2025-10-22,Court Fines BT £9K Over Permits and Substandard Roadworks in Cumbria UK UPDATE,https://www.ispreview.co.uk/index.php/2025/10/court-fines-bt-9k-over-permits-and-substandard-roadworks-in-cumbria-uk.html,,0.0,,not_applicable,0,,0,,50,
ISPreview UK,2025-10-22,ASA UK Ban Broadband ISP Zzoomm’s Ethically Questionable Direct Mail Ad,https://www.ispreview.co.uk/index.php/2025/10/asa-uk-ban-broadband-isp-zzoomms-ethically-questionable-direct-mail-ad.html,,0.0,,not_applicable,0,,0,,48,
ISPreview UK,2025-10-21,Broadband ISP TalkTalk Tries to Entice UK Customers with 900Mbps for £30,https://www.ispreview.co.uk/index.php/2025/10/broadband-isp-talktalk-tries-to-entice-uk-customers-with-900mbps-for-30.html,,0.0,,not_applicable,0,,0,,48,
ISPreview UK,2025-10-21,Elevate Make Rapid Progress on New Fibre Broadband Network in St Helens,https://www.ispreview.co.uk/index.php/2025/10/elevate-make-rapid-progress-on-new-fibre-broadband-network-in-st-helens.html,,0.0,,not_applicable,0,,0,,52,
ISPreview UK,2025-10-21,CEO of UK Broadband Altnet MS3 to Step Down at Christmas After 4 Years UPDATE,https://www.ispreview.co.uk/index.php/2025/10/ceo-of-uk-broadband-altnet-ms3-to-step-down-at-christmas-after-4-years.html,,0.0,,not_applicable,0,,0,,53,
ISPreview UK,2025-10-21,Openreach Publish October 2025 Update on UK FTTP Broadband Rollout,https://www.ispreview.co.uk/index.php/2025/10/openreach-publish-october-2025-update-on-uk-fttp-broadband-rollout.html,,0.0,,not_applicable,0,,0,,52,
ISPreview UK,2025-10-20,Major Amazon Web Services Outage Disrupting Global Internet Services UPDATE5,https://www.ispreview.co.uk/index.php/2025/10/major-amazon-web-services-outage-disrupting-global-internet-services.html,,0.0,,not_applicable,0,,0,,48,
ISPreview UK,2025-10-20,Broadband ISP Virgin Media UK Sees 285 Percent Rise in Phishing Threats,https://www.ispreview.co.uk/index.php/2025/10/broadband-isp-virgin-media-uk-sees-285-percent-rise-in-phishing-threats.html,,0.0,,not_applicable,0,,0,,55,
ISPreview UK,2025-10-20,Major UK Pension Funds Commit £40m to Improve Rural Broadband UPDATE,https://www.ispreview.co.uk/index.php/2025/10/major-uk-pension-funds-commit-40m-to-improve-rural-broadband.html,,0.0,,not_applicable,0,,0,,57,
ISPreview UK,2025-10-18,Shetland Expecting Fix for Broken Subsea Fibre Cable to Occur Next Weekend,https://www.ispreview.co.uk/index.php/2025/10/shetland-expecting-fix-for-broken-subsea-fibre-cable-to-occur-next-weekend.html,,0.0,,not_applicable,0,,0,,56,
ISPreview UK,2025-10-18,Derbyshire County Council Commits £900k to Plug Rural Broadband Gaps UPDATE,https://www.ispreview.co.uk/index.php/2025/10/derbyshire-county-council-commits-900k-to-plug-rural-broadband-gaps.html,,0.0,,not_applicable,0,,0,,52,
ISPreview UK,2025-10-18,Full Fibre Broadband ISP 4th Utility Sees UK Turnover and Take-up Surge,https://www.ispreview.co.uk/index.php/2025/10/full-fibre-broadband-isp-4th-utility-sees-uk-turnover-and-take-up-surge.html,,0.0,,not_applicable,0,,0,,54,
ISPreview UK,2025-10-17,ISP Virgin Media UK Discount 1130Mbps Home Broadband to £29.99 with Netflix,https://www.ispreview.co.uk/index.php/2025/10/isp-virgin-media-uk-discounts-1130mbps-home-broadband-to-29-99.html,,0.0,,not_applicable,0,,0,,59,
ISPreview UK,2025-10-17,Crossed BT Wires Led to Three Innocent UK People Being Accused of Child Abuse,https://www.ispreview.co.uk/index.php/2025/10/crossed-bt-wires-led-to-three-innocent-uk-people-being-accused-of-child-abuse.html,,0.0,,not_applicable,0,,0,,55,
ISPreview UK,2025-10-17,Altnet Broadband ISP Gigabit IQ to Crowdfund for Fresh UK Investment,https://www.ispreview.co.uk/index.php/2025/10/altnet-broadband-isp-gigabit-iq-to-crowdfund-for-fresh-uk-investment.html,,0.0,,not_applicable,0,,0,,49,
ISPreview UK,2025-10-17,Broadband ISP Virgin Media UK Upgrades Customers to Hub 5 Router for Free,https://www.ispreview.co.uk/index.php/2025/10/broadband-isp-virgin-media-uk-upgrades-customers-to-hub-5-for-free.html,,0.0,,not_applicable,0,,0,,44,
ISPreview UK,2025-10-17,Tiree Island Suffers Protracted Broadband Outage After Subsea Cable Break,https://www.ispreview.co.uk/index.php/2025/10/tiree-island-suffers-protracted-broadband-outage-after-subsea-cable-break.html,,0.0,,not_applicable,0,,0,,60,
ISPreview UK,2025-10-17,Ofcom Consult on Alternative UK Pricing for Openreach’s UK Fibre Broadband Products,https://www.ispreview.co.uk/index.php/2025/10/ofcom-consult-on-alternative-uk-pricing-for-openreachs-uk-fibre-broadband-products.html,,0.0,,not_applicable,0,,0,,53,
ISPreview UK,2025-10-17,Openreach Offers Free FTTP to UK Fixed Wireless Broadband ISP Users,https://www.ispreview.co.uk/index.php/2025/10/openreach-offers-free-fttp-to-uk-fixed-wireless-broadband-isp-users.html,,0.0,,not_applicable,0,,0,,61,
ISPreview UK,2025-10-16,Broadband ISP Ogi Expand Full Fibre Spine to Connect More Cardiff Businesses,https://www.ispreview.co.uk/index.php/2025/10/broadband-isp-ogi-expand-full-fibre-spine-to-connect-more-cardiff-businesses.html,,0.0,,not_applicable,0,,0,,52,
ISPreview UK,2025-10-16,BT Group Appoint Greg McCall as New UK Chief Security and Networks Officer,https://www.ispreview.co.uk/index.php/2025/10/bt-group-appoint-greg-mccall-as-new-uk-chief-security-and-networks-officer.html,,0.0,,not_applicable,0,,0,,49,
ISPreview UK,2025-10-16,BT Group Warn UK Gov Not to Choke Broadband Investment with Biz Rates Hikes,https://www.ispreview.co.uk/index.php/2025/10/bt-group-warn-uk-gov-not-to-choke-broadband-investment-with-biz-rates-hikes.html,,0.0,,not_applicable,0,,0,,48,
ISPreview UK,2025-10-16,Car Crash Knocks Out Openreach Broadband and Pole in Dorset UK Town UPDATE2,https://www.ispreview.co.uk/index.php/2025/10/car-crash-knocks-out-openreach-broadband-and-pole-in-dorset-uk-town.html,,0.0,,not_applicable,0,,0,,57,
ISPreview UK,2025-10-16,Virgin Media O2 UK Trial mmW 5G Band for Broadband Speeds of 4Gbps UPDATE,https://www.ispreview.co.uk/index.php/2025/10/virgin-media-o2-uk-trial-mmw-5g-band-for-broadband-speeds-of-4gbps.html,,0.0,,not_applicable,0,,0,,58,
ISPreview UK,2025-10-16,Ofcom Reveal Initial Results of UK 5G Mobile Auction for 26GHz and 40GHz,https://www.ispreview.co.uk/index.php/2025/10/ofcom-reveal-initial-results-of-uk-5g-mobile-auction-for-26ghz-and-40ghz.html,,0.0,,not_applicable,0,,0,,58,
ISPreview UK,2025-10-15,University of Portsmouth Team Get £772k to Develop Subsea Cable Surveillance,https://www.ispreview.co.uk/index.php/2025/10/university-of-portsmouth-team-get-772k-to-develop-subsea-cable-surveillance.html,,0.0,,not_applicable,0,,0,,55,
ISPreview UK,2025-10-15,Freely’s UK Broadband TV Streaming Service to Get 10 New Channels,https://www.ispreview.co.uk/index.php/2025/10/freelys-uk-broadband-tv-streaming-service-to-get-10-new-channels.html,,0.0,,not_applicable,0,,0,,56,
ISPreview UK,2025-10-15,Virgin Media O2 UK Agrees New 10-year Renewable Energy Deal,https://www.ispreview.co.uk/index.php/2025/10/virgin-media-o2-uk-agrees-new-10-year-renewable-energy-deal.html,,0.0,,not_applicable,0,,0,,53,
ISPreview UK,2025-10-15,Parliament Publishes Useful UK Summary of Rules for Broadband Poles,https://www.ispreview.co.uk/index.php/2025/10/parliament-publishes-useful-uk-summary-of-rules-for-broadband-poles.html,,0.0,,not_applicable,0,,0,,55,
ISPreview UK,2025-10-15,"Fixed UK Broadband Subscribers Predicted to Fall by 250,000 in 2025",https://www.ispreview.co.uk/index.php/2025/10/fixed-uk-broadband-subscribers-predicted-to-fall-by-250000-in-2025.html,,0.0,,not_applicable,0,,0,,57,
ISPreview UK,2025-10-15,Guernsey Regulator to Approve Spectrum for 5G Mobile Rollout from JT and Sure,https://www.ispreview.co.uk/index.php/2025/10/guernsey-regulator-to-approve-spectrum-for-5g-mobile-rollout-from-jt-and-sure.html,,0.0,,not_applicable,0,,0,,49,
ISPreview UK,2025-10-15,SpaceX Gives Closer Look at its Next Generation v3 Broadband Satellites,https://www.ispreview.co.uk/index.php/2025/10/spacex-gives-closer-look-at-its-next-generation-v3-broadband-satellites.html,,0.0,,not_applicable,0,,0,,60,
ISPreview UK,2025-10-15,Broadband Focused TalkTalk Group Set to Cut a Further 100 UK Jobs,https://www.ispreview.co.uk/index.php/2025/10/broadband-focused-talktalk-group-set-to-cut-a-further-100-uk-jobs.html,,0.0,,not_applicable,0,,0,,65,
ISPreview UK,2025-10-14,Nurtur and BroadbandUK Launch New Availability Checker for Property Listings,https://www.ispreview.co.uk/index.php/2025/10/nurtur-and-broadbanduk-launch-new-availability-checker-for-property-listings.html,,0.0,,not_applicable,0,,0,,46,
ISPreview UK,2025-10-14,Ofcom Will Tomorrow Kick Off the UK 5G Mobile Auction for 26GHz and 40GHz,https://www.ispreview.co.uk/index.php/2025/10/ofcom-will-tomorrow-kick-off-the-uk-5g-mobile-auction-for-26ghz-and-40ghz.html,,0.0,,not_applicable,0,,0,,53,
ISPreview UK,2025-10-14,Lit Fibre Introduce New UK Broadband Pricing on National and Local Networks,https://www.ispreview.co.uk/index.php/2025/10/lit-fibre-introduce-new-uk-broadband-pricing-on-national-and-local-networks.html,,0.0,,not_applicable,0,,0,,52,
ISPreview UK,2025-10-14,Neos Networks Claim UK Data Centre Builds Being Delayed by Fibre Availability,https://www.ispreview.co.uk/index.php/2025/10/neos-networks-claim-uk-data-centre-site-builds-being-delayed-by-fibre-availability.html,,0.0,,not_applicable,0,,0,,58,
ISPreview UK,2025-10-14,TP-Link Boasts “breakthrough” with First Wi-Fi 8 Connectivity Test,https://www.ispreview.co.uk/index.php/2025/10/tp-link-boasts-breakthrough-with-first-wi-fi-8-connectivity-test.html,,0.0,,not_applicable,0,,0,,55,
ISPreview UK,2025-10-13,Vodafone UK Suffer Major Outage of Mobile and Broadband Connectivity UPDATE4,https://www.ispreview.co.uk/index.php/2025/10/vodafone-uk-suffering-major-outage-of-data-connectivity.html,,0.0,,not_applicable,0,,0,,52,
ISPreview UK,2025-10-13,INCA Blasts Ofcom for Rejecting Competition Concerns Over Openreach FTTP Price Cut,https://www.ispreview.co.uk/index.php/2025/10/inca-blasts-ofcom-for-rejecting-competition-concerns-over-openreach-fttp-price-cut.html,,0.0,,not_applicable,0,,0,,49,
ISPreview UK,2025-10-13,Vodafone Test Pushes 2.5Gbps Mobile 5G Broadband Speeds via 6GHz Band,https://www.ispreview.co.uk/index.php/2025/10/vodafone-test-pushes-2-5gbps-mobile-5g-broadband-speeds-via-6ghz-band.html,,0.0,,not_applicable,0,,0,,55,
ISPreview UK,2025-10-13,Virgin Media and O2 UK Refresh Volt Bundles of Broadband and Mobile,https://www.ispreview.co.uk/index.php/2025/10/virgin-media-and-o2-uk-refresh-volt-bundles-of-broadband-and-mobile.html,,0.0,,not_applicable,0,,0,,58,
ISPreview UK,2025-10-13,Government to Reintegrate Building Digital UK Agency Back into DSIT UPDATE,https://www.ispreview.co.uk/index.php/2025/10/government-to-reintegrate-building-digital-uk-agency-back-into-dsit.html,,0.0,,not_applicable,0,,0,,52,
ISPreview UK,2025-10-13,Zen Internet UK Rejigs Management Team to Boost Consumer and Partner Focus,https://www.ispreview.co.uk/index.php/2025/10/zen-internet-uk-rejigs-management-team-to-boost-consumer-and-partner-focus.html,,0.0,,not_applicable,0,,0,,57,
ISPreview UK,2025-10-13,Openreach Unable to Predict When UK Broadband Line Losses will Stop,https://www.ispreview.co.uk/index.php/2025/10/openreach-unable-to-predict-when-uk-broadband-line-losses-will-stop.html,,0.0,,not_applicable,0,,0,,54,
ISPreview UK,2025-10-13,Now UK Metal Thieves are Stealing the Shells of Broadband Cabinets UPDATE,https://www.ispreview.co.uk/index.php/2025/10/now-uk-metal-thieves-are-stealing-the-shells-of-broadband-cabinets.html,,0.0,,not_applicable,0,,0,,53,
ISPreview UK,2025-10-13,Planet Telecom Launch New UK-based Mobile eSIM-only Operator SIMOVO,https://www.ispreview.co.uk/index.php/2025/10/planet-telecom-launch-new-uk-based-mobile-esim-only-operator-simovo.html,,0.0,,not_applicable,0,,0,,44,
ISPreview UK,2025-10-11,Broadband Provider Exascale Creates Own Midlands UK Internet Exchange,https://www.ispreview.co.uk/index.php/2025/10/broadband-provider-exascale-creates-own-midlands-uk-internet-exchange.html,,0.0,,not_applicable,0,,0,,50,
ISPreview UK,2025-10-10,Openreach List Next 94 UK Areas for Copper to FTTP Switch – Tranche 22,https://www.ispreview.co.uk/index.php/2025/10/openreach-list-next-94-uk-areas-for-copper-to-fttp-switch-tranche-22.html,,0.0,,not_applicable,0,,0,,58,
ISPreview UK,2025-10-10,Rural UK ISP Airband Expands Full Fibre Broadband Reach via Openreach UPDATE,https://www.ispreview.co.uk/index.php/2025/10/rural-uk-isp-airband-expands-full-fibre-broadband-reach-via-openreach.html,,0.0,,not_applicable,0,,0,,53,
ISPreview UK,2025-10-10,BDUK Switch Gigabit Broadband Contract for Mid West Shropshire to Openreach UPDATE2,https://www.ispreview.co.uk/index.php/2025/10/bduk-switch-gigabit-broadband-contract-for-mid-west-shropshire-to-openreach.html,,0.0,,not_applicable,0,,0,,56,
ISPreview UK,2025-10-10,Opensignal Examine Performance Gap Between Fixed Line and Wireless Broadband,https://www.ispreview.co.uk/index.php/2025/10/opensignal-examine-performance-gap-between-fixed-line-and-wireless-broadband.html,,0.0,,not_applicable,0,,0,,58,
ISPreview UK,2025-10-10,"Virgin Media UK and Nexfibre Extend Full Fibre to 13,000 Homes in Sheffield",https://www.ispreview.co.uk/index.php/2025/10/virgin-media-uk-and-nexfibre-extend-full-fibre-to-13000-homes-in-sheffield.html,,0.0,,not_applicable,0,,0,,51,
ISPreview UK,2025-10-10,Broadband ISP Rebel Internet Join CityFibre’s UK Full Fibre Network,https://www.ispreview.co.uk/index.php/2025/10/broadband-isp-rebel-internet-join-cityfibres-uk-full-fibre-network.html,,0.0,,not_applicable,0,,0,,54,
ISPreview UK,2025-10-09,CWP Domain Goes Down and Disrupts Some UK Broadband ISP Switching UPDATE,https://www.ispreview.co.uk/index.php/2025/10/cwp-domain-goes-down-and-disrupts-some-uk-broadband-isp-switching.html,,0.0,,not_applicable,0,,0,,47,
ISPreview UK,2025-10-09,Channel 4 and the BBC’s UKTV Platform to Exchange UK Streaming TV Content,https://www.ispreview.co.uk/index.php/2025/10/channel-4-and-the-bbcs-uktv-platform-to-exchange-uk-streaming-tv-content.html,,0.0,,not_applicable,0,,0,,57,
ISPreview UK,2025-10-09,O2 UK Mobile Customers Can Now Pick TNT Sports as an Extra and Save £6 PM,https://www.ispreview.co.uk/index.php/2025/10/o2-uk-mobile-customers-can-now-pick-tnt-sports-as-an-extra-and-save-6-pm.html,,0.0,,not_applicable,0,,0,,61,
ISPreview UK,2025-10-09,Ofcom UK Reject Competition Concerns over Openreach’s FTTP Upgrades Offer,https://www.ispreview.co.uk/index.php/2025/10/ofcom-uk-reject-competition-concerns-over-openreachs-fttp-upgrades-offer.html,,0.0,,not_applicable,0,,0,,61,
ISPreview UK,2025-10-09,Broadband ISP Virgin Media UK Launch Single Visit FTTP Install Programme,https://www.ispreview.co.uk/index.php/2025/10/broadband-isp-virgin-media-uk-launch-single-visit-fttp-install-programme.html,,0.0,,not_applicable,0,,0,,57,
ISPreview UK,2025-10-09,Tees Valley Authority Publish Performance Map of Local Mobile Signals,https://www.ispreview.co.uk/index.php/2025/10/tees-valley-authority-publish-performance-map-of-local-mobile-signals.html,,0.0,,not_applicable,0,,0,,54,
ISPreview UK,2025-10-09,Gigaclear Start East Gloucestershire UK Project Gigabit Broadband Rollout,https://www.ispreview.co.uk/index.php/2025/10/gigaclear-start-east-gloucestershire-project-gigabit-broadband-rollout.html,,0.0,,not_applicable,0,,0,,55,
ISPreview UK,2025-10-09,Cable Thieves Knock Out Openreach Broadband in County Durham Village,https://www.ispreview.co.uk/index.php/2025/10/cable-thieves-knock-out-openreach-broadband-in-county-durham-village.html,,0.0,,not_applicable,0,,0,,45,
ISPreview UK,2025-10-08,Network Operator and Broadband ISP ICUK Suffers Protracted Attack,https://www.ispreview.co.uk/index.php/2025/10/network-operator-and-broadband-isp-icuk-suffers-protracted-attack.html,,0.0,,not_applicable,0,,0,,42,
ISPreview UK,2025-10-08,eSIM.net Launch Free 30 Day Vodafone eSIM Mobile Plan Called AirFree,https://www.ispreview.co.uk/index.php/2025/10/esim-net-launch-free-30-day-vodafone-esim-mobile-plan-called-airfree.html,,0.0,,not_applicable,0,,0,,64,
ISPreview UK,2025-10-08,Welsh Gov Tenders for £70m Extending High Speed Broadband Project,https://www.ispreview.co.uk/index.php/2025/10/welsh-gov-tenders-for-70m-extending-high-speed-broadband-project.html,,0.0,,not_applicable,0,,0,,55,
ISPreview UK,2025-10-08,Rural UK Broadband Provider Airband Promotes MD to Position of CEO,https://www.ispreview.co.uk/index.php/2025/10/rural-uk-broadband-provider-airband-promotes-md-to-position-of-ceo.html,,0.0,,not_applicable,0,,0,,51,
ISPreview UK,2025-10-08,Ookla Finds UK Trains Deliver Some of the Slowest Wi-Fi Speeds in Europe,https://www.ispreview.co.uk/index.php/2025/10/ookla-finds-uk-trains-deliver-some-of-the-slowest-wi-fi-speeds-in-europe.html,,0.0,,not_applicable,0,,0,,47,
ISPreview UK,2025-10-08,ASA Ban UK ISP Community Fibre’s “Misleading” Best Internet Provider Claims,https://www.ispreview.co.uk/index.php/2025/10/asa-ban-uk-isp-community-fibres-misleading-best-internet-provider-claims.html,,0.0,,not_applicable,0,,0,,48,
ISPreview UK,2025-10-07,Wessex Internet Builds Rural Broadband to 50k UK Premises as Revenues Rise,https://www.ispreview.co.uk/index.php/2025/10/wessex-internet-builds-rural-broadband-to-50k-uk-premises-as-revenues-rise.html,,0.0,,not_applicable,0,,0,,56,
ISPreview UK,2025-10-07,Broadband and Mobile Considered as Part of UK Home Buying and Selling Reform,https://www.ispreview.co.uk/index.php/2025/10/broadband-and-mobile-considered-as-part-of-uk-home-buying-and-selling-reform.html,,0.0,,not_applicable,0,,0,,59,
ISPreview UK,2025-10-07,Ofcom Confirm Bidders for the UK 5G Mobile Auction of 26GHz and 40GHz,https://www.ispreview.co.uk/index.php/2025/10/ofcom-confirm-bidders-for-the-uk-5g-mobile-auction-of-26ghz-and-40ghz.html,,0.0,,not_applicable,0,,0,,58,
ISPreview UK,2025-10-07,Boldyn Networks Boost London’s 5G Mobile Cover via 200 Small Cells,https://www.ispreview.co.uk/index.php/2025/10/boldyn-networks-boost-londons-5g-mobile-cover-via-200-small-cells.html,,0.0,,not_applicable,0,,0,,56,
ISPreview UK,2025-10-07,Rural UK Broadband Altnet Quickline Sees Revenues Grow to £3.9m,https://www.ispreview.co.uk/index.php/2025/10/rural-uk-broadband-altnet-quickline-sees-revenues-grow-to-3-9m.html,,0.0,,not_applicable,0,,0,,60,
ISPreview UK,2025-10-07,Virgin Media O2 UK Claims 1.8 Million over-65s Have Fallen for Online Scams,https://www.ispreview.co.uk/index.php/2025/10/virgin-media-o2-uk-claims-1-8-million-over-65s-have-fallen-for-online-scams.html,,0.0,,not_applicable,0,,0,,63,
ISPreview UK,2025-10-06,Briant Broadband Bring 5Gbps Speeds to Own Network Around Worthing UK,https://www.ispreview.co.uk/index.php/2025/10/briant-broadband-bring-5gbps-speeds-to-own-network-around-worthing-uk.html,,0.0,,not_applicable,0,,0,,48,
ISPreview UK,2025-10-06,Greater Anglia Tops Ranking of UK Train Operators for Onboard Connectivity,https://www.ispreview.co.uk/index.php/2025/10/greater-anglia-tops-ranking-of-uk-train-operators-for-onboard-connectivity.html,,0.0,,not_applicable,0,,0,,56,
ISPreview UK,2025-10-06,London Internet Exchange Deploys 25th 400Gbps Ethernet Port,https://www.ispreview.co.uk/index.php/2025/10/london-internet-exchange-deploys-25th-400gbps-ethernet-port.html,,0.0,,not_applicable,0,,0,,49,
ISPreview UK,2025-10-06,Oak Tree Housing Association Agrees Deal to Deploy Full Fibre in Greenock,https://www.ispreview.co.uk/index.php/2025/10/oak-tree-housing-association-agrees-deal-to-deploy-full-fibre-in-greenock.html,,0.0,,not_applicable,0,,0,,56,
ISPreview UK,2025-10-06,Competition Concerns Raised Over New Openreach FTTP Broadband Discount,https://www.ispreview.co.uk/index.php/2025/10/competition-concerns-raised-over-new-openreach-fttp-broadband-discount.html,,0.0,,not_applicable,0,,0,,57,
ISPreview UK,2025-10-04,Broadband Outages on Shetland After Second Subsea Fibre Break in 3 Months UPDATE,https://www.ispreview.co.uk/index.php/2025/10/broadband-outages-on-shetland-after-second-subsea-fibre-break-in-3-months.html,,0.0,,not_applicable,0,,0,,55,
ISPreview UK,2025-10-03,Virgin Media UK Give TV Customers Free Access to Kids Channels During Oct 2025,https://www.ispreview.co.uk/index.php/2025/10/virgin-media-uk-give-tv-customers-free-access-to-kids-channels-during-oct-2025.html,,0.0,,not_applicable,0,,0,,49,
ISPreview UK,2025-10-03,Broadband ISP Aquiss Launch UK FTTP Broadband Packages via Gigaclear,https://www.ispreview.co.uk/index.php/2025/10/broadband-isp-aquiss-launch-uk-fttp-broadband-packages-via-gigaclear.html,,0.0,,not_applicable,0,,0,,46,
ISPreview UK,2025-10-03,Sky and RM Tech to Improve High-Speed Fibre Connectivity for UK Schools,https://www.ispreview.co.uk/index.php/2025/10/sky-and-rm-tech-to-improve-high-speed-fibre-connectivity-for-uk-schools.html,,0.0,,not_applicable,0,,0,,41,
ISPreview UK,2025-10-02,BT Completes £1.9m Full Fibre Build for Swansea Bay City Deal,https://www.ispreview.co.uk/index.php/2025/10/bt-completes-1-9m-full-fibre-build-for-swansea-bay-city-deal.html,,0.0,,not_applicable,0,,0,,39,
ISPreview UK,2025-10-02,Study Claims Half of Brits Face Broadband Disruptions Twice a Month or More,https://www.ispreview.co.uk/index.php/2025/10/study-claims-half-of-brits-face-broadband-disruptions-twice-a-month-or-more.html,,0.0,,not_applicable,0,,0,,54,
ISPreview UK,2025-10-02,VeloxServ Add Gigaclear’s Rural UK Broadband Network to Wholesale Platform,https://www.ispreview.co.uk/index.php/2025/10/veloxserv-add-gigaclears-rural-uk-broadband-network-to-wholesale-platform.html,,0.0,,not_applicable,0,,0,,53,
ISPreview UK,2025-10-02,Vodafone and Nokia Trial Lag Busting L4S Tech on Live Home Broadband Link,https://www.ispreview.co.uk/index.php/2025/10/vodafone-and-nokia-trial-lag-busting-l4s-tech-on-live-home-broadband-link.html,,0.0,,not_applicable,0,,0,,53,
ISPreview UK,2025-10-02,"Gov Encourages Pension Firms to Invest in UK Science, Tech and Digital",https://www.ispreview.co.uk/index.php/2025/10/gov-encourages-pension-firms-to-invest-in-uk-science-tech-and-digital.html,other,0.3,,neutral,1,AI,0,,55,
ISPreview UK,2025-10-02,Emtelle UK Expands Fibre Supply Deal to Support Highland Broadband,https://www.ispreview.co.uk/index.php/2025/10/emtelle-uk-expands-fibre-supply-deal-to-support-highland-broadband.html,,0.0,,not_applicable,0,,0,,49,
ISPreview UK,2025-10-02,O2 to Boost UK 5G Mobile Performance with New Nokia Massive MIMO Tech,https://www.ispreview.co.uk/index.php/2025/10/o2-to-boost-uk-5g-mobile-performance-with-new-nokia-massive-mimo-tech.html,,0.0,,not_applicable,0,,0,,51,
ISPreview UK,2025-10-02,EE to Expand 5G Standalone Mobile Cover to 99 Percent of UK Population by 2030,https://www.ispreview.co.uk/index.php/2025/10/ee-to-expand-5g-standalone-mobile-cover-to-99-percent-of-uk-population-by-2030.html,,0.0,,not_applicable,0,,0,,62,
ISPreview UK,2025-10-02,Broadband Disrupted Near Durham UK After Vandals Cut Fibre Optic Cables,https://www.ispreview.co.uk/index.php/2025/10/broadband-disrupted-near-durham-uk-after-vandals-cut-fibre-optic-cables.html,,0.0,,not_applicable,0,,0,,50,
ISPreview UK,2025-10-02,Virgin Media UK Increases Mid-Contract Price Hikes to £4 and Refreshes Bundles,https://www.ispreview.co.uk/index.php/2025/10/virgin-media-uk-increases-annual-mid-contract-price-hikes-to-4.html,,0.0,,not_applicable,0,,0,,65,
ISPreview UK,2025-10-01,Mobile Operator Lebara UK Finally Starts Introducing eSIM Support,https://www.ispreview.co.uk/index.php/2025/10/mobile-operator-lebara-uk-finally-starts-introducing-esim-support.html,,0.0,,not_applicable,0,,0,,54,
ISPreview UK,2025-10-01,Broadband ISP Brillband Launch WiFi 7 Routers as Standard on UK Plans,https://www.ispreview.co.uk/index.php/2025/10/broadband-isp-brillband-launch-wifi-7-routers-as-standard-on-uk-plans.html,,0.0,,not_applicable,0,,0,,53,
ISPreview UK,2025-10-01,"O2 UK and Freshwave Expand 4G Small Cells in Perth, Scotland",https://www.ispreview.co.uk/index.php/2025/10/o2-uk-and-freshwave-expand-4g-small-cells-in-perth-scotland.html,,0.0,,not_applicable,0,,0,,44,
ISPreview UK,2025-10-01,Disney+ Internet Video Streaming Service Hikes UK Prices for 2025,https://www.ispreview.co.uk/index.php/2025/10/disney-internet-video-streaming-service-hikes-uk-prices-for-2025.html,,0.0,,not_applicable,0,,0,,49,
ISPreview UK,2025-10-01,CityFibre Report 730K UK Broadband Customers as FTTP Covers 4.6M Premises,https://www.ispreview.co.uk/index.php/2025/10/cityfibre-report-730k-uk-broadband-customers-as-fttp-covers-4-6m-premises.html,,0.0,,not_applicable,0,,0,,54,
ISPreview UK,2025-10-01,Broadband ISPs Brsk and YouFibre Launch Black Friday Sale – Make WiFi 7 Standard,https://www.ispreview.co.uk/index.php/2025/10/broadband-isp-brsk-launch-uk-black-friday-sale-and-make-wifi-7-standard.html,,0.0,,not_applicable,0,,0,,59,
ISPreview UK,2025-09-30,New ISP Orbus Broadband Launches and Promises Best WiFi Across UK,https://www.ispreview.co.uk/index.php/2025/09/new-isp-orbus-broadband-launches-and-promises-best-wifi-across-uk.html,,0.0,,not_applicable,0,,0,,52,
ISPreview UK,2025-09-30,Popular Image Sharing Site Imgur.com Blocks Access to UK Visitors UPDATE4,https://www.ispreview.co.uk/index.php/2025/09/popular-image-sharing-site-imgur-com-blocks-access-to-uk-visitors.html,,0.0,,not_applicable,0,,0,,58,
ISPreview UK,2025-09-30,Toob Expand FTTP Broadband Reach via CityFibre to 33 UK Towns and Cities,https://www.ispreview.co.uk/index.php/2025/09/toob-expand-fttp-broadband-reach-via-cityfibre-to-33-uk-towns-and-cities.html,,0.0,,not_applicable,0,,0,,58,
ISPreview UK,2025-09-30,IOEMA’s 1Pbps Subsea Fibre Cable Project Between UK and Europe Expands,https://www.ispreview.co.uk/index.php/2025/09/ioemas-1pbps-subsea-fibre-cable-project-between-uk-and-europe-expands.html,,0.0,,not_applicable,0,,0,,59,
ISPreview UK,2025-09-29,Openreach Launches Alternative UK Analogue Phone Line Product,https://www.ispreview.co.uk/index.php/2025/09/openreach-launches-alternative-uk-analogue-phone-line-product.html,,0.0,,not_applicable,0,,0,,63,
ISPreview UK,2025-09-29,Mobile Infrastructure Firm Cornerstone Adopts AI to Boost UK Rollout,https://www.ispreview.co.uk/index.php/2025/09/mobile-infrastructure-firm-cornerstone-adopts-ai-to-boost-uk-rollout.html,network_planning_deployment,0.95,network_planning_deployment,positive,3,"AI,Agentic Video Intelligence,video intelligence",1,AI,51,"Cornerstone has adopted Vyntelligence’s Agentic Video Intelligence AI technology to accelerate the rollout of new masts across the UK, cutting deployment time and costs. The computer‑vision‑based system streamlines site selection and construction planning, boosting the efficiency of its network expansion."
ISPreview UK,2025-09-29,Virgin Media O2 Expand UK 3G Mobile Switch Off to Scotland,https://www.ispreview.co.uk/index.php/2025/09/virgin-media-o2-expand-uk-3g-mobile-switch-off-to-scotland.html,,0.0,,not_applicable,0,,0,,47,
ISPreview UK,2025-09-29,Broadband Altnet Hyperoptic Not Hunting Fresh UK Funding as Gross Profit Hits £87m,https://www.ispreview.co.uk/index.php/2025/09/broadband-altnet-hyperoptic-hunt-fresh-uk-funding-as-gross-profit-hits-87m.html,,0.0,,not_applicable,0,,0,,69,
ISPreview UK,2025-09-29,Humax to Release PVR Set Top Box for Freely’s UK Broadband TV Service,https://www.ispreview.co.uk/index.php/2025/09/humax-to-release-pvr-set-top-box-for-freelys-uk-broadband-tv-service.html,,0.0,,not_applicable,0,,0,,63,
ISPreview UK,2025-09-29,Broadband ISP Airband Target Positive EBITDA for 2028 as Funding Concerns Loom UPDATE,https://www.ispreview.co.uk/index.php/2025/09/broadband-isp-airband-target-positive-ebitda-for-2028-as-funding-concerns-loom.html,,0.0,,not_applicable,0,,0,,63,
ISPreview UK,2025-09-28,Hints of 5Gbps Broadband and Package Tweaks from Virgin Media UK,https://www.ispreview.co.uk/index.php/2025/09/hints-of-5gbps-broadband-and-package-tweaks-from-virgin-media-uk.html,,0.0,,not_applicable,0,,0,,58,
ISPreview UK,2025-09-27,Zen Internet UK Gives Free Speed Boost to Some CityFibre Customers,https://www.ispreview.co.uk/index.php/2025/09/zen-internet-uk-gives-free-speed-boost-to-some-cityfibre-customers.html,,0.0,,not_applicable,0,,0,,49,
ISPreview UK,2025-09-26,Landline UK Phones Still Popular with Some Groups – 28 Percent of GEN Z Have One,https://www.ispreview.co.uk/index.php/2025/09/landline-uk-phones-still-popular-with-some-groups-28-percent-of-gen-z-have-one.html,,0.0,,not_applicable,0,,0,,62,
ISPreview UK,2025-09-26,Broadband ISP Virgin Media UK Offers £70 to Customers Who Refer a Friend,https://www.ispreview.co.uk/index.php/2025/09/broadband-isp-virgin-media-uk-offers-70-to-customers-who-refer-a-friend.html,,0.0,,not_applicable,0,,0,,46,
ISPreview UK,2025-09-26,Openreach Give ISPs 48 Hours to Remove Lithium Batteries from UK Exchanges UPDATE,https://www.ispreview.co.uk/index.php/2025/09/openreach-give-isps-48-hours-to-remove-lithium-batteries-from-uk-exchanges.html,,0.0,,not_applicable,0,,0,,51,
ISPreview UK,2025-09-26,Sky Mobile Customers Suffer Spate of UK eSIM Activation Problems,https://www.ispreview.co.uk/index.php/2025/09/sky-mobile-customers-suffer-spate-of-uk-esim-activation-problems.html,,0.0,,not_applicable,0,,0,,59,
ISPreview UK,2025-09-26,iD Mobile UK Offers 5G Unlimited Mobile Broadband Data Plan for £8,https://www.ispreview.co.uk/index.php/2025/09/id-mobile-uk-offers-5g-unlimited-mobile-broadband-data-plan-for-8.html,,0.0,,not_applicable,0,,0,,57,
ISPreview UK,2025-09-26,Government to Expand UK Availability of Gigabit Broadband Voucher Scheme,https://www.ispreview.co.uk/index.php/2025/09/government-to-expand-uk-availability-of-gigabit-broadband-voucher-scheme.html,,0.0,,not_applicable,0,,0,,54,
ISPreview UK,2025-09-25,Ofcom Warn UK People to Watch for Scammers Impersonating the Regulator,https://www.ispreview.co.uk/index.php/2025/09/ofcom-warn-uk-people-to-watch-for-scammers-impersonating-the-regulator.html,,0.0,,not_applicable,0,,0,,49,
ISPreview UK,2025-09-25,Comms Council UK Name Winners of Best 2025 VoIP Provider Awards,https://www.ispreview.co.uk/index.php/2025/09/comms-council-uk-name-winners-of-best-2025-voip-provider-awards.html,,0.0,,not_applicable,0,,0,,50,
ISPreview UK,2025-09-25,Full Fibre Provider ITS Technology Launch Enterprise-Grade Security for Every Business,https://www.ispreview.co.uk/index.php/2025/09/full-fibre-provider-its-technology-launch-enterprise-grade-security-for-every-business.html,,0.0,,not_applicable,0,,0,,54,
ISPreview UK,2025-09-25,Virgin Media UK Deploys New TV 360 and STREAM OS Software Update,https://www.ispreview.co.uk/index.php/2025/09/virgin-media-uk-deploys-new-tv-360-and-stream-os-software-update.html,,0.0,,not_applicable,0,,0,,53,
ISPreview UK,2025-09-25,ISP Zen Internet Signs Deal to Harness MS3’s UK Full Fibre Network UPDATE,https://www.ispreview.co.uk/index.php/2025/09/isp-zen-internet-signs-deal-to-harness-ms3s-uk-full-fibre-network.html,,0.0,,not_applicable,0,,0,,60,
ISPreview UK,2025-09-25,Broadband ISP TalkTalk Launch “Better Way to Wi-Fi” via New U Product UPDATE,https://www.ispreview.co.uk/index.php/2025/09/broadband-isp-talktalk-launch-better-way-to-wi-fi-via-new-u-product.html,,0.0,,not_applicable,0,,0,,66,
ISPreview UK,2025-09-25,BT Study Claims UK Digital Network Upgrades to Deliver £3bn in Economic Benefits,https://www.ispreview.co.uk/index.php/2025/09/bt-study-claims-uk-digital-network-upgrades-to-deliver-3bn-in-economic-benefits.html,,0.0,,not_applicable,0,,0,,49,
ISPreview UK,2025-09-25,Ofcom Fines UK VoIP Provider Vonage £700k Over 999 Access Failure UPDATE,https://www.ispreview.co.uk/index.php/2025/09/ofcom-fines-uk-voip-provider-vonage-700k-over-999-access-failure.html,,0.0,,not_applicable,0,,0,,56,
ISPreview UK,2025-09-25,Citizens Advice Reveal “murky practice” of Hidden UK Broadband and Mobile Deals,https://www.ispreview.co.uk/index.php/2025/09/citizens-advice-reveal-murky-practice-of-hidden-uk-broadband-and-mobile-deals.html,,0.0,,not_applicable,0,,0,,57,
ISPreview UK,2025-09-25,Connected Britain Names 2025 UK Broadband Award Winners,https://www.ispreview.co.uk/index.php/2025/09/connected-britain-names-2025-uk-broadband-award-winners.html,,0.0,,not_applicable,0,,0,,47,
ISPreview UK,2025-09-24,First 50 Students in Lincolnshire Benefit from Quickline’s New Bursary,https://www.ispreview.co.uk/index.php/2025/09/first-50-students-in-lincolnshire-benefit-from-quicklines-new-bursary.html,,0.0,,not_applicable,0,,0,,60,
ISPreview UK,2025-09-24,EE UK Named Official UK Partner for the Call of Duty Black Ops 7 Launch,https://www.ispreview.co.uk/index.php/2025/09/ee-uk-named-official-uk-partner-for-the-call-of-duty-black-ops-7-launch.html,,0.0,,not_applicable,0,,0,,67,
ISPreview UK,2025-09-24,BT CEO Complains UK Telecoms Operators Pay 10 Times More Than Peers,https://www.ispreview.co.uk/index.php/2025/09/bt-ceo-complains-uk-telecoms-operators-pay-10-times-more-than-peers.html,,0.0,,not_applicable,0,,0,,54,
ISPreview UK,2025-09-24,"Vodafone, Meta and Google Show Impact of Video Compression on Mobile Networks",https://www.ispreview.co.uk/index.php/2025/09/vodafone-meta-and-google-show-impact-of-video-compression-on-mobile-networks.html,,0.0,,not_applicable,0,,0,,53,
ISPreview UK,2025-09-24,Channel 4 Prep Exclusive UK Streaming Channels for Freely’s Broadband TV Service,https://www.ispreview.co.uk/index.php/2025/09/channel-4-prep-exclusive-uk-streaming-channels-for-freelys-broadband-tv-service.html,,0.0,,not_applicable,0,,0,,41,
ISPreview UK,2025-09-24,Top 17 Largest UK Full Fibre Broadband Networks by Coverage – H2 2025,https://www.ispreview.co.uk/index.php/2025/09/top-17-largest-full-fibre-broadband-networks-by-uk-coverage-h2-2025.html,,0.0,,not_applicable,0,,0,,57,
ISPreview UK,2025-09-24,Openreach Build FTTP Broadband to 20 Million UK Homes as Uptake Hits 38 Percent,https://www.ispreview.co.uk/index.php/2025/09/openreach-build-fttp-broadband-to-20-million-uk-homes-as-uptake-hits-38-percent.html,,0.0,,not_applicable,0,,0,,51,
ISPreview UK,2025-09-23,Fibrus Founder Claims Outdated Rules Force UK Taxpayers to Fund Rural Broadband,https://www.ispreview.co.uk/index.php/2025/09/fibrus-founder-claims-outdated-rules-force-uk-taxpayers-to-fund-rural-broadband.html,,0.0,,not_applicable,0,,0,,46,
ISPreview UK,2025-09-23,Broadband ISP Olilo Connects First UK Customers via AllPoints Fibre Networks,https://www.ispreview.co.uk/index.php/2025/09/broadband-isp-olilo-connects-first-uk-customers-via-allpoints-fibre-networks.html,,0.0,,not_applicable,0,,0,,55,
ISPreview UK,2025-09-23,"Virgin Media UK and Nexfibre Bring Full Fibre to 21,000 Homes in Littlehampton",https://www.ispreview.co.uk/index.php/2025/09/virgin-media-uk-and-nexfibre-bring-full-fibre-to-21000-homes-in-littlehampton.html,,0.0,,not_applicable,0,,0,,54,
ISPreview UK,2025-09-23,Thousands of myenergi EV Chargers to Help Openreach Charge Vans at Home,https://www.ispreview.co.uk/index.php/2025/09/thousands-of-myenergi-ev-chargers-to-help-openreach-charge-vans-at-home.html,,0.0,,not_applicable,0,,0,,63,
ISPreview UK,2025-09-23,LNER Further Improves 4G Mobile and WiFi Coverage on East Coast Main Line,https://www.ispreview.co.uk/index.php/2025/09/lner-further-improves-4g-mobile-and-wifi-coverage-on-east-coast-main-line.html,,0.0,,not_applicable,0,,0,,51,
ISPreview UK,2025-09-23,Starlink Updates App for Satellite Broadband Service with Event Log,https://www.ispreview.co.uk/index.php/2025/09/starlink-updates-app-for-satellite-broadband-service-with-event-log.html,,0.0,,not_applicable,0,,0,,47,
ISPreview UK,2025-09-23,"ISP Toob Connect 100,000 Customers to its UK Fibre Broadband Network",https://www.ispreview.co.uk/index.php/2025/09/isp-toob-connects-100000-customers-to-its-uk-broadband-network.html,,0.0,,not_applicable,0,,0,,48,
ISPreview UK,2025-09-23,Openreach to Trial UK FTTP Broadband Speeds of 8.5Gbps in Q1 2026,https://www.ispreview.co.uk/index.php/2025/09/openreach-to-trial-uk-fttp-broadband-speeds-of-8-5gbps-in-q1-2026.html,,0.0,,not_applicable,0,,0,,55,
ISPreview UK,2025-09-23,Netomnia Refreshes UK Brand as FTTP Broadband Network Expands,https://www.ispreview.co.uk/index.php/2025/09/netomnia-refreshes-uk-broadband-brand-as-fttp-network-expands.html,,0.0,,not_applicable,0,,0,,55,
ISPreview UK,2025-09-22,Vodafone UK Set to Switch Off 2G Mobile Services During 2030,https://www.ispreview.co.uk/index.php/2025/09/vodafone-uk-set-to-switch-off-2g-mobile-services-during-2030.html,,0.0,,not_applicable,0,,0,,57,
ISPreview UK,2025-09-22,Tarana Make 6GHz Fixed Wireless Broadband Update Available to UK ISPs,https://www.ispreview.co.uk/index.php/2025/09/tarana-make-6ghz-fixed-wireless-broadband-update-available-to-uk-isps.html,,0.0,,not_applicable,0,,0,,55,
ISPreview UK,2025-09-22,Openreach Update on Progress of Innovations in UK FTTP Broadband Build,https://www.ispreview.co.uk/index.php/2025/09/openreach-update-on-progress-of-innovations-in-uk-fttp-broadband-build.html,,0.0,,not_applicable,0,,0,,47,
ISPreview UK,2025-09-22,Channel Islands Customers on Airtel Vodafone Start Migration to Sure,https://www.ispreview.co.uk/index.php/2025/09/channel-islands-customers-on-airtel-vodafone-start-migration-to-sure.html,,0.0,,not_applicable,0,,0,,61,
ISPreview UK,2025-09-22,"MS3 Hit 20,000 Customer Milestone on Hull UK FTTP Broadband Network",https://www.ispreview.co.uk/index.php/2025/09/ms3-hit-20000-customer-milestone-on-hull-uk-fttp-broadband-network.html,,0.0,,not_applicable,0,,0,,49,
ISPreview UK,2025-09-22,VodafoneThree Sign £2bn UK Network Upgrade Deal with Ericsson and Nokia,https://www.ispreview.co.uk/index.php/2025/09/vodafonethree-sign-multi-billion-uk-networking-deals-with-ericsson-and-nokia.html,,0.0,,not_applicable,0,,0,,54,
ISPreview UK,2025-09-21,Broadband Group TalkTalk Set to Appoint PJT Partners to Oversee UK Break-up,https://www.ispreview.co.uk/index.php/2025/09/broadband-group-talktalk-set-to-appoint-pjt-partners-to-oversee-uk-break-up.html,,0.0,,not_applicable,0,,0,,68,
ISPreview UK,2025-09-20,Grain Adds Town of Nelson to UK Full Fibre Broadband Rollout Plan,https://www.ispreview.co.uk/index.php/2025/09/grain-adds-town-of-nelson-to-uk-full-fibre-broadband-rollout-plan.html,,0.0,,not_applicable,0,,0,,53,
ISPreview UK,2025-09-19,Cross-Party Inquiry Finds UK Unprepared for Attacks on Subsea Fibre Cables,https://www.ispreview.co.uk/index.php/2025/09/cross-party-inquiry-finds-uk-unprepared-for-disruption-to-subsea-fibre-cables.html,,0.0,,not_applicable,0,,0,,61,
ISPreview UK,2025-09-19,Welsh Full Fibre Broadband ISP Ogi Confirms Departure of Current CEO UPDATE,https://www.ispreview.co.uk/index.php/2025/09/welsh-full-fibre-broadband-isp-ogi-confirms-ceos-departure.html,,0.0,,not_applicable,0,,0,,51,
ISPreview UK,2025-09-19,Owners of Fishing Trawler Ordered to Pay Virgin Media £346k Over Cable Break UPDATE,https://www.ispreview.co.uk/index.php/2025/09/owners-of-fishing-trawler-ordered-to-pay-virgin-media-346k-over-cable-break.html,,0.0,,not_applicable,0,,0,,50,
ISPreview UK,2025-09-19,New UK Broadband ISP NuFibre Adopts WiFi 6 Home Routers from Genexis,https://www.ispreview.co.uk/index.php/2025/09/new-uk-broadband-isp-nufibre-adopts-wifi-6-home-routers-from-genexis.html,,0.0,,not_applicable,0,,0,,61,
ISPreview UK,2025-09-19,Hollow Core Fibre Cables Step Closer to Commercialisation in the UK,https://www.ispreview.co.uk/index.php/2025/09/hollow-core-fibre-cables-step-closer-to-commercialisation-in-the-uk.html,,0.0,,not_applicable,0,,0,,41,
ISPreview UK,2025-09-19,Altnet Broadband ISP Grain Expands UK Full Fibre Network in Grimsby,https://www.ispreview.co.uk/index.php/2025/09/altnet-broadband-isp-grain-expands-uk-full-fibre-network-in-grimsby.html,,0.0,,not_applicable,0,,0,,44,
ISPreview UK,2025-09-18,CWP Develops Own Broadband Switching Solution for UK Business ISPs,https://www.ispreview.co.uk/index.php/2025/09/cwp-develops-own-broadband-switching-solution-for-uk-business-isps.html,,0.0,,not_applicable,0,,0,,47,
ISPreview UK,2025-09-18,"Virgin Media UK and Nexfibre Bring Full Fibre to 12,000 Homes in Sleaford",https://www.ispreview.co.uk/index.php/2025/09/virgin-media-uk-and-nexfibre-bring-full-fibre-to-12000-homes-in-sleaford.html,,0.0,,not_applicable,0,,0,,52,
ISPreview UK,2025-09-18,PlatformX Communications to Make 300 More UK Staff Redundant,https://www.ispreview.co.uk/index.php/2025/09/platformx-communications-to-make-300-more-uk-staff-redundant.html,,0.0,,not_applicable,0,,0,,52,
ISPreview UK,2025-09-18,Broadband Altnet Fibrus Publish Audited UK Accounts and Pre-Tax Loss of £57.6m,https://www.ispreview.co.uk/index.php/2025/09/broadband-altnet-fibrus-publish-audited-uk-accounts-and-pre-tax-loss-of-57-6m.html,,0.0,,not_applicable,0,,0,,62,
ISPreview UK,2025-09-18,TBB Launch Postcode Broadband Availability Notifications by Subscription,https://www.ispreview.co.uk/index.php/2025/09/tbb-launch-postcode-broadband-availability-notifications-by-subscription.html,,0.0,,not_applicable,0,,0,,51,
ISPreview UK,2025-09-18,UK ISP TalkTalk Business Replaces Legacy Systems and Appoints New Ops Director,https://www.ispreview.co.uk/index.php/2025/09/uk-isp-talktalk-business-replaces-legacy-systems-and-appoints-new-ops-director.html,,0.0,,not_applicable,0,,0,,50,
ISPreview UK,2025-09-18,A Look at Amazon’s Project Kuiper Satellite Broadband Terminals and Speeds,https://www.ispreview.co.uk/index.php/2025/09/a-look-at-amazons-project-kuiper-satellite-broadband-terminals-and-speeds.html,,0.0,,not_applicable,0,,0,,59,
ISPreview UK,2025-09-17,GoFibre to Grow UK Broadband Engineering Fleet by 140 Vehicles,https://www.ispreview.co.uk/index.php/2025/09/gofibre-to-grow-uk-broadband-engineering-fleet-by-140-vehicles.html,,0.0,,not_applicable,0,,0,,50,
ISPreview UK,2025-09-17,Openreach Launch New Telecare Phone Migration Services Across UK,https://www.ispreview.co.uk/index.php/2025/09/openreach-launch-new-telecare-phone-migration-services-across-uk.html,,0.0,,not_applicable,0,,0,,58,
ISPreview UK,2025-09-17,Ofcom UK Open Second Investigation into IX Wireless’ Broadband Poles,https://www.ispreview.co.uk/index.php/2025/09/ofcom-uk-open-second-investigation-into-ix-wireless-broadband-poles.html,,0.0,,not_applicable,0,,0,,60,
ISPreview UK,2025-09-17,Virgin Media UK Create Fixed Wholesale Broadband Unit for Consumer and Business,https://www.ispreview.co.uk/index.php/2025/09/virgin-media-o2-uk-create-dedicate-fixed-wholesale-unit-for-consumer-and-business.html,,0.0,,not_applicable,0,,0,,58,
ISPreview UK,2025-09-17,Rural UK ISP Gigaclear Adopts AI to Improve Customer Broadband Installs,https://www.ispreview.co.uk/index.php/2025/09/rural-uk-isp-gigaclear-adopts-ai-to-improve-customer-broadband-installs.html,internal_productivity_workforce,0.8,internal_productivity_workforce,positive,1,AI,1,AI,60,"Gigaclear has adopted Vyntelligence’s AI video technology to streamline its fibre installation process, using computer‑vision guided workflows to cut unnecessary work and improve the customer installation journey. The technology helps installers work more efficiently, reducing delays and enhancing customer satisfaction."
ISPreview UK,2025-09-17,Openreach Sees UK Full Fibre Broadband Traffic Grow 35 Percent in H1 2025,https://www.ispreview.co.uk/index.php/2025/09/openreach-sees-uk-full-fibre-broadband-traffic-grow-35-percent-in-h1-2025.html,,0.0,,not_applicable,0,,0,,63,
ISPreview UK,2025-09-16,Transport for Wales Trials Satellite Broadband for Bus WiFi Services,https://www.ispreview.co.uk/index.php/2025/09/transport-for-wales-trials-satellite-broadband-for-bus-wifi-services.html,,0.0,,not_applicable,0,,0,,53,
ISPreview UK,2025-09-16,Wireless ISP WiFi Scotland Brings Full Fibre Broadband to Rural Moray,https://www.ispreview.co.uk/index.php/2025/09/wireless-isp-wifi-scotland-brings-full-fibre-broadband-to-rural-moray.html,,0.0,,not_applicable,0,,0,,57,
ISPreview UK,2025-09-16,Sky UK Informs Workers that up to 600 Staff Face the Chop,https://www.ispreview.co.uk/index.php/2025/09/sky-uk-informs-workers-that-up-to-600-staff-face-the-chop.html,,0.0,,not_applicable,0,,0,,65,
ISPreview UK,2025-09-16,"New Full Fibre Broadband Network Goes Live at Margam Park, Neath Port Talbot",https://www.ispreview.co.uk/index.php/2025/09/new-full-fibre-broadband-network-goes-live-at-margam-park-neath-port-talbot.html,,0.0,,not_applicable,0,,0,,42,
ISPreview UK,2025-09-16,Ofcom UK Propose to Speed Up NGSO Licensing for LEO Broadband Satellites,https://www.ispreview.co.uk/index.php/2025/09/ofcom-uk-propose-to-speed-up-ngso-licensing-for-leo-broadband-satellites.html,,0.0,,not_applicable,0,,0,,53,
ISPreview UK,2025-09-16,Freedom Fibre Expand UK Wholesale Broadband Partnership with PXC,https://www.ispreview.co.uk/index.php/2025/09/freedom-fibre-expand-uk-wholesale-broadband-partnership-with-pxc.html,,0.0,,not_applicable,0,,0,,46,
ISPreview UK,2025-09-16,Beware Email Scams Seeking Feedback on the UK’s Emergency Alerts Test,https://www.ispreview.co.uk/index.php/2025/09/beware-email-scams-seeking-feedback-on-the-uks-emergency-alerts-test.html,,0.0,,not_applicable,0,,0,,52,
ISPreview UK,2025-09-16,O2 UK Expands Mobile 5G Standalone Network to 500 Towns and Cities,https://www.ispreview.co.uk/index.php/2025/09/o2-uk-expands-mobile-5g-standalone-network-to-500-towns-and-cities.html,,0.0,,not_applicable,0,,0,,58,
ISPreview UK,2025-09-16,SignalTracker Compares Performance of UK Mobile Operators to Virtual Siblings,https://www.ispreview.co.uk/index.php/2025/09/signaltracker-compares-performance-of-uk-mobile-operators-to-virtual-siblings.html,,0.0,,not_applicable,0,,0,,57,
ISPreview UK,2025-09-15,Broadband ISP LitFibre Launch New UK Business Packages up to 2.4Gbps UPDATE,https://www.ispreview.co.uk/index.php/2025/09/broadband-isp-litfibre-launch-new-uk-business-packages-up-to-2-4gbps.html,,0.0,,not_applicable,0,,0,,56,
ISPreview UK,2025-09-15,Mobile Operator GiffGaff Launch UK Full Fibre Broadband Packages UPDATE2,https://www.ispreview.co.uk/index.php/2025/09/mobile-operator-giffgaff-launch-uk-full-fibre-broadband-packages.html,,0.0,,not_applicable,0,,0,,52,
ISPreview UK,2025-09-15,TalkTalk Survey Claims Wi-Fi is Most Popular UK Name for Broadband UPDATE,https://www.ispreview.co.uk/index.php/2025/09/talktalk-survey-claims-wi-fi-is-most-popular-uk-name-for-home-broadband.html,,0.0,,not_applicable,0,,0,,59,
ISPreview UK,2025-09-15,Ookla Launch Scheme to Help People Verify if Places Offer Good Broadband,https://www.ispreview.co.uk/index.php/2025/09/ookla-launch-scheme-to-help-people-verify-if-places-offer-good-broadband.html,,0.0,,not_applicable,0,,0,,51,
ISPreview UK,2025-09-15,Mobile Operator Talkmobile UK Finally Introduce eSIM Support,https://www.ispreview.co.uk/index.php/2025/09/mobile-operator-talkmobile-uk-finally-introduce-esim-support.html,,0.0,,not_applicable,0,,0,,45,
ISPreview UK,2025-09-15,Bharti Bosses Join BT Group’s UK Board as Non-Executive Directors,https://www.ispreview.co.uk/index.php/2025/09/bharti-bosses-join-bt-groups-uk-board-as-non-executive-directors.html,,0.0,,not_applicable,0,,0,,42,
ISPreview UK,2025-09-15,Starlink Suffers Another Global Broadband Outage of Satellite Network,https://www.ispreview.co.uk/index.php/2025/09/starlink-suffers-another-global-broadband-outage-of-satellite-network.html,,0.0,,not_applicable,0,,0,,51,
ISPreview UK,2025-09-13,Rural Wales Village of Rhydlewis Raises £1.4m to Complete FTTP Broadband Build,https://www.ispreview.co.uk/index.php/2025/09/rural-wales-village-of-rhydlewis-raises-1-4m-to-complete-fttp-broadband-build.html,,0.0,,not_applicable,0,,0,,50,
ISPreview UK,2025-09-13,Newcastle to Deploy Free City-Wide Public WiFi Wireless Network,https://www.ispreview.co.uk/index.php/2025/09/newcastle-to-deploy-free-city-wide-public-wifi-wireless-network.html,,0.0,,not_applicable,0,,0,,49,
ISPreview UK,2025-09-12,BBC Expands Low Latency Video Streaming Trial on iPlayer Service,https://www.ispreview.co.uk/index.php/2025/09/bbc-expands-low-latency-video-streaming-trial-on-iplayer-service.html,,0.0,,not_applicable,0,,0,,52,
ISPreview UK,2025-09-12,First UK Project Gigabit Broadband Contract Completes in North Northumberland,https://www.ispreview.co.uk/index.php/2025/09/first-uk-project-gigabit-broadband-contract-completes-in-north-northumberland.html,,0.0,,not_applicable,0,,0,,55,
ISPreview UK,2025-09-12,Ofcom Celebrate as 1.6 Million UK People Switch Broadband or Phone via OTS UPDATE,https://www.ispreview.co.uk/index.php/2025/09/ofcom-celebrate-as-1-6-million-uk-people-switch-broadband-or-phone-via-ots.html,,0.0,,not_applicable,0,,0,,45,
ISPreview UK,2025-09-12,Vodafone Launch UEFA Champions League Travel eSIM for Football Fans,https://www.ispreview.co.uk/index.php/2025/09/vodafone-to-launch-uefa-champions-league-travel-esim-for-football-fans.html,,0.0,,not_applicable,0,,0,,41,
ISPreview UK,2025-09-12,Openreach to Cut Price of FTTP Broadband Rental on UK Proactive Upgrades,https://www.ispreview.co.uk/index.php/2025/09/openreach-to-cut-price-of-fttp-broadband-rental-on-uk-proactive-upgrades.html,,0.0,,not_applicable,0,,0,,48,
ISPreview UK,2025-09-12,Giffgaff Expand UK Full Fibre Broadband Trial with Extra Speed Options,https://www.ispreview.co.uk/index.php/2025/09/giffgaff-expand-uk-full-fibre-broadband-trial-with-extra-speed-options.html,,0.0,,not_applicable,0,,0,,53,
ISPreview UK,2025-09-12,Sky Mobile UK Offers Discounted £1 Pay Monthly 5G SIM Only Plan,https://www.ispreview.co.uk/index.php/2025/09/sky-mobile-uk-offers-discounted-1-pay-monthly-5g-sim-only-plan.html,,0.0,,not_applicable,0,,0,,66,
ISPreview UK,2025-09-11,Broadband ISP TalkTalk Follows Brand Refresh with FTTP Price Cut and TV Campaign,https://www.ispreview.co.uk/index.php/2025/09/broadband-isp-talktalk-follows-brand-refresh-with-fttp-price-cut-and-tv-campaign.html,,0.0,,not_applicable,0,,0,,57,
ISPreview UK,2025-09-11,ISP Zen Internet Acquire Fibrehop’s UK Consumer Broadband Base,https://www.ispreview.co.uk/index.php/2025/09/isp-zen-internet-acquire-fibrehops-uk-consumer-broadband-base.html,,0.0,,not_applicable,0,,0,,52,
ISPreview UK,2025-09-11,Ofcom Publishes 2025 UK Report on Openreach’s Independence,https://www.ispreview.co.uk/index.php/2025/09/ofcom-publishes-2025-uk-report-on-openreachs-independence.html,,0.0,,not_applicable,0,,0,,42,
ISPreview UK,2025-09-11,Wi-Fi Alliance Launch New Certification for Smart Home and IoT Devices,https://www.ispreview.co.uk/index.php/2025/09/wi-fi-alliance-launch-new-certification-for-smart-home-and-iot-devices.html,,0.0,,not_applicable,0,,0,,49,
ISPreview UK,2025-09-11,UK ISP Zen Internet Boost Core Network with 400Gbps Neos Networks Link,https://www.ispreview.co.uk/index.php/2025/09/uk-isp-zen-internet-boost-core-network-with-400gbps-neos-networks-link.html,,0.0,,not_applicable,0,,0,,53,
ISPreview UK,2025-09-11,Which? Reveals Best and Worst UK Areas for Mobile Signal via New MAP,https://www.ispreview.co.uk/index.php/2025/09/which-reveals-best-and-worst-uk-areas-for-mobile-signal-via-new-map.html,,0.0,,not_applicable,0,,0,,60,
ISPreview UK,2025-09-10,Altnet Broadband ISP Lightning Fibre Expand FTTP Cover on CityFibre’s Network,https://www.ispreview.co.uk/index.php/2025/09/altnet-broadband-isp-lightning-fibre-expand-fttp-cover-on-cityfibres-network.html,,0.0,,not_applicable,0,,0,,60,
ISPreview UK,2025-09-10,Rural UK Broadband ISP Airband Launch 1Gbps Wireless Package,https://www.ispreview.co.uk/index.php/2025/09/rural-uk-broadband-isp-airband-launch-1gbps-wireless-package.html,,0.0,,not_applicable,0,,0,,50,
ISPreview UK,2025-09-10,Openreach Gives Rival Networks Access to Improved Underground PIA Process,https://www.ispreview.co.uk/index.php/2025/09/openreach-gives-rival-networks-access-to-improved-underground-pia-process.html,,0.0,,not_applicable,0,,0,,51,
ISPreview UK,2025-09-10,"Virgin Media O2 UK Celebrates Hiring 1,000th Apprentice",https://www.ispreview.co.uk/index.php/2025/09/virgin-media-o2-uk-celebrates-hiring-1000th-apprentice.html,,0.0,,not_applicable,0,,0,,50,
ISPreview UK,2025-09-10,Jersey Competition Regulator Softens Rules on Mobile Spectrum for 5G,https://www.ispreview.co.uk/index.php/2025/09/jersey-competition-regulator-softens-rules-on-mobile-spectrum-for-5g.html,,0.0,,not_applicable,0,,0,,55,
ISPreview UK,2025-09-10,"Virgin Media UK Expand FTTP Broadband to 13,000 Homes in Worcester",https://www.ispreview.co.uk/index.php/2025/09/virgin-media-uk-expand-fttp-broadband-to-13000-homes-in-worcester.html,,0.0,,not_applicable,0,,0,,48,
ISPreview UK,2025-09-10,"Quickline Extend East Yorkshire FTTP Broadband Cover by 8,500 Premises",https://www.ispreview.co.uk/index.php/2025/09/quickline-extend-east-yorkshire-fttp-broadband-cover-by-8500-premises.html,,0.0,,not_applicable,0,,0,,48,
ISPreview UK,2025-09-09,Openreach to Start Exiting Next 12 UK Exchanges in Q3 2025-26,https://www.ispreview.co.uk/index.php/2025/09/openreach-to-start-exiting-next-12-uk-exchanges-in-q3-2025-26.html,,0.0,,not_applicable,0,,0,,60,
ISPreview UK,2025-09-09,Ofcom to Authorise Satellite Networks to Deliver UK 4G and 5G Mobile,https://www.ispreview.co.uk/index.php/2025/09/ofcom-to-authorise-satellite-networks-to-deliver-uk-4g-and-5g-mobile.html,,0.0,,not_applicable,0,,0,,58,
ISPreview UK,2025-09-09,UK ISP Zen Internet Appoints New MD of its Business Division,https://www.ispreview.co.uk/index.php/2025/09/uk-isp-zen-internet-appoints-new-md-of-its-business-division.html,,0.0,,not_applicable,0,,0,,39,
ISPreview UK,2025-09-09,"Altnet ISP Community Fibre Tops 400,000 UK Broadband Customers",https://www.ispreview.co.uk/index.php/2025/09/altnet-isp-community-fibre-tops-400000-uk-broadband-customers.html,,0.0,,not_applicable,0,,0,,56,
ISPreview UK,2025-09-09,Northumberland Council Get £2m Boost for Gigabit Broadband Vouchers,https://www.ispreview.co.uk/index.php/2025/09/northumberland-council-get-2m-boost-for-gigabit-broadband-vouchers.html,,0.0,,not_applicable,0,,0,,57,
ISPreview UK,2025-09-09,EE Expand 5G Standalone Mobile to 17 New UK Areas and Deploys ARC Technology,https://www.ispreview.co.uk/index.php/2025/09/ee-expand-5g-standalone-mobile-to-17-new-uk-areas-and-deploys-arc-technology.html,,0.0,,not_applicable,0,,0,,69,
ISPreview UK,2025-09-08,Openreach Offers 1Gbps Ethernet Discounts in the Central London Area,https://www.ispreview.co.uk/index.php/2025/09/openreach-offers-1gbps-ethernet-discounts-in-the-central-london-area.html,,0.0,,not_applicable,0,,0,,43,
ISPreview UK,2025-09-08,ISP Gamma and O2 Daisy Sign Long-Term UK Strategic Commitment,https://www.ispreview.co.uk/index.php/2025/09/isp-gamma-and-o2-daisy-sign-long-term-uk-strategic-commitment.html,,0.0,,not_applicable,0,,0,,54,
ISPreview UK,2025-09-08,Altnet UK Broadband ISP Trooli Reduces Some of its Package Prices,https://www.ispreview.co.uk/index.php/2025/09/altnet-uk-broadband-isp-trooli-reduces-some-of-its-package-prices.html,,0.0,,not_applicable,0,,0,,54,
ISPreview UK,2025-09-08,"After Rejections, Preston City Council Approve BT’s Gigabit WiFi Street Hub",https://www.ispreview.co.uk/index.php/2025/09/after-rejections-preston-city-council-approve-bts-gigabit-wifi-street-hub.html,,0.0,,not_applicable,0,,0,,61,
ISPreview UK,2025-09-08,"CEO of Telefonica Leaning Toward Buying UK Broadband Assets, Virgin Media etc.",https://www.ispreview.co.uk/index.php/2025/09/ceo-of-telefonica-leaning-toward-buying-uk-broadband-assets-virgin-media-etc.html,,0.0,,not_applicable,0,,0,,50,
ISPreview UK,2025-09-08,Problems Remain as UK Broadband ISPs Mark First Year of One Touch Switching,https://www.ispreview.co.uk/index.php/2025/09/problems-remain-as-uk-broadband-isps-mark-first-year-of-one-touch-switching.html,,0.0,,not_applicable,0,,0,,53,
ISPreview UK,2025-09-07,Gov Change DSIT Secretary and Leaves UK Telecoms Minister Role Vacant,https://www.ispreview.co.uk/index.php/2025/09/gov-change-dsit-secretary-and-leaves-uk-telecoms-minister-role-vacant.html,,0.0,,not_applicable,0,,0,,67,
ISPreview UK,2025-09-07,Streetwave Test Mobile Data Performance on London to Sheffield Train,https://www.ispreview.co.uk/index.php/2025/09/streetwave-test-mobile-data-performance-on-london-to-sheffield-train.html,,0.0,,not_applicable,0,,0,,57,
ISPreview UK,2025-09-06,Freeola Launch New UK Broadband Services via Trooli’s Network,https://www.ispreview.co.uk/index.php/2025/09/freeola-launch-new-uk-broadband-services-via-troolis-network.html,,0.0,,not_applicable,0,,0,,42,
ISPreview UK,2025-09-06,Reminder – Tomorrow is a Nationwide Mobile Test of UK Emergency Alerts,https://www.ispreview.co.uk/index.php/2025/09/reminder-tomorrow-is-a-nationwide-mobile-test-of-uk-emergency-alerts.html,,0.0,,not_applicable,0,,0,,59,
ISPreview UK,2025-09-05,Ship’s Maritime Mobile Roaming Network Causes Problems on Norfolk UK Coast,https://www.ispreview.co.uk/index.php/2025/09/ships-maritime-mobile-roaming-network-causes-problems-on-norfolk-uk-coast.html,,0.0,,not_applicable,0,,0,,59,
ISPreview UK,2025-09-05,Parliament Debates Broadband and the Future of Terrestrial UK Television,https://www.ispreview.co.uk/index.php/2025/09/parliament-debates-broadband-and-the-future-of-terrestrial-uk-television.html,,0.0,,not_applicable,0,,0,,67,
ISPreview UK,2025-09-05,SMARTY Finally Introduce eSIM Support to UK Mobile Network,https://www.ispreview.co.uk/index.php/2025/09/smarty-finally-introduce-esim-support-to-uk-mobile-network.html,,0.0,,not_applicable,0,,0,,42,
ISPreview UK,2025-09-05,Test of Amazon’s Initial Project Kuiper Broadband Satellites Hits 1.29Gbps,https://www.ispreview.co.uk/index.php/2025/09/test-of-amazons-initial-project-kuiper-broadband-satellites-hits-1-29gbps.html,,0.0,,not_applicable,0,,0,,51,
ISPreview UK,2025-09-05,Plusnet Discounts UK Full Fibre Broadband Plans and Adds £150 Gift Card,https://www.ispreview.co.uk/index.php/2025/09/plusnet-discounts-uk-full-fibre-broadband-plans-and-adds-150-gift-card.html,,0.0,,not_applicable,0,,0,,62,
ISPreview UK,2025-09-04,Openreach Offer Free Connections on FTTP New to Network (NTN) Orders,https://www.ispreview.co.uk/index.php/2025/09/openreach-offer-free-connections-on-fttp-new-to-network-ntn-orders.html,,0.0,,not_applicable,0,,0,,54,
ISPreview UK,2025-09-04,O2 UK Warns of New Scam Texts as Network Blocks 600 Million Messages,https://www.ispreview.co.uk/index.php/2025/09/o2-uk-warns-of-new-scam-texts-as-network-blocks-600-million-messages.html,,0.0,,not_applicable,0,,0,,58,
ISPreview UK,2025-09-04,BDUK Issue Annual Update on UK Project Gigabit Broadband Progress,https://www.ispreview.co.uk/index.php/2025/09/bduk-issue-annual-update-on-uk-project-gigabit-broadband-progress.html,,0.0,,not_applicable,0,,0,,54,
ISPreview UK,2025-09-04,Tesco Mobile UK Shifting All Pay As You Go Customers to New Tariff,https://www.ispreview.co.uk/index.php/2025/09/tesco-mobile-uk-shifting-all-pay-as-you-go-customers-to-new-tariff.html,,0.0,,not_applicable,0,,0,,53,
ISPreview UK,2025-09-04,Broadband ISP Uptime Allies Joins FullFibre’s UK FTTP Network,https://www.ispreview.co.uk/index.php/2025/09/broadband-isp-uptime-allies-joins-fullfibres-uk-fttp-network.html,,0.0,,not_applicable,0,,0,,50,
ISPreview UK,2025-09-04,New Techy Focused Broadband ISP Olilo Goes Live for UK Consumers,https://www.ispreview.co.uk/index.php/2025/09/new-techy-focused-broadband-isp-olilo-goes-live-for-uk-consumers.html,,0.0,,not_applicable,0,,0,,55,
ISPreview UK,2025-09-03,Openreach Urge Action from UK ISPs as Pilot Exchange Closures Draw Near,https://www.ispreview.co.uk/index.php/2025/09/openreach-urge-action-from-uk-isps-as-pilot-exchange-closures-draw-near.html,,0.0,,not_applicable,0,,0,,65,
ISPreview UK,2025-09-03,VIDEO – Altnet UK Broadband ISP Quickline Launches Rare TV Ad Campaign,https://www.ispreview.co.uk/index.php/2025/09/video-altnet-uk-broadband-isp-quickline-launches-rare-tv-ad-campaign.html,,0.0,,not_applicable,0,,0,,47,
ISPreview UK,2025-09-03,"B4RN Welcomes 15,000th Customer to Rural FTTP Broadband Network",https://www.ispreview.co.uk/index.php/2025/09/b4rn-welcomes-15000th-customer-to-rural-fttp-broadband-network.html,,0.0,,not_applicable,0,,0,,49,
ISPreview UK,2025-09-03,"Virgin Media UK Expand FTTP Broadband to 13,000 Homes in Stroud",https://www.ispreview.co.uk/index.php/2025/09/virgin-media-uk-expand-fttp-broadband-to-13000-homes-in-stroud.html,,0.0,,not_applicable,0,,0,,52,
ISPreview UK,2025-09-03,Ofcom to Open UK 5G Mobile Auction of 26GHz and 40GHz Bands on 17th Sept,https://www.ispreview.co.uk/index.php/2025/09/ofcom-to-open-uk-5g-mobile-auction-of-26ghz-and-40ghz-bands-on-17th-sept.html,,0.0,,not_applicable,0,,0,,52,
ISPreview UK,2025-09-03,BT Group Moves to Improve UK Video Streaming with New Delivery Network,https://www.ispreview.co.uk/index.php/2025/09/bt-group-moves-to-improve-uk-video-streaming-with-new-delivery-network.html,,0.0,,not_applicable,0,,0,,45,
ISPreview UK,2025-09-03,Car Fire Triggers 3 Week Openreach Broadband Outage in East Sussex Village,https://www.ispreview.co.uk/index.php/2025/09/car-fire-triggers-3-week-openreach-broadband-outage-in-east-sussex-village.html,,0.0,,not_applicable,0,,0,,49,
ISPreview UK,2025-09-03,Consumer Activist Proposes to Sue Sky UK Over TV End of Contract Notifications,https://www.ispreview.co.uk/index.php/2025/09/consumer-activist-proposes-to-sue-sky-uk-over-tv-end-of-contract-notifications.html,,0.0,,not_applicable,0,,0,,54,
ISPreview UK,2025-09-02,BT Agrees Deal to Sell its Radianz Business to Transaction Network Services,https://www.ispreview.co.uk/index.php/2025/09/bt-agrees-deal-to-sell-its-radianz-business-to-transaction-network-services.html,,0.0,,not_applicable,0,,0,,53,
ISPreview UK,2025-09-02,Netmore to Hook Up 1 Million Severn Trent Water Meters to Wireless Network,https://www.ispreview.co.uk/index.php/2025/09/netmore-to-hook-up-1-million-severn-trent-water-meters-to-wireless-network.html,,0.0,,not_applicable,0,,0,,52,
ISPreview UK,2025-09-02,Openreach Offers Even Quicker Proactive FTTP Broadband Upgrades to UK ISPs,https://www.ispreview.co.uk/index.php/2025/09/openreach-offers-even-quicker-proactive-fttp-broadband-upgrades-to-uk-isps.html,,0.0,,not_applicable,0,,0,,65,
ISPreview UK,2025-09-02,Survey Claims Forgetfulness Causes Brits to Miss £76.6m in Broadband Savings,https://www.ispreview.co.uk/index.php/2025/09/survey-claims-forgetfulness-causes-brits-to-miss-76-6m-in-broadband-savings.html,,0.0,,not_applicable,0,,0,,67,
ISPreview UK,2025-09-02,"Virgin Media O2 to Donate 1,200 Pre-Owned Smartphones in Scotland",https://www.ispreview.co.uk/index.php/2025/09/virgin-media-o2-to-donate-1200-pre-owned-smartphones-in-scotland.html,,0.0,,not_applicable,0,,0,,52,
ISPreview UK,2025-09-02,Study Warns UK Students Face £142 Broadband Penalty Due to Shorter Deals,https://www.ispreview.co.uk/index.php/2025/09/study-warns-uk-students-face-142-broadband-penalty-due-to-shorter-deals.html,,0.0,,not_applicable,0,,0,,48,
ISPreview UK,2025-09-02,Founder and Boss of Major UK Broadband Altnet CityFibre to Step Down UPDATE,https://www.ispreview.co.uk/index.php/2025/09/founder-and-boss-of-major-uk-broadband-altnet-cityfibre-to-step-down.html,,0.0,,not_applicable,0,,0,,60,
ISPreview UK,2025-09-02,EE UK Deploy 50 Extra Freshwave 5G Small Cells in Central London to Boost Mobile,https://www.ispreview.co.uk/index.php/2025/09/ee-uk-deploy-50-extra-freshwave-5g-small-cells-in-central-london-to-boost-mobile.html,,0.0,,not_applicable,0,,0,,52,
ISPreview UK,2025-09-02,Broadband ISP TalkTalk Launch UK Brand Refresh to Help Forget the Troubles,https://www.ispreview.co.uk/index.php/2025/09/broadband-isp-talktalk-launches-uk-brand-refresh-to-help-forget-the-troubles.html,,0.0,,not_applicable,0,,0,,59,
ISPreview UK,2025-09-02,Netomnia to Extend UK Broadband Reach via Openreach’s FTTP Network,https://www.ispreview.co.uk/index.php/2025/09/netomnia-to-extend-uk-broadband-reach-via-openreachs-fttp-network.html,,0.0,,not_applicable,0,,0,,55,
ISPreview UK,2025-09-02,Community Fibre Cuts Broadband Satisfaction Guarantee from 60 to 30 Days,https://www.ispreview.co.uk/index.php/2025/09/community-fibre-cuts-broadband-satisfaction-guarantee-from-60-to-30-days.html,,0.0,,not_applicable,0,,0,,57,
ISPreview UK,2025-09-01,Microsoft Backed Researchers Significantly Improve Hollow Core Fibre Cables,https://www.ispreview.co.uk/index.php/2025/09/microsoft-backed-researchers-significantly-improve-hollow-core-fibre-cables.html,,0.0,,not_applicable,0,,0,,56,
ISPreview UK,2025-09-01,ISP GoFibre Hands Out Funding to Northumberland Community Projects,https://www.ispreview.co.uk/index.php/2025/09/isp-gofibre-hands-out-funding-to-northumberland-community-projects.html,,0.0,,not_applicable,0,,0,,41,
ISPreview UK,2025-09-01,ITS Wins Contract to Deploy Full Fibre Across Crawley’s Manor Royal Business Park UPDATE,https://www.ispreview.co.uk/index.php/2025/09/its-wins-contract-to-deploy-full-fibre-across-crawleys-manor-royal-business-park.html,,0.0,,not_applicable,0,,0,,50,
ISPreview UK,2025-09-01,Roku UK Deploys First-Ever FAST TV Channels to Streaming Platform,https://www.ispreview.co.uk/index.php/2025/09/roku-uk-deploys-first-ever-fast-tv-channels-to-streaming-platform.html,,0.0,,not_applicable,0,,0,,47,
ISPreview UK,2025-09-01,Netomnia Raises £300m in Junior Debt to Boost UK FTTP Broadband Rollout,https://www.ispreview.co.uk/index.php/2025/09/netomnia-raises-300m-in-junior-debt-to-boost-uk-fttp-broadband-rollout.html,,0.0,,not_applicable,0,,0,,54,
ISPreview UK,2025-09-01,Speed Fibre Group Complete Acquisition of BT’s Irish Wholesale Fibre and B2B Unit,https://www.ispreview.co.uk/index.php/2025/09/speed-fibre-group-complete-acquisition-of-bts-irish-wholesale-fibre-and-b2b-unit.html,,0.0,,not_applicable,0,,0,,52,
ISPreview UK,2025-09-01,O2 UK Starts Putting WiFi Calling Live on Pay As You Go Mobile Plans,https://www.ispreview.co.uk/index.php/2025/09/o2-uk-starts-putting-wifi-calling-live-on-pay-as-you-go-mobile-plans.html,,0.0,,not_applicable,0,,0,,54,
ISPreview UK,2025-08-30,Concerns Raised Over Progress of Kent UK’s Project Gigabit Broadband Rollout UPDATE,https://www.ispreview.co.uk/index.php/2025/08/concerns-raised-over-progress-of-kent-uks-project-gigabit-broadband-rollout.html,,0.0,,not_applicable,0,,0,,58,
ISPreview UK,2025-08-30,Telecom Acquisitions Group Acquires Eco UK ISP Earth Broadband UPDATE2,https://www.ispreview.co.uk/index.php/2025/08/telecom-acquisitions-group-acquires-eco-uk-isp-earth-broadband.html,,0.0,,not_applicable,0,,0,,44,
ISPreview UK,2025-08-30,O2 UK Hikes Prices for Some 30 Day Pay Monthly SIM Only Customers UPDATE,https://www.ispreview.co.uk/index.php/2025/08/o2-uk-hikes-prices-for-some-30-day-pay-monthly-sim-only-customers.html,,0.0,,not_applicable,0,,0,,54,
ISPreview UK,2025-08-29,Poverty Alliance Warns UK Social Broadband ISP Tariffs Suffer Critical Flaws,https://www.ispreview.co.uk/index.php/2025/08/poverty-alliance-warns-uk-social-broadband-isp-tariffs-suffer-critical-flaws.html,,0.0,,not_applicable,0,,0,,51,
ISPreview UK,2025-08-29,INCA Warns Altnets Need Certainty and Delivery from UK’s Digital Sector Plan,https://www.ispreview.co.uk/index.php/2025/08/inca-warns-altnets-need-certainty-and-delivery-from-uks-digital-sector-plan.html,,0.0,,not_applicable,0,,0,,56,
ISPreview UK,2025-08-29,Openreach Offer Limited Saturday FTTP Broadband Installs via UK ISPs UPDATE,https://www.ispreview.co.uk/index.php/2025/08/openreach-offer-limited-saturday-fttp-broadband-installs-via-uk-isps.html,,0.0,,not_applicable,0,,0,,54,
ISPreview UK,2025-08-29,Gov Boost Value of Openreach’s UK Project Gigabit Broadband Framework by £400m UPDATE,https://www.ispreview.co.uk/index.php/2025/08/gov-boost-value-of-openreachs-uk-project-gigabit-broadband-framework-by-400m.html,,0.0,,not_applicable,0,,0,,66,
ISPreview UK,2025-08-28,Gov Set to Update 2022 UK Telecommunications Security Code of Practice,https://www.ispreview.co.uk/index.php/2025/08/gov-set-to-update-2022-uk-telecommunications-security-code-of-practice.html,,0.0,,not_applicable,0,,0,,49,
ISPreview UK,2025-08-28,Broadband ISP Vodafone UK Now LIVE via CommunityFibre’s FTTP in London,https://www.ispreview.co.uk/index.php/2025/08/broadband-isp-vodafone-uk-now-available-via-communityfibres-fttp-in-london.html,,0.0,,not_applicable,0,,0,,53,
ISPreview UK,2025-08-28,UK Banks Set to Take Losses on Loans to Alternative Broadband Networks,https://www.ispreview.co.uk/index.php/2025/08/uk-banks-set-to-take-losses-on-loans-to-alternative-broadband-networks.html,,0.0,,not_applicable,0,,0,,51,
ISPreview UK,2025-08-28,EE UK Set to Cut BT Wholesale Out from Slower Broadband Packages,https://www.ispreview.co.uk/index.php/2025/08/ee-uk-set-to-cut-bt-wholesale-out-from-slower-broadband-packages.html,,0.0,,not_applicable,0,,0,,56,
ISPreview UK,2025-08-27,London Broadband ISP CommunityFibre Launch Data Roaming eSIM Mobile Plan UPDATE,https://www.ispreview.co.uk/index.php/2025/08/london-broadband-isp-communityfibre-launch-data-roaming-esim-mobile-plan.html,,0.0,,not_applicable,0,,0,,56,
ISPreview UK,2025-08-27,"Connexin’s LoRaWAN Wireless Network Connects 250,000 UK Water Meters",https://www.ispreview.co.uk/index.php/2025/08/connexins-lorawan-wireless-network-connects-250000-uk-water-meters.html,,0.0,,not_applicable,0,,0,,45,
ISPreview UK,2025-08-27,Fibrus Confirm Completion of £200m Northern Ireland Fibre Broadband Contract,https://www.ispreview.co.uk/index.php/2025/08/fibrus-confirm-completion-of-200m-northern-ireland-fibre-broadband-contract.html,,0.0,,not_applicable,0,,0,,43,
ISPreview UK,2025-08-27,Starlink’s Broadband Network Preps Mini Laser to Link Third-Party Satellites,https://www.ispreview.co.uk/index.php/2025/08/starlinks-broadband-network-preps-mini-laser-to-link-third-party-satellites.html,,0.0,,not_applicable,0,,0,,49,
ISPreview UK,2025-08-27,Openreach MD Calls for Softer Ofcom Regulation in Competitive UK Areas,https://www.ispreview.co.uk/index.php/2025/08/openreach-md-calls-for-softer-ofcom-regulation-in-competitive-uk-areas.html,,0.0,,not_applicable,0,,0,,61,
ISPreview UK,2025-08-26,Openreach Adds New Non-Executive Member to its UK Board,https://www.ispreview.co.uk/index.php/2025/08/openreach-adds-new-non-executive-member-to-its-uk-board.html,,0.0,,not_applicable,0,,0,,39,
ISPreview UK,2025-08-26,Preston Joins Other UK Councils in Rejecting BT’s Gigabit WiFi Street Hubs,https://www.ispreview.co.uk/index.php/2025/08/preston-joins-other-uk-councils-in-rejecting-bts-gigabit-wifi-street-hubs.html,,0.0,,not_applicable,0,,0,,57,
ISPreview UK,2025-08-26,"ISP Hey! Broadband Grow to 40,000 Customers on F&W’s UK Full Fibre Network",https://www.ispreview.co.uk/index.php/2025/08/isp-hey-broadband-grow-to-40000-customers-on-fws-uk-full-fibre-network.html,,0.0,,not_applicable,0,,0,,49,
ISPreview UK,2025-08-26,Ulster University Uses AI to Develop Faster MIMO Tech for 6G Mobile,https://www.ispreview.co.uk/index.php/2025/08/ulster-university-uses-ai-to-develop-faster-mimo-tech-for-6g-mobile.html,network_optimization_performance,0.95,network_optimization_performance,positive,2,"AI,Artificial Intelligence",1,AI,52,"Ulster University researchers have applied AI to design a new massive MIMO (ma‑MIMO) technology aimed at 6G mobile networks. The AI-driven design promises faster, smarter, and more energy‑efficient broadband performance, positioning the university at the forefront of next‑generation wireless innovation."
ISPreview UK,2025-08-26,LSBUD Finds UK Telecoms Industry Delivers 37.5% of Searches for Digging Work,https://www.ispreview.co.uk/index.php/2025/08/lsbud-finds-uk-telecoms-industry-delivers-37-5-of-searches-for-digging-work.html,,0.0,,not_applicable,0,,0,,64,
ISPreview UK,2025-08-26,Virgin Media O2 UK Users Struggle to Access Secondary Email Addresses,https://www.ispreview.co.uk/index.php/2025/08/virgin-media-o2-uk-users-struggle-to-access-secondary-email-addresses.html,,0.0,,not_applicable,0,,0,,57,
ISPreview UK,2025-08-24,"GoFibre Aims to Cover 250,000 UK Premises with FTTP Broadband in 3 Years UPDATE",https://www.ispreview.co.uk/index.php/2025/08/gofibre-aims-to-cover-250000-uk-premises-with-fttp-broadband-in-3-years.html,,0.0,,not_applicable,0,,0,,58,
ISPreview UK,2025-08-23,Rob Bradley on Consolidation and Fixing the Turbulent UK Fibre Broadband Market,https://www.ispreview.co.uk/index.php/2025/08/rob-bradley-on-consolidation-and-fixing-the-turbulent-uk-fibre-broadband-market.html,,0.0,,not_applicable,0,,0,,56,
ISPreview UK,2025-08-22,Court Rejects Sky UK’s Challenge to Ofcom’s End of Contract Pay TV Notifications UPDATE,https://www.ispreview.co.uk/index.php/2025/08/court-rejects-sky-uks-challenge-to-ofcoms-end-of-contract-pay-tv-notifications.html,,0.0,,not_applicable,0,,0,,54,
ISPreview UK,2025-08-22,Broadband ISP Grain Expanding UK Full Fibre Network in Loughborough,https://www.ispreview.co.uk/index.php/2025/08/broadband-isp-grain-expanding-uk-full-fibre-network-in-loughborough.html,,0.0,,not_applicable,0,,0,,49,
ISPreview UK,2025-08-22,Router Connectivity Woes Strike Some of EE’s 1.6Gbps UK Broadband Users,https://www.ispreview.co.uk/index.php/2025/08/router-connectivity-woes-strike-some-of-ees-1-6gbps-uk-broadband-users.html,,0.0,,not_applicable,0,,0,,55,
ISPreview UK,2025-08-21,SpinLaunch Prep 2Tbps LEO Satellite Broadband Network – Meridian Space,https://www.ispreview.co.uk/index.php/2025/08/spinlaunch-prep-2tbps-leo-satellite-broadband-network-meridian-space.html,,0.0,,not_applicable,0,,0,,56,
ISPreview UK,2025-08-21,Results of the UK’s Largest Mobile Network Survey for the River Severn Region,https://www.ispreview.co.uk/index.php/2025/08/results-of-the-uks-largest-mobile-network-survey-for-the-river-severn-region.html,,0.0,,not_applicable,0,,0,,56,
ISPreview UK,2025-08-21,Broadband ISPs Zzoomm and BeFibre Launch Wi-Fi 7 Routers for All UK Plans UPDATE,https://www.ispreview.co.uk/index.php/2025/08/broadband-isps-zzoomm-and-befibre-launch-wi-fi-7-routers-for-all-uk-plans.html,,0.0,,not_applicable,0,,0,,62,
ISPreview UK,2025-08-21,"WightFibre Connect 25,000th FTTP Broadband User on Isle of Wight",https://www.ispreview.co.uk/index.php/2025/08/wightfibre-connect-25000th-fttp-broadband-user-on-isle-of-wight.html,,0.0,,not_applicable,0,,0,,52,
ISPreview UK,2025-08-20,Broadband ISP Grain Expanding UK Full Fibre Network in Nottingham,https://www.ispreview.co.uk/index.php/2025/08/broadband-isp-grain-expanding-uk-full-fibre-network-in-nottingham.html,,0.0,,not_applicable,0,,0,,41,
ISPreview UK,2025-08-20,Concerns Grow as Small UK ISP Link Broadband Suddenly Vanishes UPDATE4,https://www.ispreview.co.uk/index.php/2025/08/concerns-grow-as-small-uk-isp-link-broadband-suddenly-vanishes.html,,0.0,,not_applicable,0,,0,,58,
ISPreview UK,2025-08-20,Broadband ISP TalkTalk Launch New Team to Support UK Home Movers,https://www.ispreview.co.uk/index.php/2025/08/broadband-isp-talktalk-launch-new-team-to-support-uk-home-movers.html,,0.0,,not_applicable,0,,0,,52,
ISPreview UK,2025-08-20,O2 UK Finally Adding 5G Support to Pay As You Go Mobile Plans UPDATE,https://www.ispreview.co.uk/index.php/2025/08/o2-uk-finally-adds-5g-support-to-pay-as-you-go-mobile-plans.html,,0.0,,not_applicable,0,,0,,50,
ISPreview UK,2025-08-20,British Telecoms Provider Colt Updates After Major Cyber Attack and Data Breach,https://www.ispreview.co.uk/index.php/2025/08/british-telecoms-provider-colt-updates-after-major-cyber-attack-and-data-breach.html,,0.0,,not_applicable,0,,0,,54,
ISPreview UK,2025-08-20,Customers of UK ISP Earth Broadband Suffer Billing Errors and Support Woes,https://www.ispreview.co.uk/index.php/2025/08/customers-of-uk-isp-earth-broadband-suffer-billing-errors-and-support-woes.html,,0.0,,not_applicable,0,,0,,44,
ISPreview UK,2025-08-19,Virgin Media UK Preparing New TV 360 and STREAM Software Update,https://www.ispreview.co.uk/index.php/2025/08/virgin-media-uk-preparing-new-tv-360-and-stream-software-update.html,,0.0,,not_applicable,0,,0,,58,
ISPreview UK,2025-08-19,O2 UK to Upgrade 4G and 5G Mobile Signals for 22 Haven Holiday Parks,https://www.ispreview.co.uk/index.php/2025/08/o2-uk-to-upgrade-4g-and-5g-mobile-signals-for-22-haven-holiday-parks.html,,0.0,,not_applicable,0,,0,,60,
ISPreview UK,2025-08-19,Survey Claims Broadband ISPs Expect AI and Streaming to “Crush” Today’s Networks,https://www.ispreview.co.uk/index.php/2025/08/survey-claims-broadband-isps-expect-ai-and-streaming-to-crush-todays-networks.html,other,0.3,other,negative,2,"AI,artificial intelligence",1,AI,61,"The survey reports that broadband ISPs expect AI-driven workloads and high‑definition streaming to overwhelm networks within five years, with 80% of respondents predicting the demand will crush current infrastructure. This underscores the urgency for capacity upgrades and strategic planning to accommodate future traffic spikes."
ISPreview UK,2025-08-19,Monzo Looks to Copy Revolut by Preparing to Launch a UK Mobile Service,https://www.ispreview.co.uk/index.php/2025/08/monzo-looks-to-copy-revolut-by-preparing-to-launch-a-uk-mobile-service.html,,0.0,,not_applicable,0,,0,,57,
ISPreview UK,2025-08-19,VMO2 Confuse Nexfibre’s UK Build Target as More Homes Get FTTP Broadband UPDATE,https://www.ispreview.co.uk/index.php/2025/08/vmo2-stick-to-nexfibre-uk-build-target-as-more-homes-get-fttp-broadband.html,,0.0,,not_applicable,0,,0,,63,
ISPreview UK,2025-08-18,Former CEO of APFN Becomes Non-Executive Director of Wessex Internet,https://www.ispreview.co.uk/index.php/2025/08/former-ceo-of-apfn-becomes-non-executive-director-of-wessex-internet.html,,0.0,,not_applicable,0,,0,,43,
ISPreview UK,2025-08-18,Quickline Gifts 6 Months Free Broadband to South Yorkshire Businesses,https://www.ispreview.co.uk/index.php/2025/08/quickline-gifts-6-months-free-broadband-to-south-yorkshire-businesses.html,,0.0,,not_applicable,0,,0,,53,
ISPreview UK,2025-08-18,Customers of UK Mobile Provider Mozillion Suffer WiFi Calling Problems UPDATE,https://www.ispreview.co.uk/index.php/2025/08/customers-of-uk-mobile-provider-mozillion-suffer-wifi-calling-problems.html,,0.0,,not_applicable,0,,0,,41,
ISPreview UK,2025-08-18,UKRI Gives £13m to 11 UK Projects to Develop Future 6G and Fibre Technologies,https://www.ispreview.co.uk/index.php/2025/08/ukri-gives-13m-to-11-uk-projects-to-develop-future-6g-and-fibre-technologies.html,,0.0,,not_applicable,0,,0,,54,
ISPreview UK,2025-08-18,Three UK Users Complain of Outdoor Hub Reboots on 5G Broadband UPDATE,https://www.ispreview.co.uk/index.php/2025/08/three-uk-users-complain-of-hourly-outdoor-hub-reboots-on-5g-broadband.html,,0.0,,not_applicable,0,,0,,50,
ISPreview UK,2025-08-18,RootMetrics Names EE as BEST UK Mobile Operator in H1 2025 Study,https://www.ispreview.co.uk/index.php/2025/08/rootmetrics-names-ee-as-best-uk-mobile-operator-in-h1-2025-study.html,,0.0,,not_applicable,0,,0,,49,
ISPreview UK,2025-08-18,GoFibre Get £125m Funding Boost to Support Scotland Gigabit Broadband Rollout,https://www.ispreview.co.uk/index.php/2025/08/gofibre-get-125m-funding-boost-to-support-scotland-gigabit-broadband-rollout.html,,0.0,,not_applicable,0,,0,,52,
ISPreview UK,2025-08-16,Wavemobile Struggles to Get Big UK Mobile Operators to Fix WiFi Calling,https://www.ispreview.co.uk/index.php/2025/08/wavemobile-struggles-to-get-big-uk-mobile-operators-to-fix-wifi-calling-block.html,,0.0,,not_applicable,0,,0,,61,
ISPreview UK,2025-08-15,TOTSCo – 1.5 Million UK Consumers Have Switched Broadband ISP Since Sept 2024,https://www.ispreview.co.uk/index.php/2025/08/totsco-1-5-million-uk-consumers-have-switched-broadband-isp-since-sept-2024.html,,0.0,,not_applicable,0,,0,,60,
ISPreview UK,2025-08-15,Broadband ISP Plusnet Reportedly Cuts Over 100 More UK Jobs,https://www.ispreview.co.uk/index.php/2025/08/broadband-isp-plusnet-reportedly-cuts-over-100-more-uk-jobs.html,,0.0,,not_applicable,0,,0,,49,
ISPreview UK,2025-08-15,Emtelle UK to Support GoFibre’s £105m FTTP Broadband Build in Scotland,https://www.ispreview.co.uk/index.php/2025/08/emtelle-uk-to-support-gofibres-105m-fttp-broadband-build-in-scotland.html,,0.0,,not_applicable,0,,0,,60,
ISPreview UK,2025-08-15,"Gov to Evaluate UK Project Gigabit, Mobile and Full Fibre Broadband Programmes",https://www.ispreview.co.uk/index.php/2025/08/gov-to-evaluate-uk-project-gigabit-mobile-and-full-fibre-broadband-programmes.html,,0.0,,not_applicable,0,,0,,53,
ISPreview UK,2025-08-15,Giffgaff UK Discounts 5G Unlimited Mobile Data Plan to £15 a Month,https://www.ispreview.co.uk/index.php/2025/08/giffgaff-uk-discounts-5g-unlimited-mobile-data-plan-to-15-a-month.html,,0.0,,not_applicable,0,,0,,45,
ISPreview UK,2025-08-15,Freeola Launch New UK Broadband Services via Freedom Fibre and CityFibre,https://www.ispreview.co.uk/index.php/2025/08/freeola-launch-new-uk-broadband-services-via-freedom-fibre-and-cityfibre.html,,0.0,,not_applicable,0,,0,,37,
ISPreview UK,2025-08-14,1p Mobile UK Suffers Protracted Website Service Outage UPDATE,https://www.ispreview.co.uk/index.php/2025/08/1p-mobile-uk-suffers-protracted-website-and-app-service-outage.html,,0.0,,not_applicable,0,,0,,47,
ISPreview UK,2025-08-14,Highland Broadband Secures £50m Funding to Expand FTTP Rollout,https://www.ispreview.co.uk/index.php/2025/08/highland-broadband-secures-50m-funding-to-boost-expand-fttp-rollout.html,,0.0,,not_applicable,0,,0,,51,
ISPreview UK,2025-08-14,Broadband ISP YouFibre Launch New WiFi 7 Routers as Standard for UK Plans,https://www.ispreview.co.uk/index.php/2025/08/broadband-isp-youfibre-launch-new-wifi-7-router-as-standard-for-all-plans.html,,0.0,,not_applicable,0,,0,,61,
ISPreview UK,2025-08-14,Discovery+ App Access to be Removed from Some Older EE and BT UK TV Boxes,https://www.ispreview.co.uk/index.php/2025/08/ee-and-bt-uk-scrap-discovery-and-tnt-sports-content-from-old-tv-boxes.html,,0.0,,not_applicable,0,,0,,58,
ISPreview UK,2025-08-14,Starlink Broadband Scraps Free UK Pause Mode for Paid Standby Mode,https://www.ispreview.co.uk/index.php/2025/08/starlink-broadband-scraps-free-uk-pause-mode-for-paid-standby-mode.html,,0.0,,not_applicable,0,,0,,62,
ISPreview UK,2025-08-13,EE UK Preparing to Launch New Broadband Router for Slower Tiers,https://www.ispreview.co.uk/index.php/2025/08/ee-uk-preparing-to-launch-new-broadband-router-for-slower-tiers.html,,0.0,,not_applicable,0,,0,,53,
ISPreview UK,2025-08-13,Openreach Trial Use of UK Broadband Network to Detect Gas and Water Leaks,https://www.ispreview.co.uk/index.php/2025/08/openreach-trial-use-of-uk-broadband-network-to-detect-gas-and-water-leaks.html,,0.0,,not_applicable,0,,0,,49,
ISPreview UK,2025-08-13,TFW Fibre Delivers First Commercial Contract for Railway Fibre Network in Wales,https://www.ispreview.co.uk/index.php/2025/08/tfw-fibre-delivers-first-commercial-contract-for-railway-fibre-network-in-wales.html,,0.0,,not_applicable,0,,0,,47,
ISPreview UK,2025-08-13,ISP Zen Internet Detail UK Ethernet Partnership with Sky Business Wholesale,https://www.ispreview.co.uk/index.php/2025/08/isp-zen-internet-details-uk-ethernet-partnership-with-sky-business-wholesale.html,,0.0,,not_applicable,0,,0,,45,
ISPreview UK,2025-08-13,EE’s New UK Safer SIM Mobile Smartphone Plans for Under 18s Go LIVE,https://www.ispreview.co.uk/index.php/2025/08/ees-new-uk-safer-sim-mobile-smartphone-plans-for-under-18s-go-live.html,,0.0,,not_applicable,0,,0,,58,
ISPreview UK,2025-08-13,Survey Claims 35 Percent of UK Landowners Don’t Want to Host 5G Mobile Masts,https://www.ispreview.co.uk/index.php/2025/08/survey-claims-35-percent-of-uk-landowners-dont-want-to-host-5g-mobile-masts.html,,0.0,,not_applicable,0,,0,,55,
ISPreview UK,2025-08-13,Virgin Media O2 Uncovers UK People’s Passwords in Just 3 Minutes,https://www.ispreview.co.uk/index.php/2025/08/virgin-media-o2-uncovers-uk-peoples-passwords-in-just-3-minutes.html,,0.0,,not_applicable,0,,0,,66,
ISPreview UK,2025-08-13,Gov Launches £9.5m Fund to Help More UK People Get Online,https://www.ispreview.co.uk/index.php/2025/08/gov-launches-9-5m-fund-to-help-more-uk-people-get-online.html,,0.0,,not_applicable,0,,0,,49,
ISPreview UK,2025-08-12,"Fibrus Extend Gigabit Broadband Network to 100,000 Premises in Cumbria UK",https://www.ispreview.co.uk/index.php/2025/08/fibrus-extend-gigabit-broadband-network-to-100000-premises-in-cumbria-uk.html,,0.0,,not_applicable,0,,0,,49,
ISPreview UK,2025-08-12,Sky UK Increases its Premier League TV Sports Content and Coverage,https://www.ispreview.co.uk/index.php/2025/08/sky-uk-increases-its-premier-league-tv-sports-content-and-coverage.html,,0.0,,not_applicable,0,,0,,67,
ISPreview UK,2025-08-12,SMARTY UK Mobile Launches Double and Triple Data Boosted Plans,https://www.ispreview.co.uk/index.php/2025/08/smarty-uk-mobile-launches-double-and-triple-data-boosted-plans.html,,0.0,,not_applicable,0,,0,,60,
ISPreview UK,2025-08-12,Netomnia Launch 8Gbps FTTP Biz Broadband to UK ISPs via Wholesale,https://www.ispreview.co.uk/index.php/2025/08/netomnia-launch-8gbps-fttp-biz-broadband-to-uk-isps-via-wholesale.html,,0.0,,not_applicable,0,,0,,55,
ISPreview UK,2025-08-12,Jersey Competition Regulator Proposes New Telecoms Security Rules,https://www.ispreview.co.uk/index.php/2025/08/jersey-competition-regulator-propose-new-telecoms-security-rules.html,,0.0,,not_applicable,0,,0,,46,
ISPreview UK,2025-08-12,North Yorkshire UK Looks to Wind Up NYNet 100 Broadband Company,https://www.ispreview.co.uk/index.php/2025/08/north-yorkshire-uk-looks-to-wind-up-nynet-100-broadband-company.html,,0.0,,not_applicable,0,,0,,54,
ISPreview UK,2025-08-11,Vorboss Criticises Ofcom Plan to Water Down Definition of UK Leased Lines,https://www.ispreview.co.uk/index.php/2025/08/vorboss-criticises-ofcom-plan-to-water-down-definition-of-uk-leased-lines.html,,0.0,,not_applicable,0,,0,,51,
ISPreview UK,2025-08-11,Openreach UK Restarts FTTP Broadband Build in Fuel Leak Hit Bramley,https://www.ispreview.co.uk/index.php/2025/08/openreach-commit-to-fttp-broadband-build-in-fuel-leak-hit-bramley.html,,0.0,,not_applicable,0,,0,,59,
ISPreview UK,2025-08-11,Vodafone and Three UK Update on Progress of Joint Network Sharing,https://www.ispreview.co.uk/index.php/2025/08/vodafone-and-three-uk-update-on-progress-of-joint-network-sharing.html,,0.0,,not_applicable,0,,0,,65,
ISPreview UK,2025-08-11,O2 UK Issue Progress Update on Removal of Inbound 2G and 3G Roaming,https://www.ispreview.co.uk/index.php/2025/08/o2-uk-issue-progress-update-on-removal-of-inbound-2g-and-3g-roaming.html,,0.0,,not_applicable,0,,0,,44,
ISPreview UK,2025-08-11,BBC Looks Set to Build its Own “radically simplified” Freely TV Streaming Box,https://www.ispreview.co.uk/index.php/2025/08/bbc-looks-set-to-build-its-own-radically-simplified-freely-tv-streaming-box.html,,0.0,,not_applicable,0,,0,,48,
ISPreview UK,2025-08-11,Broadband ISP Brillband Goes Live on AllPoints Fibre’s UK Aquila Platform,https://www.ispreview.co.uk/index.php/2025/08/broadband-isp-brillband-goes-live-on-allpoints-fibres-uk-aquila-platform.html,,0.0,,not_applicable,0,,0,,54,
ISPreview UK,2025-08-10,After 34 Years AOL Finally Closes its Dial-up Internet Service UPDATE,https://www.ispreview.co.uk/index.php/2025/08/after-34-years-aol-finally-closes-its-dial-up-internet-service.html,,0.0,,not_applicable,0,,0,,54,
ISPreview UK,2025-08-09,Hyperoptic Appoint Ex-Virgin Media UK Veteran Sam Horrocks as New CFO,https://www.ispreview.co.uk/index.php/2025/08/hyperoptic-appoint-ex-virgin-media-uk-veteran-sam-horrocks-as-new-cfo.html,,0.0,,not_applicable,0,,0,,60,
ISPreview UK,2025-08-08,Broadband ISP Zen Internet Integrate ITS Technology and Prep Sky Leased Lines,https://www.ispreview.co.uk/index.php/2025/08/broadband-isp-zen-internet-integrate-its-technology-and-prep-sky-leased-lines.html,,0.0,,not_applicable,0,,0,,59,
ISPreview UK,2025-08-08,Hampshire Town Goes 6 Weeks Without a Fully Working EE UK Mobile Signal,https://www.ispreview.co.uk/index.php/2025/08/hampshire-town-goes-6-weeks-without-a-fully-working-ee-uk-mobile-signal.html,,0.0,,not_applicable,0,,0,,54,
ISPreview UK,2025-08-08,Plusnet Discounts UK FTTP Broadband Packages and Adds Rewards,https://www.ispreview.co.uk/index.php/2025/08/plusnet-discounts-uk-fttp-broadband-packages-and-adds-rewards.html,,0.0,,not_applicable,0,,0,,58,
ISPreview UK,2025-08-07,Shareholders Boost UK Broadband ISP TalkTalk’s Funding Deal to £120m,https://www.ispreview.co.uk/index.php/2025/08/shareholders-boost-broadband-isp-talktalks-recent-funding-deal-to-120m.html,,0.0,,not_applicable,0,,0,,46,
ISPreview UK,2025-08-07,O2 UK Deploys 4G and 5G Freshwave Small Cells to 13 Sites in Cornwall,https://www.ispreview.co.uk/index.php/2025/08/o2-uk-deploys-4g-and-5g-freshwave-small-cells-to-13-sites-in-cornwall.html,,0.0,,not_applicable,0,,0,,53,
ISPreview UK,2025-08-07,Giffgaff Offers 100GB Mobile Data SIM to UK Students for £10,https://www.ispreview.co.uk/index.php/2025/08/giffgaff-offers-100gb-mobile-data-sim-to-uk-students-for-10.html,,0.0,,not_applicable,0,,0,,49,
ISPreview UK,2025-08-07,Broadband ISP Fusion Fibre Group Joins F&W’s UK Full Fibre Network,https://www.ispreview.co.uk/index.php/2025/08/broadband-isp-fusion-fibre-group-joins-fws-uk-full-fibre-network.html,,0.0,,not_applicable,0,,0,,53,
ISPreview UK,2025-08-07,New Civil Engineering Firm Allestra Group Setup to Tackle UK Telecoms,https://www.ispreview.co.uk/index.php/2025/08/new-civil-engineering-firm-allestra-group-setup-to-tackle-uk-telecoms.html,,0.0,,not_applicable,0,,0,,40,
ISPreview UK,2025-08-07,Ofcom Shame TalkTalk and O2 for UK Broadband and Mobile Complaints in Q1 2025,https://www.ispreview.co.uk/index.php/2025/08/ofcom-shame-talktalk-and-o2-for-uk-broadband-and-mobile-complaints-in-q1-2025.html,,0.0,,not_applicable,0,,0,,50,
ISPreview UK,2025-08-07,"Plusnet, Sky and EE Win UK Broadband Awards in Telegraph Readers Survey",https://www.ispreview.co.uk/index.php/2025/08/plusnet-sky-and-ee-win-uk-broadband-awards-in-telegraph-readers-survey.html,,0.0,,not_applicable,0,,0,,58,
ISPreview UK,2025-08-07,Nexfibre Publish Q2 2025 UK Full Fibre Broadband Build Update,https://www.ispreview.co.uk/index.php/2025/08/nexfibre-publish-q2-2025-uk-full-fibre-broadband-build-update.html,,0.0,,not_applicable,0,,0,,47,
ISPreview UK,2025-08-06,Broadband ISP TalkTalk Publish UK Accounts to Reveal Surge in Losses,https://www.ispreview.co.uk/index.php/2025/08/broadband-isp-talktalk-publish-uk-accounts-to-reveal-surge-in-losses.html,,0.0,,not_applicable,0,,0,,55,
ISPreview UK,2025-08-06,NordVPN Names UK as Third Most Targeted Country for Internet Malware,https://www.ispreview.co.uk/index.php/2025/08/nordvpn-names-uk-as-third-most-targeted-country-for-internet-malware.html,,0.0,,not_applicable,0,,0,,67,
ISPreview UK,2025-08-06,Gov Consults on Fees for New Digital UK Map of Underground Cables,https://www.ispreview.co.uk/index.php/2025/08/gov-consults-on-fees-for-new-digital-uk-map-of-underground-cables.html,,0.0,,not_applicable,0,,0,,54,
ISPreview UK,2025-08-06,Virgin Media O2 Expand UK 3G Mobile Switch Off to Watford,https://www.ispreview.co.uk/index.php/2025/08/virgin-media-o2-expand-uk-3g-mobile-switch-off-to-watford.html,,0.0,,not_applicable,0,,0,,51,
ISPreview UK,2025-08-06,Gigaclear’s East Gloucestershire FTTP Broadband Rollout Contract Shrinks,https://www.ispreview.co.uk/index.php/2025/08/gigaclears-east-gloucestershire-fttp-broadband-rollout-contract-shrinks.html,,0.0,,not_applicable,0,,0,,57,
ISPreview UK,2025-08-05,Wessex Internet to Expand South Wiltshire Project Gigabit Broadband Rollout,https://www.ispreview.co.uk/index.php/2025/08/wessex-internet-to-expand-south-wiltshire-project-gigabit-broadband-rollout.html,,0.0,,not_applicable,0,,0,,57,
ISPreview UK,2025-08-05,SpaceX Plan Cheap Starlink Community Broadband Sharing Service,https://www.ispreview.co.uk/index.php/2025/08/spacex-plan-cheap-starlink-community-broadband-sharing-service.html,,0.0,,not_applicable,0,,0,,57,
ISPreview UK,2025-08-05,Study Claims UK Public WiFi Networks Failing Child Safety Standards,https://www.ispreview.co.uk/index.php/2025/08/study-claims-uk-public-wifi-networks-failing-child-safety-standards.html,,0.0,,not_applicable,0,,0,,68,
ISPreview UK,2025-08-05,AssetHUB and ITS Tech Partnership Aims to Boost Fibre Builds in UK Cities,https://www.ispreview.co.uk/index.php/2025/08/assethub-and-its-tech-partnership-aims-to-boost-fibre-builds-in-uk-cities.html,,0.0,,not_applicable,0,,0,,45,
ISPreview UK,2025-08-05,ISP Aquiss Launch Netomnia Based UK 8Gbps Biz Broadband Packages,https://www.ispreview.co.uk/index.php/2025/08/isp-aquiss-launch-netomnia-based-uk-8gbps-biz-broadband-packages.html,,0.0,,not_applicable,0,,0,,44,
ISPreview UK,2025-08-05,Broadband Router Giant AVM Rebrands Company Name to FRITZ!,https://www.ispreview.co.uk/index.php/2025/08/broadband-router-giant-avm-rebrands-company-name-to-fritz.html,,0.0,,not_applicable,0,,0,,46,
ISPreview UK,2025-08-05,Repair Ship Cable Vigilance Aims to Fix Shetland Subsea Fibre Break by Thursday,https://www.ispreview.co.uk/index.php/2025/08/repair-ship-cable-vigilance-aims-to-fix-shetland-subsea-fibre-break-by-thursday.html,,0.0,,not_applicable,0,,0,,58,
ISPreview UK,2025-08-04,Six Major UK Broadband ISPs Found to Lack an Internal Audit Function UPDATE,https://www.ispreview.co.uk/index.php/2025/08/six-major-uk-broadband-isps-found-to-lack-an-internal-audit-function.html,,0.0,,not_applicable,0,,0,,57,
ISPreview UK,2025-08-04,Mobile Provider O2 UK to Remove Website Access for Priority Rewards,https://www.ispreview.co.uk/index.php/2025/08/mobile-provider-o2-uk-to-remove-website-access-for-priority-rewards.html,,0.0,,not_applicable,0,,0,,46,
ISPreview UK,2025-08-04,IX Wireless Remove 15m Metal Broadband Mast in Heywood After 2yr Campaign,https://www.ispreview.co.uk/index.php/2025/08/ix-wireless-remove-15m-metal-broadband-mast-in-heywood-after-2yr-campaign.html,,0.0,,not_applicable,0,,0,,64,
ISPreview UK,2025-08-04,Virgin Media O2 and Daisy Group Launch New Merged B2B Company O2 Daisy,https://www.ispreview.co.uk/index.php/2025/08/virgin-media-o2-and-daisy-group-launch-new-merged-b2b-company-o2-daisy.html,other,0.2,other,neutral,2,"AI,chatbot",0,,57,
ISPreview UK,2025-08-04,CityFibre Hints at Future Plans for 100Gbps UK Broadband Network in 2030s,https://www.ispreview.co.uk/index.php/2025/08/cityfibre-hints-at-future-plans-for-100gbps-uk-broadband-network-in-2030s.html,,0.0,,not_applicable,0,,0,,50,
ISPreview UK,2025-08-03,Qualcomm Reveals How Next Gen WiFi 8 Will Prioritise Reliability Over Speed,https://www.ispreview.co.uk/index.php/2025/08/qualcomm-reveals-how-next-gen-wifi-8-to-prioritise-reliability-over-speed.html,,0.0,,not_applicable,0,,0,,59,
ISPreview UK,2025-08-02,Openreach Trial Panic Alarms for UK Broadband Engineers as Abuse Rises,https://www.ispreview.co.uk/index.php/2025/08/openreach-trial-panic-alarms-for-uk-broadband-engineers-as-abuse-rises.html,,0.0,,not_applicable,0,,0,,62,
ISPreview UK,2025-08-02,PXC Cause Confusion with Shifting Withdrawal Dates for SMPF Broadband Lines,https://www.ispreview.co.uk/index.php/2025/08/pxc-cause-confusion-with-shifting-withdrawal-dates-for-smpf-broadband-lines.html,,0.0,,not_applicable,0,,0,,55,
ISPreview UK,2025-08-01,Court Rejects Second Appeal vs Dismissal of BT UK Landline Overcharging Case,https://www.ispreview.co.uk/index.php/2025/08/court-rejects-second-appeal-vs-dismissal-of-bt-uk-landline-overcharging-case.html,,0.0,,not_applicable,0,,0,,56,
ISPreview UK,2025-08-01,"Fibrus Donate £57,805 to 32 Community Groups in Northern Ireland",https://www.ispreview.co.uk/index.php/2025/08/fibrus-donate-57805-to-32-community-groups-in-northern-ireland.html,,0.0,,not_applicable,0,,0,,47,
ISPreview UK,2025-08-01,Civil Engineering Giant M Group Completes Telent Acquisition,https://www.ispreview.co.uk/index.php/2025/08/civil-engineering-giant-m-group-completes-telent-acquisition.html,,0.0,,not_applicable,0,,0,,56,
ISPreview UK,2025-08-01,"Quickline Cover 2,000 North Yorkshire Homes Under Gigabit Broadband Contract",https://www.ispreview.co.uk/index.php/2025/08/quickline-cover-2000-north-yorkshire-homes-under-gigabit-broadband-contract.html,,0.0,,not_applicable,0,,0,,57,
ISPreview UK,2025-08-01,Government Funded 4G Mobile Mast Upgrades Go Live in Yorkshire Dales,https://www.ispreview.co.uk/index.php/2025/08/government-funded-4g-mobile-mast-upgrades-go-live-in-yorkshire-dales.html,,0.0,,not_applicable,0,,0,,55,
ISPreview UK,2025-08-01,Virgin Media’s Broadband Data Suggest Brits Clock Off Early on Fridays,https://www.ispreview.co.uk/index.php/2025/08/virgin-media-broadband-data-suggest-brits-clock-off-early-on-fridays.html,,0.0,,not_applicable,0,,0,,54,
ISPreview UK,2025-08-01,Rural Full Fibre Broadband ISP Gigaclear Appoint Two New UK Directors,https://www.ispreview.co.uk/index.php/2025/08/rural-full-fibre-broadband-isp-gigaclear-appoint-two-new-uk-directors.html,,0.0,,not_applicable,0,,0,,56,
ISPreview UK,2025-08-01,Telefonica CEO – Virgin Media Scrap UK NetCo Broadband Wholesale Plans,https://www.ispreview.co.uk/index.php/2025/08/telefonica-ceo-virgin-media-scrap-uk-netco-broadband-wholesale-plans.html,,0.0,,not_applicable,0,,0,,58,
ISPreview UK,2025-07-31,UK Government Warns Promoting the Use of VPNs Could Attract Fines UPDATE,https://www.ispreview.co.uk/index.php/2025/07/uk-government-warns-promoting-the-use-of-vpns-could-attract-fines.html,,0.0,,not_applicable,0,,0,,51,
ISPreview UK,2025-07-31,London ISP CommunityFibre Discounts 500Mbps Broadband to £20,https://www.ispreview.co.uk/index.php/2025/07/london-isp-communityfibre-discounts-500mbps-broadband-to-20.html,,0.0,,not_applicable,0,,0,,50,
ISPreview UK,2025-07-31,Zayo Europe Highlights Fibre Network Expansion Across UK and Germany,https://www.ispreview.co.uk/index.php/2025/07/zayo-europe-highlights-fibre-network-expansion-across-uk-and-germany.html,,0.0,,not_applicable,0,,0,,52,
ISPreview UK,2025-07-31,Virgin Media O2 Joins Age UK to Help Raise Awareness of 3G Switch-Off,https://www.ispreview.co.uk/index.php/2025/07/virgin-media-o2-joins-age-uk-to-help-raise-awareness-of-3g-switch-off.html,,0.0,,not_applicable,0,,0,,49,
ISPreview UK,2025-07-31,KCOM to Launch Broadband Infrastructure Sharing in Hull UK on 1st August 2025,https://www.ispreview.co.uk/index.php/2025/07/kcom-to-launch-broadband-infrastructure-sharing-in-hull-uk-on-1st-august-2025.html,,0.0,,not_applicable,0,,0,,59,
ISPreview UK,2025-07-31,Opensignal Examine Impact of WiFi on Real vs Subscribed UK Broadband Speeds,https://www.ispreview.co.uk/index.php/2025/07/ookla-examine-impact-of-wifi-on-real-vs-subscribed-uk-broadband-speeds.html,,0.0,,not_applicable,0,,0,,42,
ISPreview UK,2025-07-31,Squirrel Internet Launch 2.3Gbps Broadband Package via Freedom Fibre,https://www.ispreview.co.uk/index.php/2025/07/squirrel-internet-launch-2-3gbps-broadband-package-via-freedom-fibre.html,,0.0,,not_applicable,0,,0,,40,
ISPreview UK,2025-07-31,Freely’s UK Broadband TV Service to Adopt Netgem Streaming Boxes,https://www.ispreview.co.uk/index.php/2025/07/freelys-uk-broadband-tv-service-to-adopt-netgems-streaming-boxes.html,,0.0,,not_applicable,0,,0,,66,
ISPreview UK,2025-07-30,CityFibre UK Finish Primary £50m Wolverhampton FTTP Broadband Rollout,https://www.ispreview.co.uk/index.php/2025/07/cityfibre-uk-finish-primary-50m-wolverhampton-fttp-broadband-rollout.html,,0.0,,not_applicable,0,,0,,41,
ISPreview UK,2025-07-30,Study Claims Altnet Broadband ISPs Deliver More Speed for 28 Percent Less Money,https://www.ispreview.co.uk/index.php/2025/07/study-claims-altnet-broadband-isps-deliver-more-speed-for-28-percent-less-money.html,,0.0,,not_applicable,0,,0,,49,
ISPreview UK,2025-07-30,Ofcom Fine UK Broadband ISP Gigaclear £122k Over Calling Info Failure,https://www.ispreview.co.uk/index.php/2025/07/ofcom-fine-uk-broadband-isp-gigaclear-122k-over-calling-info-failure.html,,0.0,,not_applicable,0,,0,,49,
ISPreview UK,2025-07-30,ISPA Unveil First Finalists for 2025 UK ISP Internet Industry Awards,https://www.ispreview.co.uk/index.php/2025/07/ispa-unveil-first-finalists-for-2025-uk-isp-internet-industry-awards.html,,0.0,,not_applicable,0,,0,,57,
ISPreview UK,2025-07-30,Full Fibre Provider ITS Technology Appoints Charlie Versi as its COO,https://www.ispreview.co.uk/index.php/2025/07/full-fibre-provider-its-technology-appoints-charlie-versi-as-its-coo.html,,0.0,,not_applicable,0,,0,,39,
ISPreview UK,2025-07-30,Ofcom – YouTube and Streaming is Slowly Taking Over UK TV Sets,https://www.ispreview.co.uk/index.php/2025/07/ofcom-youtube-and-streaming-is-slowly-taking-over-uk-tv-sets.html,,0.0,,not_applicable,0,,0,,54,
ISPreview UK,2025-07-30,Virgin Media O2 Grow UK FTTP Premises by 114k in Q2 as Broadband Users Fall,https://www.ispreview.co.uk/index.php/2025/07/virgin-media-o2-add-114k-new-uk-fttp-lines-in-q2-as-broadband-users-fall.html,,0.0,,not_applicable,0,,0,,64,
ISPreview UK,2025-07-29,EE UK Launches New Mobile Smartphone Plans for Under 18s,https://www.ispreview.co.uk/index.php/2025/07/ee-uk-launches-new-mobile-smartphone-plans-for-under-18s.html,,0.0,,not_applicable,0,,0,,59,
ISPreview UK,2025-07-29,BT Completes Refund of £18m to UK Customers Over Contract Failings,https://www.ispreview.co.uk/index.php/2025/07/bt-completes-refund-of-18m-to-uk-customers-over-contract-failings.html,,0.0,,not_applicable,0,,0,,62,
ISPreview UK,2025-07-29,"O2 UK Boost 4G and 5G Mobile at 700 Postcodes in Dundee, Scotland",https://www.ispreview.co.uk/index.php/2025/07/o2-uk-boost-4g-and-5g-mobile-at-700-postcodes-in-dundee-scotland.html,,0.0,,not_applicable,0,,0,,51,
ISPreview UK,2025-07-29,"GoFibre Extends FTTP Broadband Build to Witton-le-Wear, County Durham",https://www.ispreview.co.uk/index.php/2025/07/gofibre-begins-fttp-broadband-build-in-witton-le-wear-county-durham.html,,0.0,,not_applicable,0,,0,,45,
ISPreview UK,2025-07-29,Netomnia to Expand Wholesale FTTP Broadband to More UK ISPs as New MD Appointed,https://www.ispreview.co.uk/index.php/2025/07/netomnia-to-expand-wholesale-fttp-broadband-to-more-uk-isps-as-new-md-appointed.html,,0.0,,not_applicable,0,,0,,53,
ISPreview UK,2025-07-29,Broadband and Phone Provider KCOM Bids Farewell to CEO Tim Shaw,https://www.ispreview.co.uk/index.php/2025/07/broadband-and-phone-provider-kcom-bids-farewell-to-ceo-tim-shaw.html,,0.0,,not_applicable,0,,0,,55,
ISPreview UK,2025-07-29,Gov Update on Plan to Help Push FTTP Broadband into UK Flats and Build Mobile Masts,https://www.ispreview.co.uk/index.php/2025/07/gov-update-on-plan-to-help-push-fttp-broadband-into-uk-flats-and-build-mobile-masts.html,,0.0,,not_applicable,0,,0,,60,
ISPreview UK,2025-07-28,Broadband ISP File Sanctuary Launch UK 2.3Gbps CityFibre FTTP Plan,https://www.ispreview.co.uk/index.php/2025/07/broadband-isp-file-sanctuary-launch-uk-2-3gbps-cityfibre-fttp-plan.html,,0.0,,not_applicable,0,,0,,46,
ISPreview UK,2025-07-28,"BT, EE and Plusnet to Raise UK Mid Contract Price Hikes up to £4 UPDATE",https://www.ispreview.co.uk/index.php/2025/07/broadband-isps-bt-ee-and-plusnet-to-raise-uk-mid-contract-price-hikes-to-4.html,,0.0,,not_applicable,0,,0,,72,
ISPreview UK,2025-07-28,Giffgaff UK Launches New Travel Data Add Ons for Mobile Roaming,https://www.ispreview.co.uk/index.php/2025/07/giffgaff-uk-launches-new-travel-data-add-ons-for-mobile-roaming.html,,0.0,,not_applicable,0,,0,,58,
ISPreview UK,2025-07-28,"Openreach Deploys 5,000th Electric Vehicle as Part of UK Fleet Transition",https://www.ispreview.co.uk/index.php/2025/07/openreach-deploys-5000th-electric-vehicle-as-part-of-uk-fleet-transition.html,,0.0,,not_applicable,0,,0,,53,
ISPreview UK,2025-07-28,Virgin Media O2 UK to Boost Customer Service with New Lumi AI Tool,https://www.ispreview.co.uk/index.php/2025/07/virgin-media-o2-uk-tries-to-boost-customer-service-with-new-lumi-ai-tool.html,customer_support_experience,0.95,customer_support_experience,positive,3,"AI,Artificial Intelligence,Lumi AI",1,AI,51,"Virgin Media and O2 have launched Lumi AI, an AI tool designed to enhance customer support by enabling agents to deliver faster, more effective and personalised assistance, aiming to improve overall customer experience."
ISPreview UK,2025-07-27,Broadband Disrupted for Shetland and Orkney by Subsea Fibre Break UPDATE,https://www.ispreview.co.uk/index.php/2025/07/broadband-disrupted-for-shetland-and-orkney-by-subsea-fibre-break.html,,0.0,,not_applicable,0,,0,,53,
ISPreview UK,2025-07-27,"Grain Expands FTTP Broadband Network Cover to 270,000 UK Premises",https://www.ispreview.co.uk/index.php/2025/07/grain-expands-fttp-broadband-network-cover-to-270000-uk-premises.html,,0.0,,not_applicable,0,,0,,61,
ISPreview UK,2025-07-26,Sky Broadband and the Question of Preferential UK CityFibre FTTP Install Dates,https://www.ispreview.co.uk/index.php/2025/07/sky-broadband-and-the-question-of-preferential-uk-cityfibre-fttp-install-dates.html,,0.0,,not_applicable,0,,0,,58,
ISPreview UK,2025-07-25,Broadband ISP TalkTalk Confirms £100m UK Funding Deal UPDATE2,https://www.ispreview.co.uk/index.php/2025/07/broadband-isp-talktalk-reportedly-agrees-100m-uk-funding-deal.html,,0.0,,not_applicable,0,,0,,56,
ISPreview UK,2025-07-25,Study of Six Major European Countries Finds Only UK Saw Broadband Prices Rise,https://www.ispreview.co.uk/index.php/2025/07/study-of-six-major-european-countries-finds-only-uk-saw-broadband-prices-rise.html,,0.0,,not_applicable,0,,0,,52,
ISPreview UK,2025-07-25,Starlink Says Global Broadband Outage Caused by Internal Software Failure UPDATE,https://www.ispreview.co.uk/index.php/2025/07/starlink-says-global-broadband-outage-caused-by-internal-software-failure.html,,0.0,,not_applicable,0,,0,,48,
ISPreview UK,2025-07-24,Outbound Mobile Calling Problems Strike EE’s National UK Network UPDATE8,https://www.ispreview.co.uk/index.php/2025/07/outbound-mobile-calling-problems-strike-ees-national-uk-network.html,,0.0,,not_applicable,0,,0,,66,
ISPreview UK,2025-07-24,Openreach Pole Problem Triggers Long Broadband Outage in Welsh Village UPDATE,https://www.ispreview.co.uk/index.php/2025/07/openreach-pole-replacement-triggers-long-broadband-outage-in-welsh-village.html,,0.0,,not_applicable,0,,0,,60,
ISPreview UK,2025-07-24,BDUK Issue First 2025 Update on UK Project Gigabit Broadband Progress,https://www.ispreview.co.uk/index.php/2025/07/bduk-issue-first-2025-update-on-uk-project-gigabit-broadband-progress.html,,0.0,,not_applicable,0,,0,,51,
ISPreview UK,2025-07-24,O2 UK and Ontix Expand 4G Mobile Small Cells to Bristol’s Clifton Area,https://www.ispreview.co.uk/index.php/2025/07/o2-uk-and-ontix-expand-4g-mobile-small-cells-to-bristols-clifton-area.html,,0.0,,not_applicable,0,,0,,46,
ISPreview UK,2025-07-24,VodafoneThree UK Hits 1.65 Million Broadband Users as Mobile Tops 28.76m UPDATE,https://www.ispreview.co.uk/index.php/2025/07/vodafonethree-uk-hits-1-65-million-broadband-users-as-mobile-tops-28-76m.html,,0.0,,not_applicable,0,,0,,61,
ISPreview UK,2025-07-24,BT See Loss of 169k Openreach UK Broadband Lines and Appoints New CFO,https://www.ispreview.co.uk/index.php/2025/07/bt-see-loss-of-169k-openreach-uk-broadband-lines-and-appoints-new-cfo.html,,0.0,,not_applicable,0,,0,,69,
ISPreview UK,2025-07-24,VIDEO – Voneus Brings Gigabit Wireless Broadband to St Clears in Wales,https://www.ispreview.co.uk/index.php/2025/07/video-voneus-brings-gigabit-wireless-broadband-to-st-clears-in-wales.html,,0.0,,not_applicable,0,,0,,45,
ISPreview UK,2025-07-23,Broadband Provider Exascale Joins CityFibre’s UK Full Fibre Network,https://www.ispreview.co.uk/index.php/2025/07/broadband-provider-exascale-joins-cityfibres-uk-full-fibre-network.html,,0.0,,not_applicable,0,,0,,51,
ISPreview UK,2025-07-23,Three UK Discounts Unlimited 4G and 5G Home Broadband to £17,https://www.ispreview.co.uk/index.php/2025/07/three-uk-discounts-unlimited-4g-and-5g-home-broadband-to-17.html,,0.0,,not_applicable,0,,0,,52,
ISPreview UK,2025-07-23,Mobile Operator Spusu UK Cuts International Data Roaming Charges,https://www.ispreview.co.uk/index.php/2025/07/mobile-operator-spusu-uk-cuts-international-data-roaming-charges.html,,0.0,,not_applicable,0,,0,,52,
ISPreview UK,2025-07-23,Virgin Media O2 Adopt Trustly’s Pay by Bank Solutions for UK Customers,https://www.ispreview.co.uk/index.php/2025/07/virgin-media-o2-adopt-trustlys-pay-by-bank-solutions-for-uk-customers.html,,0.0,,not_applicable,0,,0,,53,
ISPreview UK,2025-07-23,Vodafone UK Improves Customer Support with “Just Ask Once” Service,https://www.ispreview.co.uk/index.php/2025/07/vodafone-uk-improves-customer-support-with-just-ask-once-service.html,,0.0,,not_applicable,0,,0,,56,
ISPreview UK,2025-07-23,WhoFi – Researchers Find Way to Identify and Track People via WiFi Signals,https://www.ispreview.co.uk/index.php/2025/07/whofi-researchers-find-way-to-track-people-by-their-wifi-signature.html,,0.0,,not_applicable,0,,0,,63,
ISPreview UK,2025-07-23,Matthew Hare Steps Back from Executive Chairman Role at FullFibre,https://www.ispreview.co.uk/index.php/2025/07/matthew-hare-steps-back-from-executive-chairman-role-at-fullfibre.html,,0.0,,not_applicable,0,,0,,49,
ISPreview UK,2025-07-23,Netomnia Expand FTTP Broadband Coverage to 2.56 Million UK Premises,https://www.ispreview.co.uk/index.php/2025/07/netomnia-expands-fttp-broadband-coverage-to-2-56-million-uk-premises.html,,0.0,,not_applicable,0,,0,,45,
ISPreview UK,2025-07-22,Grain Secures £225m Funding to Accelerate UK Full Fibre Broadband Rollout,https://www.ispreview.co.uk/index.php/2025/07/grain-secures-225m-funding-to-accelerate-uk-full-fibre-broadband-rollout.html,,0.0,,not_applicable,0,,0,,61,
ISPreview UK,2025-07-22,Openreach List Next 137 UK Areas for Copper to FTTP Switch – Tranche 21,https://www.ispreview.co.uk/index.php/2025/07/openreach-list-next-137-uk-areas-for-copper-to-fttp-switch-tranche-21.html,,0.0,,not_applicable,0,,0,,58,
ISPreview UK,2025-07-22,Ofcom to Make Q and V Bands Available for UK Satellite Broadband Gateways,https://www.ispreview.co.uk/index.php/2025/07/ofcom-to-make-q-and-v-bands-available-for-uk-satellite-broadband-gateways.html,,0.0,,not_applicable,0,,0,,55,
ISPreview UK,2025-07-22,Broadband Router Giant AVM Rolls Out FRITZ!OS 8.20 Firmware,https://www.ispreview.co.uk/index.php/2025/07/broadband-router-giant-avm-rolls-out-fritzos-8-20-firmware.html,,0.0,,not_applicable,0,,0,,50,
ISPreview UK,2025-07-22,Business ISP Onecom Acquires UK Broadband and VoIP Provider Gradwell,https://www.ispreview.co.uk/index.php/2025/07/business-isp-onecom-acquires-uk-broadband-and-voip-provider-gradwell.html,,0.0,,not_applicable,0,,0,,39,
ISPreview UK,2025-07-22,Most MPs Expect UK to Miss Targets for 5G Mobile and Gigabit Broadband,https://www.ispreview.co.uk/index.php/2025/07/most-mps-expect-uk-to-miss-targets-for-5g-mobile-and-gigabit-broadband.html,,0.0,,not_applicable,0,,0,,58,
ISPreview UK,2025-07-22,Openreach Makes UK Fibre Broadband Checker a Bit More Informative,https://www.ispreview.co.uk/index.php/2025/07/openreach-makes-uk-fibre-broadband-checker-a-bit-more-informative.html,,0.0,,not_applicable,0,,0,,49,
ISPreview UK,2025-07-22,EE’s 5G Standalone Mobile Network to Cover Half of the UK as 45 New Areas Go Live,https://www.ispreview.co.uk/index.php/2025/07/ees-5g-standalone-mobile-network-to-cover-half-of-the-uk-as-45-new-areas-go-live.html,,0.0,,not_applicable,0,,0,,61,
ISPreview UK,2025-07-21,OneWeb Broadband Satellites to Deliver UK Gov Services Worldwide,https://www.ispreview.co.uk/index.php/2025/07/oneweb-broadband-satellites-to-deliver-uk-gov-services-worldwide.html,,0.0,,not_applicable,0,,0,,43,
ISPreview UK,2025-07-21,Gov Prep New Statement of Strategic Priorities for UK Broadband and Mobile,https://www.ispreview.co.uk/index.php/2025/07/gov-prep-new-statement-of-strategic-priorities-for-uk-broadband-and-mobile.html,,0.0,,not_applicable,0,,0,,50,
ISPreview UK,2025-07-21,Ofcom UK Reviews 2GHz Band for Use by Mobile Satellite Services,https://www.ispreview.co.uk/index.php/2025/07/ofcom-uk-reviews-2ghz-band-for-use-by-mobile-satellite-services.html,,0.0,,not_applicable,0,,0,,55,
ISPreview UK,2025-07-21,"Ofcom Tell BBC, ITV, Channel 4, C5, STV and S4C to Improve TV Content on YouTube",https://www.ispreview.co.uk/index.php/2025/07/ofcom-tell-bbc-itv-channel-4-c5-stv-and-s4c-to-improve-tv-content-on-youtube.html,,0.0,,not_applicable,0,,0,,51,
ISPreview UK,2025-07-21,Netgem TV Offers 250 FAST Channels to UK via Supporting Broadband ISPs,https://www.ispreview.co.uk/index.php/2025/07/netgem-tv-offers-250-fast-channels-to-uk-via-supporting-broadband-isps.html,,0.0,,not_applicable,0,,0,,49,
ISPreview UK,2025-07-21,Ofcom UK to Restrict Number Spoofing to Tackle Mobile Scam Calls from Abroad,https://www.ispreview.co.uk/index.php/2025/07/ofcom-uk-to-restrict-number-spoofing-to-tackle-scam-calls-from-abroad.html,,0.0,,not_applicable,0,,0,,54,
ISPreview UK,2025-07-21,Geemarc Produce Clever 4G Adapter for Old Analogue UK Home Phones,https://www.ispreview.co.uk/index.php/2025/07/geemarc-produce-clever-4g-adapter-for-old-analogue-uk-home-phones.html,,0.0,,not_applicable,0,,0,,55,
ISPreview UK,2025-07-21,"London Full Fibre ISP Vorboss Acquires Optimity, 40fi and Invests in Layer8",https://www.ispreview.co.uk/index.php/2025/07/london-full-fibre-isp-vorboss-acquires-optimity-40fi-and-layer8.html,,0.0,,not_applicable,0,,0,,54,
ISPreview UK,2025-07-19,NFU Farmers Survey Highlights Weaknesses in UK Broadband and Mobile,https://www.ispreview.co.uk/index.php/2025/07/nfu-farmers-survey-highlights-weaknesses-in-uk-broadband-and-mobile.html,,0.0,,not_applicable,0,,0,,51,
ISPreview UK,2025-07-19,Broadband ISP TalkTalk Moves More Customers to Utility Warehouse,https://www.ispreview.co.uk/index.php/2025/07/broadband-isp-talktalk-moves-more-customers-to-utility-warehouse.html,,0.0,,not_applicable,0,,0,,51,
ISPreview UK,2025-07-18,Ofcom Consults on Changes to UK Wholesale Landline and Mobile Call Markets,https://www.ispreview.co.uk/index.php/2025/07/ofcom-consults-on-changes-to-uk-wholesale-landline-and-mobile-call-markets.html,,0.0,,not_applicable,0,,0,,54,
ISPreview UK,2025-07-18,Rural UK Full Fibre Networks County Broadband and Truespeed to Merge,https://www.ispreview.co.uk/index.php/2025/07/rural-uk-full-fibre-networks-county-broadband-and-truespeed-to-merge.html,,0.0,,not_applicable,0,,0,,51,
ISPreview UK,2025-07-18,Ofcom Cuts UK Mobile Licence Fees for 900MHz and 1800MHz by GBP60m,https://www.ispreview.co.uk/index.php/2025/07/ofcom-cuts-uk-mobile-licence-fees-for-900mhz-and-1800mhz-by-gbp60m.html,,0.0,,not_applicable,0,,0,,60,
ISPreview UK,2025-07-17,Survey Claims UK Alternative Broadband Networks Still Confident of Future,https://www.ispreview.co.uk/index.php/2025/07/survey-claims-uk-alternative-broadband-networks-still-confident-of-future.html,,0.0,,not_applicable,0,,0,,55,
ISPreview UK,2025-07-17,Ofcom UK Confirm Changes to 3.9GHz Band for 5G Mobile and Wireless Broadband,https://www.ispreview.co.uk/index.php/2025/07/ofcom-uk-confirm-changes-to-3-9ghz-band-for-5g-mobile-and-wireless-broadband.html,,0.0,,not_applicable,0,,0,,57,
ISPreview UK,2025-07-17,Ofcom Study Examines UK Speed and Coverage of 4G and 5G Mobile Networks,https://www.ispreview.co.uk/index.php/2025/07/ofcom-study-examines-uk-speed-and-coverage-of-4g-and-5g-mobile-networks.html,,0.0,,not_applicable,0,,0,,56,
ISPreview UK,2025-07-17,Openreach Recycles UK Home Broadband Kit to Help Slash Plastic Use,https://www.ispreview.co.uk/index.php/2025/07/openreach-recycles-uk-home-broadband-kit-to-help-slash-plastic-use.html,,0.0,,not_applicable,0,,0,,51,
ISPreview UK,2025-07-17,CityFibre UK Lays 286km of Fibre for FTTP Broadband Build in Bognor Regis,https://www.ispreview.co.uk/index.php/2025/07/cityfibre-uk-lays-286km-of-fibre-for-fttp-broadband-build-in-bognor-regis.html,,0.0,,not_applicable,0,,0,,50,
ISPreview UK,2025-07-17,UK Ranks Poorly in Ookla’s European Study of 5G Mobile Availability,https://www.ispreview.co.uk/index.php/2025/07/uk-ranks-poorly-in-ooklas-european-study-of-5g-mobile-availability.html,,0.0,,not_applicable,0,,0,,57,
ISPreview UK,2025-07-17,30 Government Funded 4G Mobile Mast Upgrades Now Live Across Wales,https://www.ispreview.co.uk/index.php/2025/07/30-government-funded-4g-mobile-mast-upgrades-now-live-across-wales.html,,0.0,,not_applicable,0,,0,,58,
ISPreview UK,2025-07-17,"Virgin Media O2 Connect 1,000 Residents in Newcastle to Free Internet",https://www.ispreview.co.uk/index.php/2025/07/virgin-media-o2-connect-1000-residents-in-newcastle-to-free-internet.html,,0.0,,not_applicable,0,,0,,57,
ISPreview UK,2025-07-17,Which? Name Virgin Media and EE as Biggest UK Consumer Letdowns of 2025 UPDATE,https://www.ispreview.co.uk/index.php/2025/07/which-name-virgin-media-and-ee-as-biggest-uk-consumer-letdowns-of-2025.html,,0.0,,not_applicable,0,,0,,64,
ISPreview UK,2025-07-16,Broadband ISP Yayzi Deploys IPv6 Addressing Across UK Network,https://www.ispreview.co.uk/index.php/2025/07/broadband-isp-yayzi-deploys-ipv6-addressing-across-uk-network.html,,0.0,,not_applicable,0,,0,,52,
ISPreview UK,2025-07-16,"O2 UK Boost 4G and 5G Mobile at 2,000 Postcodes in Coventry",https://www.ispreview.co.uk/index.php/2025/07/o2-uk-boost-4g-and-5g-mobile-at-2000-postcodes-in-coventry.html,,0.0,,not_applicable,0,,0,,45,
ISPreview UK,2025-07-16,Government Set Six Standards to Tackle Digital Divide in UK Schools,https://www.ispreview.co.uk/index.php/2025/07/government-set-six-standards-to-tackle-digital-divide-in-uk-schools.html,,0.0,,not_applicable,0,,0,,57,
ISPreview UK,2025-07-16,Openreach Extend FTTP Uninhabitable Broadband Locations Pilot for 12 Months,https://www.ispreview.co.uk/index.php/2025/07/openreach-extend-fttp-uninhabitable-broadband-pilot-for-12-months.html,,0.0,,not_applicable,0,,0,,49,
ISPreview UK,2025-07-16,TalkTalk Cause Confusion for Some UK Users with Paid Email Migration UPDATE,https://www.ispreview.co.uk/index.php/2025/07/talktalk-cause-confusion-for-some-uk-users-with-paid-email-migration.html,,0.0,,not_applicable,0,,0,,58,
ISPreview UK,2025-07-16,Broadband ISP TalkTalk Issue Trading Update and Hints at New UK WiFi Product,https://www.ispreview.co.uk/index.php/2025/07/broadband-isp-talktalk-issue-trading-update-and-hints-at-new-uk-wifi-product.html,,0.0,,not_applicable,0,,0,,61,
ISPreview UK,2025-07-16,SpaceX to Launch First 1Tbps GEN3 Starlink Broadband Satellites in H1 2026,https://www.ispreview.co.uk/index.php/2025/07/spacex-to-launch-first-1tbps-gen3-starlink-broadband-satellites-in-h1-2026.html,,0.0,,not_applicable,0,,0,,55,
ISPreview UK,2025-07-16,Giffgaff Enhances its UK Mobile Phone Recycling Service via £40 Bonus,https://www.ispreview.co.uk/index.php/2025/07/giffgaff-enhances-its-uk-mobile-phone-recycling-service-via-40-bonus.html,,0.0,,not_applicable,0,,0,,43,
ISPreview UK,2025-07-16,Significant Job Cuts Set to Strike Workers at UK Broadband ISP Cuckoo,https://www.ispreview.co.uk/index.php/2025/07/significant-job-cuts-set-to-strike-workers-at-uk-broadband-isp-cuckoo.html,,0.0,,not_applicable,0,,0,,54,
ISPreview UK,2025-07-15,Cloudflare Blocking Access to Internet Piracy Websites in the UK,https://www.ispreview.co.uk/index.php/2025/07/cloudflare-blocking-access-to-internet-piracy-websites-in-the-uk.html,,0.0,,not_applicable,0,,0,,61,
ISPreview UK,2025-07-15,Sky Broadband’s Full Fibre 2.5Gbps and 5Gbps Speeds Now Available Online,https://www.ispreview.co.uk/index.php/2025/07/sky-broadbands-full-fibre-2-5gbps-and-5gbps-speeds-now-available-online.html,,0.0,,not_applicable,0,,0,,51,
ISPreview UK,2025-07-15,Freedom Fibre Launch New 2500Mbps Broadband Tier for UK ISPs,https://www.ispreview.co.uk/index.php/2025/07/freedom-fibre-launch-new-2500mbps-broadband-tier-for-uk-isps.html,,0.0,,not_applicable,0,,0,,47,
ISPreview UK,2025-07-15,GoFibre Win Project Gigabit Broadband Rollout Contract for North East Scotland,https://www.ispreview.co.uk/index.php/2025/07/gofibre-win-project-gigabit-broadband-rollout-contract-for-north-east-scotland.html,,0.0,,not_applicable,0,,0,,52,
ISPreview UK,2025-07-15,Quickline Put FTTP Broadband Live in 3 More West Yorkshire UK Villages,https://www.ispreview.co.uk/index.php/2025/07/quickline-put-fttp-broadband-live-in-3-more-west-yorkshire-uk-villages.html,,0.0,,not_applicable,0,,0,,34,
ISPreview UK,2025-07-15,Ookla Name Vodafone UK Best for 5G Mobile Video Streaming in H1 2025,https://www.ispreview.co.uk/index.php/2025/07/ookla-name-vodafone-uk-best-for-5g-mobile-video-streaming-in-h1-2025.html,,0.0,,not_applicable,0,,0,,56,
ISPreview UK,2025-07-15,ICO Rules BT and Openreach are Subject to UK Environmental Info Requests,https://www.ispreview.co.uk/index.php/2025/07/ico-rules-bt-and-openreach-are-subject-to-uk-environmental-info-requests.html,,0.0,,not_applicable,0,,0,,53,
ISPreview UK,2025-07-14,Study Finds Brightness Reduction in Starlink v2 LEO Broadband Satellites,https://www.ispreview.co.uk/index.php/2025/07/study-finds-brightness-reduction-in-starlink-v2-leo-broadband-satellites.html,,0.0,,not_applicable,0,,0,,55,
ISPreview UK,2025-07-14,"Vodafone UK Launch Fix and Go Service for Apple, Samsung and Google Handsets",https://www.ispreview.co.uk/index.php/2025/07/vodafone-uk-launch-fix-and-go-service-for-apple-samsung-and-google-handsets.html,,0.0,,not_applicable,0,,0,,49,
ISPreview UK,2025-07-14,EE UK Upgrades Indoor 4G Mobile Network at Manchester Airport,https://www.ispreview.co.uk/index.php/2025/07/ee-uk-upgrades-indoor-4g-mobile-network-at-manchester-airport.html,,0.0,,not_applicable,0,,0,,44,
ISPreview UK,2025-07-14,BT Study Claims UK Makes it Too Hard to Install New 5G Mobile Masts – Missing £230bn Boost,https://www.ispreview.co.uk/index.php/2025/07/bt-study-claims-uk-makes-it-too-hard-to-install-new-5g-mobile-masts-missing-230bn-boost.html,,0.0,,not_applicable,0,,0,,62,
ISPreview UK,2025-07-14,Environment Agency Recommends Deleting OLD Emails to Save Water,https://www.ispreview.co.uk/index.php/2025/07/environment-agency-recommends-deleting-old-emails-to-save-water.html,,0.0,,not_applicable,0,,0,,54,
ISPreview UK,2025-07-14,EXA Infrastructure Deploys New Subsea Fibre Optic Route from London to Europe,https://www.ispreview.co.uk/index.php/2025/07/exa-infrastructure-deploys-new-subsea-fibre-optic-route-from-london-to-europe.html,,0.0,,not_applicable,0,,0,,42,
ISPreview UK,2025-07-14,CityFibre Agrees £2.3bn Funding Deal to Boost UK Full Fibre Broadband,https://www.ispreview.co.uk/index.php/2025/07/cityfibre-agrees-2-3bn-funding-deal-to-boost-uk-full-fibre-broadband.html,,0.0,,not_applicable,0,,0,,48,
ISPreview UK,2025-07-14,Study Claims 60 Percent of UK Broadband Users are Out of Contract,https://www.ispreview.co.uk/index.php/2025/07/study-claims-60-percent-of-uk-broadband-users-are-out-of-contract.html,,0.0,,not_applicable,0,,0,,65,
ISPreview UK,2025-07-13,Faulty Three UK Mast Disrupts Mobile Connectivity in Handforth for 6 Weeks,https://www.ispreview.co.uk/index.php/2025/07/faulty-three-uk-mast-disrupts-mobile-connectivity-in-handforth-for-6-weeks.html,,0.0,,not_applicable,0,,0,,51,
ISPreview UK,2025-07-12,Openreach Testing Relaxed Rules for UK Exchange Closure Pilot,https://www.ispreview.co.uk/index.php/2025/07/openreach-testing-relaxed-rules-for-uk-exchange-closure-pilot.html,,0.0,,not_applicable,0,,0,,57,
ISPreview UK,2025-07-11,"High Court Rejects Phones 4u Appeal in Damages Claim vs O2, EE and Vodafone UK UPDATE",https://www.ispreview.co.uk/index.php/2025/07/high-court-rejects-phones-4u-appeal-in-damages-claim-vs-o2-ee-and-vodafone-uk.html,,0.0,,not_applicable,0,,0,,60,
ISPreview UK,2025-07-11,Openreach Speeds Up Proactive FTTP Broadband Upgrades by UK ISPs,https://www.ispreview.co.uk/index.php/2025/07/openreach-speeds-up-proactive-fttp-broadband-upgrades-by-uk-isps.html,,0.0,,not_applicable,0,,0,,65,
ISPreview UK,2025-07-11,UK Gov Boosts Eutelsat’s OneWeb LEO Broadband Satellites by £140m UPDATE,https://www.ispreview.co.uk/index.php/2025/07/uk-gov-boosts-eutelsats-oneweb-leo-broadband-satellites-by-140m.html,,0.0,,not_applicable,0,,0,,58,
ISPreview UK,2025-07-11,UKHSA Publish New Study Assessing Exposures to 5G Mobile Radio Waves,https://www.ispreview.co.uk/index.php/2025/07/ukhsa-publish-new-study-assessing-exposures-to-5g-mobile-radio-waves.html,,0.0,,not_applicable,0,,0,,60,
ISPreview UK,2025-07-10,Disney+ and ITV Deal to Exchange Streaming TV Shows and Movies,https://www.ispreview.co.uk/index.php/2025/07/disney-and-itv-deal-to-exchange-streaming-tv-shows-and-movies.html,,0.0,,not_applicable,0,,0,,39,
ISPreview UK,2025-07-10,Sky UK Relaunches its VIP Customer Loyalty Programme,https://www.ispreview.co.uk/index.php/2025/07/sky-uk-relaunches-its-vip-customer-loyalty-programme.html,,0.0,,not_applicable,0,,0,,51,
ISPreview UK,2025-07-10,4G and 5G Mobile Coverage Extends to More of London Underground,https://www.ispreview.co.uk/index.php/2025/07/4g-and-5g-mobile-coverage-extends-to-more-of-london-underground.html,,0.0,,not_applicable,0,,0,,53,
ISPreview UK,2025-07-10,Vodafone UK Named Best Mobile Network in Central London,https://www.ispreview.co.uk/index.php/2025/07/vodafone-uk-named-best-mobile-network-in-central-london.html,,0.0,,not_applicable,0,,0,,50,
ISPreview UK,2025-07-10,Openreach Start Rural UK FTTP Broadband Rollout Under Project Gigabit,https://www.ispreview.co.uk/index.php/2025/07/openreach-start-rural-uk-fttp-broadband-rollout-under-project-gigabit.html,,0.0,,not_applicable,0,,0,,42,
ISPreview UK,2025-07-10,Check Now – 18 Trusted Web Browser Extensions Discovered Stealing Your Data,https://www.ispreview.co.uk/index.php/2025/07/check-now-18-trusted-web-browser-extensions-discovered-stealing-your-data.html,,0.0,,not_applicable,0,,0,,57,
ISPreview UK,2025-07-10,ISP Sky Broadband Offers UK FTTC Customers Free Upgrades to FTTP,https://www.ispreview.co.uk/index.php/2025/07/isp-sky-broadband-offers-uk-customers-free-upgrades-to-full-fibre.html,,0.0,,not_applicable,0,,0,,54,
ISPreview UK,2025-07-10,Broadband ISP Ogi Award Community Grants to Projects in Rural Wales,https://www.ispreview.co.uk/index.php/2025/07/broadband-isp-ogi-awards-community-grants-to-projects-in-rural-wales.html,,0.0,,not_applicable,0,,0,,54,
ISPreview UK,2025-07-09,Virgin Media UK Waves Farewell to BBC iPlayer Support on TiVo TV Box,https://www.ispreview.co.uk/index.php/2025/07/virgin-media-uk-waves-farewell-to-bbc-iplayer-support-on-tivo-tv-box.html,,0.0,,not_applicable,0,,0,,60,
ISPreview UK,2025-07-09,Broadband ISP KCOM Awards Three More Digital Inclusion Grants,https://www.ispreview.co.uk/index.php/2025/07/broadband-isp-kcom-awards-three-more-digital-inclusion-grants.html,,0.0,,not_applicable,0,,0,,57,
ISPreview UK,2025-07-09,"Wildanet’s Project Gigabit Broadband Build in Cornwall Covers 10,000 Premises",https://www.ispreview.co.uk/index.php/2025/07/wildanets-project-gigabit-broadband-build-in-cornwall-covers-10000-premises.html,,0.0,,not_applicable,0,,0,,51,
ISPreview UK,2025-07-09,Neos Networks Completes Oxfordshire UK GigaHubs Full Fibre Build,https://www.ispreview.co.uk/index.php/2025/07/neos-networks-completes-oxfordshire-uk-gigahubs-full-fibre-build.html,,0.0,,not_applicable,0,,0,,39,
ISPreview UK,2025-07-09,Ookla Award Three UK and Vodafone Fastest for 5G Mobile Speeds in H1 2025,https://www.ispreview.co.uk/index.php/2025/07/ookla-award-three-uk-and-vodafone-fastest-for-5g-mobile-speeds-in-h1-2025.html,,0.0,,not_applicable,0,,0,,53,
ISPreview UK,2025-07-09,Sky Broadband Launch WiFi 7 Router and 5Gbps UK Broadband via CityFibre UPDATE,https://www.ispreview.co.uk/index.php/2025/07/sky-broadband-launch-5gbps-uk-broadband-via-cityfibre-and-wifi-7-router.html,,0.0,,not_applicable,0,,0,,51,
ISPreview UK,2025-07-08,Ookla Bring New Features to Internet Speedtest and Downdetector App,https://www.ispreview.co.uk/index.php/2025/07/ookla-bring-new-features-to-internet-speedtest-and-downdetector-app.html,,0.0,,not_applicable,0,,0,,41,
ISPreview UK,2025-07-08,Heathrow Ranks Poorly in Study of WiFi and Mobile Broadband at 48 Airports,https://www.ispreview.co.uk/index.php/2025/07/heathrow-ranks-poorly-in-study-of-wifi-and-mobile-broadband-at-48-airports.html,,0.0,,not_applicable,0,,0,,44,
ISPreview UK,2025-07-08,Eir Take BT to Court in £67m Damages Claim Over N.Ireland Contract UPDATE,https://www.ispreview.co.uk/index.php/2025/07/eir-take-bt-to-court-in-67m-damages-claim-over-n-ireland-contract.html,,0.0,,not_applicable,0,,0,,58,
ISPreview UK,2025-07-08,Ofcom Make it Quicker to Raise UK Broadband and Phone Complaints,https://www.ispreview.co.uk/index.php/2025/07/ofcom-make-it-quicker-to-raise-uk-broadband-and-phone-complaints.html,,0.0,,not_applicable,0,,0,,44,
ISPreview UK,2025-07-08,Tesco Mobile Make Top 10 for UK Customer Satisfaction as Virgin Media Improves,https://www.ispreview.co.uk/index.php/2025/07/tesco-mobile-make-top-10-for-uk-customer-satisfaction-as-virgin-media-improves.html,,0.0,,not_applicable,0,,0,,55,
ISPreview UK,2025-07-08,ISPA Study Claims 72 Percent of UK Backs Continued Investment in Broadband,https://www.ispreview.co.uk/index.php/2025/07/ispa-study-claims-72-percent-of-uk-backs-continued-investment-in-broadband.html,,0.0,,not_applicable,0,,0,,59,
ISPreview UK,2025-07-08,MedUX Benchmark Finds UK is Weak for 5G Mobile Network Connectivity,https://www.ispreview.co.uk/index.php/2025/07/medux-benchmark-finds-uk-is-weak-for-5g-mobile-network-connectivity.html,,0.0,,not_applicable,0,,0,,41,
ISPreview UK,2025-07-08,Gov Confirm 7th Sept 2025 Test of UK Mobile Emergency Alerts System,https://www.ispreview.co.uk/index.php/2025/07/gov-confirm-7th-sept-2025-test-of-uk-mobile-emergency-alerts-system.html,,0.0,,not_applicable,0,,0,,57,
ISPreview UK,2025-07-08,System Error Leaves Virgin Media Broadband User Offline for 19 Weeks,https://www.ispreview.co.uk/index.php/2025/07/system-error-leaves-virgin-media-broadband-user-offline-for-19-weeks.html,,0.0,,not_applicable,0,,0,,56,
ISPreview UK,2025-07-07,Comms Council Reveal the 2025 Best UK VoIP Provider Award Finalists,https://www.ispreview.co.uk/index.php/2025/07/comms-council-reveal-the-2025-best-uk-voip-provider-award-finalists.html,,0.0,,not_applicable,0,,0,,38,
ISPreview UK,2025-07-07,Cornwall UK Police Warn Teenagers NOT to Climb Mobile Masts – Obviously,https://www.ispreview.co.uk/index.php/2025/07/cornwall-uk-police-warn-teenagers-not-to-climb-mobile-masts-obviously.html,,0.0,,not_applicable,0,,0,,50,
ISPreview UK,2025-07-07,Broadband ISP Brsk Fined £14k by Ofcom UK for Telecoms Poles Rule Breach,https://www.ispreview.co.uk/index.php/2025/07/broadband-isp-brsk-fined-14k-by-ofcom-uk-for-broadband-poles-mistake.html,,0.0,,not_applicable,0,,0,,62,
ISPreview UK,2025-07-07,O2 UK Launch Smartphone Skin Case to Visualise Sun’s Harmful UV Rays UPDATE,https://www.ispreview.co.uk/index.php/2025/07/o2-uk-launch-smartphone-case-able-to-visualise-suns-harmful-uv-rays.html,,0.0,,not_applicable,0,,0,,52,
ISPreview UK,2025-07-07,TOTSCo Start Onboarding UK ISPs for Business Broadband Switching,https://www.ispreview.co.uk/index.php/2025/07/totsco-start-onboarding-uk-isps-for-business-broadband-switching.html,,0.0,,not_applicable,0,,0,,44,
ISPreview UK,2025-07-07,First UK Users Go Live on Giffgaff’s 500Mbps Full Fibre Broadband Trial,https://www.ispreview.co.uk/index.php/2025/07/first-uk-users-go-live-on-giffgaffs-500mbps-full-fibre-broadband-trial.html,,0.0,,not_applicable,0,,0,,52,
ISPreview UK,2025-07-06,A Question of Ethical Direct Mail Advertising by UK Broadband ISPs,https://www.ispreview.co.uk/index.php/2025/07/a-question-of-ethical-direct-mail-advertising-by-uk-broadband-isps.html,,0.0,,not_applicable,0,,0,,62,
ISPreview UK,2025-07-05,Yayzi Owner Establishes New UK Home Broadband ISP nufibre UPDATE,https://www.ispreview.co.uk/index.php/2025/07/yayzi-owners-establish-new-uk-home-broadband-isp-nufibre.html,,0.0,,not_applicable,0,,0,,60,
ISPreview UK,2025-07-04,One Year Ahead of Schedule – Vodafone UK to Convert Vehicle Fleet to EVs,https://www.ispreview.co.uk/index.php/2025/07/one-year-ahead-of-schedule-vodafone-uk-to-convert-vehicle-fleet-to-evs.html,,0.0,,not_applicable,0,,0,,60,
ISPreview UK,2025-07-04,Amazon UK to Close Freevee TV Streaming Service in August 2025,https://www.ispreview.co.uk/index.php/2025/07/amazon-uk-to-close-freevee-tv-streaming-service-in-august-2025.html,,0.0,,not_applicable,0,,0,,45,
ISPreview UK,2025-07-04,"Rural Broadband ISP Quickline Plants 10,000 Climate Resilient Trees in UK",https://www.ispreview.co.uk/index.php/2025/07/rural-broadband-isp-quickline-plants-10000-climate-resilient-trees-in-uk.html,,0.0,,not_applicable,0,,0,,53,
ISPreview UK,2025-07-04,LSBUD Identify Top Concerns Facing New Digital UK Underground Cables Map,https://www.ispreview.co.uk/index.php/2025/07/lsbud-identify-top-concerns-facing-new-digital-uk-underground-cables-map.html,,0.0,,not_applicable,0,,0,,56,
ISPreview UK,2025-07-04,New Study Examines UK Full Fibre Broadband Take-up by Age of Network,https://www.ispreview.co.uk/index.php/2025/07/new-study-examines-uk-full-fibre-broadband-take-up-by-age-of-network.html,,0.0,,not_applicable,0,,0,,62,
ISPreview UK,2025-07-04,Free Book Released About B4RN’s Rural UK Community FTTP Broadband Project,https://www.ispreview.co.uk/index.php/2025/07/rural-uk-community-fttp-broadband-project-b4rn-releases-free-book.html,,0.0,,not_applicable,0,,0,,51,
ISPreview UK,2025-07-03,KCOM Publish Prices for Broadband Infrastructure Sharing in Hull UK UPDATE,https://www.ispreview.co.uk/index.php/2025/07/kcom-publish-prices-for-broadband-infrastructure-sharing-in-hull-uk.html,,0.0,,not_applicable,0,,0,,55,
ISPreview UK,2025-07-03,Top 10 UK Full Fibre Providers by Share of New Build Homes – 2025,https://www.ispreview.co.uk/index.php/2025/07/top-10-uk-full-fibre-providers-by-share-of-new-build-homes-2025.html,,0.0,,not_applicable,0,,0,,53,
ISPreview UK,2025-07-03,"Country Connect Target 20,000 Premises with FTTP Broadband by 2026",https://www.ispreview.co.uk/index.php/2025/07/country-connect-target-20000-premises-with-fttp-broadband-by-2026.html,,0.0,,not_applicable,0,,0,,66,
ISPreview UK,2025-07-03,"O2 UK Boost 4G and 5G Mobile at 13,000 Scottish Postcodes for Summer",https://www.ispreview.co.uk/index.php/2025/07/o2-uk-boost-4g-and-5g-mobile-at-13000-scottish-postcodes-for-summer.html,,0.0,,not_applicable,0,,0,,50,
ISPreview UK,2025-07-03,CityFibre Put First Full Fibre Homes Live in Buckinghamshire for Project Gigabit,https://www.ispreview.co.uk/index.php/2025/07/cityfibre-put-first-full-fibre-homes-live-in-buckinghamshire-for-project-gigabit.html,,0.0,,not_applicable,0,,0,,55,
ISPreview UK,2025-07-03,Neos Networks Add DDoS Protection to Dedicated Internet Access Service,https://www.ispreview.co.uk/index.php/2025/07/neos-networks-add-ddos-protection-to-dedicated-internet-access-service.html,,0.0,,not_applicable,0,,0,,56,
ISPreview UK,2025-07-03,Gov Planning New UK Law to Help Protect Subsea Fibre Optic Cables,https://www.ispreview.co.uk/index.php/2025/07/gov-planning-new-uk-law-to-help-protect-subsea-fibre-optic-cables.html,,0.0,,not_applicable,0,,0,,56,
ISPreview UK,2025-07-02,ISPA UK Awards Add Digital Inclusion Champion for Charities and Communities Category,https://www.ispreview.co.uk/index.php/2025/07/ispa-uk-awards-add-digital-inclusion-champion-for-charities-and-communities-category.html,,0.0,,not_applicable,0,,0,,44,
ISPreview UK,2025-07-02,Broadband ISP Carnival Internet UK to Reduce eWaste and Tackle Digital Exclusion,https://www.ispreview.co.uk/index.php/2025/07/broadband-isp-carnival-internet-uk-to-reduce-ewaste-and-tackle-digital-exclusion.html,,0.0,,not_applicable,0,,0,,46,
ISPreview UK,2025-07-02,VodafoneThree Sign Exclusive UK Mobile Operator Distribution Deal with Currys,https://www.ispreview.co.uk/index.php/2025/07/vodafonethree-sign-exclusive-uk-mobile-operator-distribution-deal-with-currys.html,,0.0,,not_applicable,0,,0,,48,
ISPreview UK,2025-07-02,Three UK Delivered Fastest Mobile Broadband Speeds at Glastonbury,https://www.ispreview.co.uk/index.php/2025/07/three-uk-delivered-fastest-mobile-broadband-speeds-at-glastonbury.html,,0.0,,not_applicable,0,,0,,51,
ISPreview UK,2025-07-02,SpaceX Burnt Up 472 Starlink Broadband Satellites in Last 6 Months,https://www.ispreview.co.uk/index.php/2025/07/spacex-burnt-up-472-starlink-broadband-satellites-in-last-6-months.html,,0.0,,not_applicable,0,,0,,55,
ISPreview UK,2025-07-01,Rural Broadband ISP Wildanet Launch 2Gbps FTTP for South West England,https://www.ispreview.co.uk/index.php/2025/07/rural-broadband-isp-wildanet-launch-2gbps-fttp-for-south-west-england.html,,0.0,,not_applicable,0,,0,,45,
ISPreview UK,2025-07-01,Despite Poor Mobile – London Named Most Popular European City for Startups,https://www.ispreview.co.uk/index.php/2025/07/despite-poor-mobile-london-named-most-popular-european-city-for-startups.html,,0.0,,not_applicable,0,,0,,53,
ISPreview UK,2025-07-01,Mobile Operator Giffgaff Hunts for New UK Boss as CEO Steps Down,https://www.ispreview.co.uk/index.php/2025/07/mobile-operator-giffgaff-hunts-for-new-uk-boss-as-ceo-steps-down.html,,0.0,,not_applicable,0,,0,,54,
ISPreview UK,2025-07-01,Ofcom Updates on UK Satellite Broadband Fees and Project Kuiper,https://www.ispreview.co.uk/index.php/2025/07/ofcom-updates-on-uk-satellite-broadband-fees-and-project-kuiper.html,,0.0,,not_applicable,0,,0,,52,
ISPreview UK,2025-07-01,Broadband ISP EE UK Adds Stream Mode to WiFi Enhancer Service,https://www.ispreview.co.uk/index.php/2025/07/broadband-isp-ee-uk-adds-stream-mode-to-wifi-enhancer-service.html,,0.0,,not_applicable,0,,0,,48,
ISPreview UK,2025-07-01,Broadband ISP TalkTalk UK Adopt NiCE’s AI-Powered Customer Service Platform,https://www.ispreview.co.uk/index.php/2025/07/broadband-isp-talktalk-uk-adopt-nices-ai-powered-customer-service-platform.html,customer_support_experience,0.95,customer_support_experience,positive,2,"AI,automation",1,AI,46,"TalkTalk has adopted NiCE’s CXone Mpower, an AI‑powered customer service automation platform, to improve its customer support operations and advance its goal of becoming the UK’s most recommended Wi‑Fi provider."
ISPreview UK,2025-07-01,Rural UK Full Fibre Broadband ISP Gigaclear Sees More Job Cuts,https://www.ispreview.co.uk/index.php/2025/07/rural-uk-full-fibre-broadband-isp-gigaclear-sees-more-job-cuts.html,,0.0,,not_applicable,0,,0,,42,
ISPreview UK,2025-07-01,Openreach Name 21 New UK Locations for FTTP Broadband Build Plan,https://www.ispreview.co.uk/index.php/2025/07/openreach-name-21-new-uk-locations-for-fttp-broadband-build-plan.html,,0.0,,not_applicable,0,,0,,51,
ISPreview UK,2025-06-30,Ookla Study Reveals In-Flight WiFi Performance of Major Airlines,https://www.ispreview.co.uk/index.php/2025/06/ookla-study-reveals-in-flight-wifi-performance-of-major-airlines.html,,0.0,,not_applicable,0,,0,,44,
ISPreview UK,2025-06-30,Mobile Operators to Test UK Wide Emergency Alerts Later in 2025,https://www.ispreview.co.uk/index.php/2025/06/mobile-operators-to-test-uk-wide-emergency-alerts-later-in-2025.html,,0.0,,not_applicable,0,,0,,54,
ISPreview UK,2025-06-30,Study Highlights Rising Broadband Prices on Guernsey and Jersey,https://www.ispreview.co.uk/index.php/2025/06/study-highlights-rising-broadband-prices-on-guernsey-and-jersey.html,,0.0,,not_applicable,0,,0,,62,
ISPreview UK,2025-06-30,Vodafone and AST SpaceMobile Prep Satellite Based Mobile Broadband for 2026,https://www.ispreview.co.uk/index.php/2025/06/vodafone-and-ast-spacemobile-prep-satellite-based-mobile-broadband-for-2026.html,,0.0,,not_applicable,0,,0,,55,
ISPreview UK,2025-06-30,O2 Confirms UK Mobile Boost as 78.8MHz of Spectrum Acquired from Vodafone,https://www.ispreview.co.uk/index.php/2025/06/o2-confirms-uk-mobile-boost-as-78-8mhz-of-spectrum-acquired-from-vodafone.html,,0.0,,not_applicable,0,,0,,52,
ISPreview UK,2025-06-30,A Year Early – £1bn SRN Project Delivers 95 Percent UK Cover of 4G Mobile,https://www.ispreview.co.uk/index.php/2025/06/a-year-early-1bn-srn-project-delivers-95-percent-uk-cover-of-4g-mobile.html,,0.0,,not_applicable,0,,0,,58,
ISPreview UK,2025-06-30,Coverage of Gigabit Broadband Nears 88 Percent of UK in H1 2025,https://www.ispreview.co.uk/index.php/2025/06/uk-coverage-of-gigabit-broadband-nears-88-percent-in-first-half-of-2025.html,,0.0,,not_applicable,0,,0,,61,
ISPreview UK,2025-06-28,Study Claims 85 Percent of UK Broadband Users Suffer Connection Issues,https://www.ispreview.co.uk/index.php/2025/06/study-claims-85-percent-of-uk-broadband-users-suffer-connection-issues.html,,0.0,,not_applicable,0,,0,,63,
ISPreview UK,2025-06-28,The Curious Case of Openreach’s £73k FTTP on Demand Install Quote,https://www.ispreview.co.uk/index.php/2025/06/the-curious-case-of-openreachs-73k-fttp-on-demand-install-quote.html,,0.0,,not_applicable,0,,0,,60,
ISPreview UK,2025-06-27,"R100 Gigabit Broadband Build Reaches 80,000 Premises in Scotland",https://www.ispreview.co.uk/index.php/2025/06/r100-gigabit-broadband-build-reaches-80000-premises-in-scotland.html,,0.0,,not_applicable,0,,0,,59,
ISPreview UK,2025-06-27,Bin Lorries to Help Map Mobile Network Coverage in Tees Valley,https://www.ispreview.co.uk/index.php/2025/06/bin-lorries-to-help-map-mobile-network-coverage-in-tees-valley.html,,0.0,,not_applicable,0,,0,,53,
ISPreview UK,2025-06-27,EU Reveals 2025 Gigabit Broadband and 5G Coverage Progress vs UK,https://www.ispreview.co.uk/index.php/2025/06/eu-reveals-2025-gigabit-broadband-and-5g-coverage-progress-vs-uk.html,,0.0,,not_applicable,0,,0,,47,
ISPreview UK,2025-06-27,Vodafone UK Boost 4G Data Allowances on SIM Only Basics Plans,https://www.ispreview.co.uk/index.php/2025/06/vodafone-uk-boost-4g-data-allowances-on-sim-only-basics-plans.html,,0.0,,not_applicable,0,,0,,48,
ISPreview UK,2025-06-27,Streetwave Test Mobile Data Performance of Jubilee Line Tube Trains UPDATE,https://www.ispreview.co.uk/index.php/2025/06/streetwave-test-mobile-data-performance-of-jubilee-line-tube-trains.html,,0.0,,not_applicable,0,,0,,54,
ISPreview UK,2025-06-26,CityFibre UK Finish Primary £17m FTTP Broadband Rollout in Havant,https://www.ispreview.co.uk/index.php/2025/06/cityfibre-uk-finish-primary-17m-fttp-broadband-rollout-in-havant.html,,0.0,,not_applicable,0,,0,,48,
ISPreview UK,2025-06-26,Vodafone UK Tests Photonic Processor to Boost Mobile Network Signals,https://www.ispreview.co.uk/index.php/2025/06/vodafone-uk-tests-photonic-processor-to-boost-mobile-network-signals.html,,0.0,,not_applicable,0,,0,,53,
ISPreview UK,2025-06-26,Project Reach Launched to Fix Mobile Signal Notspots on UK Rail Network,https://www.ispreview.co.uk/index.php/2025/06/project-reach-launched-to-fix-mobile-signal-notspots-on-uk-rail-network.html,,0.0,,not_applicable,0,,0,,52,
ISPreview UK,2025-06-26,Ofcom Launch Improved UK 4G and 5G Mobile Speed and Coverage Checker,https://www.ispreview.co.uk/index.php/2025/06/ofcoms-improved-uk-4g-and-5g-mobile-signal-coverage-checker-is-live.html,,0.0,,not_applicable,0,,0,,42,
ISPreview UK,2025-06-26,Virgin Media UK Returns to 24 Month Contracts for New Customers,https://www.ispreview.co.uk/index.php/2025/06/virgin-media-uk-returns-to-24-month-contracts-for-new-customers.html,,0.0,,not_applicable,0,,0,,56,
ISPreview UK,2025-06-25,Openreach Cuts UK Price of 1Gbps Business FTTP Broadband Tier,https://www.ispreview.co.uk/index.php/2025/06/openreach-cuts-price-of-1gbps-business-fttp-broadband-tier.html,,0.0,,not_applicable,0,,0,,49,
ISPreview UK,2025-06-25,Opensignal Compares 4G and 5G Performance of Three UK and Vodafone,https://www.ispreview.co.uk/index.php/2025/06/opensignal-compares-4g-and-5g-performance-of-three-uk-and-vodafone.html,,0.0,,not_applicable,0,,0,,47,
ISPreview UK,2025-06-25,Openreach Summarises New ONTs for UK FTTP Broadband Lines UPDATE2,https://www.ispreview.co.uk/index.php/2025/06/openreach-summarises-new-onts-for-uk-fttp-broadband-lines.html,,0.0,,not_applicable,0,,0,,59,
ISPreview UK,2025-06-25,CityFibre Scoop 2025 RoSPA Gold Award for Health and Safety,https://www.ispreview.co.uk/index.php/2025/06/cityfibre-scoop-2025-rospa-gold-award-for-health-and-safety.html,,0.0,,not_applicable,0,,0,,53,
ISPreview UK,2025-06-25,Mobile Network Operator Three UK Suffer Calling and SMS Outage UPDATE10,https://www.ispreview.co.uk/index.php/2025/06/mobile-network-operator-three-uk-suffering-calling-outage.html,,0.0,,not_applicable,0,,0,,51,
ISPreview UK,2025-06-25,Freedom Fibre Scales Back North Shropshire Project Gigabit Broadband Contract UPDATE,https://www.ispreview.co.uk/index.php/2025/06/freedom-fibre-scales-back-north-shropshire-project-gigabit-broadband-contract.html,,0.0,,not_applicable,0,,0,,50,
ISPreview UK,2025-06-25,Openreach Tweaks Fixed Fee for Excess Construction Charges on EAD UPDATE,https://www.ispreview.co.uk/index.php/2025/06/openreach-increase-fixed-fee-for-excess-construction-charges-on-ead.html,,0.0,,not_applicable,0,,0,,55,
ISPreview UK,2025-06-25,Ofcom UK Directs Tismi to Block Specific Phone Numbers Due to Serious Misuse,https://www.ispreview.co.uk/index.php/2025/06/ofcom-uk-directs-tismi-to-block-specific-phone-numbers-due-to-serious-misuse.html,,0.0,,not_applicable,0,,0,,51,
ISPreview UK,2025-06-25,Remote Rural Wales Village Cut-Off from Landlines by Overheated Exchange,https://www.ispreview.co.uk/index.php/2025/06/remote-rural-wales-village-cut-off-from-landlines-by-overheated-exchange.html,,0.0,,not_applicable,0,,0,,58,
ISPreview UK,2025-06-25,Gov Asks UK Organisations to Donate Used Tech to Digitally Excluded Brits,https://www.ispreview.co.uk/index.php/2025/06/gov-asks-uk-organisations-to-donate-used-tech-to-digitally-excluded-brits.html,,0.0,,not_applicable,0,,0,,61,
ISPreview UK,2025-06-24,The Confusing State of 5G and 4G Availability in London vs Birmingham,https://www.ispreview.co.uk/index.php/2025/06/the-confusing-state-of-5g-and-4g-availability-in-london-vs-birmingham.html,,0.0,,not_applicable,0,,0,,56,
ISPreview UK,2025-06-24,National Security Strategy Lacks Detail on UK Telecoms and Subsea Fibre,https://www.ispreview.co.uk/index.php/2025/06/national-security-strategy-lacks-detail-on-uk-telecoms-and-subsea-fibre.html,,0.0,,not_applicable,0,,0,,60,
ISPreview UK,2025-06-24,Octaplus Launch Multi-Gig UK Broadband Plans with 3GB of FREE Mobile Data,https://www.ispreview.co.uk/index.php/2025/06/octaplus-launch-multi-gig-uk-broadband-packages-with-3gb-of-free-mobile-data.html,,0.0,,not_applicable,0,,0,,48,
ISPreview UK,2025-06-24,Netomnia Improves UK Full Fibre Network Testing and Monitoring,https://www.ispreview.co.uk/index.php/2025/06/netomnia-improves-uk-full-fibre-network-testing-and-monitoring.html,,0.0,,not_applicable,0,,0,,53,
ISPreview UK,2025-06-24,Virgin Media UK Add 2 More FAST TV Channels to Service,https://www.ispreview.co.uk/index.php/2025/06/virgin-media-uk-add-2-more-fast-tv-channels-to-service.html,,0.0,,not_applicable,0,,0,,56,
ISPreview UK,2025-06-24,Vodafone Uses Satellites to Help Align Mobile Network Antennas,https://www.ispreview.co.uk/index.php/2025/06/vodafone-uses-satellites-to-help-align-mobile-network-antennas.html,,0.0,,not_applicable,0,,0,,53,
ISPreview UK,2025-06-24,CityFibre Close to £2bn Funding Deal for UK Full Fibre Broadband Plans,https://www.ispreview.co.uk/index.php/2025/06/cityfibre-close-to-2bn-funding-deal-for-uk-full-fibre-broadband-plans.html,,0.0,,not_applicable,0,,0,,57,
ISPreview UK,2025-06-24,Study Claims 11 Million UK Broadband Users Unaware of Full Fibre Availability,https://www.ispreview.co.uk/index.php/2025/06/study-claims-11-million-uk-broadband-users-unaware-of-full-fibre-availability.html,,0.0,,not_applicable,0,,0,,60,
ISPreview UK,2025-06-23,Openreach Start Enhanced Migration Pilot for Legacy UK Phone Switch-Off,https://www.ispreview.co.uk/index.php/2025/06/openreach-start-enhanced-migration-pilot-for-legacy-uk-phone-switch-off.html,,0.0,,not_applicable,0,,0,,51,
ISPreview UK,2025-06-23,Quickline Publish 3 Year UK Full Fibre Broadband Rollout Plan,https://www.ispreview.co.uk/index.php/2025/06/quickline-publish-3-year-uk-full-fibre-broadband-rollout-plan.html,,0.0,,not_applicable,0,,0,,51,
ISPreview UK,2025-06-23,London Internet Exchange Introduces Service Level Agreements,https://www.ispreview.co.uk/index.php/2025/06/london-internet-exchange-introduces-service-level-agreements.html,,0.0,,not_applicable,0,,0,,51,
ISPreview UK,2025-06-23,Brsk Reduce Rollout of Broadband Poles After Stockport Locals Protest,https://www.ispreview.co.uk/index.php/2025/06/brsk-scrap-rollout-of-broadband-poles-after-stockport-locals-protest.html,,0.0,,not_applicable,0,,0,,55,
ISPreview UK,2025-06-23,£50m Funding Boost for Wessex Internet’s Rural UK Broadband Network,https://www.ispreview.co.uk/index.php/2025/06/50m-funding-boost-for-wessex-internets-rural-uk-broadband-network.html,,0.0,,not_applicable,0,,0,,46,
ISPreview UK,2025-06-22,Vodafone Clarifies Plans for Joint Network Roaming with Three UK,https://www.ispreview.co.uk/index.php/2025/06/vodafone-clarifies-plans-for-joint-network-roaming-with-three-uk.html,,0.0,,not_applicable,0,,0,,58,
ISPreview UK,2025-06-21,The H1 2025 Top Fastest UK Mobile and Home Broadband ISPs,https://www.ispreview.co.uk/index.php/2025/06/the-h1-2025-top-fastest-uk-mobile-and-home-broadband-isps.html,,0.0,,not_applicable,0,,0,,56,
ISPreview UK,2025-06-20,Ofcom Set Final Rules for 5G UK Mobile Auction of 26GHz and 40GHz,https://www.ispreview.co.uk/index.php/2025/06/ofcom-set-final-rules-for-5g-uk-mobile-auction-of-26ghz-and-40ghz.html,,0.0,,not_applicable,0,,0,,60,
ISPreview UK,2025-06-20,Openreach Updates on Petrol Leak in Bramley as Altnets Allowed to Build,https://www.ispreview.co.uk/index.php/2025/06/openreach-updates-on-petrol-leak-in-bramley-as-altnets-allowed-to-build.html,,0.0,,not_applicable,0,,0,,50,
ISPreview UK,2025-06-20,TalkTalk Attempting to Sell UK Consumer and Wholesale Business Again,https://www.ispreview.co.uk/index.php/2025/06/talktalk-attempting-to-sell-uk-consumer-and-wholesale-business-again.html,,0.0,,not_applicable,0,,0,,51,
ISPreview UK,2025-06-20,Study Claims UK Broadband Speeds Slow by 27 Percent During Heatwaves,https://www.ispreview.co.uk/index.php/2025/06/study-claims-uk-broadband-speeds-slow-by-27-percent-during-heatwaves.html,,0.0,,not_applicable,0,,0,,55,
ISPreview UK,2025-06-20,Boost for Broadband and Mobile as UK Sets 10 Year Infrastructure Strategy UPDATE,https://www.ispreview.co.uk/index.php/2025/06/boost-for-broadband-and-mobile-as-uk-sets-10-year-infrastructure-strategy.html,,0.0,,not_applicable,0,,0,,55,
ISPreview UK,2025-06-19,New Data Use and Access Law to Help UK Utility Maps and ISP Comparisons,https://www.ispreview.co.uk/index.php/2025/06/new-data-use-and-access-law-to-help-uk-utility-maps-and-isp-comparisons.html,,0.0,,not_applicable,0,,0,,56,
ISPreview UK,2025-06-19,Ofcom Warns UK Broadband ISPs NOT to Use Alternative Switching Methods,https://www.ispreview.co.uk/index.php/2025/06/ofcom-warns-uk-broadband-isps-not-to-use-alternative-switching-methods.html,,0.0,,not_applicable,0,,0,,59,
ISPreview UK,2025-06-19,ITS Technology Win £3.5 Million Dark Fibre Contract for Carmarthenshire,https://www.ispreview.co.uk/index.php/2025/06/its-technology-win-3-5-million-dark-fibre-contract-for-carmarthenshire.html,,0.0,,not_applicable,0,,0,,52,
ISPreview UK,2025-06-19,CVC Capital Partners Target £500m Takeover of Manx Telecom on Isle of Man,https://www.ispreview.co.uk/index.php/2025/06/cvc-capital-partners-target-500m-takeover-of-manx-telecom-on-isle-of-man.html,,0.0,,not_applicable,0,,0,,53,
ISPreview UK,2025-06-19,Starlink Offers its UK Home Ultrafast Satellite Broadband Kit for FREE,https://www.ispreview.co.uk/index.php/2025/06/starlink-offers-its-uk-home-ultrafast-satellite-broadband-kit-for-free.html,,0.0,,not_applicable,0,,0,,43,
ISPreview UK,2025-06-19,Mobile Operator Spusu Celebrates 2 Years in the UK with FREE Data,https://www.ispreview.co.uk/index.php/2025/06/mobile-operator-spusu-celebrates-2-years-in-the-uk-with-free-data.html,,0.0,,not_applicable,0,,0,,59,
ISPreview UK,2025-06-18,AllPoints Fibre Networks Completes Internal UK Full Fibre Consolidation,https://www.ispreview.co.uk/index.php/2025/06/allpoints-fibre-networks-completes-internal-uk-full-fibre-consolidation.html,,0.0,,not_applicable,0,,0,,57,
ISPreview UK,2025-06-18,Mobile Operator Three UK Suffering Silent Voicemail Problem UPDATE2,https://www.ispreview.co.uk/index.php/2025/06/mobile-operator-three-uk-suffering-silent-voicemail-problem.html,,0.0,,not_applicable,0,,0,,53,
ISPreview UK,2025-06-18,Linewatch Warn Utility Companies Digging Too Close to UK Fuel Pipelines,https://www.ispreview.co.uk/index.php/2025/06/linewatch-warn-utility-companies-digging-too-close-to-uk-fuel-pipelines.html,,0.0,,not_applicable,0,,0,,55,
ISPreview UK,2025-06-18,"O2 UK Complete 4G and 5G Upgrades for 3,000 Postcodes in Glasgow",https://www.ispreview.co.uk/index.php/2025/06/o2-uk-complete-4g-and-5g-upgrades-for-3000-postcodes-in-glasgow.html,,0.0,,not_applicable,0,,0,,56,
ISPreview UK,2025-06-18,"Streetwave Examine 4G and 5G Mobile Cover Inside St Mary’s Hospital, London",https://www.ispreview.co.uk/index.php/2025/06/streetwave-examine-4g-and-5g-mobile-cover-inside-st-marys-hospital-london.html,,0.0,,not_applicable,0,,0,,47,
ISPreview UK,2025-06-18,Government Appoints Lesley Cowley as Chair of Building Digital UK Agency,https://www.ispreview.co.uk/index.php/2025/06/government-appoints-lesley-cowley-as-chair-of-building-digital-uk-agency.html,,0.0,,not_applicable,0,,0,,56,
ISPreview UK,2025-06-18,INCA Calls on Ofcom’s Review to Protect UK Broadband Altnets from Openreach,https://www.ispreview.co.uk/index.php/2025/06/inca-calls-on-ofcoms-review-to-protect-uk-broadband-altnets-from-openreach.html,,0.0,,not_applicable,0,,0,,51,
ISPreview UK,2025-06-18,"Aquiss Launch Freedom Fibre Based UK FTTP Broadband Plans, 8Gbps for Biz",https://www.ispreview.co.uk/index.php/2025/06/aquiss-launch-freedom-fibre-based-uk-fttp-broadband-plans-8gbps-for-biz.html,,0.0,,not_applicable,0,,0,,53,
ISPreview UK,2025-06-18,Plusnet Named Best UK ISP in 2025 Broadband Genie Awards,https://www.ispreview.co.uk/index.php/2025/06/plusnet-named-best-uk-isp-in-2025-broadband-genie-awards.html,,0.0,,not_applicable,0,,0,,39,
ISPreview UK,2025-06-17,"Scotland May Reissue Gigabit Broadband Tender for Fife, Perth and Kinross",https://www.ispreview.co.uk/index.php/2025/06/scotland-may-reissue-gigabit-broadband-tender-for-fife-perth-and-kinross.html,,0.0,,not_applicable,0,,0,,49,
ISPreview UK,2025-06-17,Government May Reclassify UK Broadband as Defence Spending,https://www.ispreview.co.uk/index.php/2025/06/government-may-reclassify-uk-broadband-as-defence-spending.html,,0.0,,not_applicable,0,,0,,54,
ISPreview UK,2025-06-17,Dispute Between Vodafone UK and Ex-Franchisees Takes Another Twist,https://www.ispreview.co.uk/index.php/2025/06/dispute-between-vodafone-uk-and-ex-franchisees-takes-another-twist.html,,0.0,,not_applicable,0,,0,,57,
ISPreview UK,2025-06-16,BT CEO May Consider Spinning Off Openreach After UK Full Fibre Build,https://www.ispreview.co.uk/index.php/2025/06/bt-ceo-may-consider-spinning-off-openreach-after-uk-full-fibre-build.html,,0.0,,not_applicable,0,,0,,51,
ISPreview UK,2025-06-16,Netgem TV Add DAZN Premium TV Sports via Supporting UK Broadband ISPs,https://www.ispreview.co.uk/index.php/2025/06/netgem-tv-add-dazn-premium-tv-sports-via-supporting-uk-broadband-isps.html,,0.0,,not_applicable,0,,0,,46,
ISPreview UK,2025-06-16,Openreach Maps UK Cities by Internet Activity to Celebrate 25 Years of Broadband,https://www.ispreview.co.uk/index.php/2025/06/openreach-maps-uk-cities-by-internet-activity-to-celebrate-25-years-of-broadband.html,,0.0,,not_applicable,0,,0,,66,
ISPreview UK,2025-06-16,"ITS Technology on 50Gbps Plans, UK Full Fibre Expansion and Partnering Zen Internet",https://www.ispreview.co.uk/index.php/2025/06/its-technology-on-50gbps-plans-uk-full-fibre-expansion-and-partnering-zen-internet.html,,0.0,,not_applicable,0,,0,,54,
ISPreview UK,2025-06-15,Nexfibre Responds to Concerns Over UK Broadband ISP Onboarding Progress,https://www.ispreview.co.uk/index.php/2025/06/nexfibre-responds-to-concerns-over-uk-broadband-isp-onboarding-progress.html,,0.0,,not_applicable,0,,0,,62,
ISPreview UK,2025-06-14,Wessex Internet Founder James Gibson Scoops King’s Birthday Honours,https://www.ispreview.co.uk/index.php/2025/06/wessex-internet-founder-james-gibson-scoops-kings-birthday-honours.html,,0.0,,not_applicable,0,,0,,50,
ISPreview UK,2025-06-14,Zen Internet Starts Selling Broadband via Freedom Fibre’s UK Network UPDATE,https://www.ispreview.co.uk/index.php/2025/06/zen-internet-starts-selling-broadband-via-freedom-fibres-uk-network.html,,0.0,,not_applicable,0,,0,,60,
ISPreview UK,2025-06-14,Control of Broadband Altnet ISP Runfibre Changes Again to Fibre Nova,https://www.ispreview.co.uk/index.php/2025/06/control-of-uk-broadband-altnet-runfibre-changes-again-to-fibre-nova.html,,0.0,,not_applicable,0,,0,,50,
ISPreview UK,2025-06-13,Liberty Global Boss Claims UK Gov Wants it to Rescue Broadband Altnets,https://www.ispreview.co.uk/index.php/2025/06/liberty-global-boss-claims-uk-gov-wants-virgin-media-to-rescue-altnets.html,,0.0,,not_applicable,0,,0,,53,
ISPreview UK,2025-06-13,Gigabit Broadband Voucher Scheme Tweaks UK Eligibility Criteria,https://www.ispreview.co.uk/index.php/2025/06/gigabit-broadband-voucher-scheme-tweaks-uk-eligibility-criteria.html,,0.0,,not_applicable,0,,0,,51,
ISPreview UK,2025-06-12,ISP Vodafone UK Officially Launch Pro 3 Broadband Plans and WiFi 7 Kit,https://www.ispreview.co.uk/index.php/2025/06/isp-vodafone-uk-officially-launch-pro-3-broadband-plans-and-wifi-7-kit.html,,0.0,,not_applicable,0,,0,,60,
ISPreview UK,2025-06-12,Broadband ISP Carnival Internet UK Integrates Audra Security,https://www.ispreview.co.uk/index.php/2025/06/broadband-isp-carnival-internet-uk-integrates-audra-security.html,,0.0,,not_applicable,0,,0,,57,
ISPreview UK,2025-06-12,Falkland Islands Government Clears Way for Starlink Broadband,https://www.ispreview.co.uk/index.php/2025/06/falkland-islands-government-clears-way-for-starlink-broadband.html,,0.0,,not_applicable,0,,0,,57,
ISPreview UK,2025-06-12,INCA Summarises its Response to UK Gov’s Digital Inclusion Action Plan,https://www.ispreview.co.uk/index.php/2025/06/inca-summarises-its-response-to-uk-govs-digital-inclusion-action-plan.html,,0.0,,not_applicable,0,,0,,49,
ISPreview UK,2025-06-12,Quickline Update on Project Gigabit Broadband Builds in Yorkshire UK,https://www.ispreview.co.uk/index.php/2025/06/quickline-update-on-project-gigabit-broadband-builds-in-yorkshire-uk.html,,0.0,,not_applicable,0,,0,,53,
ISPreview UK,2025-06-12,"CityFibre Says Enterprise-grade Ethernet Services Reach 260,000 UK Businesses",https://www.ispreview.co.uk/index.php/2025/06/cityfibre-says-enterprise-grade-ethernet-services-reach-260000-uk-businesses.html,,0.0,,not_applicable,0,,0,,45,
ISPreview UK,2025-06-12,Toob Extends UK FTTP Broadband Network Across Portchester,https://www.ispreview.co.uk/index.php/2025/06/toob-extends-uk-fttp-broadband-network-across-portchester.html,,0.0,,not_applicable,0,,0,,54,
ISPreview UK,2025-06-12,Openreach Tells UK Businesses to “act faster” on Legacy Phone Switch-Off,https://www.ispreview.co.uk/index.php/2025/06/openreach-tells-uk-businesses-to-act-faster-on-legacy-phone-switch-off.html,,0.0,,not_applicable,0,,0,,61,
ISPreview UK,2025-06-12,New Subsea Cable Link Being Explored for the Shetland Islands,https://www.ispreview.co.uk/index.php/2025/06/new-subsea-cable-link-being-explored-for-the-shetland-islands.html,,0.0,,not_applicable,0,,0,,51,
ISPreview UK,2025-06-12,VodafoneThree Outline Future UK Network Plans and 4G to 5G Speed Boosts,https://www.ispreview.co.uk/index.php/2025/06/vodafonethree-outline-future-uk-network-plans-and-4g-to-5g-speed-boosts.html,,0.0,,not_applicable,0,,0,,61,
ISPreview UK,2025-06-12,Virgin Media and O2 Warn UK Pensioners Unaware of Cheap Social Tariffs,https://www.ispreview.co.uk/index.php/2025/06/virgin-media-and-o2-warn-uk-pensioners-unaware-of-cheap-social-tariffs.html,,0.0,,not_applicable,0,,0,,55,
ISPreview UK,2025-06-11,Convergence Group Gobbles M247’s UK Connectivity and IT Services Operations,https://www.ispreview.co.uk/index.php/2025/06/convergence-group-gobbles-m247s-uk-connectivity-and-it-services-operations.html,,0.0,,not_applicable,0,,0,,38,
ISPreview UK,2025-06-11,Gov’s 2025 Spending Review Delays UK Gigabit Broadband Target to 2032 UPDATE,https://www.ispreview.co.uk/index.php/2025/06/govs-2025-spending-review-delays-uk-gigabit-broadband-target-to-2032.html,,0.0,,not_applicable,0,,0,,58,
ISPreview UK,2025-06-11,F&W Networks and UK ISP Hey! Broadband Cut e-Waste by Reusing Routers,https://www.ispreview.co.uk/index.php/2025/06/fw-networks-and-uk-isp-hey-broadband-cut-e-waste-by-reusing-routers.html,,0.0,,not_applicable,0,,0,,57,
ISPreview UK,2025-06-11,Vodafone UK Test Software Enhancement That Boosted 5G Speeds to 1.7Gbps,https://www.ispreview.co.uk/index.php/2025/06/vodafone-uk-test-software-enhancement-that-boosted-5g-speeds-to-1-7gbps.html,,0.0,,not_applicable,0,,0,,41,
ISPreview UK,2025-06-11,Broadband ISP Plusnet Gives Up on Free UK Email and Webspace Features,https://www.ispreview.co.uk/index.php/2025/06/broadband-isp-plusnet-gives-up-on-free-uk-email-and-webspace-features.html,,0.0,,not_applicable,0,,0,,54,
ISPreview UK,2025-06-11,Disputed Invoice Causes Brief Headache for Network Provider Fibre 1,https://www.ispreview.co.uk/index.php/2025/06/fibre-network-provider-fibre-1-appoint-provisional-liquidator.html,,0.0,,not_applicable,0,,0,,54,
ISPreview UK,2025-06-10,BT Allegedly Explores Acquisition of Struggling UK Broadband ISP TalkTalk,https://www.ispreview.co.uk/index.php/2025/06/bt-allegedly-explores-acquisition-of-struggling-uk-broadband-isp-talktalk.html,,0.0,,not_applicable,0,,0,,57,
ISPreview UK,2025-06-10,"As Funding Deal Looms, CityFibre Says Talk of Sale to VMO2 Unfounded",https://www.ispreview.co.uk/index.php/2025/06/as-funding-deal-looms-cityfibre-says-talk-of-sale-to-vmo2-unfounded.html,,0.0,,not_applicable,0,,0,,61,
ISPreview UK,2025-06-10,Boldyn Networks and ITS Tech to Build New Full Fibre Networks in London,https://www.ispreview.co.uk/index.php/2025/06/boldyn-networks-and-its-tech-to-build-new-full-fibre-networks-in-london.html,,0.0,,not_applicable,0,,0,,52,
ISPreview UK,2025-06-10,Vodafone UK Harness Quantum Tech to Help Build and Upgrade Networks,https://www.ispreview.co.uk/index.php/2025/06/vodafone-uk-harness-quantum-tech-to-help-build-and-upgrade-networks.html,,0.0,,not_applicable,0,,0,,49,
ISPreview UK,2025-06-10,Streetwave to Map 4G and 5G Mobile Coverage Across North Scotland,https://www.ispreview.co.uk/index.php/2025/06/streetwave-to-map-4g-and-5g-mobile-coverage-across-north-scotland.html,,0.0,,not_applicable,0,,0,,47,
ISPreview UK,2025-06-10,Vodafone Bring Free 7-Day eSIM Mobile Network Trial to 4 More UK Cities,https://www.ispreview.co.uk/index.php/2025/06/vodafone-bring-free-7-day-esim-mobile-network-trial-to-4-more-uk-cities.html,,0.0,,not_applicable,0,,0,,63,
ISPreview UK,2025-06-09,Welsh Gov Update Plan for £70m Extending High Speed Broadband Project,https://www.ispreview.co.uk/index.php/2025/06/welsh-gov-update-plan-for-70m-extending-high-speed-broadband-project.html,,0.0,,not_applicable,0,,0,,53,
ISPreview UK,2025-06-09,Hyperoptic to Extend UK FTTP Broadband Coverage via Openreach,https://www.ispreview.co.uk/index.php/2025/06/hyperoptic-to-extend-uk-fttp-broadband-coverage-via-openreach.html,,0.0,,not_applicable,0,,0,,62,
ISPreview UK,2025-06-09,Landowners Lobby UK Government for Higher Rents on 5G Mobile Masts,https://www.ispreview.co.uk/index.php/2025/06/landowners-lobby-uk-government-for-higher-rents-on-5g-mobile-masts.html,,0.0,,not_applicable,0,,0,,53,
ISPreview UK,2025-06-09,EE UK Start Enabling Voice Over 5G Standalone Option on Smartphones,https://www.ispreview.co.uk/index.php/2025/06/ee-uk-start-enabling-voice-over-5g-standalone-option-on-smartphones.html,,0.0,,not_applicable,0,,0,,49,
ISPreview UK,2025-06-09,Fibrus Hits EBITDA Breakeven as UK Broadband Customers Top 113.5k,https://www.ispreview.co.uk/index.php/2025/06/fibrus-uk-broadband-network-hits-ebitda-breakeven-as-customers-top-113k.html,,0.0,,not_applicable,0,,0,,58,
ISPreview UK,2025-06-09,Openreach Finally Kicks Off Larger FTTP Broadband Build in Oxford,https://www.ispreview.co.uk/index.php/2025/06/openreach-finally-kicks-off-larger-fttp-broadband-build-in-oxford.html,,0.0,,not_applicable,0,,0,,42,
ISPreview UK,2025-06-08,Openreach Allegedly Threatens to Block New TalkTalk Broadband Customers,https://www.ispreview.co.uk/index.php/2025/06/openreach-allegedly-threatens-to-block-new-talktalk-broadband-customers.html,,0.0,,not_applicable,0,,0,,54,
ISPreview UK,2025-06-07,"Scotland Stops £43m Gigabit Broadband Tender for Fife, Perth and Kinross",https://www.ispreview.co.uk/index.php/2025/06/scotland-stops-43m-gigabit-broadband-tender-for-fife-perth-and-kinross.html,,0.0,,not_applicable,0,,0,,57,
ISPreview UK,2025-06-06,"Rural Broadband ISP Truespeed Extends FTTP to 109,000 UK Premises",https://www.ispreview.co.uk/index.php/2025/06/rural-broadband-isp-truespeed-extends-fttp-to-109000-uk-premises.html,,0.0,,not_applicable,0,,0,,56,
ISPreview UK,2025-06-06,Wireless ISP Symmetris Broadband Merges into Sister Provider WiSpire,https://www.ispreview.co.uk/index.php/2025/06/wireless-isp-symmetris-broadband-mergers-into-sister-provider-wispire.html,,0.0,,not_applicable,0,,0,,54,
ISPreview UK,2025-06-06,ASDA Mobile UK Refreshes Pay Monthly and Pay As You Go Plans,https://www.ispreview.co.uk/index.php/2025/06/asda-mobile-uk-refreshes-pay-monthly-and-pay-as-you-go-plans.html,,0.0,,not_applicable,0,,0,,44,
ISPreview UK,2025-06-06,ISP Gamma and Clear Business Boosted by UK Strategic Partnership,https://www.ispreview.co.uk/index.php/2025/06/isp-gamma-and-clear-business-boosted-by-uk-strategic-partnership.html,,0.0,,not_applicable,0,,0,,37,
ISPreview UK,2025-06-06,INCA Calls on Lords to Address UK Broadband Woes for Remote Working,https://www.ispreview.co.uk/index.php/2025/06/inca-calls-on-lords-to-address-uk-broadband-woes-for-home-based-working.html,,0.0,,not_applicable,0,,0,,47,
ISPreview UK,2025-06-06,UK Fibre Awards 2025 Name Winning Broadband Operators,https://www.ispreview.co.uk/index.php/2025/06/uk-fibre-awards-2025-name-winning-broadband-operators.html,,0.0,,not_applicable,0,,0,,56,
ISPreview UK,2025-06-05,O2 UK Add Data Rollover as Standard to Pay Monthly Plus and Ultimate Plans,https://www.ispreview.co.uk/index.php/2025/06/o2-uk-add-data-rollover-as-standard-to-pay-monthly-plus-and-ultimate-plans.html,,0.0,,not_applicable,0,,0,,56,
ISPreview UK,2025-06-05,Virgin Media O2 UK Gives Away iPad with Selected Broadband Bundles,https://www.ispreview.co.uk/index.php/2025/06/virgin-media-o2-uk-gives-away-ipad-with-selected-broadband-bundles.html,,0.0,,not_applicable,0,,0,,53,
ISPreview UK,2025-06-05,CityFibre UK Finish Primary £15m FTTP Broadband Rollout in Wokingham,https://www.ispreview.co.uk/index.php/2025/06/cityfibre-uk-finish-primary-15m-fttp-broadband-rollout-in-wokingham.html,,0.0,,not_applicable,0,,0,,47,
ISPreview UK,2025-06-05,Vodafone UK Launches New 5G Mobile Data Travel eSIM Service,https://www.ispreview.co.uk/index.php/2025/06/vodafone-uk-launches-new-5g-mobile-data-travel-esim-service.html,,0.0,,not_applicable,0,,0,,54,
ISPreview UK,2025-06-05,Ofcom UK Set to Begin Hunt for New Chairman to Replace Lord Grade,https://www.ispreview.co.uk/index.php/2025/06/ofcom-uk-set-to-begin-hunt-for-new-chairman-to-replace-lord-grade.html,,0.0,,not_applicable,0,,0,,62,
ISPreview UK,2025-06-05,New Mapping Technology Looks to Boost UK Fibre Broadband Rollout,https://www.ispreview.co.uk/index.php/2025/06/new-mapping-technology-looks-to-boost-uk-fibre-broadband-rollout.html,,0.0,,not_applicable,0,,0,,48,
ISPreview UK,2025-06-05,1p Mobile UK Hints at Imminent Launch of eSIM Support,https://www.ispreview.co.uk/index.php/2025/06/1p-mobile-uk-hints-at-imminent-launch-of-esim-support.html,,0.0,,not_applicable,0,,0,,41,
ISPreview UK,2025-06-04,"Broadband ISP Youfibre Launch New UK Account Portal, Struggles a Bit",https://www.ispreview.co.uk/index.php/2025/06/broadband-isp-youfibre-launch-new-uk-account-portal-struggles-a-bit.html,,0.0,,not_applicable,0,,0,,59,
ISPreview UK,2025-06-04,Altnet Broadband ISP Quickline Brings Tech Support Back to UK,https://www.ispreview.co.uk/index.php/2025/06/altnet-broadband-isp-quickline-brings-tech-support-back-to-uk.html,,0.0,,not_applicable,0,,0,,54,
ISPreview UK,2025-06-04,CEO of Rural Broadband ISP Gigaclear Warns Ofcom Has Gone Too Far,https://www.ispreview.co.uk/index.php/2025/06/ceo-of-rural-broadband-isp-gigaclear-warns-ofcom-has-gone-too-far.html,,0.0,,not_applicable,0,,0,,58,
ISPreview UK,2025-06-04,EE UK Launch Nintendo Switch 2 Bundles for Pay Monthly Mobile Customers,https://www.ispreview.co.uk/index.php/2025/06/ee-uk-launch-nintendo-switch-2-bundles-for-pay-monthly-mobile-customers.html,,0.0,,not_applicable,0,,0,,56,
ISPreview UK,2025-06-04,Netomnia and ISP YouFibre Claim to Fix Broadband Speed and Latency Issues UPDATE,https://www.ispreview.co.uk/index.php/2025/06/netomnia-and-isp-youfibre-fix-broadband-speed-and-latency-issues.html,,0.0,,not_applicable,0,,0,,51,
ISPreview UK,2025-06-03,Hyperoptic Ends Campaign Against Mid-Contract Broadband Price Hikes,https://www.ispreview.co.uk/index.php/2025/06/hyperoptic-ends-campaign-against-mid-contract-broadband-price-hikes.html,,0.0,,not_applicable,0,,0,,50,
ISPreview UK,2025-06-03,GoFibre Connect 500 Customers to FTTP Broadband in Barnard Castle,https://www.ispreview.co.uk/index.php/2025/06/gofibre-connect-500-customers-to-fttp-broadband-in-barnard-castle.html,,0.0,,not_applicable,0,,0,,53,
ISPreview UK,2025-06-03,CityFibre Prep New 5.5Gbps Wholesale Broadband Product for UK ISPs,https://www.ispreview.co.uk/index.php/2025/06/cityfibre-prep-new-5-5gbps-wholesale-broadband-product-for-uk-isps.html,,0.0,,not_applicable,0,,0,,56,
ISPreview UK,2025-06-03,Civil Engineering Firm Network Plus Overhauls Delivery of UK Field Services,https://www.ispreview.co.uk/index.php/2025/06/civil-engineering-firm-network-plus-overhauls-delivery-of-uk-field-services.html,,0.0,,not_applicable,0,,0,,43,
ISPreview UK,2025-06-03,BT International Launches to Serve Multinational Customers,https://www.ispreview.co.uk/index.php/2025/06/bt-international-launches-to-serve-multinational-customers.html,,0.0,,not_applicable,0,,0,,40,
ISPreview UK,2025-06-03,Sky UK Launch New Cheaper Broadband-based Sky Glass Air TV Sets,https://www.ispreview.co.uk/index.php/2025/06/sky-uk-launch-new-cheaper-broadband-based-sky-glass-air-tv-sets.html,,0.0,,not_applicable,0,,0,,55,
ISPreview UK,2025-06-03,SpaceX Planning to Launch Starlink v3 Broadband Satellites in 6-9 Months,https://www.ispreview.co.uk/index.php/2025/06/spacex-planning-to-launch-startlink-v3-broadband-satellites-in-6-9-months.html,,0.0,,not_applicable,0,,0,,59,
ISPreview UK,2025-06-03,FullFibre and Zzoomm Set to Drop BeFibre Broadband ISP Brand UPDATE,https://www.ispreview.co.uk/index.php/2025/06/fullfibre-and-zzoomm-set-to-drop-befibre-broadband-isp-brand.html,,0.0,,not_applicable,0,,0,,54,
ISPreview UK,2025-06-02,Openreach Default to More Expensive Biz FTTP and SOGEA Broadband Installs UPDATE,https://www.ispreview.co.uk/index.php/2025/06/openreach-make-uk-biz-fttp-and-sogea-broadband-installs-more-expensive.html,,0.0,,not_applicable,0,,0,,51,
ISPreview UK,2025-06-02,Vorboss Target London’s Local Councils with New Full Fibre Partnership,https://www.ispreview.co.uk/index.php/2025/06/vorboss-target-londons-local-councils-with-new-full-fibre-partnership.html,,0.0,,not_applicable,0,,0,,39,
ISPreview UK,2025-06-02,Vodafone and Three UK Officially Complete £16bn Mega Mobile Merger UPDATE,https://www.ispreview.co.uk/index.php/2025/06/vodafone-and-three-uk-officially-complete-16bn-mega-mobile-merger.html,,0.0,,not_applicable,0,,0,,54,
ISPreview UK,2025-06-02,Vodafone and Three UK Launch New Website Ahead of Merger Completion UPDATE,https://www.ispreview.co.uk/index.php/2025/06/vodafone-and-three-uk-launch-new-website-ahead-of-merger-completion.html,,0.0,,not_applicable,0,,0,,52,
ISPreview UK,2025-06-02,Broadband ISP TalkTalk and Sky UK Battle Over NOW TV Fees,https://www.ispreview.co.uk/index.php/2025/06/broadband-isp-talktalk-and-sky-uk-battle-over-now-tv-fees.html,,0.0,,not_applicable,0,,0,,59,
ISPreview UK,2025-06-02,Government Hails Start of National Campaign for UK Digital Phone Switch,https://www.ispreview.co.uk/index.php/2025/06/government-hails-start-of-national-campaign-for-uk-digital-phone-switch.html,,0.0,,not_applicable,0,,0,,52,
ISPreview UK,2025-06-01,Brsk Cuts Standard Price of 900Mbps UK Broadband to Just £35,https://www.ispreview.co.uk/index.php/2025/06/brsk-cuts-standard-price-of-900mbps-uk-broadband-to-just-35.html,,0.0,,not_applicable,0,,0,,57,
ISPreview UK,2025-05-30,O2 UK Warn Customers with Incompatible Mobiles as 3G Switches Off,https://www.ispreview.co.uk/index.php/2025/05/o2-uk-warn-customers-with-incompatible-mobiles-as-3g-switches-off.html,,0.0,,not_applicable,0,,0,,62,
ISPreview UK,2025-05-30,GoFibre Expands Project Gigabit Broadband Rollout in Teesdale UK,https://www.ispreview.co.uk/index.php/2025/05/gofibre-expands-project-gigabit-broadband-rollout-in-teesdale-uk.html,,0.0,,not_applicable,0,,0,,50,
ISPreview UK,2025-05-30,"Country Connect Brings Full Fibre Broadband to 10,000 Premises",https://www.ispreview.co.uk/index.php/2025/05/country-connect-brings-full-fibre-broadband-to-10000-premises.html,,0.0,,not_applicable,0,,0,,57,
ISPreview UK,2025-05-29,ISP Sky Broadband UK Add Free Device Priority for WiFi Max Customers,https://www.ispreview.co.uk/index.php/2025/05/isp-sky-broadband-uk-add-free-device-priority-for-wifi-max-customers.html,,0.0,,not_applicable,0,,0,,60,
ISPreview UK,2025-05-29,Multiple ASUS Routers Impacted by New Security Vulnerability UPDATED,https://www.ispreview.co.uk/index.php/2025/05/multiple-asus-routers-impacted-by-new-security-vulnerability.html,,0.0,,not_applicable,0,,0,,49,
ISPreview UK,2025-05-29,BT CEO Talks Shrinking UK Broadband Market Share and Future of Altnets,https://www.ispreview.co.uk/index.php/2025/05/bt-ceo-talks-shrinking-uk-broadband-market-share-and-future-of-altnets.html,,0.0,,not_applicable,0,,0,,66,
ISPreview UK,2025-05-29,World Record as 1.02 Petabits Per Second Sent Over 1808km of Optical Fibre,https://www.ispreview.co.uk/index.php/2025/05/world-record-as-1-02-petabits-per-second-sent-over-1808km-of-optical-fibre.html,,0.0,,not_applicable,0,,0,,48,
ISPreview UK,2025-05-29,Virgin Media O2 Boost Support for UK Customers Suffering Financial Difficulties,https://www.ispreview.co.uk/index.php/2025/05/virgin-media-o2-boost-support-for-uk-customers-suffering-financial-difficulties.html,,0.0,,not_applicable,0,,0,,41,
ISPreview UK,2025-05-29,Study of Fixed Broadband Tariffs Across Europe Sees UK Rank 12th,https://www.ispreview.co.uk/index.php/2025/05/study-of-fixed-broadband-tariffs-across-europe-sees-uk-rank-12th.html,,0.0,,not_applicable,0,,0,,59,
ISPreview UK,2025-05-28,BT Secures Silver Award Under the UK’s New Fair Payment Code,https://www.ispreview.co.uk/index.php/2025/05/bt-secures-silver-award-under-the-uks-new-fair-payment-code.html,,0.0,,not_applicable,0,,0,,48,
ISPreview UK,2025-05-28,Lit Fibre Cuts Price of CityFibre Powered UK Broadband ISP Packages,https://www.ispreview.co.uk/index.php/2025/05/lit-fibre-cuts-price-of-cityfibre-powered-uk-broadband-isp-packages.html,,0.0,,not_applicable,0,,0,,54,
ISPreview UK,2025-05-28,Streetwave Test Mobile Data Performance on the Elizabeth Line Train,https://www.ispreview.co.uk/index.php/2025/05/streetwave-test-mobile-data-performance-on-the-elizabeth-line-train.html,,0.0,,not_applicable,0,,0,,57,
ISPreview UK,2025-05-28,CityFibre UK Finish Primary £58m FTTP Broadband Rollout in Reading,https://www.ispreview.co.uk/index.php/2025/05/cityfibre-uk-finish-primary-58m-fttp-broadband-rollout-in-reading.html,,0.0,,not_applicable,0,,0,,53,
ISPreview UK,2025-05-28,50 Government Funded 4G Mobile Mast Upgrades Now Live Across UK,https://www.ispreview.co.uk/index.php/2025/05/50-government-funded-4g-mobile-mast-upgrades-now-live-across-uk.html,,0.0,,not_applicable,0,,0,,56,
ISPreview UK,2025-05-27,South Western Railways Goes Live with 5G for Superfast Onboard WiFi,https://www.ispreview.co.uk/index.php/2025/05/south-western-railways-goes-live-with-5g-for-superfast-onboard-wifi.html,,0.0,,not_applicable,0,,0,,60,
ISPreview UK,2025-05-27,Rural Broadband ISP Wildanet to Retire Fixed Wireless Network,https://www.ispreview.co.uk/index.php/2025/05/rural-broadband-isp-wildanet-to-retire-fixed-wireless-network.html,,0.0,,not_applicable,0,,0,,48,
ISPreview UK,2025-05-27,Ofcom Propose to Boost Starlink’s UK Satellite Broadband with E Band,https://www.ispreview.co.uk/index.php/2025/05/ofcom-propose-to-boost-starlinks-uk-satellite-broadband-with-e-band.html,,0.0,,not_applicable,0,,0,,52,
ISPreview UK,2025-05-27,NatWest Funding to Help Glide Expand UK High-Speed Wi-Fi Network,https://www.ispreview.co.uk/index.php/2025/05/natwest-funding-to-help-glide-expand-uk-high-speed-wi-fi-network.html,,0.0,,not_applicable,0,,0,,49,
ISPreview UK,2025-05-27,JT 5G Mobile Network Starts to Go Live on the Channel Island of Jersey,https://www.ispreview.co.uk/index.php/2025/05/jt-5g-mobile-network-starts-to-go-live-on-the-channel-island-of-jersey.html,,0.0,,not_applicable,0,,0,,46,
ISPreview UK,2025-05-27,Business ISP Onecom Signs Deal to Harness AllPoints Fibre’s UK Platform,https://www.ispreview.co.uk/index.php/2025/05/business-isp-onecom-signs-deal-to-harness-allpoints-fibres-uk-platform.html,,0.0,,not_applicable,0,,0,,43,
ISPreview UK,2025-05-27,EE UK Boost 5G Mobile Broadband in Central London with 80 Small Cells,https://www.ispreview.co.uk/index.php/2025/05/ee-uk-boost-5g-mobile-broadband-in-central-london-with-80-small-cells.html,,0.0,,not_applicable,0,,0,,44,
ISPreview UK,2025-05-26,"BT’s UK Plan to Rollout 2,000 Gigabit WiFi Street Hubs Hits Objections",https://www.ispreview.co.uk/index.php/2025/05/bts-uk-plan-to-rollout-2000-gigabit-wifi-street-hubs-hits-objections.html,,0.0,,not_applicable,0,,0,,61,
ISPreview UK,2025-05-25,Streetwave to Map 4G and 5G Mobile Coverage Across South Yorkshire,https://www.ispreview.co.uk/index.php/2025/05/streetwave-to-map-4g-and-5g-mobile-coverage-across-south-yorkshire.html,,0.0,,not_applicable,0,,0,,50,
ISPreview UK,2025-05-24,Openreach Delay UK Launch of Ethernet Access Direct 2.0 Until Dec 2026,https://www.ispreview.co.uk/index.php/2025/05/openreach-delay-uk-launch-of-ethernet-access-direct-2-0-until-dec-2026.html,,0.0,,not_applicable,0,,0,,58,
ISPreview UK,2025-05-23,BT Faces Formal Trade Dispute After Union Rejects Pay Offer,https://www.ispreview.co.uk/index.php/2025/05/bt-faces-formal-trade-dispute-after-union-rejects-pay-offer.html,,0.0,,not_applicable,0,,0,,54,
ISPreview UK,2025-05-23,ISP Sky Broadband Launch Pilot of CityFibre Based UK Full Fibre Packages UPDATE,https://www.ispreview.co.uk/index.php/2025/05/isp-sky-broadband-launch-cityfibre-based-uk-full-fibre-packages.html,,0.0,,not_applicable,0,,0,,49,
ISPreview UK,2025-05-23,Full Fibre Broadband ISP CommunityFibre Grows UK Take-up to 25 Percent,https://www.ispreview.co.uk/index.php/2025/05/full-fibre-broadband-isp-communityfibre-grows-uk-take-up-to-25-percent.html,,0.0,,not_applicable,0,,0,,61,
ISPreview UK,2025-05-23,Gov Reveal More on Ofcom’s Planned Change to Improve 4G Mobile Maps,https://www.ispreview.co.uk/index.php/2025/05/gov-reveal-more-on-ofcoms-planned-change-to-improve-4g-mobile-maps.html,,0.0,,not_applicable,0,,0,,55,
ISPreview UK,2025-05-22,Netomnia Goes Live with First 50Gbps UK Full Fibre Broadband Network,https://www.ispreview.co.uk/index.php/2025/05/netomnia-goes-live-with-uks-first-50gbps-broadband-network.html,,0.0,,not_applicable,0,,0,,51,
ISPreview UK,2025-05-22,ISP Quickline Launch Cheap Entry Level 100Mbps Broadband Package,https://www.ispreview.co.uk/index.php/2025/05/isp-quickline-launch-cheap-entry-level-100mbps-broadband-package.html,,0.0,,not_applicable,0,,0,,52,
ISPreview UK,2025-05-22,Altnet Freedom Fibre Pick VeloxServ to Power its Wholesale B2B Connectivity,https://www.ispreview.co.uk/index.php/2025/05/altnet-freedom-fibre-pick-veloxserv-to-power-its-wholesale-b2b-connectivity.html,,0.0,,not_applicable,0,,0,,46,
ISPreview UK,2025-05-22,FullFibre Limited Drops Out of UK Project Gigabit Broadband Contracts,https://www.ispreview.co.uk/index.php/2025/05/fullfibre-limited-drops-out-of-uk-project-gigabit-broadband-contracts.html,,0.0,,not_applicable,0,,0,,56,
ISPreview UK,2025-05-22,Three UK Doubles Mobile Broadband Speeds in Glasgow via O-RAN Trial,https://www.ispreview.co.uk/index.php/2025/05/three-uk-doubles-mobile-broadband-speeds-in-glasgow-via-o-ran-trial.html,,0.0,,not_applicable,0,,0,,52,
ISPreview UK,2025-05-22,Ofcom Ranks Big UK Mobile and Broadband ISPs by Quality and Faults – 2025,https://www.ispreview.co.uk/index.php/2025/05/ofcom-ranks-big-uk-mobile-and-broadband-isps-by-quality-and-faults-2025.html,,0.0,,not_applicable,0,,0,,49,
ISPreview UK,2025-05-22,Openreach Boost UK FTTP Rollout Pace as BT Broadband Customers Fall to 8.2M,https://www.ispreview.co.uk/index.php/2025/05/openreach-boost-uk-fttp-rollout-pace-as-bt-broadband-customers-fall-to-8-2m.html,,0.0,,not_applicable,0,,0,,71,
ISPreview UK,2025-05-22,Rural UK ISP Gigaclear Discounts 500Mbps Broadband to £22,https://www.ispreview.co.uk/index.php/2025/05/rural-uk-isp-gigaclear-discounts-500mbps-broadband-to-22.html,,0.0,,not_applicable,0,,0,,48,
ISPreview UK,2025-05-21,Openreach Brings Full Fibre Broadband to 80 Percent of Cardiff,https://www.ispreview.co.uk/index.php/2025/05/openreach-brings-full-fibre-broadband-to-80-percent-of-cardiff.html,,0.0,,not_applicable,0,,0,,58,
ISPreview UK,2025-05-21,Quickline Revise FTTP Broadband Build in York Village After Pole Complaints UPDATE,https://www.ispreview.co.uk/index.php/2025/05/quickline-revise-fttp-broadband-build-in-york-village-after-pole-complaints.html,,0.0,,not_applicable,0,,0,,62,
ISPreview UK,2025-05-21,Virgin Media O2 Business Launches Teams Phone Mobile,https://www.ispreview.co.uk/index.php/2025/05/virgin-media-o2-business-launches-teams-phone-mobile.html,,0.0,,not_applicable,0,,0,,43,
ISPreview UK,2025-05-21,Vodafone and MediaTek Test Pushes 5G Upload Speeds up to 277Mbps,https://www.ispreview.co.uk/index.php/2025/05/vodafone-and-mediatek-test-pushes-5g-upload-speeds-up-to-277mbps.html,,0.0,,not_applicable,0,,0,,52,
ISPreview UK,2025-05-21,NGMN Push Mobile Operators to Adopt More Effective Carbon Emissions Reports,https://www.ispreview.co.uk/index.php/2025/05/ngmn-push-mobile-operators-to-adopt-more-effective-carbon-emissions-target.html,,0.0,,not_applicable,0,,0,,48,
ISPreview UK,2025-05-21,CityFibre UK Complete Primary £30m FTTP Broadband Rollout in Ipswich,https://www.ispreview.co.uk/index.php/2025/05/cityfibre-uk-complete-primary-24m-fttp-broadband-rollout-in-ipswich.html,,0.0,,not_applicable,0,,0,,45,
ISPreview UK,2025-05-21,Netomnia Deploys 800G Gigabit Ready ROADM Network Across UK,https://www.ispreview.co.uk/index.php/2025/05/netomnia-deploys-800g-gigabit-ready-roadm-network-across-uk.html,,0.0,,not_applicable,0,,0,,53,
ISPreview UK,2025-05-21,Private Roads Hamper CityFibre’s FTTP Broadband Rollout in Glasgow,https://www.ispreview.co.uk/index.php/2025/05/private-roads-hamper-cityfibres-fttp-broadband-rollout-in-glasgow.html,,0.0,,not_applicable,0,,0,,55,
ISPreview UK,2025-05-21,"Mobile Networks Call on Gov to Help Bring 5G Upgrades to 6,200 UK Sites",https://www.ispreview.co.uk/index.php/2025/05/mobile-networks-call-on-gov-to-help-bring-5g-upgrades-to-6200-uk-sites.html,,0.0,,not_applicable,0,,0,,56,
ISPreview UK,2025-05-21,Vodafone UK Website Adverts Banned Over Misleading Savings Claim,https://www.ispreview.co.uk/index.php/2025/05/asa-bans-vodafone-uk-website-advert-over-misleading-savings-claim.html,,0.0,,not_applicable,0,,0,,53,
ISPreview UK,2025-05-21,ASA Order EE UK to Qualify Fair Usage Terms on Unlimited Mobile Data Plans,https://www.ispreview.co.uk/index.php/2025/05/asa-order-ee-uk-to-qualify-fair-usage-terms-on-unlimited-mobile-data-plans.html,,0.0,,not_applicable,0,,0,,47,
ISPreview UK,2025-05-20,Vodafone Top 1.61 Million UK Broadband Customers as Mobile Declines,https://www.ispreview.co.uk/index.php/2025/05/vodafone-top-1-61-million-uk-broadband-customers-as-mobile-declines.html,,0.0,,not_applicable,0,,0,,62,
ISPreview UK,2025-05-20,UK ISP Spitfire Criticise Openreach for Lack of PSTN Switch Off Contract Clarity UPDATE,https://www.ispreview.co.uk/index.php/2025/05/uk-isp-spitfire-criticise-openreach-for-lack-of-pstn-switch-off-contract-clarity.html,,0.0,,not_applicable,0,,0,,55,
ISPreview UK,2025-05-20,Broadband and Mobile Traffic Volume Growth Has Slowed to a Crawl,https://www.ispreview.co.uk/index.php/2025/05/broadband-and-mobile-traffic-volume-growth-has-slowed-to-a-crawl.html,,0.0,,not_applicable,0,,0,,63,
ISPreview UK,2025-05-19,No Resolution Yet in £120m Dispute Between Vodafone UK and Former Franchisees,https://www.ispreview.co.uk/index.php/2025/05/no-resolution-yet-in-120m-dispute-between-vodafone-uk-and-former-franchisees.html,,0.0,,not_applicable,0,,0,,67,
ISPreview UK,2025-05-19,O2 UK Fixes VoLTE Flaw that Exposed User Mobile Location Data UPDATE,https://www.ispreview.co.uk/index.php/2025/05/o2-uk-fixes-volte-flaw-that-exposed-user-mobile-location-data.html,,0.0,,not_applicable,0,,0,,54,
ISPreview UK,2025-05-19,Clarifying POP Telecom’s Approach to Unwanted Feature Charges on UK Bills,https://www.ispreview.co.uk/index.php/2025/05/clarifying-pop-telecoms-approach-to-unwanted-feature-charges-on-uk-bills.html,,0.0,,not_applicable,0,,0,,57,
ISPreview UK,2025-05-19,"Grain Puts FTTP Broadband Network Live in Saltburn, North Yorkshire",https://www.ispreview.co.uk/index.php/2025/05/grain-puts-fttp-broadband-network-live-in-saltburn-north-yorkshire.html,,0.0,,not_applicable,0,,0,,42,
ISPreview UK,2025-05-19,BT in Advanced Talks to Sell 50 Percent Stake in TNT Sports to Warner Bros Discovery,https://www.ispreview.co.uk/index.php/2025/05/bt-in-advanced-talks-to-sell-50-percent-stake-in-tnt-sports.html,,0.0,,not_applicable,0,,0,,61,
ISPreview UK,2025-05-19,Alternative Broadband Operator FullFibre Cuts Jobs Post Zzoomm Merger,https://www.ispreview.co.uk/index.php/2025/05/alternative-broadband-operator-fullfibre-cuts-jobs-post-zzoomm-merger.html,,0.0,,not_applicable,0,,0,,61,
ISPreview UK,2025-05-19,Government to Foster 10 Year UK Infrastructure and R&D Funding,https://www.ispreview.co.uk/index.php/2025/05/government-to-foster-10-year-uk-infrastructure-and-rd-funding.html,,0.0,,not_applicable,0,,0,,39,
ISPreview UK,2025-05-18,BMW and Viasat Demo “worlds first” Connected Vehicle Over Satellite,https://www.ispreview.co.uk/index.php/2025/05/bmw-and-viasat-demo-worlds-first-connected-vehicle-over-satellite.html,,0.0,,not_applicable,0,,0,,51,
ISPreview UK,2025-05-17,Openreach Doc Hints at XGS-PON FTTP Plan for 3.3Gbps UK Broadband,https://www.ispreview.co.uk/index.php/2025/05/openreach-doc-hints-at-xgs-pon-fttp-plan-for-3-3gbps-uk-broadband.html,,0.0,,not_applicable,0,,0,,51,
ISPreview UK,2025-05-17,BT and Avanti Broadband in Legal Dispute Over Rural EE UK Mobile Capacity,https://www.ispreview.co.uk/index.php/2025/05/bt-and-avanti-broadband-in-legal-dispute-over-rural-ee-uk-mobile-capacity.html,,0.0,,not_applicable,0,,0,,60,
ISPreview UK,2025-05-16,Openreach Respond to Altnet Concerns Over Cost of UK Infrastructure Sharing,https://www.ispreview.co.uk/index.php/2025/05/openreach-respond-to-altnet-concerns-over-cost-of-uk-infrastructure-sharing.html,,0.0,,not_applicable,0,,0,,53,
ISPreview UK,2025-05-16,Wildanet Expands Project Gigabit Broadband Rollout in Cornwall UK UPDATE2,https://www.ispreview.co.uk/index.php/2025/05/wildanet-expands-project-gigabit-broadband-rollout-for-south-west-cornwall.html,,0.0,,not_applicable,0,,0,,50,
ISPreview UK,2025-05-16,Openreach Say FTTP Broadband Now Covers 90 Percent of N.Ireland,https://www.ispreview.co.uk/index.php/2025/05/openreach-say-fttp-broadband-now-covers-90-percent-of-n-ireland.html,,0.0,,not_applicable,0,,0,,61,
ISPreview UK,2025-05-16,ASK4 Acquire ClearFibre to Improve Broadband in UK Build-to-Rent Sector,https://www.ispreview.co.uk/index.php/2025/05/ask4-acquire-clearfibre-to-improve-broadband-in-uk-build-to-rent-sector.html,,0.0,,not_applicable,0,,0,,52,
ISPreview UK,2025-05-16,Spectrum Policy Forum Looks to Future of TV Spectrum for UK Mobile After 2034,https://www.ispreview.co.uk/index.php/2025/05/spectrum-policy-forum-looks-to-future-of-tv-spectrum-for-uk-mobile-after-2034.html,,0.0,,not_applicable,0,,0,,58,
ISPreview UK,2025-05-16,Sky TV Customers Still Suffering Problems After Huge Outage Last Night UPDATE2,https://www.ispreview.co.uk/index.php/2025/05/sky-tv-customers-still-suffering-problems-after-huge-outage-last-night.html,,0.0,,not_applicable,0,,0,,49,
ISPreview UK,2025-05-15,ITS Technology Claims First Live UK Biz Customer Trial of 50Gbps PON,https://www.ispreview.co.uk/index.php/2025/05/its-technology-claims-first-live-uk-biz-customer-trial-of-50gbps-pon.html,,0.0,,not_applicable,0,,0,,63,
ISPreview UK,2025-05-15,BT Group to Shift Remaining International Business into New Unit,https://www.ispreview.co.uk/index.php/2025/05/bt-group-to-shift-remaining-internation-business-into-new-unit.html,,0.0,,not_applicable,0,,0,,39,
ISPreview UK,2025-05-15,AllPoints Fibre Denies Talk of UK FTTP Network Sale to CityFibre,https://www.ispreview.co.uk/index.php/2025/05/allpoints-fibre-denies-talk-of-uk-fttp-network-sale-to-cityfibre.html,,0.0,,not_applicable,0,,0,,54,
ISPreview UK,2025-05-15,Freely Considers Launch of Streaming Box for UK Broadband TV Service,https://www.ispreview.co.uk/index.php/2025/05/freely-considers-launch-of-streaming-box-for-uk-broadband-tv-stream.html,,0.0,,not_applicable,0,,0,,54,
ISPreview UK,2025-05-15,BT Sign £9.8m Contract to Deploy Full Fibre Broadband in Swansea Bay City Region,https://www.ispreview.co.uk/index.php/2025/05/bt-sign-9-8m-contract-to-deploy-full-fibre-broadband-in-swansea-bay-city-region.html,,0.0,,not_applicable,0,,0,,50,
ISPreview UK,2025-05-15,Virgin Media UK and Telecare Cardiff Trial to Support Digital Phone Switchover,https://www.ispreview.co.uk/index.php/2025/05/virgin-media-uk-and-telecare-cardiff-trial-to-supports-digital-phone-switchover.html,,0.0,,not_applicable,0,,0,,53,
ISPreview UK,2025-05-15,MS3 Networks Back Online After Suffering Major Broadband Outage,https://www.ispreview.co.uk/index.php/2025/05/ms3-back-online-after-suffering-major-broadband-outage.html,,0.0,,not_applicable,0,,0,,60,
ISPreview UK,2025-05-15,SpaceX Proposes Starlink Can Deliver Sat Nav to Complement GPS,https://www.ispreview.co.uk/index.php/2025/05/spacex-proposes-starlink-can-deliver-sat-nav-to-complement-gps.html,,0.0,,not_applicable,0,,0,,54,
ISPreview UK,2025-05-14,Telefonica SA Reportedly Ponders UK Takeover of Virgin Media O2,https://www.ispreview.co.uk/index.php/2025/05/telefonica-sa-reportedly-ponders-uk-takeover-of-virgin-media-o2.html,,0.0,,not_applicable,0,,0,,67,
ISPreview UK,2025-05-14,The Top 15 UK National Parks for Full Fibre Broadband Coverage,https://www.ispreview.co.uk/index.php/2025/05/the-top-15-uk-national-parks-for-full-fibre-broadband-coverage.html,,0.0,,not_applicable,0,,0,,51,
ISPreview UK,2025-05-14,Openreach Connect UK First Homes Under Project Gigabit Broadband Contracts UPDATE,https://www.ispreview.co.uk/index.php/2025/05/openreach-connect-uk-first-homes-under-project-gigabit-broadband-contracts.html,,0.0,,not_applicable,0,,0,,49,
ISPreview UK,2025-05-14,New Project Helps ISPs to Test Customers Real Broadband Experience,https://www.ispreview.co.uk/index.php/2025/05/new-project-helps-isps-to-test-customers-real-broadband-experience.html,,0.0,,not_applicable,0,,0,,53,
ISPreview UK,2025-05-14,Persimmon Sells UK Full Fibre Broadband ISP FibreNest to BUUK UPDATE,https://www.ispreview.co.uk/index.php/2025/05/persimmon-sells-uk-full-fibre-broadband-isp-fibrenest-to-buuk.html,,0.0,,not_applicable,0,,0,,53,
ISPreview UK,2025-05-14,AllPointsFibre Launch New UK Aquila Wholesale Full Fibre Network,https://www.ispreview.co.uk/index.php/2025/05/allpointsfibre-launch-new-uk-aquila-wholesale-full-fibre-network.html,,0.0,,not_applicable,0,,0,,54,
ISPreview UK,2025-05-13,UK ISP NOW Broadband to Raise Prices by £3 Per Month AGAIN,https://www.ispreview.co.uk/index.php/2025/05/uk-isp-now-broadband-to-raise-prices-by-3-per-month-again.html,,0.0,,not_applicable,0,,0,,62,
ISPreview UK,2025-05-13,UK Government and Industry Look to Tackle A2P SMS Messaging Fraud,https://www.ispreview.co.uk/index.php/2025/05/uk-government-and-industry-look-to-tackle-a2p-sms-messaging-fraud.html,,0.0,,not_applicable,0,,0,,52,
ISPreview UK,2025-05-13,Toob Expand Cheap UK Gigabit Broadband to 12 New Cities and Towns,https://www.ispreview.co.uk/index.php/2025/05/toob-expand-cheap-uk-gigabit-broadband-to-12-new-cities-and-towns.html,,0.0,,not_applicable,0,,0,,50,
ISPreview UK,2025-05-13,GoFibre Expands Full Fibre Broadband to Ladykirk and Norham,https://www.ispreview.co.uk/index.php/2025/05/gofibre-expands-full-fibre-broadband-to-ladykirk-and-norham.html,,0.0,,not_applicable,0,,0,,51,
ISPreview UK,2025-05-13,Ofcom UK Investigate IX Wireless for Visual Impact of 15m Broadband Pole,https://www.ispreview.co.uk/index.php/2025/05/ofcom-uk-investigate-ix-wireless-for-visual-impact-of-15m-broadband-pole.html,,0.0,,not_applicable,0,,0,,57,
ISPreview UK,2025-05-13,"O2’s Recycle Service for UK Business Saves 45,000 Devices from Landfill",https://www.ispreview.co.uk/index.php/2025/05/o2s-recycle-service-for-uk-business-saves-45000-devices-from-landfill.html,,0.0,,not_applicable,0,,0,,59,
ISPreview UK,2025-05-13,Nexfibre Publish Reduced Q1 2025 UK Full Fibre Broadband Build Update,https://www.ispreview.co.uk/index.php/2025/05/nexfibre-publish-q1-2025-uk-full-fibre-broadband-build-update.html,,0.0,,not_applicable,0,,0,,58,
ISPreview UK,2025-05-13,Welsh Government Quietly Reopens ABC Broadband Voucher Scheme UPDATE,https://www.ispreview.co.uk/index.php/2025/05/welsh-government-quietly-reopens-abc-broadband-voucher-scheme.html,,0.0,,not_applicable,0,,0,,53,
ISPreview UK,2025-05-12,VeloxServ Moves to Harness Vorboss’ Full Fibre Network in London,https://www.ispreview.co.uk/index.php/2025/05/veloxserv-moves-to-harness-vorboss-full-fibre-network-in-london.html,,0.0,,not_applicable,0,,0,,39,
ISPreview UK,2025-05-12,ScotRail Upgrades Highlands Trains with Faster Onboard WiFi,https://www.ispreview.co.uk/index.php/2025/05/scotrail-upgrades-highlands-trains-with-faster-onboard-wifi.html,,0.0,,not_applicable,0,,0,,50,
ISPreview UK,2025-05-12,"Fibrus Project Gigabit Broadband Rollout in Cumbria UK Reaches 12,500 Premises",https://www.ispreview.co.uk/index.php/2025/05/fibrus-project-gigabit-broadband-rollout-in-cumbria-uk-reaches-12500-premises.html,,0.0,,not_applicable,0,,0,,52,
ISPreview UK,2025-05-12,Mobile Operator iD Mobile UK Launch New Rewards Scheme – iD Perks,https://www.ispreview.co.uk/index.php/2025/05/mobile-operator-id-mobile-uk-launch-new-rewards-scheme-id-perks.html,,0.0,,not_applicable,0,,0,,56,
ISPreview UK,2025-05-12,Virgin Media O2 UK and Daisy Group Anounce B2B Merger,https://www.ispreview.co.uk/index.php/2025/05/virgin-media-o2-uk-and-daisy-group-anounce-b2b-merger.html,,0.0,,not_applicable,0,,0,,55,
ISPreview UK,2025-05-12,Mobile Operators Plea with UK Gov to Support 5G Upgrade via Tax Cuts and Planning,https://www.ispreview.co.uk/index.php/2025/05/mobile-operators-plea-with-uk-gov-to-support-5g-upgrade-via-tax-cuts-and-planning.html,,0.0,,not_applicable,0,,0,,63,
ISPreview UK,2025-05-11,1 Million UK Consumers Have Switched Broadband ISP Since Sept 2024,https://www.ispreview.co.uk/index.php/2025/05/1-million-uk-consumers-have-switched-broadband-isp-since-sept-2024.html,,0.0,,not_applicable,0,,0,,53,
ISPreview UK,2025-05-10,Vodafone UK Quietly Launch New Pro 3 Broadband Plan and WiFi 7 Router UPDATE,https://www.ispreview.co.uk/index.php/2025/05/vodafone-uk-quietly-launch-new-pro-3-broadband-plan-and-wifi-7-router.html,,0.0,,not_applicable,0,,0,,59,
ISPreview UK,2025-05-09,"GoFibre Grows UK FTTP Broadband Customers in Montrose to 1,000",https://www.ispreview.co.uk/index.php/2025/05/gofibre-grows-uk-fttp-broadband-customers-in-montrose-to-1000.html,,0.0,,not_applicable,0,,0,,44,
ISPreview UK,2025-05-09,Vodafone Introduces Screen Damage Insurance for UK Mobiles,https://www.ispreview.co.uk/index.php/2025/05/vodafone-introduces-screen-damage-insurance-for-uk-mobiles.html,,0.0,,not_applicable,0,,0,,45,
ISPreview UK,2025-05-09,Three UK Closes Down Old Relish Wireless Broadband in Swindon,https://www.ispreview.co.uk/index.php/2025/05/three-uk-closes-down-old-relish-wireless-broadband-in-swindon.html,,0.0,,not_applicable,0,,0,,59,
ISPreview UK,2025-05-09,"TalkTalk to Shift 95,000 Origin Broadband UK ISP Customers to UW UPDATE",https://www.ispreview.co.uk/index.php/2025/05/talktalk-to-shift-95000-origin-broadband-uk-isp-customers-to-uw.html,,0.0,,not_applicable,0,,0,,49,
ISPreview UK,2025-05-08,VOXI UK Offer 5G Mobile Plan for £10 Monthly with 80GB of Data,https://www.ispreview.co.uk/index.php/2025/05/voxi-uk-offer-5g-mobile-plan-for-10-monthly-with-80gb-of-data.html,,0.0,,not_applicable,0,,0,,52,
ISPreview UK,2025-05-08,Ofcom Spring 2025 Data – Gigabit Broadband Covers 27.24 Million UK Premises,https://www.ispreview.co.uk/index.php/2025/05/ofcom-spring-2025-data-gigabit-broadband-covers-27-24-million-uk-premises.html,,0.0,,not_applicable,0,,0,,60,
ISPreview UK,2025-05-08,Neos Networks Launch Rapid Activation Service for Fibre Optic Connectivity,https://www.ispreview.co.uk/index.php/2025/05/neos-networks-launch-rapid-activation-service-for-fibre-optic-connectivity.html,,0.0,,not_applicable,0,,0,,57,
ISPreview UK,2025-05-08,Broadband ISP Grain Build UK Full Fibre Network into Burton-on-Trent,https://www.ispreview.co.uk/index.php/2025/05/broadband-isp-grain-build-uk-full-fibre-network-into-burton-on-trent.html,,0.0,,not_applicable,0,,0,,47,
ISPreview UK,2025-05-08,ISP Pulse Fibre Commits to Fixed Price Broadband in the UK,https://www.ispreview.co.uk/index.php/2025/05/isp-pulse-fibre-commits-to-fixed-price-broadband-in-the-uk.html,,0.0,,not_applicable,0,,0,,54,
ISPreview UK,2025-05-07,Broadband ISP Zen Internet UK Launch Fibre Hub – Becomes Altnet Aggregator,https://www.ispreview.co.uk/index.php/2025/05/broadband-isp-zen-internet-uk-launch-fibre-hub-becomes-altnet-aggregator.html,,0.0,,not_applicable,0,,0,,51,
ISPreview UK,2025-05-07,Ofcom Find Internet Access Levels in the UK Remain Stable in 2024,https://www.ispreview.co.uk/index.php/2025/05/ofcom-find-internet-access-levels-in-the-uk-remain-stable-in-2024.html,,0.0,,not_applicable,0,,0,,58,
ISPreview UK,2025-05-07,LightSpeed Broadband Launch Full Range of eero Wi-Fi 7 Routers,https://www.ispreview.co.uk/index.php/2025/05/lightspeed-broadband-launch-full-range-of-eero-wi-fi-7-routers.html,,0.0,,not_applicable,0,,0,,47,
ISPreview UK,2025-05-07,River City Networks Look to Build Fibre Broadband in UK Cities,https://www.ispreview.co.uk/index.php/2025/05/river-city-networks-look-to-build-fibre-broadband-in-uk-cities.html,,0.0,,not_applicable,0,,0,,53,
ISPreview UK,2025-05-07,Broadband Forum Start Interoperability Testing of 50G-PON and 25GS-PON Kit,https://www.ispreview.co.uk/index.php/2025/05/broadband-forum-start-interoperability-testing-of-50g-pon-and-25gs-pon-kit.html,,0.0,,not_applicable,0,,0,,43,
ISPreview UK,2025-05-07,World Broadband Lines Top 1.5bn as UK Full Fibre Grows 11.7 Percent in Q4 2024,https://www.ispreview.co.uk/index.php/2025/05/world-broadband-lines-top-1-5bn-as-uk-full-fibre-grows-11-7-percent-in-q4-2024.html,,0.0,,not_applicable,0,,0,,60,
ISPreview UK,2025-05-07,Vodafone UK Launch First Free 7-Day eSIM Mobile Network Trial,https://www.ispreview.co.uk/index.php/2025/05/vodafone-uk-launch-first-free-7-day-esim-mobile-network-trial.html,,0.0,,not_applicable,0,,0,,68,
ISPreview UK,2025-05-07,Government Rejects Amendment to Push FTTP Broadband into Flats UPDATE,https://www.ispreview.co.uk/index.php/2025/05/government-rejects-amendment-to-push-fttp-broadband-into-flats.html,,0.0,,not_applicable,0,,0,,60,
ISPreview UK,2025-05-07,MS3 Cuts Jobs as Focus Shifts from UK Broadband Build to Take-up,https://www.ispreview.co.uk/index.php/2025/05/ms3-cuts-jobs-as-focus-shifts-from-uk-broadband-build-to-customer-growth.html,,0.0,,not_applicable,0,,0,,50,
ISPreview UK,2025-05-06,TalkTalk Group Shrinks to 3.2 Million UK Broadband ISP Customers,https://www.ispreview.co.uk/index.php/2025/05/uk-isp-talktalk-shrinks-to-3-2-million-broadband-customers.html,,0.0,,not_applicable,0,,0,,45,
ISPreview UK,2025-05-06,Full Fibre UK Broadband Builder Quickline Opens New Facility in Leeds,https://www.ispreview.co.uk/index.php/2025/05/full-fibre-uk-broadband-builder-quickline-opens-new-facility-in-leeds.html,,0.0,,not_applicable,0,,0,,52,
ISPreview UK,2025-05-06,Openreach Name 163 More UK Areas for Copper to FTTP Switch – Tranche 20 UPDATE,https://www.ispreview.co.uk/index.php/2025/05/openreach-name-163-more-uk-areas-for-copper-to-fttp-switch-tranche-20.html,,0.0,,not_applicable,0,,0,,58,
ISPreview UK,2025-05-06,Better Mobile Cover Goes Live from O2 UK on East Coast Mainline,https://www.ispreview.co.uk/index.php/2025/05/better-mobile-cover-goes-live-from-o2-uk-on-east-coast-mainline.html,,0.0,,not_applicable,0,,0,,52,
ISPreview UK,2025-05-06,New Broadband ISP Carnival Internet UK Finally Goes Live,https://www.ispreview.co.uk/index.php/2025/05/new-broadband-isp-carnival-internet-uk-finally-goes-live.html,,0.0,,not_applicable,0,,0,,75,
ISPreview UK,2025-05-06,Broadband ISP Fibrus Helps Boost N.Ireland Economy by £431m Since 2020,https://www.ispreview.co.uk/index.php/2025/05/broadband-isp-fibrus-helps-boost-n-ireland-economy-by-431m-since-2020.html,,0.0,,not_applicable,0,,0,,50,
ISPreview UK,2025-05-06,Sky Glass UK Customers Suffering Black Screen and Content Display Bugs UPDATE,https://www.ispreview.co.uk/index.php/2025/05/sky-glass-uk-customers-suffering-black-screen-and-content-display-bugs.html,,0.0,,not_applicable,0,,0,,56,
ISPreview UK,2025-05-06,Take-up Rises as Netomnia Report Q1 Results for UK 10Gbps Broadband Network,https://www.ispreview.co.uk/index.php/2025/05/take-up-rises-as-netomnia-report-q1-results-for-uk-10gbps-broadband-network.html,,0.0,,not_applicable,0,,0,,53,
ISPreview UK,2025-05-05,London Full Fibre Broadband ISP CommunityFibre Reports First Profit UPDATE,https://www.ispreview.co.uk/index.php/2025/05/london-full-fibre-broadband-isp-communityfibre-reports-first-profit.html,,0.0,,not_applicable,0,,0,,51,
ISPreview UK,2025-05-04,Altnet Broadband Operator Freedom Fibre to Suffer UK Job Losses UPDATE,https://www.ispreview.co.uk/index.php/2025/05/altnet-broadband-operator-freedom-fibre-to-suffer-uk-job-losses.html,,0.0,,not_applicable,0,,0,,45,
ISPreview UK,2025-05-03,Network Operators Named as Finalists for UK Fibre Awards 2025,https://www.ispreview.co.uk/index.php/2025/05/network-operators-named-as-finalists-for-uk-fibre-awards-2025.html,,0.0,,not_applicable,0,,0,,52,
ISPreview UK,2025-05-02,Nexfibre Cut 2025 UK Full Fibre Target to 2.5m Premises as VMO2 Pause NetCo Plans,https://www.ispreview.co.uk/index.php/2025/05/nexfibre-cut-2025-uk-full-fibre-target-to-2-5m-premises-as-vmo2-pause-netco-plans.html,,0.0,,not_applicable,0,,0,,60,
ISPreview UK,2025-05-02,Netomnia Raise Extra £160m and Target 5 Million UK Premises for FTTP Broadband,https://www.ispreview.co.uk/index.php/2025/05/netomnia-raise-extra-160m-and-target-5-million-uk-premises-for-fttp-broadband.html,,0.0,,not_applicable,0,,0,,57,
ISPreview UK,2025-05-02,Mobile Operator Three UK Refreshes Customer App with “Glow-up”,https://www.ispreview.co.uk/index.php/2025/05/mobile-operator-three-uk-refreshes-customer-app-with-glow-up.html,,0.0,,not_applicable,0,,0,,49,
ISPreview UK,2025-05-02,ISP OneTek Looks to Expand Business Full Fibre Broadband Network,https://www.ispreview.co.uk/index.php/2025/05/isp-onetek-looks-to-expand-business-full-fibre-broadband-network.html,,0.0,,not_applicable,0,,0,,52,
ISPreview UK,2025-05-02,Vodafone Expands its Role in UK Energy 4G Smart Meter Upgrade Project,https://www.ispreview.co.uk/index.php/2025/05/vodafone-expands-its-role-in-uk-energy-4g-smart-meter-upgrade-project.html,,0.0,,not_applicable,0,,0,,56,
ISPreview UK,2025-05-02,Virgin Media O2 Suffers Fall in UK Broadband Customers as FTTP Build Slows,https://www.ispreview.co.uk/index.php/2025/05/virgin-media-o2-suffers-fall-in-uk-broadband-customers-as-fttp-build-slows.html,,0.0,,not_applicable,0,,0,,70,
ISPreview UK,2025-05-02,Wireless and Full Fibre Broadband ISP Orbital Net Appoints New CFO,https://www.ispreview.co.uk/index.php/2025/05/wireless-and-full-fibre-broadband-isp-orbital-net-appoints-new-cfo.html,,0.0,,not_applicable,0,,0,,46,
ISPreview UK,2025-05-02,Virgin Media UK TV Customers Gifted 3 Months Free Fit at Home App,https://www.ispreview.co.uk/index.php/2025/05/virgin-media-uk-tv-customers-gifted-3-months-free-fit-at-home-app.html,,0.0,,not_applicable,0,,0,,49,
ISPreview UK,2025-05-01,INCA Criticise Openreach for Approach to FTTP in UK Flats – Renters Rights Bill,https://www.ispreview.co.uk/index.php/2025/05/inca-criticise-openreach-for-approach-to-fttp-in-uk-flats-renters-rights-bill.html,,0.0,,not_applicable,0,,0,,58,
ISPreview UK,2025-05-01,Connexin Extends LoRaWAN Wireless Network to Southend-on-Sea,https://www.ispreview.co.uk/index.php/2025/05/connexin-extends-lorawan-wireless-network-to-southend-on-sea.html,,0.0,,not_applicable,0,,0,,65,
ISPreview UK,2025-05-01,CityFibre Survey Claims 8 Percent of UK Farms Still Have No Broadband,https://www.ispreview.co.uk/index.php/2025/05/cityfibre-survey-claims-8-percent-of-uk-farms-still-have-no-broadband.html,,0.0,,not_applicable,0,,0,,46,
ISPreview UK,2025-05-01,"EE to Connect 34,000 Mobile and IoT Devices in New UK DEFRA Deal",https://www.ispreview.co.uk/index.php/2025/05/ee-to-connect-34000-mobile-and-iot-devices-in-new-uk-defra-deal.html,,0.0,,not_applicable,0,,0,,47,
ISPreview UK,2025-05-01,TfW Fibre Seek Code Powers to Support Railway Based Fibre Rollout in Wales,https://www.ispreview.co.uk/index.php/2025/05/tfw-fibre-seek-code-powers-to-support-railway-based-fibre-rollout-in-wales.html,,0.0,,not_applicable,0,,0,,54,
ISPreview UK,2025-05-01,Openreach Builds FTTP Broadband to 18.3 Million UK Premises,https://www.ispreview.co.uk/index.php/2025/05/bts-openreach-builds-fttp-broadband-to-18-3-million-uk-premises.html,,0.0,,not_applicable,0,,0,,56,
ISPreview UK,2025-05-01,Ofcom Blasts NOW and TalkTalk for UK Broadband Complaints – Q4 2024,https://www.ispreview.co.uk/index.php/2025/05/ofcom-blasts-now-and-talktalk-for-uk-broadband-complaints-q4-2024.html,,0.0,,not_applicable,0,,0,,53,
ISPreview UK,2025-05-01,Neos Networks Claim 96 Percent of UK Broadband Altnets Consider Consolidation,https://www.ispreview.co.uk/index.php/2025/05/neos-networks-claim-96-percent-of-uk-broadband-altnets-consider-consolidation.html,,0.0,,not_applicable,0,,0,,57,
ISPreview UK,2025-05-01,Broadband ISP Aquiss Cuts Price of CityFibre Plans in Half for 6 Months,https://www.ispreview.co.uk/index.php/2025/05/broadband-isp-aquiss-cuts-price-of-cityfibre-plans-in-half-for-6-months.html,,0.0,,not_applicable,0,,0,,50,
ISPreview UK,2025-05-01,BT Consults on Closure of its Londonderry Office by End of 2025,https://www.ispreview.co.uk/index.php/2025/05/bt-consults-on-closure-of-its-londonderry-office-by-end-of-2025.html,,0.0,,not_applicable,0,,0,,63,
ISPreview UK,2025-05-01,Openreach Win £157m Project Gigabit Broadband Build Contract for Scotland,https://www.ispreview.co.uk/index.php/2025/05/openreach-win-157m-project-gigabit-broadband-build-contract-for-scotland.html,,0.0,,not_applicable,0,,0,,52,
ISPreview UK,2025-04-30,Revolut to Expand from Travel eSIMs into Cheap UK Mobile Operator,https://www.ispreview.co.uk/index.php/2025/04/revolut-to-expand-from-travel-esims-into-full-uk-mobile-operator.html,,0.0,,not_applicable,0,,0,,54,
ISPreview UK,2025-04-30,NO! Your Broadband Almost Certainly Won’t “grind to a halt” Today,https://www.ispreview.co.uk/index.php/2025/04/no-your-broadband-almost-certainly-wont-grind-to-a-halt-today.html,,0.0,,not_applicable,0,,0,,62,
ISPreview UK,2025-04-30,Primary UK Mobile Operators Beat Virtual MVNOs for Broadband Speed,https://www.ispreview.co.uk/index.php/2025/04/primary-uk-mobile-operators-beat-mvnos-for-broadband-speed.html,,0.0,,not_applicable,0,,0,,62,
ISPreview UK,2025-04-30,"Bosses of B4RN, MS3 and Quickline Give Update on UK Broadband Builds",https://www.ispreview.co.uk/index.php/2025/04/bosses-of-b4rn-ms3-and-quickline-give-update-on-uk-broadband-builds.html,,0.0,,not_applicable,0,,0,,55,
ISPreview UK,2025-04-30,The Top Fastest and Slowest UK Locations for Broadband Speed in 2025,https://www.ispreview.co.uk/index.php/2025/04/the-top-fastest-and-slowest-uk-locations-for-broadband-speed-in-2025.html,,0.0,,not_applicable,0,,0,,59,
ISPreview UK,2025-04-30,Streetwave See Mobile Broadband Coverage Improve Across Mid Wales,https://www.ispreview.co.uk/index.php/2025/04/streetwave-see-mobile-broadband-coverage-improve-across-mid-wales.html,,0.0,,not_applicable,0,,0,,58,
ISPreview UK,2025-04-29,Study Claims UK Broadband Users Could Save £61.1m Monthly by Ditching Landlines,https://www.ispreview.co.uk/index.php/2025/04/study-claims-uk-broadband-users-could-save-61-1m-monthly-by-ditching-landlines.html,,0.0,,not_applicable,0,,0,,56,
ISPreview UK,2025-04-29,BT Opens Final Office in Manchester to Finish UK Workplace Transformation,https://www.ispreview.co.uk/index.php/2025/04/bt-opens-final-office-in-manchester-to-finish-uk-workplace-transformation.html,,0.0,,not_applicable,0,,0,,58,
ISPreview UK,2025-04-29,"Three Business Launch Large-scale UK eSIM Trial for 50,000+ Businesses",https://www.ispreview.co.uk/index.php/2025/04/three-business-launch-large-scale-uk-esim-trial-for-50000-businesses.html,,0.0,,not_applicable,0,,0,,56,
ISPreview UK,2025-04-29,April 2025 Progress Update on BT’s 10Mbps UK Broadband USO,https://www.ispreview.co.uk/index.php/2025/04/april-2025-progress-update-on-bts-10mbps-uk-broadband-uso.html,,0.0,,not_applicable,0,,0,,56,
ISPreview UK,2025-04-29,Success as Amazon Lofts First 27 Project Kuiper Broadband Satellites,https://www.ispreview.co.uk/index.php/2025/04/success-as-amazon-lofts-first-27-project-kuiper-broadband-satellites.html,,0.0,,not_applicable,0,,0,,51,
ISPreview UK,2025-04-29,BT Wholesale Launch Teams Phone Mobile for UK Network Partners,https://www.ispreview.co.uk/index.php/2025/04/bt-wholesale-launch-teams-phone-mobile-for-uk-network-partners.html,,0.0,,not_applicable,0,,0,,41,
ISPreview UK,2025-04-29,ISP TalkTalk Launch Free UK Broadband Proactive Alerts Tool,https://www.ispreview.co.uk/index.php/2025/04/broadband-isp-talktalk-launch-free-uk-broadband-proactive-alerts.html,,0.0,,not_applicable,0,,0,,45,
ISPreview UK,2025-04-29,NOW Broadband Warn UK Customers with Older Routers of New Policy,https://www.ispreview.co.uk/index.php/2025/04/now-broadband-warn-uk-customers-with-older-routers-of-no-upgrade-policy.html,,0.0,,not_applicable,0,,0,,63,
ISPreview UK,2025-04-28,O2 UK and Virgin Media Launch Blue Monday Priority Rewards,https://www.ispreview.co.uk/index.php/2025/04/o2-uk-and-virgin-media-launch-blue-monday-priority-rewards.html,,0.0,,not_applicable,0,,0,,57,
ISPreview UK,2025-04-28,Moira Stuart Helps BT Kick Off UK Digital Voice Switchover for Vulnerable Users,https://www.ispreview.co.uk/index.php/2025/04/bt-kicks-off-uk-digital-voice-phone-switchover-for-vulnerable-users-with-moira-stuart.html,,0.0,,not_applicable,0,,0,,45,
ISPreview UK,2025-04-28,First Homes Live on CityFibre’s Project Gigabit Broadband Network in Hampshire UPDATE,https://www.ispreview.co.uk/index.php/2025/04/first-homes-live-on-cityfibres-project-gigabit-broadband-network-in-hampshire.html,,0.0,,not_applicable,0,,0,,60,
ISPreview UK,2025-04-28,Progress on GBP70m Extending High Speed Broadband in Wales Project,https://www.ispreview.co.uk/index.php/2025/04/progress-on-gbp70m-extending-high-speed-broadband-in-wales-project.html,,0.0,,not_applicable,0,,0,,52,
ISPreview UK,2025-04-28,Octopus-Backed Y Corp Still Looking to Launch UK Mobile Provider,https://www.ispreview.co.uk/index.php/2025/04/octopus-backed-y-corp-still-looking-to-launch-uk-mobile-provider.html,,0.0,,not_applicable,0,,0,,69,
ISPreview UK,2025-04-25,TOTSCo Target Launch of UK Biz Broadband ISP Switching for Early 2026,https://www.ispreview.co.uk/index.php/2025/04/totsco-target-launch-of-uk-biz-broadband-isp-switching-for-early-2026.html,,0.0,,not_applicable,0,,0,,55,
ISPreview UK,2025-04-25,Support Staff Hint Sky Broadband UK to Replace WiFi Max Kit Next Month,https://www.ispreview.co.uk/index.php/2025/04/support-staff-hint-sky-broadband-uk-to-replace-wifi-max-kit-next-month.html,,0.0,,not_applicable,0,,0,,47,
ISPreview UK,2025-04-25,Rural Broadband ISP Quickline Continues UK Price Freeze for 2 More Years,https://www.ispreview.co.uk/index.php/2025/04/rural-broadband-isp-quickline-continues-uk-price-freeze-for-2-more-years.html,,0.0,,not_applicable,0,,0,,54,
ISPreview UK,2025-04-25,BT Group Finally Sells Italian Division to Telecoms Provider Retelit,https://www.ispreview.co.uk/index.php/2025/04/bt-group-finally-sells-italian-division-to-telecoms-provider-retelit.html,,0.0,,not_applicable,0,,0,,48,
ISPreview UK,2025-04-24,UK Government Confirms Europe-first Ban on SIM Farms,https://www.ispreview.co.uk/index.php/2025/04/uk-government-confirms-europe-first-ban-on-sim-farms.html,,0.0,,not_applicable,0,,0,,60,
ISPreview UK,2025-04-24,Royal Borough of Kingston in London to Get New 10km Full Fibre Network,https://www.ispreview.co.uk/index.php/2025/04/royal-borough-of-kingston-in-london-to-get-new-10km-full-fibre-network.html,,0.0,,not_applicable,0,,0,,60,
ISPreview UK,2025-04-24,O2 UK Give Mobile Customers Discount with Xbox Game Pass Ultimate,https://www.ispreview.co.uk/index.php/2025/04/o2-uk-give-mobile-customers-discount-with-xbox-game-pass-ultimate.html,,0.0,,not_applicable,0,,0,,48,
ISPreview UK,2025-04-24,Zen Internet Survey Claims 52 Percent of Brits Still Have a Landline,https://www.ispreview.co.uk/index.php/2025/04/zen-internet-survey-claims-52-percent-of-brits-still-have-a-landline.html,,0.0,,not_applicable,0,,0,,63,
ISPreview UK,2025-04-24,Virgin Media O2 Reveals Some Internet Traffic Trends of UK Children,https://www.ispreview.co.uk/index.php/2025/04/virgin-media-o2-reveals-some-internet-traffic-trends-of-uk-children.html,,0.0,,not_applicable,0,,0,,49,
ISPreview UK,2025-04-24,Full Fibre Broadband ISP Hyperoptic Suffers UK Service Outage,https://www.ispreview.co.uk/index.php/2025/04/full-fibre-broadband-isp-hyperoptic-suffers-uk-service-outage.html,,0.0,,not_applicable,0,,0,,50,
ISPreview UK,2025-04-24,UK Broadband ISPs Should Stop Making Service Status Pages Useless,https://www.ispreview.co.uk/index.php/2025/04/uk-broadband-isps-must-stop-making-service-status-pages-useless.html,,0.0,,not_applicable,0,,0,,58,
ISPreview UK,2025-04-23,Broadband Speed Lifts Table of Top 60 UK Cities for Remote Working,https://www.ispreview.co.uk/index.php/2025/04/broadband-speed-lifts-table-of-top-60-uk-cities-for-remote-working.html,,0.0,,not_applicable,0,,0,,58,
ISPreview UK,2025-04-23,Openreach’s UK Fibre Broadband Checker Offline for Second Day UPDATE3,https://www.ispreview.co.uk/index.php/2025/04/openreachs-uk-fibre-broadband-checker-offline-for-second-day.html,,0.0,,not_applicable,0,,0,,49,
ISPreview UK,2025-04-23,Oxford Named First of Three UK Cities to Get New 5G Small Cell Mobile Boost,https://www.ispreview.co.uk/index.php/2025/04/oxford-named-first-of-three-uk-cities-to-get-new-5g-small-cell-mobile-boost.html,,0.0,,not_applicable,0,,0,,53,
ISPreview UK,2025-04-23,BT Fail to Get CityFibre Ad Banned Over Full Fibre Availability Complaint UPDATE,https://www.ispreview.co.uk/index.php/2025/04/bt-fail-to-get-cityfibre-ad-banned-over-full-fibre-availability-complaint.html,,0.0,,not_applicable,0,,0,,50,
ISPreview UK,2025-04-23,CEO of Broadband Operator F&W Networks Eyes Return to FTTP Build,https://www.ispreview.co.uk/index.php/2025/04/fw-networks-interview.html,,0.0,,not_applicable,0,,0,,60,
ISPreview UK,2025-04-22,Starlink Sort of Fix Broadband Capacity Limit in South East England,https://www.ispreview.co.uk/index.php/2025/04/starlink-sort-of-fix-broadband-capacity-limit-in-south-east-england.html,,0.0,,not_applicable,0,,0,,58,
ISPreview UK,2025-04-22,NFU Warn Farms Being Excluded from UK Gigabit Broadband Rollout by Cost,https://www.ispreview.co.uk/index.php/2025/04/nfu-warn-farms-being-excluded-from-uk-gigabit-broadband-rollout-by-cost.html,,0.0,,not_applicable,0,,0,,53,
ISPreview UK,2025-04-22,Ofcom Confirm Ban of Global Titles to Tackle Abuse of UK Mobile Networks,https://www.ispreview.co.uk/index.php/2025/04/ofcom-confirm-ban-of-global-titles-to-tackle-abuse-of-uk-mobile-networks.html,,0.0,,not_applicable,0,,0,,64,
ISPreview UK,2025-04-22,"O2 Expand UK 3G Mobile Switch Off to Norwich, Telford, Guildford and Torquay",https://www.ispreview.co.uk/index.php/2025/04/o2-expand-uk-3g-mobile-switch-off-to-norwich-telford-guildford-and-torquay.html,,0.0,,not_applicable,0,,0,,64,
ISPreview UK,2025-04-22,Summary of the Switching £ Credits Offered by UK Broadband ISPs,https://www.ispreview.co.uk/index.php/2025/04/summary-of-the-cash-switching-incentives-offered-by-uk-broadband-isps.html,,0.0,,not_applicable,0,,0,,60,
ISPreview UK,2025-04-22,Virgin Media O2 UK Cuts Carbon Emissions by 56 Percent Since 2020,https://www.ispreview.co.uk/index.php/2025/04/virgin-media-o2-uk-cuts-carbon-emissions-by-56-percent-since-2020.html,,0.0,,not_applicable,0,,0,,65,
ISPreview UK,2025-04-20,Starlink Preps New UTR-251 Router for Satellite Broadband Service,https://www.ispreview.co.uk/index.php/2025/04/starlink-preps-new-utr-251-router-for-satellite-broadband-service.html,,0.0,,not_applicable,0,,0,,64,
ISPreview UK,2025-04-19,Comparing ISP Prices for 1Gbps UK Home Broadband – 2025 vs 2022,https://www.ispreview.co.uk/index.php/2025/04/comparing-prices-for-1gbps-uk-home-broadband-2022-vs-2025.html,,0.0,,not_applicable,0,,0,,58,
ISPreview UK,2025-04-18,Study Examines Patchy UK Mobile Coverage on the South West Mainline,https://www.ispreview.co.uk/index.php/2025/04/study-examines-patchy-uk-mobile-coverage-on-the-south-west-mainline.html,,0.0,,not_applicable,0,,0,,53,
ISPreview UK,2025-04-17,Fibrus Founder Criticises Openreach “Pole Tax” on UK Fibre Broadband Builds,https://www.ispreview.co.uk/index.php/2025/04/fibrus-founder-criticises-openreach-pole-tax-on-uk-fibre-broadband-builds.html,,0.0,,not_applicable,0,,0,,56,
ISPreview UK,2025-04-17,Plusnet UK Discounts 900Mbps FTTP Broadband to £36.99 with £100 Reward,https://www.ispreview.co.uk/index.php/2025/04/plusnet-uk-discounts-900mbps-fttp-broadband-to-36-99-with-100-reward.html,,0.0,,not_applicable,0,,0,,57,
ISPreview UK,2025-04-17,Which? Awards the Best and Worst UK Mobile Operators for H1 2025,https://www.ispreview.co.uk/index.php/2025/04/which-awards-the-best-and-worst-uk-mobile-operators-for-h1-2025.html,,0.0,,not_applicable,0,,0,,46,
ISPreview UK,2025-04-17,UBS Predicts Openreach to Lose 800k UK Broadband Lines in 2025,https://www.ispreview.co.uk/index.php/2025/04/ubs-predicts-openreach-to-lose-800k-uk-broadband-lines-in-2025.html,,0.0,,not_applicable,0,,0,,71,
ISPreview UK,2025-04-16,UK ISP TalkTalk Business Recovers Email After Long Outage,https://www.ispreview.co.uk/index.php/2025/04/uk-isp-talktalk-business-recovers-email-after-long-outage.html,,0.0,,not_applicable,0,,0,,46,
ISPreview UK,2025-04-16,Big Move as UK Civil Engineering Giant M Group Acquires Telent,https://www.ispreview.co.uk/index.php/2025/04/big-move-as-uk-civil-engineering-giant-m-group-acquires-telent.html,,0.0,,not_applicable,0,,0,,51,
ISPreview UK,2025-04-16,Ookla Study Finds London 5G Mobile Performance Lags Behind Other UK Cities,https://www.ispreview.co.uk/index.php/2025/04/ookla-study-finds-london-5g-mobile-performance-lags-behind-other-uk-cities.html,,0.0,,not_applicable,0,,0,,52,
ISPreview UK,2025-04-16,EE UK Launch Tech Drops – Giving Big Discounts on Modern Technology,https://www.ispreview.co.uk/index.php/2025/04/ee-uk-launch-tech-drops-giving-big-discounts-on-modern-technology.html,,0.0,,not_applicable,0,,0,,63,
ISPreview UK,2025-04-16,Broadband ISP PlusNet UK Set to Trial IPv6 on High Touch Network,https://www.ispreview.co.uk/index.php/2025/04/broadband-isp-plusnet-uk-set-to-trial-ipv6-on-high-touch-network.html,,0.0,,not_applicable,0,,0,,62,
ISPreview UK,2025-04-16,Opensignal Find Ultrafast UK Broadband ISPs More Reliable vs Superfast Ones,https://www.ispreview.co.uk/index.php/2025/04/opensignal-find-ultrafast-uk-broadband-isps-more-reliable-than-superfast-ones.html,,0.0,,not_applicable,0,,0,,49,
ISPreview UK,2025-04-16,EE and BT to Raise Price of UK Social Broadband Tariffs After Earlier Denial,https://www.ispreview.co.uk/index.php/2025/04/ee-and-bt-to-raise-price-of-uk-social-broadband-tariffs-after-earlier-denial.html,,0.0,,not_applicable,0,,0,,64,
ISPreview UK,2025-04-16,ASA Ban Vodafone UK Ad Over Misleading “The Nation’s Network” Claim,https://www.ispreview.co.uk/index.php/2025/04/asa-ban-vodafone-uk-ad-over-misleading-the-nations-network-claim.html,,0.0,,not_applicable,0,,0,,44,
ISPreview UK,2025-04-15,Hughes and Eutelsat Partner to Expand LEO Broadband Satellite Connectivity,https://www.ispreview.co.uk/index.php/2025/04/hughes-and-eutelsat-partner-to-expand-leo-broadband-satellite-connectivity.html,,0.0,,not_applicable,0,,0,,47,
ISPreview UK,2025-04-15,Sky UK Refreshes VIP by Launching Exclusive Discounts Marketplace,https://www.ispreview.co.uk/index.php/2025/04/sky-uk-refreshes-vip-by-launching-exclusive-discounts-marketplace.html,,0.0,,not_applicable,0,,0,,46,
ISPreview UK,2025-04-15,INCA – Alternative Full Fibre Networks Reach 16.4 Million UK Premises,https://www.ispreview.co.uk/index.php/2025/04/inca-alternative-full-fibre-networks-reach-16-4-million-uk-premises.html,,0.0,,not_applicable,0,,0,,60,
ISPreview UK,2025-04-15,Connectus Invest £500k to Upgrade Fibre Network at Doncaster Airport Biz Park,https://www.ispreview.co.uk/index.php/2025/04/connectus-invest-500k-to-upgrade-fibre-network-at-doncaster-airport-biz-park.html,,0.0,,not_applicable,0,,0,,60,
ISPreview UK,2025-04-15,Freedom Fibre Pick Xantaro to Boost Shropshire UK Gigabit Broadband Rollout,https://www.ispreview.co.uk/index.php/2025/04/freedom-fibre-pick-xantaro-to-boost-shropshire-uk-gigabit-broadband-rollout.html,,0.0,,not_applicable,0,,0,,51,
ISPreview UK,2025-04-15,Giffgaff Launch Trial of UK Full Fibre Broadband via Nexfibre and Virgin Media,https://www.ispreview.co.uk/index.php/2025/04/giffgaff-launch-trial-of-uk-full-fibre-broadband-via-nexfibre-and-virgin-media.html,,0.0,,not_applicable,0,,0,,52,
ISPreview UK,2025-04-15,LINX’s LON2 Network in London Nears 1Tbps of Traffic Ahead of Big Upgrade,https://www.ispreview.co.uk/index.php/2025/04/linxs-lon2-network-in-london-nears-1tbps-of-traffic-ahead-of-big-upgrade.html,,0.0,,not_applicable,0,,0,,64,
ISPreview UK,2025-04-14,Survey Claims Half of UK People Plan to Switch Broadband and Mobile Provider,https://www.ispreview.co.uk/index.php/2025/04/survey-claims-half-of-uk-people-plan-to-switch-broadband-and-mobile-provider.html,,0.0,,not_applicable,0,,0,,62,
ISPreview UK,2025-04-14,Grain Goes EBITDA Positive as UK FTTP Broadband Network Covers 250k Premises,https://www.ispreview.co.uk/index.php/2025/04/grain-goes-ebitda-positive-as-uk-fttp-broadband-network-covers-250k-premises.html,,0.0,,not_applicable,0,,0,,55,
ISPreview UK,2025-04-14,CEO of Broadband Altnet GoFibre Becomes Interim Boss of Wildanet UPDATE,https://www.ispreview.co.uk/index.php/2025/04/ceo-of-broadband-altnet-gofibre-becomes-interim-boss-of-wildanet.html,,0.0,,not_applicable,0,,0,,49,
ISPreview UK,2025-04-14,Ofcom UK Probe Primo Dialler Over Possible Misuse of Phone Numbers,https://www.ispreview.co.uk/index.php/2025/04/ofcom-uk-probe-primo-dialler-over-possible-misuse-of-phone-numbers.html,,0.0,,not_applicable,0,,0,,37,
ISPreview UK,2025-04-14,ISP Lit Fibre Refreshes CityFibre Powered UK Broadband Packages,https://www.ispreview.co.uk/index.php/2025/04/isp-lit-fibre-refreshes-cityfibre-powered-uk-broadband-packages.html,,0.0,,not_applicable,0,,0,,52,
ISPreview UK,2025-04-13,Vodafone and Three UK Reportedly Exploring TV and Broadband Bundles,https://www.ispreview.co.uk/index.php/2025/04/vodafone-and-three-uk-reportedly-exploring-tv-and-broadband-bundles.html,,0.0,,not_applicable,0,,0,,55,
ISPreview UK,2025-04-11,Fastr Broadband Complete FTTP Broadband Build in York City Centre,https://www.ispreview.co.uk/index.php/2025/04/fastr-broadband-complete-fttp-broadband-build-in-york-city-centre.html,,0.0,,not_applicable,0,,0,,49,
ISPreview UK,2025-04-11,Virgin Media UK Upgrade to Hub 5 Broadband Routers on All TV Bundles,https://www.ispreview.co.uk/index.php/2025/04/virgin-media-uk-upgrade-to-hub-5-broadband-routers-on-all-tv-bundles.html,,0.0,,not_applicable,0,,0,,58,
ISPreview UK,2025-04-10,Universities Demo UK’s First Long-Distance Quantum-Secured Fibre Network,https://www.ispreview.co.uk/index.php/2025/04/universities-demo-uks-first-long-distance-quantum-secured-fibre-network.html,,0.0,,not_applicable,0,,0,,49,
ISPreview UK,2025-04-10,O2 UK See Significant Inbound 2G and 3G Roaming Traffic as Switch-Off Looms,https://www.ispreview.co.uk/index.php/2025/04/o2-uk-see-significant-inbound-2g-and-3g-roaming-traffic-as-switch-off-looms.html,,0.0,,not_applicable,0,,0,,43,
ISPreview UK,2025-04-10,MLL Telecom Secure Six Lots on UK Public Sector YPO Framework,https://www.ispreview.co.uk/index.php/2025/04/mll-telecom-secure-six-lots-on-uk-public-sector-ypo-framework.html,,0.0,,not_applicable,0,,0,,41,
ISPreview UK,2025-04-10,Virgin Media O2 and Mutual Energy Make UK Streetworks Safer by Joining LSBUD,https://www.ispreview.co.uk/index.php/2025/04/virgin-media-o2-and-mutual-energy-make-uk-streetworks-safer-by-joining-lsbud.html,,0.0,,not_applicable,0,,0,,52,
ISPreview UK,2025-04-10,BT Corrects Embarrassing Error on UK Social Broadband Tariffs Page UPDATE3,https://www.ispreview.co.uk/index.php/2025/04/bt-remove-uk-social-broadband-tariff-option-for-people-with-no-income.html,,0.0,,not_applicable,0,,0,,70,
ISPreview UK,2025-04-10,"Fibrus Launch 2025 Broadband Community Fund with Pot of £120,000",https://www.ispreview.co.uk/index.php/2025/04/fibrus-launch-2025-broadband-community-fund-with-pot-of-120000.html,,0.0,,not_applicable,0,,0,,55,
ISPreview UK,2025-04-10,Vodafone Update on Harnessing UK Mobile Network to Measure Rain,https://www.ispreview.co.uk/index.php/2025/04/vodafone-update-on-harnessing-uk-mobile-network-to-measure-rain.html,,0.0,,not_applicable,0,,0,,55,
ISPreview UK,2025-04-09,Focus Group Acquires UK Telecoms and Mobile Provider Matrix247,https://www.ispreview.co.uk/index.php/2025/04/focus-group-acquires-uk-telecoms-and-mobile-provider-matrix247.html,,0.0,,not_applicable,0,,0,,41,
ISPreview UK,2025-04-09,Openreach Offers Free Proactive FTTP Broadband Upgrades to UK ISPs,https://www.ispreview.co.uk/index.php/2025/04/openreach-offers-free-proactive-fttp-broadband-upgrades-to-uk-isps.html,,0.0,,not_applicable,0,,0,,49,
ISPreview UK,2025-04-09,Some Customers of UK ISP Virgin Media Suffering Email Problems UPDATE,https://www.ispreview.co.uk/index.php/2025/04/customers-of-uk-isp-virgin-media-suffering-email-problems.html,,0.0,,not_applicable,0,,0,,52,
ISPreview UK,2025-04-09,FarrPoint Study 4G Mobile Network Performance on Orkney in Scotland,https://www.ispreview.co.uk/index.php/2025/04/farrpoint-studys-4g-mobile-network-performance-on-orkney-in-scotland.html,,0.0,,not_applicable,0,,0,,58,
ISPreview UK,2025-04-09,Highland Broadband Extends FTTP Network to Halkirk in Scotland,https://www.ispreview.co.uk/index.php/2025/04/highland-broadband-extends-fttp-network-to-halkirk-in-scotland.html,,0.0,,not_applicable,0,,0,,40,
ISPreview UK,2025-04-09,New Map Shows Broadband and Mobile Related Streetworks in England,https://www.ispreview.co.uk/index.php/2025/04/new-map-shows-broadband-and-mobile-related-streetworks-in-england.html,,0.0,,not_applicable,0,,0,,51,
ISPreview UK,2025-04-09,Elevate Put New £7m Full Fibre Broadband Network Live in Cardiff,https://www.ispreview.co.uk/index.php/2025/04/elevate-puts-new-7m-full-fibre-broadband-network-live-in-cardiff.html,,0.0,,not_applicable,0,,0,,56,
ISPreview UK,2025-04-09,CommScope and Altnets Join Forces to Boost UK FTTP Broadband Builds,https://www.ispreview.co.uk/index.php/2025/04/commscope-and-altnets-join-forces-to-boost-uk-fttp-broadband-builds.html,,0.0,,not_applicable,0,,0,,44,
ISPreview UK,2025-04-09,Toob Extend Cheap Gigabit Broadband to 23 New UK Locations,https://www.ispreview.co.uk/index.php/2025/04/toob-extend-cheap-gigabit-broadband-to-23-new-uk-locations.html,,0.0,,not_applicable,0,,0,,49,
ISPreview UK,2025-04-09,Virgin Media UK Offer Free Broadband Router Upgrade from Oldest Hubs,https://www.ispreview.co.uk/index.php/2025/04/virgin-media-uk-offer-free-broadband-router-upgrade-from-oldest-hubs.html,,0.0,,not_applicable,0,,0,,61,
ISPreview UK,2025-04-08,Broadband ISP Fibrus to Deploy Nokia Deepfield Across UK Network,https://www.ispreview.co.uk/index.php/2025/04/broadband-isp-fibrus-to-deploy-nokia-deepfield-across-uk-network.html,,0.0,,not_applicable,0,,0,,49,
ISPreview UK,2025-04-08,Man Arrested for Knocking Out Openreach’s Broadband in Falmouth UPDATE,https://www.ispreview.co.uk/index.php/2025/04/man-arrested-for-knocking-out-openreachs-broadband-in-falmouth.html,,0.0,,not_applicable,0,,0,,57,
ISPreview UK,2025-04-08,Operators Dispute Ofcom’s Proposed UK Corrections to Mobile Spectrum Fees,https://www.ispreview.co.uk/index.php/2025/04/operators-dispute-ofcoms-proposed-uk-corrections-to-mobile-spectrum-fees.html,,0.0,,not_applicable,0,,0,,55,
ISPreview UK,2025-04-08,BDUK Close Gigabit Broadband Vouchers to Devon and Somerset UK,https://www.ispreview.co.uk/index.php/2025/04/bduk-close-gigabit-broadband-vouchers-to-devon-and-somerset-uk.html,,0.0,,not_applicable,0,,0,,38,
ISPreview UK,2025-04-08,CityFibre UK Complete Primary FTTP Broadband Rollout in Dundee,https://www.ispreview.co.uk/index.php/2025/04/cityfibre-uk-complete-primary-fttp-broadband-rollout-in-dundee.html,,0.0,,not_applicable,0,,0,,46,
ISPreview UK,2025-04-08,Vodafone Celebrate Connecting 200 Million Internet of Things Devices,https://www.ispreview.co.uk/index.php/2025/04/vodafone-celebrate-connecting-200-million-internet-of-things-devices.html,,0.0,,not_applicable,0,,0,,43,
ISPreview UK,2025-04-08,"O2 UK Complete 4G and 5G Upgrades for 5,700 Postcodes in Manchester",https://www.ispreview.co.uk/index.php/2025/04/o2-uk-complete-4g-and-5g-upgrades-for-5700-postcodes-in-manchester.html,,0.0,,not_applicable,0,,0,,50,
ISPreview UK,2025-04-08,A Tale of FTTP Broadband Delays and Availability on Openreach’s UK Network,https://www.ispreview.co.uk/index.php/2025/04/a-tale-of-fttp-broadband-delays-and-availability-on-openreachs-uk-network.html,,0.0,,not_applicable,0,,0,,77,
ISPreview UK,2025-04-07,Pulse Fibre to Build FTTP Broadband to Homes of untypical Housebuilding Group,https://www.ispreview.co.uk/index.php/2025/04/pulse-fibre-to-build-fttp-broadband-to-homes-of-untypical-housebuilding-group.html,,0.0,,not_applicable,0,,0,,50,
ISPreview UK,2025-04-07,Openreach Start Free 5 Day UK Street Works Training Courses,https://www.ispreview.co.uk/index.php/2025/04/openreach-start-free-5-day-uk-street-works-training-courses.html,,0.0,,not_applicable,0,,0,,54,
ISPreview UK,2025-04-07,Mobile Operator Spusu UK Enables VoLTE Calling for Google Pixel,https://www.ispreview.co.uk/index.php/2025/04/mobile-operator-spusu-uk-enables-volte-calling-for-google-pixel.html,,0.0,,not_applicable,0,,0,,50,
ISPreview UK,2025-04-07,Virgin Media UK Says Brits Prioritise Broadband During House Moves,https://www.ispreview.co.uk/index.php/2025/04/virgin-media-uk-says-brits-prioritise-broadband-during-house-moves.html,,0.0,,not_applicable,0,,0,,59,
ISPreview UK,2025-04-07,Elevate Win Contract to Build Hyperfast Broadband Network in St Helens,https://www.ispreview.co.uk/index.php/2025/04/elevate-win-contract-to-build-hyperfast-broadband-network-in-st-helens.html,,0.0,,not_applicable,0,,0,,42,
ISPreview UK,2025-04-07,Sky Broadband to Have Tens of Thousands of CityFibre Users by May 2025,https://www.ispreview.co.uk/index.php/2025/04/sky-broadband-to-have-tens-of-thousands-of-cityfibre-users-by-may-2025.html,,0.0,,not_applicable,0,,0,,55,
ISPreview UK,2025-04-07,Trooli to Withdraw FTTC Broadband from Two Kent UK Villages UPDATE,https://www.ispreview.co.uk/index.php/2025/04/trooli-to-withdraw-fttc-broadband-from-two-kent-uk-villages.html,,0.0,,not_applicable,0,,0,,50,
ISPreview UK,2025-04-06,Openreach CEO’s Call for Change to Boost UK Fibre Rollout Meets Opposition,https://www.ispreview.co.uk/index.php/2025/04/openreach-ceos-call-for-change-to-boost-uk-fibre-rollout-meets-opposition.html,,0.0,,not_applicable,0,,0,,58,
ISPreview UK,2025-04-05,Ofcom Grant Kepler a UK Licence for Small Broadband Satellites,https://www.ispreview.co.uk/index.php/2025/04/ofcom-grant-kepler-a-uk-licence-for-small-broadband-satellites.html,,0.0,,not_applicable,0,,0,,54,
ISPreview UK,2025-04-04,British Satellite Broadband Operator Avanti Opens New HQ,https://www.ispreview.co.uk/index.php/2025/04/british-satellite-broadband-operator-avanti-opens-new-hq.html,,0.0,,not_applicable,0,,0,,54,
ISPreview UK,2025-04-04,Rydal Group Acquires Trisoft’s IT Division in Another Growth Move,https://www.ispreview.co.uk/index.php/2025/04/rydal-group-acquires-trisofts-it-division-in-another-growth-move.html,,0.0,,not_applicable,0,,0,,50,
ISPreview UK,2025-04-03,Amazon to Launch First 27 Project Kuiper Broadband Satellites,https://www.ispreview.co.uk/index.php/2025/04/amazon-to-launch-first-27-project-kuiper-broadband-satellites.html,,0.0,,not_applicable,0,,0,,55,
ISPreview UK,2025-04-03,Ofcom Find 5 Percent of UK People Do NOT Have Home Internet Access,https://www.ispreview.co.uk/index.php/2025/04/ofcom-find-5-percent-of-uk-people-do-not-have-home-internet-access.html,,0.0,,not_applicable,0,,0,,65,
ISPreview UK,2025-04-03,Virgin Media UK Add 2 Free Rakuten TV FAST Channels to Service,https://www.ispreview.co.uk/index.php/2025/04/virgin-media-uk-add-2-free-rakuten-tv-fast-channels-to-service.html,,0.0,,not_applicable,0,,0,,51,
ISPreview UK,2025-04-03,Broadband Operator Fibrus Reorganises UK Business and Appoints New MDs,https://www.ispreview.co.uk/index.php/2025/04/broadband-operator-fibrus-reorganises-uk-business-and-appoints-new-mds.html,,0.0,,not_applicable,0,,0,,55,
ISPreview UK,2025-04-03,Ten of the Largest UK Broadband and Connectivity Providers Agree Climate Goals,https://www.ispreview.co.uk/index.php/2025/04/ten-of-the-largest-uk-broadband-and-connectivity-providers-agree-climate-goals.html,,0.0,,not_applicable,0,,0,,53,
ISPreview UK,2025-04-02,Gov Sets Out More Details of New UK Cyber Security and Resilience Bill,https://www.ispreview.co.uk/index.php/2025/04/gov-sets-out-more-details-of-new-uk-cyber-security-and-resilience-bill.html,,0.0,,not_applicable,0,,0,,51,
ISPreview UK,2025-04-02,Eutelsat Boosts Deployment of OneWeb LEO Satellite Broadband for Aviation,https://www.ispreview.co.uk/index.php/2025/04/eutelsat-boosts-deployment-of-oneweb-leo-satellite-broadband-for-aviation.html,,0.0,,not_applicable,0,,0,,50,
ISPreview UK,2025-04-02,UK Street Works Firm M Group Services Rebrands to.. M Group,https://www.ispreview.co.uk/index.php/2025/04/uk-street-works-firm-m-group-services-rebrands-to-m-group.html,,0.0,,not_applicable,0,,0,,56,
ISPreview UK,2025-04-02,Creative Attempt at Car Parking Wrecks Gigaclear Broadband Cabinet UPDATE,https://www.ispreview.co.uk/index.php/2025/04/creative-attempt-at-car-parking-wrecks-gigaclear-broadband-cabinet.html,,0.0,,not_applicable,0,,0,,57,
ISPreview UK,2025-04-02,UK ISP Community Fibre Launches 5Gbps Home Broadband Plan UPDATE,https://www.ispreview.co.uk/index.php/2025/04/london-isp-community-fibre-launches-5gbps-broadband-plan.html,,0.0,,not_applicable,0,,0,,52,
ISPreview UK,2025-04-02,Three UK Business Mobile Customers Top 1 Million Milestone,https://www.ispreview.co.uk/index.php/2025/04/three-uk-business-mobile-customers-top-1-million-milestone.html,,0.0,,not_applicable,0,,0,,60,
ISPreview UK,2025-04-02,Streetwave Data Casts Doubt on Ofcom’s 4G UK Mobile Coverage Claims UPDATE,https://www.ispreview.co.uk/index.php/2025/04/streetwave-data-casts-doubt-on-ofcoms-4g-uk-mobile-coverage-claims.html,,0.0,,not_applicable,0,,0,,56,
ISPreview UK,2025-04-01,Cornwall ISP Wildanet Completes Training of First In-House Engineers,https://www.ispreview.co.uk/index.php/2025/04/cornwall-isp-wildanet-completes-training-of-first-in-house-engineers.html,,0.0,,not_applicable,0,,0,,45,
ISPreview UK,2025-04-01,GoFibre Adopts Calix Platform to Support UK FTTP Broadband Rollout,https://www.ispreview.co.uk/index.php/2025/04/gofibre-adopts-calix-platform-to-support-uk-fttp-broadband-rollout.html,,0.0,,not_applicable,0,,0,,49,
ISPreview UK,2025-04-01,Wales Adopts Rules to Ensure New Build Homes Get Gigabit Broadband,https://www.ispreview.co.uk/index.php/2025/04/wales-adopts-rules-to-ensure-new-build-homes-get-gigabit-broadband.html,,0.0,,not_applicable,0,,0,,45,
ISPreview UK,2025-04-01,Legal Dispute Over Mast Disconnects Strathspey Broadband Customers UPDATE2,https://www.ispreview.co.uk/index.php/2025/04/legal-dispute-over-mast-disconnects-strathspey-broadband-customers.html,,0.0,,not_applicable,0,,0,,52,
ISPreview UK,2025-04-01,Superdrug Mobile Cuts Prices on UK 4G and 5G SIM Only Plans,https://www.ispreview.co.uk/index.php/2025/04/superdrug-mobile-cuts-prices-on-uk-4g-and-5g-sim-only-plans.html,,0.0,,not_applicable,0,,0,,46,
ISPreview UK,2025-04-01,UK Mobile Operators Attempt to Dismiss GBP3.3bn Overcharging Case,https://www.ispreview.co.uk/index.php/2025/04/uk-mobile-operators-attempt-to-dismiss-gbp3-3bn-overcharging-case.html,,0.0,,not_applicable,0,,0,,58,
ISPreview UK,2025-04-01,ISP Cuckoo Broadband Hails Launch of Scented Wi-Fi – Whiff-Fi UPDATE,https://www.ispreview.co.uk/index.php/2025/04/isp-cuckoo-broadband-hails-launch-of-scented-wi-fi-whiff-fi.html,,0.0,,not_applicable,0,,0,,42,
ISPreview UK,2025-03-31,ISP LilaConnect Pick Genexis Kit to Enhance UK FTTP Broadband Service,https://www.ispreview.co.uk/index.php/2025/03/isp-lilaconnect-pick-genexis-kit-to-enhance-uk-fttp-broadband-service.html,,0.0,,not_applicable,0,,0,,49,
ISPreview UK,2025-03-31,Broadband and UK Network Supplier Net Lynk Ceases Trading,https://www.ispreview.co.uk/index.php/2025/03/broadband-isp-and-uk-network-supplier-net-lynk-ceases-trading.html,,0.0,,not_applicable,0,,0,,60,
ISPreview UK,2025-03-31,Nokia and Amazon Sign Patent Deal to Settle Streaming Dispute,https://www.ispreview.co.uk/index.php/2025/03/nokia-and-amazon-agree-sign-patent-deal-to-settle-streaming-dispute.html,,0.0,,not_applicable,0,,0,,45,
ISPreview UK,2025-03-31,ISP Sky Broadband Saw Data Traffic Peak at 28Tbps in Dec 2024,https://www.ispreview.co.uk/index.php/2025/03/isp-sky-broadband-saw-data-traffic-peak-at-28tbps-in-dec-2024.html,,0.0,,not_applicable,0,,0,,45,
ISPreview UK,2025-03-31,Gigabit Broadband Voucher Scheme Expanded to UK Urban Areas,https://www.ispreview.co.uk/index.php/2025/03/gigabit-broadband-voucher-scheme-expanded-to-uk-urban-areas.html,,0.0,,not_applicable,0,,0,,52,
ISPreview UK,2025-03-31,Owner of Three UK Considers Spinning Off Global Telecommunications Biz,https://www.ispreview.co.uk/index.php/2025/03/owner-of-three-uk-considers-spinning-off-global-telecommunications-biz.html,,0.0,,not_applicable,0,,0,,49,
ISPreview UK,2025-03-31,G.Network Ponders Sale of London Full Fibre Broadband Network Again,https://www.ispreview.co.uk/index.php/2025/03/g-network-ponders-sale-of-london-full-fibre-broadband-network-again.html,,0.0,,not_applicable,0,,0,,41,
ISPreview UK,2025-03-28,"Fibrus Extend Cumbria UK Gigabit Broadband Build by 21,000 Premises",https://www.ispreview.co.uk/index.php/2025/03/fibrus-extend-cumbria-uk-gigabit-broadband-build-by-21000-premises.html,,0.0,,not_applicable,0,,0,,52,
ISPreview UK,2025-03-28,KCOM Appointed to New YPO Public Sector Procurement Framework,https://www.ispreview.co.uk/index.php/2025/03/kcom-appointed-to-new-ypo-public-sector-procurement-framework.html,,0.0,,not_applicable,0,,0,,51,
ISPreview UK,2025-03-28,"Sky UK Ponders Plan to Axe 3 Call Centres and Cut 2,000 Jobs",https://www.ispreview.co.uk/index.php/2025/03/sky-uk-ponders-plan-to-axe-3-call-centres-and-cut-2000-jobs.html,,0.0,,not_applicable,0,,0,,55,
ISPreview UK,2025-03-28,UK ISP Trooli to Shut BDUK Funded Hybrid Rural Broadband Network,https://www.ispreview.co.uk/index.php/2025/03/uk-isp-trooli-to-shut-bduk-funded-hybrid-rural-broadband-network.html,,0.0,,not_applicable,0,,0,,62,
ISPreview UK,2025-03-28,Jangala Reveals Findings from Free UK WiFi Pilot with Virgin Media O2,https://www.ispreview.co.uk/index.php/2025/03/jangala-reveals-findings-from-free-uk-wifi-pilot-with-virgin-media-o2.html,,0.0,,not_applicable,0,,0,,55,
ISPreview UK,2025-03-27,Prysmian UK’s Fibre Optic Cable Workers in Hampshire Threaten Strike,https://www.ispreview.co.uk/index.php/2025/03/prysmian-uks-fibre-optic-cable-workers-in-hampshire-threaten-strike.html,,0.0,,not_applicable,0,,0,,44,
ISPreview UK,2025-03-27,Over 40 Percent of UK People Feel Broadband ISPs Mainly Raise Prices to Boost Profits,https://www.ispreview.co.uk/index.php/2025/03/over-40-percent-of-uk-people-feel-broadband-isps-mainly-raise-prices-to-boost-profits.html,,0.0,,not_applicable,0,,0,,55,
ISPreview UK,2025-03-27,Virgin Media O2 Boosts UK Customer Support with New Team,https://www.ispreview.co.uk/index.php/2025/03/virgin-media-o2-boosts-uk-customer-support-with-new-team.html,,0.0,,not_applicable,0,,0,,52,
ISPreview UK,2025-03-27,ISP Ogi Launch New Pro Broadband Plan and eero Router for Biz Users,https://www.ispreview.co.uk/index.php/2025/03/isp-ogi-launch-new-pro-broadband-plan-and-eero-router-for-biz-users.html,,0.0,,not_applicable,0,,0,,49,
ISPreview UK,2025-03-27,Top 17 Full Fibre Broadband Networks by Estimated UK Coverage – H1 2025,https://www.ispreview.co.uk/index.php/2025/03/top-17-full-fibre-broadband-networks-by-estimated-uk-coverage-h1-2025.html,,0.0,,not_applicable,0,,0,,52,
ISPreview UK,2025-03-26,Point Topic Launch UK Maps of Broadband Cover by Local Authority,https://www.ispreview.co.uk/index.php/2025/03/point-topic-launch-uk-maps-of-broadband-cover-by-local-authority.html,,0.0,,not_applicable,0,,0,,55,
ISPreview UK,2025-03-26,O2 UK and Ontix Expand 4G Mobile Small Cells into Plymouth,https://www.ispreview.co.uk/index.php/2025/03/o2-uk-and-ontix-expand-4g-mobile-small-cells-into-plymouth.html,,0.0,,not_applicable,0,,0,,44,
ISPreview UK,2025-03-26,Cross Party MPs Warn Risk to Life Still Exists with UK Digital Phone Switch,https://www.ispreview.co.uk/index.php/2025/03/cross-party-mps-warn-risk-to-life-still-exists-with-uk-digital-phone-switch.html,,0.0,,not_applicable,0,,0,,58,
ISPreview UK,2025-03-26,ASA Ban EE UK Broadband Ads for Misleading Wi-Fi 7 Router Claims UPDATE,https://www.ispreview.co.uk/index.php/2025/03/asa-ban-ee-uk-broadband-ads-for-misleading-wi-fi-7-router-claims.html,,0.0,,not_applicable,0,,0,,57,
ISPreview UK,2025-03-25,Business UK ISP and IT Provider Communicate Acquires Blaze Networks,https://www.ispreview.co.uk/index.php/2025/03/business-uk-isp-and-it-provider-communicate-acquires-blaze-networks.html,,0.0,,not_applicable,0,,0,,42,
ISPreview UK,2025-03-25,Ferries in Orkney Bring Ultrafast Broadband to Passengers via Starlink,https://www.ispreview.co.uk/index.php/2025/03/ferries-in-orkney-bring-ultrafast-broadband-to-passengers-via-starlink.html,,0.0,,not_applicable,0,,0,,51,
ISPreview UK,2025-03-25,Virgin Media’s UK Pay TV Service Launches Premier Sports Rugby,https://www.ispreview.co.uk/index.php/2025/03/virgin-medias-uk-pay-tv-service-launches-premier-sports-rugby.html,,0.0,,not_applicable,0,,0,,63,
ISPreview UK,2025-03-25,Ofcom Propose to Authorise Satellites to Deliver UK 4G and 5G Mobile,https://www.ispreview.co.uk/index.php/2025/03/ofcom-propose-to-authorise-satellites-to-deliver-uk-4g-and-5g-mobile.html,,0.0,,not_applicable,0,,0,,50,
ISPreview UK,2025-03-25,ISPA and INCA Set Out New UK Guidance for Deploying Telegraph Poles,https://www.ispreview.co.uk/index.php/2025/03/ispa-and-gov-set-out-new-uk-guidance-for-deploying-telegraph-poles.html,,0.0,,not_applicable,0,,0,,60,
ISPreview UK,2025-03-25,CEO of UK Alternative Cornwall Broadband ISP Wildanet Departs UPDATE,https://www.ispreview.co.uk/index.php/2025/03/ceo-of-alternative-cornwall-broadband-isp-wildanet-departs.html,,0.0,,not_applicable,0,,0,,45,
ISPreview UK,2025-03-24,Mobile Operator VOXI UK Tops 1 Million Customers,https://www.ispreview.co.uk/index.php/2025/03/mobile-operator-voxi-uk-tops-1-million-customers.html,,0.0,,not_applicable,0,,0,,50,
ISPreview UK,2025-03-24,"Hey! Broadband Top 35,000 Customers on F&W’s UK Full Fibre Network",https://www.ispreview.co.uk/index.php/2025/03/hey-broadband-top-35000-customers-on-fws-uk-full-fibre-network.html,,0.0,,not_applicable,0,,0,,49,
ISPreview UK,2025-03-24,Quickline Confirm Expansion of Yorkshire UK Gigabit Broadband Projects,https://www.ispreview.co.uk/index.php/2025/03/quickline-confirm-expansion-of-yorkshire-uk-gigabit-broadband-projects.html,,0.0,,not_applicable,0,,0,,46,
ISPreview UK,2025-03-24,Three UK Boosts Scam Protection via New Bitdefender Partnership,https://www.ispreview.co.uk/index.php/2025/03/three-uk-boosts-scam-protection-via-new-bitdefender-partnership.html,,0.0,,not_applicable,0,,0,,49,
ISPreview UK,2025-03-24,CityFibre to Acquire Connexin’s UK FTTP Broadband Network UPDATE,https://www.ispreview.co.uk/index.php/2025/03/cityfibre-to-acquire-connexins-uk-fttp-broadband-network.html,,0.0,,not_applicable,0,,0,,51,
ISPreview UK,2025-03-24,Welsh Government to Reopen ABC Broadband Vouchers this Spring,https://www.ispreview.co.uk/index.php/2025/03/welsh-government-to-reopen-abc-broadband-vouchers-this-spring.html,,0.0,,not_applicable,0,,0,,53,
ISPreview UK,2025-03-23,Broadband ISPs Report UK Problems with Vulnerable DrayTek Routers UPDATE6,https://www.ispreview.co.uk/index.php/2025/03/broadband-isps-report-uk-connectivity-problems-with-vulnerable-draytek-routers.html,,0.0,,not_applicable,0,,0,,57,
ISPreview UK,2025-03-22,Broadband Operators in the UK Watch Nervously as DZS Falls Over,https://www.ispreview.co.uk/index.php/2025/03/broadband-operators-in-the-uk-watch-nervously-as-dzs-falls-over.html,,0.0,,not_applicable,0,,0,,60,
ISPreview UK,2025-03-21,Uswitch 2025 Awards Name Best UK Broadband and Mobile Providers,https://www.ispreview.co.uk/index.php/2025/03/uswitch-2025-awards-name-best-uk-broadband-and-mobile-providers.html,,0.0,,not_applicable,0,,0,,53,
ISPreview UK,2025-03-21,Broadband Streaming Service NOW TV UK Finally Gets a Revamp,https://www.ispreview.co.uk/index.php/2025/03/broadband-streaming-service-now-tv-uk-finally-gets-a-revamp.html,,0.0,,not_applicable,0,,0,,57,
ISPreview UK,2025-03-21,Grain’s FTTP Broadband Network in Bury to Go Live in April 2025,https://www.ispreview.co.uk/index.php/2025/03/grains-fttp-broadband-network-in-bury-to-go-live-in-april-2025.html,,0.0,,not_applicable,0,,0,,49,
ISPreview UK,2025-03-21,"Gov Commit £45m for Better Internet Connectivity in Around 1,000 UK Schools",https://www.ispreview.co.uk/index.php/2025/03/gov-commits-45m-for-better-internet-connectivity-in-around-1000-uk-schools.html,,0.0,,not_applicable,0,,0,,51,
ISPreview UK,2025-03-20,BT UK to Shut Older Contact Centres in Leeds and Exeter,https://www.ispreview.co.uk/index.php/2025/03/bt-uk-to-shut-older-contact-centres-in-leeds-and-exeter.html,,0.0,,not_applicable,0,,0,,60,
ISPreview UK,2025-03-20,Vodafone UK Add Disney+ Premium to Mobile Entertainment Plans,https://www.ispreview.co.uk/index.php/2025/03/vodafone-uk-add-disney-premium-to-mobile-entertainment-plans.html,,0.0,,not_applicable,0,,0,,52,
ISPreview UK,2025-03-20,"Starlink Refresh UK Biz Broadband Plans, But Adds 1Mbps Speed Cap",https://www.ispreview.co.uk/index.php/2025/03/starlink-refresh-uk-biz-broadband-plans-but-adds-1mbps-speed-cap.html,,0.0,,not_applicable,0,,0,,58,
ISPreview UK,2025-03-20,O2 UK Complete 4G and 5G Upgrades for 3500 Postcodes in Liverpool,https://www.ispreview.co.uk/index.php/2025/03/o2-uk-complete-4g-and-5g-upgrades-for-3500-postcodes-in-liverpool.html,,0.0,,not_applicable,0,,0,,48,
ISPreview UK,2025-03-20,Ofcom Set Out Changes to Boost UK Gigabit Broadband in 2026 Review UPDATE3,https://www.ispreview.co.uk/index.php/2025/03/ofcom-set-out-changes-to-boost-uk-broadband-in-2026-market-review.html,,0.0,,not_applicable,0,,0,,54,
ISPreview UK,2025-03-20,New Which Survey Award Best and Worst UK Broadband ISPs for 2025,https://www.ispreview.co.uk/index.php/2025/03/new-which-survey-award-best-and-worst-uk-broadband-isps-for-2025.html,,0.0,,not_applicable,0,,0,,56,
ISPreview UK,2025-03-20,Broadband ISP Zen Internet Moves to Become UK Altnet Aggregator,https://www.ispreview.co.uk/index.php/2025/03/broadband-isp-zen-internet-moves-to-become-uk-altnet-aggregator.html,,0.0,,not_applicable,0,,0,,51,
ISPreview UK,2025-03-20,Sky Mobile UK Simplifies eSIM Setup for Apple Devices,https://www.ispreview.co.uk/index.php/2025/03/sky-mobile-uk-simplifies-esim-setup-for-apple-devices.html,,0.0,,not_applicable,0,,0,,56,
ISPreview UK,2025-03-19,Virgin Media O2 UK Slowly Phasing Out TV 360 Mini Boxes,https://www.ispreview.co.uk/index.php/2025/03/virgin-media-o2-uk-slowly-phasing-out-tv-360-mini-boxes.html,,0.0,,not_applicable,0,,0,,53,
ISPreview UK,2025-03-19,FTTH Council Predict Full Fibre Broadband to Cover 31 Million UK Homes by 2030,https://www.ispreview.co.uk/index.php/2025/03/ftth-council-predict-full-fibre-broadband-to-cover-31-million-uk-homes-by-2030.html,,0.0,,not_applicable,0,,0,,62,
ISPreview UK,2025-03-19,"Project Gigabit Broadband Contract Tweaks for Wildanet, CityFibre, Fibrus and Quickline UPDATE",https://www.ispreview.co.uk/index.php/2025/03/more-project-gigabit-broadband-contract-tweaks-for-wildanet-cityfibre-and-quickline.html,,0.0,,not_applicable,0,,0,,61,
ISPreview UK,2025-03-19,O2 Reminds Durham Over Start of UK 3G Mobile Switch Off in April 2025,https://www.ispreview.co.uk/index.php/2025/03/o2-reminds-durham-over-start-of-uk-3g-mobile-switch-off-in-april-2025.html,,0.0,,not_applicable,0,,0,,57,
ISPreview UK,2025-03-19,EE Expand 5G Standalone Mobile Network to 50 UK Towns and Cities,https://www.ispreview.co.uk/index.php/2025/03/ee-expand-5g-standalone-mobile-network-to-50-uk-towns-and-cities.html,,0.0,,not_applicable,0,,0,,70,
ISPreview UK,2025-03-19,"8,000 Social Homes in Barnet Set for Upgrade to FTTP Broadband",https://www.ispreview.co.uk/index.php/2025/03/8000-social-homes-in-barnet-set-for-upgrade-to-fttp-broadband.html,,0.0,,not_applicable,0,,0,,46,
ISPreview UK,2025-03-19,Rural UK Broadband ISP Gigaclear Deploy IPv6 Internet Addresses,https://www.ispreview.co.uk/index.php/2025/03/rural-uk-broadband-isp-gigaclear-deploy-ipv6-internet-addresses.html,,0.0,,not_applicable,0,,0,,47,
ISPreview UK,2025-03-18,Some Users of UK Broadband ISP TalkTalk Struggling to Access Websites UPDATE,https://www.ispreview.co.uk/index.php/2025/03/some-users-of-uk-broadband-isp-talktalk-struggling-to-access-cloudflare-sites.html,,0.0,,not_applicable,0,,0,,46,
ISPreview UK,2025-03-18,Essex Council Settles Legal Dispute with Rural Broadband ISP Gigaclear,https://www.ispreview.co.uk/index.php/2025/03/essex-council-settles-legal-dispute-with-rural-broadband-isp-gigaclear.html,,0.0,,not_applicable,0,,0,,49,
ISPreview UK,2025-03-18,Students in UK and Ireland Vote Glide as the Best Wi-Fi Provider,https://www.ispreview.co.uk/index.php/2025/03/students-in-uk-and-ireland-vote-glide-as-the-best-wifi-provider.html,,0.0,,not_applicable,0,,0,,42,
ISPreview UK,2025-03-18,Broadband Outage in Goole After Car Crashes into KCOM Cabinet,https://www.ispreview.co.uk/index.php/2025/03/broadband-outage-in-goole-after-car-crashes-into-kcom-cabinet.html,,0.0,,not_applicable,0,,0,,52,
ISPreview UK,2025-03-18,UK Broadband ISP GoFibre Extend Community Fund to Northumberland,https://www.ispreview.co.uk/index.php/2025/03/uk-broadband-isp-gofibre-extend-community-fund-to-northumberland.html,,0.0,,not_applicable,0,,0,,46,
ISPreview UK,2025-03-18,Guernsey Court Overturns £3m of Telecoms Competition Fines,https://www.ispreview.co.uk/index.php/2025/03/guernsey-court-overturns-3m-of-telecoms-competition-fines.html,,0.0,,not_applicable,0,,0,,49,
ISPreview UK,2025-03-18,New Technology Helps Subsea Fibre Optic Cables to Detect Sabotage,https://www.ispreview.co.uk/index.php/2025/03/new-technology-helps-subsea-fibre-optic-cables-to-detect-sabotage.html,,0.0,,not_applicable,0,,0,,53,
ISPreview UK,2025-03-18,O2 UK’s AI Flags 50 Million Suspected SPAM and Scam Calls a Month,https://www.ispreview.co.uk/index.php/2025/03/o2-uks-ai-flags-50-million-suspected-spam-and-scam-calls-a-month.html,security_fraud_threat,0.95,security_fraud_threat,positive,1,AI,1,AI,59,"O2 has deployed Hiya’s AI‑powered Call Defence scam detection service, which has flagged more than 150 million suspected spam and scam calls and is now detecting over 50 million per month. The technology helps protect customers from fraud and nuisance calls, demonstrating the effectiveness of AI in fraud prevention."
ISPreview UK,2025-03-18,UK Gov Tweak Project Gigabit Broadband Contracts for Quickline and CityFibre,https://www.ispreview.co.uk/index.php/2025/03/uk-gov-tweak-project-gigabit-broadband-contracts-for-quickline-and-cityfibre.html,,0.0,,not_applicable,0,,0,,61,
ISPreview UK,2025-03-18,Ofcom to Launch Improved UK Mobile Coverage Checker Later in 2025,https://www.ispreview.co.uk/index.php/2025/03/ofcom-to-launch-improved-uk-mobile-coverage-checker-later-in-2025.html,,0.0,,not_applicable,0,,0,,51,
ISPreview UK,2025-03-17,Mobile Operator Spusu Continues UK Price Freeze Until 2026,https://www.ispreview.co.uk/index.php/2025/03/mobile-operator-spusu-continues-uk-price-freeze-until-2026.html,,0.0,,not_applicable,0,,0,,41,
ISPreview UK,2025-03-17,Street Works Firm C-Plan Telecommunications Falls into Administration,https://www.ispreview.co.uk/index.php/2025/03/street-works-firm-c-plan-telecommunications-falls-into-administration.html,,0.0,,not_applicable,0,,0,,48,
ISPreview UK,2025-03-17,Cable Thieves Knock Out Broadband in St Neots for a Second Time UPDATE2,https://www.ispreview.co.uk/index.php/2025/03/cable-thieves-knock-out-broadband-in-st-neots-for-a-second-time.html,,0.0,,not_applicable,0,,0,,45,
ISPreview UK,2025-03-17,"New 280km Full Fibre Network in South Essex Covers 9,000 Businesses",https://www.ispreview.co.uk/index.php/2025/03/new-280km-full-fibre-network-in-south-essex-covers-9000-businesses.html,,0.0,,not_applicable,0,,0,,61,
ISPreview UK,2025-03-17,CGI and Buckinghamshire Council Expand Ultrafast Broadband to Rural Sites,https://www.ispreview.co.uk/index.php/2025/03/cgi-and-buckinghamshire-council-expand-ultrafast-broadband-to-rural-sites.html,,0.0,,not_applicable,0,,0,,46,
ISPreview UK,2025-03-17,Virgin Media O2 UK Joins Lincolnshire’s New Street Works Charter,https://www.ispreview.co.uk/index.php/2025/03/virgin-media-o2-uk-joins-lincolnshires-new-street-works-charter.html,,0.0,,not_applicable,0,,0,,49,
ISPreview UK,2025-03-17,London Broadband ISP Community Fibre Cut 3Gbps Price to £39,https://www.ispreview.co.uk/index.php/2025/03/london-broadband-isp-community-fibre-cut-3gbps-price-to-39.html,,0.0,,not_applicable,0,,0,,60,
ISPreview UK,2025-03-16,Openreach Backs Fibre Broadband Amendment to Renters Rights Bill,https://www.ispreview.co.uk/index.php/2025/03/openreach-backs-fibre-broadband-amendment-to-renters-rights-bill.html,,0.0,,not_applicable,0,,0,,59,
ISPreview UK,2025-03-15,Mobile Coverage in Worcestershire UK is 1000x Worse Than Ofcom Suggests UPDATE,https://www.ispreview.co.uk/index.php/2025/03/mobile-coverage-in-worcestershire-uk-is-1000x-worse-than-ofcom-suggests.html,,0.0,,not_applicable,0,,0,,62,
ISPreview UK,2025-03-14,"North Lanarkshire to Deliver Free Broadband to 36,575 Council Homes",https://www.ispreview.co.uk/index.php/2025/03/north-lanarkshire-to-deliver-free-broadband-to-36575-council-homes.html,,0.0,,not_applicable,0,,0,,48,
ISPreview UK,2025-03-14,TOTSCo to Begin Testing of UK Business Broadband ISP Switching in June 2025,https://www.ispreview.co.uk/index.php/2025/03/totsco-to-begin-testing-of-uk-business-broadband-isp-switching-in-june-2025.html,,0.0,,not_applicable,0,,0,,53,
ISPreview UK,2025-03-14,"Broadband ISPs Vodafone, BT, KCOM and Zen Internet Prep New UK Battery Backup",https://www.ispreview.co.uk/index.php/2025/03/broadband-isps-vodafone-bt-kcom-and-zen-internet-prep-new-uk-battery-backup.html,,0.0,,not_applicable,0,,0,,59,
ISPreview UK,2025-03-13,"Alncom Prep £1.4m FTTP Broadband Build in Rothbury, Northumberland",https://www.ispreview.co.uk/index.php/2025/03/alncom-prep-1-4m-fttp-broadband-build-in-rothbury-northumberland.html,,0.0,,not_applicable,0,,0,,57,
ISPreview UK,2025-03-13,Gloucestershire UK Celebrate Over 98 Percent Superfast Broadband Cover,https://www.ispreview.co.uk/index.php/2025/03/gloucestershire-uk-celebrate-over-98-superfast-broadband-cover.html,,0.0,,not_applicable,0,,0,,49,
ISPreview UK,2025-03-13,BDUK Release UPRN Level Data for UK Project Gigabit Broadband Rollout,https://www.ispreview.co.uk/index.php/2025/03/bduk-release-uprn-level-data-for-uk-project-gigabit-broadband-rollout.html,,0.0,,not_applicable,0,,0,,50,
ISPreview UK,2025-03-13,Broadband ISP Sky Business Launch UK Cloud Voice Service,https://www.ispreview.co.uk/index.php/2025/03/broadband-isp-sky-business-launch-uk-cloud-voice-service.html,,0.0,,not_applicable,0,,0,,52,
ISPreview UK,2025-03-13,DrayTek Reveal Multiple New Security Vulnerabilities in their Routers,https://www.ispreview.co.uk/index.php/2025/03/draytek-reveal-multiple-new-security-vulnerabilities-in-their-routers.html,,0.0,,not_applicable,0,,0,,58,
ISPreview UK,2025-03-13,Full Fibre Broadband ISP Hyperoptic Appoint Openreach Vet as COO,https://www.ispreview.co.uk/index.php/2025/03/full-fibre-broadband-isp-hyperoptic-appoint-openreach-vet-as-coo.html,,0.0,,not_applicable,0,,0,,58,
ISPreview UK,2025-03-13,YouFibre Become First UK ISP to Take 400G Port at LINX Manchester,https://www.ispreview.co.uk/index.php/2025/03/youfibre-become-first-uk-isp-to-take-400g-port-at-linx-manchester.html,,0.0,,not_applicable,0,,0,,54,
ISPreview UK,2025-03-12,Streetwave to Map 4G and 5G Mobile Cover Across Liverpool City Region,https://www.ispreview.co.uk/index.php/2025/03/streetwave-to-map-4g-and-5g-mobile-cover-across-liverpool-city-region.html,,0.0,,not_applicable,0,,0,,52,
ISPreview UK,2025-03-12,Mayor of London Releases Interactive Map of City Broadband Speeds,https://www.ispreview.co.uk/index.php/2025/03/london-assembly-release-interactive-map-of-city-broadband-speeds.html,,0.0,,not_applicable,0,,0,,33,
ISPreview UK,2025-03-12,CityFibre’s UK Full Fibre Broadband Network Suffering Disruption UPDATE2,https://www.ispreview.co.uk/index.php/2025/03/cityfibres-uk-full-fibre-broadband-network-suffering-disruption.html,,0.0,,not_applicable,0,,0,,48,
ISPreview UK,2025-03-12,Rocket Fibre to Disconnect Legacy UK Wireless Broadband Users,https://www.ispreview.co.uk/index.php/2025/03/rocket-fibre-to-disconnect-legacy-uk-wireless-broadband-users.html,,0.0,,not_applicable,0,,0,,55,
ISPreview UK,2025-03-11,BDUK Reveal Benefits and Impacts of UK Superfast Broadband Rollout,https://www.ispreview.co.uk/index.php/2025/03/bduk-reveal-benefits-and-impacts-of-uk-superfast-broadband-rollout.html,,0.0,,not_applicable,0,,0,,46,
ISPreview UK,2025-03-11,EE UK Sees Positive Result from Trial of New Content Delivery Tech for TV Services,https://www.ispreview.co.uk/index.php/2025/03/ee-uk-sees-positive-result-from-trial-of-new-content-delivery-tech-for-tv-services.html,,0.0,,not_applicable,0,,0,,47,
ISPreview UK,2025-03-11,Vodafone UK and Ericsson Trial AI Tech to Improve 5G Energy Efficiency,https://www.ispreview.co.uk/index.php/2025/03/vodafone-uk-and-ericsson-trial-ai-tech-to-improve-5g-energy-efficiency.html,network_optimization_performance,0.95,network_optimization_performance,positive,4,"Artificial Intelligence,AI,Machine Learning,ML",1,AI,48,"Vodafone UK and Ericsson have successfully trialed three AI and ML powered software solutions that reduced the daily power consumption of 5G radio units by 33%. The AI systems optimize network energy usage, improving overall 5G performance and sustainability. This demonstrates a tangible benefit of AI in enhancing network efficiency."
ISPreview UK,2025-03-11,PXC Signs Wholesale Deal to Harness Trooli’s UK FTTP Broadband Network,https://www.ispreview.co.uk/index.php/2025/03/pxc-signs-wholesale-deal-to-harness-troolis-uk-fttp-broadband-network.html,,0.0,,not_applicable,0,,0,,41,
ISPreview UK,2025-03-11,Virgin Media O2 Invest £700m into UK 4G and 5G Mobile Upgrades for 2025,https://www.ispreview.co.uk/index.php/2025/03/virgin-media-o2-invest-700m-into-uk-4g-and-5g-mobile-upgrades-for-2025.html,other,0.6,other,neutral,2,"AI,automation",0,,53,"Virgin Media O2 will invest £700m in 4G/5G upgrades, including increased automation via AI to enhance network coverage and performance."
ISPreview UK,2025-03-11,CityFibre Target 850k UK Homes Covered by Full Fibre Altnets for Consolidation,https://www.ispreview.co.uk/index.php/2025/03/cityfibre-target-850k-uk-homes-covered-by-full-fibre-altnets-for-consolidation.html,,0.0,,not_applicable,0,,0,,59,
ISPreview UK,2025-03-10,Hope for Broadband and Mobile Boost as UK Gov to Publish Planning Bill,https://www.ispreview.co.uk/index.php/2025/03/hope-for-broadband-and-mobile-boost-as-uk-gov-to-publish-planning-bill.html,,0.0,,not_applicable,0,,0,,51,
ISPreview UK,2025-03-10,Government Invests £23m into Cutting Edge UK Telecoms R&D,https://www.ispreview.co.uk/index.php/2025/03/government-invests-23m-into-cutting-edge-uk-telecoms-rd.html,,0.0,,not_applicable,0,,0,,46,
ISPreview UK,2025-03-10,Alternative Broadband Networks Zzoomm and FullFibre Complete UK Merger,https://www.ispreview.co.uk/index.php/2025/03/alternative-broadband-networks-zzoomm-and-fullfibre-complete-uk-merger.html,,0.0,,not_applicable,0,,0,,53,
ISPreview UK,2025-03-10,Ofcom Propose Part of 1900MHz Band for 5G Mobile on UK Rail Network,https://www.ispreview.co.uk/index.php/2025/03/ofcom-propose-part-of-1900mhz-band-for-5g-mobile-on-uk-rail-network.html,,0.0,,not_applicable,0,,0,,56,
ISPreview UK,2025-03-10,"Anchor Confirm WiFi Upgrade for 1,700 Housing and Care Locations in England",https://www.ispreview.co.uk/index.php/2025/03/anchor-confirm-wifi-upgrade-for-1700-housing-and-care-locations-in-england.html,,0.0,,not_applicable,0,,0,,49,
ISPreview UK,2025-03-10,Confusion Surrounds Sky UK’s Position on End of Contract TV Notifications,https://www.ispreview.co.uk/index.php/2025/03/confusion-surrounds-sky-uks-position-on-end-of-contract-tv-notifications.html,,0.0,,not_applicable,0,,0,,60,
ISPreview UK,2025-03-08,Strategic Shift as BT No Longer Being Ditched as UK Consumer Brand,https://www.ispreview.co.uk/index.php/2025/03/strategic-shift-as-bt-no-longer-being-ditched-as-uk-consumer-brand.html,,0.0,,not_applicable,0,,0,,52,
ISPreview UK,2025-03-07,SHiFT Bring Together UK Full Fibre Operators to Improve Health and Safety,https://www.ispreview.co.uk/index.php/2025/03/shift-bring-together-uk-full-fibre-operators-to-improve-health-and-safety.html,,0.0,,not_applicable,0,,0,,61,
ISPreview UK,2025-03-07,Freedom Fibre Drops Out of Project Gigabit Broadband Contract for Cheshire UK,https://www.ispreview.co.uk/index.php/2025/03/freedom-fibre-drops-out-of-project-gigabit-broadband-contract-for-cheshire-uk.html,,0.0,,not_applicable,0,,0,,54,
ISPreview UK,2025-03-07,Virgin Media UK Add 2 New FAST TV Channels to Service for Free,https://www.ispreview.co.uk/index.php/2025/03/virgin-media-uk-add-2-new-fast-tv-channels-to-service-for-free.html,,0.0,,not_applicable,0,,0,,54,
ISPreview UK,2025-03-07,Broadband ISP Connect Fibre Add Wi-Fi 7 At No Extra Cost for UK Homes,https://www.ispreview.co.uk/index.php/2025/03/broadband-isp-connect-fibre-add-wi-fi-7-at-no-extra-cost-for-uk-homes.html,,0.0,,not_applicable,0,,0,,58,
ISPreview UK,2025-03-06,Customers of Broadband ISP Lit Fibre Gain Access to CityFibre’s UK Network,https://www.ispreview.co.uk/index.php/2025/03/customers-of-broadband-isp-lit-fibre-gain-access-to-cityfibres-uk-network.html,,0.0,,not_applicable,0,,0,,46,
ISPreview UK,2025-03-06,INCA Calls on UK Gov to Focus on Full Fibre in New Industrial Strategy,https://www.ispreview.co.uk/index.php/2025/03/inca-calls-on-uk-gov-to-focus-on-full-fibre-in-new-industrial-strategy.html,,0.0,,not_applicable,0,,0,,51,
ISPreview UK,2025-03-06,LightSpeed Broadband Expand FTTP to Tamworth in Staffordshire UK,https://www.ispreview.co.uk/index.php/2025/03/lightspeed-broadband-expand-fttp-to-tamworth-in-staffordshire-uk.html,,0.0,,not_applicable,0,,0,,49,
ISPreview UK,2025-03-06,Vodafone Challenges Open Internet Net Neutrality Protections Again,https://www.ispreview.co.uk/index.php/2025/03/vodafone-challenges-open-internet-net-neutrality-protections-again.html,,0.0,,not_applicable,0,,0,,62,
ISPreview UK,2025-03-06,Virgin Media UK Start Making XGS-PON Full Fibre Upgrade Available,https://www.ispreview.co.uk/index.php/2025/03/virgin-media-uk-start-making-xgs-pon-full-fibre-upgrade-available.html,,0.0,,not_applicable,0,,0,,71,
ISPreview UK,2025-03-05,Smarty UK Launch New TV Campaign and Cheap 4x Mobile Data Plans,https://www.ispreview.co.uk/index.php/2025/03/smarty-uk-launch-new-tv-campaign-and-cheap-4x-mobile-data-plans.html,,0.0,,not_applicable,0,,0,,64,
ISPreview UK,2025-03-05,ISP Virgin Media UK Discounts Broadband Prices for March 2025,https://www.ispreview.co.uk/index.php/2025/03/isp-virgin-media-uk-discounts-broadband-prices-for-march-2025.html,,0.0,,not_applicable,0,,0,,56,
ISPreview UK,2025-03-04,Virgin Media Find Tuesdays are the Biggest for UK Broadband Usage,https://www.ispreview.co.uk/index.php/2025/03/virgin-media-find-tuesdays-are-the-biggest-for-uk-broadband-usage.html,,0.0,,not_applicable,0,,0,,51,
ISPreview UK,2025-03-04,"Netomnia Builds 10Gbps Broadband to 50,000 Premises in Swansea",https://www.ispreview.co.uk/index.php/2025/03/netomnia-builds-10gbps-broadband-to-50000-premises-in-swansea.html,,0.0,,not_applicable,0,,0,,47,
ISPreview UK,2025-03-04,Progress Update as New Greenwich Full Fibre Network Expands in London,https://www.ispreview.co.uk/index.php/2025/03/progress-update-as-new-greenwich-full-fibre-network-expands-in-london.html,,0.0,,not_applicable,0,,0,,50,
ISPreview UK,2025-03-04,Garforth Residents Vent Anger Over Giggle Fibre’s FTTP Pole Deployment,https://www.ispreview.co.uk/index.php/2025/03/garforth-residents-vent-anger-over-giggle-fibres-fttp-pole-deployment.html,,0.0,,not_applicable,0,,0,,62,
ISPreview UK,2025-03-04,Wavemobile Warn UK 2G Switch-off May Impact Sizeable Number of Devices,https://www.ispreview.co.uk/index.php/2025/03/wavemobile-warn-uk-2g-switch-off-may-impact-sizeable-number-of-devices.html,,0.0,,not_applicable,0,,0,,54,
ISPreview UK,2025-03-04,BT Warns One in Five Small UK Firms Still on “Analogue” Lines,https://www.ispreview.co.uk/index.php/2025/03/bt-warns-one-in-five-small-uk-firms-still-on-analogue-lines.html,,0.0,,not_applicable,0,,0,,57,
ISPreview UK,2025-03-04,Gigaclear Complete FTTP Broadband Build to Large Oxfordshire Village,https://www.ispreview.co.uk/index.php/2025/03/gigaclear-complete-fttp-broadband-build-to-large-oxfordshire-village.html,,0.0,,not_applicable,0,,0,,51,
ISPreview UK,2025-03-03,Honest Mobile Launches New UK eSIM Based Smart SIM Plan,https://www.ispreview.co.uk/index.php/2025/03/honest-mobile-launches-new-uk-esim-based-smart-sim-plan.html,,0.0,,not_applicable,0,,0,,51,
ISPreview UK,2025-03-03,AllPoints Fibre Signs Strategic UK Partnership with Daisy Communications,https://www.ispreview.co.uk/index.php/2025/03/allpoints-fibre-signs-strategic-uk-partnership-with-daisy-communications.html,,0.0,,not_applicable,0,,0,,52,
ISPreview UK,2025-03-03,New Survey Reveals Best and Worst UK Cities and ISPs for Broadband Reliability,https://www.ispreview.co.uk/index.php/2025/03/new-survey-reveals-best-and-worst-uk-cities-and-isps-for-broadband-reliability.html,,0.0,,not_applicable,0,,0,,53,
ISPreview UK,2025-03-03,Vodafone UK Tests IBM Quantum Safe Tech for Internet Security,https://www.ispreview.co.uk/index.php/2025/03/vodafone-uk-tests-ibm-quantum-safe-tech-for-internet-security.html,,0.0,,not_applicable,0,,0,,52,
ISPreview UK,2025-03-03,Study Claims 40 Percent of UK 5G Mobile Connections are Really 4G,https://www.ispreview.co.uk/index.php/2025/03/study-claims-40-percent-of-uk-5g-mobile-connections-are-really-4g.html,,0.0,,not_applicable,0,,0,,60,
ISPreview UK,2025-03-02,Firefighters Called to Blaze at BT’s Adastral Park Research Site UPDATE,https://www.ispreview.co.uk/index.php/2025/03/firefighters-called-to-blaze-at-bts-adastral-park-research-site.html,,0.0,,not_applicable,0,,0,,56,
ISPreview UK,2025-03-02,Streetwave to Map 4G and 5G Mobile Coverage Across East Midlands,https://www.ispreview.co.uk/index.php/2025/03/streetwave-to-map-4g-and-5g-mobile-coverage-across-east-midlands.html,,0.0,,not_applicable,0,,0,,46,
ISPreview UK,2025-03-01,Northern Telecom Acquires Wireless Broadband Provider Dyfed Telecom,https://www.ispreview.co.uk/index.php/2025/03/northern-telecom-acquires-wireless-broadband-provider-dyfed-telecom.html,,0.0,,not_applicable,0,,0,,48,
ISPreview UK,2025-03-01,CityFibre Closing in on £500m UK FTTP Broadband Funding Deal,https://www.ispreview.co.uk/index.php/2025/03/cityfibre-closing-in-on-500m-uk-fttp-broadband-funding-deal.html,,0.0,,not_applicable,0,,0,,51,
ISPreview UK,2025-03-01,Netomnia Broadband ISP YouFibre to Launch UK Mobile Plans in 2025,https://www.ispreview.co.uk/index.php/2025/03/netomnia-isp-youfibre-plans-to-launch-uk-mobile-plans-in-2025.html,,0.0,,not_applicable,0,,0,,51,
ISPreview UK,2025-02-28,Internet Voice Provider Skype to Close Service in May 2025,https://www.ispreview.co.uk/index.php/2025/02/internet-voip-provider-skype-to-close-service-in-may-2025.html,,0.0,,not_applicable,0,,0,,37,
ISPreview UK,2025-02-28,MultiGig Broadband ISP Yayzi Goes Live with UK Mobile Plans,https://www.ispreview.co.uk/index.php/2025/02/multigig-broadband-isp-yayzi-goes-live-with-uk-mobile-plans.html,,0.0,,not_applicable,0,,0,,54,
ISPreview UK,2025-02-28,Broadband ISP Cuckoo Offers Bill Credits to Cycling UK Members,https://www.ispreview.co.uk/index.php/2025/02/broadband-isp-cuckoo-offers-bill-credit-to-cycling-uk-members.html,,0.0,,not_applicable,0,,0,,52,
ISPreview UK,2025-02-28,Quickline Build FTTP to 2 Villages in Yorkshire Project Gigabit Broadband Rollout,https://www.ispreview.co.uk/index.php/2025/02/quickline-build-fttp-to-2-villages-in-yorkshire-project-gigabit-broadband-rollout.html,,0.0,,not_applicable,0,,0,,52,
ISPreview UK,2025-02-28,Openreach to Start Closure of 105 National UK Exchanges in April 2025,https://www.ispreview.co.uk/index.php/2025/02/openreach-to-start-closure-of-105-national-uk-exchanges-in-april-2025.html,,0.0,,not_applicable,0,,0,,61,
ISPreview UK,2025-02-28,"ISPs BT, EE, Plusnet and Vodafone Tweak UK Broadband Pricing Policies",https://www.ispreview.co.uk/index.php/2025/02/isps-bt-ee-plusnet-and-vodafone-tweak-uk-broadband-pricing-policies.html,,0.0,,not_applicable,0,,0,,57,
ISPreview UK,2025-02-28,Wireless and UK Satellite Broadband ISP Brdy Facing Insolvency UPDATE2,https://www.ispreview.co.uk/index.php/2025/02/wireless-and-uk-satellite-broadband-isp-brdy-facing-insolvency.html,,0.0,,not_applicable,0,,0,,61,
ISPreview UK,2025-02-27,Openreach Reveal UK Price for 1Gbps Symmetric FTTP Broadband UPDATE,https://www.ispreview.co.uk/index.php/2025/02/openreach-reveal-uk-price-for-1gbps-symmetric-fttp-broadband.html,,0.0,,not_applicable,0,,0,,58,
ISPreview UK,2025-02-27,Alternative Cornwall UK Broadband Network Wildanet to Cut Jobs UPDATE,https://www.ispreview.co.uk/index.php/2025/02/alternative-cornwall-uk-broadband-network-wildanet-to-cut-jobs.html,,0.0,,not_applicable,0,,0,,64,
ISPreview UK,2025-02-27,Sky Business to Boost WiFi and Broadband for 787 UK Caffe Nero Stores,https://www.ispreview.co.uk/index.php/2025/02/sky-business-to-boost-wifi-and-broadband-for-787-uk-caffe-nero-stores.html,,0.0,,not_applicable,0,,0,,45,
ISPreview UK,2025-02-27,KCOM to Close Mini Library Inside Classic Phone Box Due to Fire Risk,https://www.ispreview.co.uk/index.php/2025/02/kcom-to-close-mini-library-inside-classic-phone-box-due-to-fire-risk.html,,0.0,,not_applicable,0,,0,,56,
ISPreview UK,2025-02-27,Court Orders Big UK ISPs to Block Pirated Israel TV Streaming Sites,https://www.ispreview.co.uk/index.php/2025/02/court-orders-big-uk-isps-to-block-pirated-israel-tv-streaming-sites.html,,0.0,,not_applicable,0,,0,,52,
ISPreview UK,2025-02-27,"Virgin Media UK Expand FTTP Broadband to 6,000 Homes in Falconwood",https://www.ispreview.co.uk/index.php/2025/02/virgin-media-uk-expand-fttp-broadband-to-6000-homes-in-falconwood.html,,0.0,,not_applicable,0,,0,,55,
ISPreview UK,2025-02-27,Spectrum Policy Forum Says AI Can Help Ofcom Manage UK Radio Waves,https://www.ispreview.co.uk/index.php/2025/02/spectrum-policy-forum-says-ai-can-help-ofcom-manage-uk-radio-waves.html,other,0.2,other,neutral,2,"Artificial Intelligence,AI",1,AI,44,
ISPreview UK,2025-02-27,Long Running UK ISP Internet for Business Acquired by Converged Communication Solutions,https://www.ispreview.co.uk/index.php/2025/02/long-running-uk-isp-internet-for-business-acquired-by-converged-communication-solutions.html,,0.0,,not_applicable,0,,0,,43,
ISPreview UK,2025-02-26,10 Government Funded 4G Mobile Mast Upgrades Go Live in Scotland,https://www.ispreview.co.uk/index.php/2025/02/10-government-funded-4g-mobile-mast-upgrades-go-live-in-scotland.html,,0.0,,not_applicable,0,,0,,53,
ISPreview UK,2025-02-26,Ookla Examine WiFi 6 vs 7 Performance of EE’s UK Broadband Routers,https://www.ispreview.co.uk/index.php/2025/02/ookla-examine-wifi-6-vs-7-performance-of-ees-uk-broadband-routers.html,,0.0,,not_applicable,0,,0,,55,
ISPreview UK,2025-02-26,ISP Sky Broadband UK Promises to Fix Router WiFi Calling Bug,https://www.ispreview.co.uk/index.php/2025/02/isp-sky-broadband-uk-promises-to-fix-router-wifi-calling-bug.html,,0.0,,not_applicable,0,,0,,49,
ISPreview UK,2025-02-26,Jurassic Fibre Broadband ISP Customers Hit by UK Price Rises,https://www.ispreview.co.uk/index.php/2025/02/jurassic-fibre-broadband-isp-customers-hit-by-uk-price-rises.html,,0.0,,not_applicable,0,,0,,54,
ISPreview UK,2025-02-26,Broadband and Mobile Providers Pledge to Help UK Gov Improve Digital Skills,https://www.ispreview.co.uk/index.php/2025/02/broadband-and-mobile-providers-pledge-to-help-uk-gov-improve-digital-skills.html,,0.0,,not_applicable,0,,0,,57,
ISPreview UK,2025-02-25,Adtran’s Full Fibre Tech Powers 8.6 Million of Openreach’s UK Premises,https://www.ispreview.co.uk/index.php/2025/02/adtrans-full-fibre-tech-powers-8-6-million-of-openreachs-uk-premises.html,,0.0,,not_applicable,0,,0,,51,
ISPreview UK,2025-02-25,KCOM and Nokia to Deploy 10Gbps Capable FTTP Broadband by Late 2025 UPDATE,https://www.ispreview.co.uk/index.php/2025/02/kcom-and-nokia-to-deploy-10gbps-capable-fttp-broadband-by-late-2025.html,,0.0,,not_applicable,0,,0,,53,
ISPreview UK,2025-02-25,Quickline See Project Gigabit Broadband Progress in Lincolnshire and the East Yorkshire,https://www.ispreview.co.uk/index.php/2025/02/quickline-see-project-gigabit-broadband-progress-in-lincolnshire-and-the-east-yorkshire.html,,0.0,,not_applicable,0,,0,,56,
ISPreview UK,2025-02-25,NET CHECK Study Names Vodafone UK as London’s Best Mobile Network,https://www.ispreview.co.uk/index.php/2025/02/net-check-study-names-vodafone-uk-as-londons-best-mobile-network.html,,0.0,,not_applicable,0,,0,,49,
ISPreview UK,2025-02-25,BDUK Close Gigabit Broadband Vouchers for Newcastle and North Tyneside,https://www.ispreview.co.uk/index.php/2025/02/bduk-close-gigabit-broadband-vouchers-for-newcastle-and-north-tyneside.html,,0.0,,not_applicable,0,,0,,58,
ISPreview UK,2025-02-25,Hiya Finds 32 Percent of Unknown UK Calls are SPAM in Q4 2024,https://www.ispreview.co.uk/index.php/2025/02/hiya-finds-32-percent-of-unknown-uk-calls-are-spam-in-q4-2024.html,,0.0,,not_applicable,0,,0,,65,
ISPreview UK,2025-02-25,Vodafone UK Trial Simultaneous Use of Multiple 5G Standalone Network Slices,https://www.ispreview.co.uk/index.php/2025/02/vodafone-uk-trial-simultaneous-use-of-multiple-5g-standalone-network-slices.html,,0.0,,not_applicable,0,,0,,56,
ISPreview UK,2025-02-25,London Ranks Bottom in MedUX Test of UK and EU 5G Mobile Performance,https://www.ispreview.co.uk/index.php/2025/02/london-ranks-bottom-in-medux-test-of-uk-and-eu-5g-mobile-performance.html,,0.0,,not_applicable,0,,0,,56,
ISPreview UK,2025-02-25,Wireless Broadband Provider Dyfed Telecom Hit by Winding Up Petition,https://www.ispreview.co.uk/index.php/2025/02/wireless-broadband-provider-dyfed-telecom-hit-by-winding-up-petition.html,,0.0,,not_applicable,0,,0,,55,
ISPreview UK,2025-02-24,Starlink Quietly Add £8 Roaming Plan to UK Satellite Broadband Service,https://www.ispreview.co.uk/index.php/2025/02/starlink-quietly-add-8-roaming-plan-to-uk-satellite-broadband-service.html,,0.0,,not_applicable,0,,0,,49,
ISPreview UK,2025-02-24,TOTSCo Clarifies Status of Change Freeze in UK ISP Switching Process,https://www.ispreview.co.uk/index.php/2025/02/totsco-clarifies-status-of-change-freeze-in-uk-isp-switching-process.html,,0.0,,not_applicable,0,,0,,52,
ISPreview UK,2025-02-24,UK ISP Virgin Media Suffers Broadband Outage After Routing Issue,https://www.ispreview.co.uk/index.php/2025/02/uk-isp-virgin-media-suffers-broadband-outage-after-routing-issue.html,,0.0,,not_applicable,0,,0,,55,
ISPreview UK,2025-02-24,Study Compares UK and EU 5G Standalone and NSA Mobile Broadband Speeds,https://www.ispreview.co.uk/index.php/2025/02/study-compares-uk-and-eu-5g-standalone-and-nsa-mobile-broadband-speeds.html,,0.0,,not_applicable,0,,0,,45,
ISPreview UK,2025-02-24,Eutelsat OneWeb in First Successful Trial of a 5G Non-Terrestrial Network,https://www.ispreview.co.uk/index.php/2025/02/eutelsat-oneweb-in-first-successful-trial-of-a-5g-non-terrestrial-network.html,,0.0,,not_applicable,0,,0,,48,
ISPreview UK,2025-02-24,Signs of Life as UK Broadband Altnet WhyFibre Spotted Building FTTP,https://www.ispreview.co.uk/index.php/2025/02/signs-of-life-as-uk-broadband-altnet-whyfibre-spotted-building-fttp.html,,0.0,,not_applicable,0,,0,,56,
ISPreview UK,2025-02-24,Virgin Media Set to Open Upgraded Full Fibre Network to UK Customers,https://www.ispreview.co.uk/index.php/2025/02/virgin-media-set-to-open-upgraded-full-fibre-network-to-uk-customers.html,,0.0,,not_applicable,0,,0,,58,
ISPreview UK,2025-02-22,CEO of Broadband ISP Community Fibre Apologises After Second Outage,https://www.ispreview.co.uk/index.php/2025/02/ceo-of-broadband-isp-community-fibre-apologises-after-second-outage.html,,0.0,,not_applicable,0,,0,,59,
ISPreview UK,2025-02-21,CityFibre UK Completes Primary FTTP Broadband Build in Aberdeen,https://www.ispreview.co.uk/index.php/2025/02/cityfibre-uk-completes-primary-fttp-broadband-build-in-aberdeen.html,,0.0,,not_applicable,0,,0,,45,
ISPreview UK,2025-02-21,Rural UK Broadband ISP Quickline Discounts 1000Mbps Package to £32,https://www.ispreview.co.uk/index.php/2025/02/rural-uk-broadband-isp-quickline-discounts-1000mbps-package-to-32.html,,0.0,,not_applicable,0,,0,,55,
ISPreview UK,2025-02-21,Mobile Operator Scores Key Court Win in Dispute Over UK Mast Leasing and Renewal UPDATE2,https://www.ispreview.co.uk/index.php/2025/02/mobile-operator-scores-key-court-win-in-dispute-over-uk-mast-leasing-and-renewal.html,,0.0,,not_applicable,0,,0,,52,
ISPreview UK,2025-02-20,GoFibre Win Project Gigabit Broadband Rollout Contract for Scottish Borders UPDATE,https://www.ispreview.co.uk/index.php/2025/02/gofibre-win-project-gigabit-broadband-rollout-contract-for-scottish-borders.html,,0.0,,not_applicable,0,,0,,51,
ISPreview UK,2025-02-20,ISPA Kicks Off Hunt for the Best UK Broadband Providers of 2025,https://www.ispreview.co.uk/index.php/2025/02/ispa-kicks-off-hunt-for-the-best-uk-broadband-providers-of-2025.html,,0.0,,not_applicable,0,,0,,56,
ISPreview UK,2025-02-20,Vodafone Trials Optical Broadband Drones to Fix Mobile Masts,https://www.ispreview.co.uk/index.php/2025/02/vodafone-trials-optical-broadband-drones-to-fix-mobile-masts.html,,0.0,,not_applicable,0,,0,,52,
ISPreview UK,2025-02-20,BT Deploy AI-ready Global Fabric Network-as-a-service Platform to 30 Equinix Data Centres,https://www.ispreview.co.uk/index.php/2025/02/bt-deploy-ai-ready-global-fabric-network-as-a-service-platform-to-30-equinix-data-centres.html,,0.0,,not_applicable,1,AI,1,AI,52,
ISPreview UK,2025-02-20,AllPointsFibre Set to Take the Reins Off New UK Wholesale Full Fibre Network,https://www.ispreview.co.uk/index.php/2025/02/allpointsfibre-set-to-take-the-reins-off-new-uk-wholesale-full-fibre-network.html,,0.0,,not_applicable,0,,0,,48,
ISPreview UK,2025-02-20,Liberty Global CEO Updates on Virgin Media’s UK Wholesale Broadband Plan,https://www.ispreview.co.uk/index.php/2025/02/liberty-global-ceo-updates-on-virgin-medias-uk-wholesale-broadband-plan.html,,0.0,,not_applicable,0,,0,,67,
ISPreview UK,2025-02-19,Netgem TV to Deliver Free FIFA+ Content via Supporting UK Broadband ISPs,https://www.ispreview.co.uk/index.php/2025/02/netgem-tv-to-deliver-free-fifa-content-via-supporting-uk-broadband-isps.html,,0.0,,not_applicable,0,,0,,58,
ISPreview UK,2025-02-19,Rural UK Full Fibre Altnet ISP Truespeed Prepares More Job Cuts,https://www.ispreview.co.uk/index.php/2025/02/rural-uk-full-fibre-altnet-isp-truespeed-ponders-more-job-cuts.html,,0.0,,not_applicable,0,,0,,50,
ISPreview UK,2025-02-19,Virgin Media O2 Sees UK FTTP Broadband Builds Surge and NetCo On Track,https://www.ispreview.co.uk/index.php/2025/02/virgin-media-o2-sees-uk-fttp-broadband-builds-surge-and-netco-on-track.html,,0.0,,not_applicable,0,,0,,62,
ISPreview UK,2025-02-18,"Virgin Media UK Bring Full Fibre to 14,000 Homes in Filey and Pickering",https://www.ispreview.co.uk/index.php/2025/02/virgin-media-uk-bring-full-fibre-to-14000-homes-in-filey-and-pickering.html,,0.0,,not_applicable,0,,0,,47,
ISPreview UK,2025-02-18,LightSpeed Broadband Expand Staffordshire FTTP Rollout to Kidsgrove and Scholar Green,https://www.ispreview.co.uk/index.php/2025/02/lightspeed-broadband-expand-staffordshire-fttp-rollout-to-kidsgrove-and-scholar-green.html,,0.0,,not_applicable,0,,0,,61,
ISPreview UK,2025-02-18,Voneus to Cut Jobs and Slow UK Gigabit Broadband Rollout UPDATE,https://www.ispreview.co.uk/index.php/2025/02/voneus-to-cut-jobs-and-slow-uk-gigabit-broadband-rollout.html,,0.0,,not_applicable,0,,0,,58,
ISPreview UK,2025-02-18,Study Claims 3.9 Million UK Homes Owed Compensation for Broadband Issues UPDATE,https://www.ispreview.co.uk/index.php/2025/02/study-claims-3-9-million-uk-homes-owed-compensation-for-broadband-issues.html,,0.0,,not_applicable,0,,0,,51,
ISPreview UK,2025-02-18,Gigaclear Start New Oxfordshire UK Project Gigabit Broadband Rollout,https://www.ispreview.co.uk/index.php/2025/02/gigaclear-start-new-oxfordshire-uk-project-gigabit-broadband-rollout.html,,0.0,,not_applicable,0,,0,,54,
ISPreview UK,2025-02-18,Broadband Outage in St Neots After Thieves Steal Openreach Cable,https://www.ispreview.co.uk/index.php/2025/02/broadband-outage-in-st-neots-after-thieves-steal-openreach-cable.html,,0.0,,not_applicable,0,,0,,54,
ISPreview UK,2025-02-18,Broadband ISP Grain to Expand its Bradford Full Fibre Network,https://www.ispreview.co.uk/index.php/2025/02/broadband-isp-grain-to-expand-its-bradford-full-fibre-network.html,,0.0,,not_applicable,0,,0,,42,
ISPreview UK,2025-02-17,London Broadband ISP Community Fibre Back Online After Outage,https://www.ispreview.co.uk/index.php/2025/02/london-broadband-isp-community-fibre-back-online-after-outage.html,,0.0,,not_applicable,0,,0,,43,
ISPreview UK,2025-02-17,ISP WightFibre Extend FTTP Broadband to 88 Percent of Isle of Wight,https://www.ispreview.co.uk/index.php/2025/02/isp-wightfibre-extend-fttp-broadband-to-88-percent-of-isle-of-wight.html,,0.0,,not_applicable,0,,0,,56,
ISPreview UK,2025-02-17,Zen Internet Starts Selling Broadband via Trooli’s UK FTTP Network,https://www.ispreview.co.uk/index.php/2025/02/zen-internet-starts-selling-broadband-via-troolis-uk-fttp-network.html,,0.0,,not_applicable,0,,0,,52,
ISPreview UK,2025-02-17,Truespeed Suffers Broadband Outage in North Somerset and Bristol UPDATE,https://www.ispreview.co.uk/index.php/2025/02/truespeed-suffers-broadband-outage-in-north-somerset-and-bristol.html,,0.0,,not_applicable,0,,0,,54,
ISPreview UK,2025-02-17,HS2 Signs £99.6m Passenger Telecoms Deal for New UK Rail Network UPDATE,https://www.ispreview.co.uk/index.php/2025/02/hs2-signs-99-6m-passenger-telecoms-deal-for-new-uk-rail-network.html,,0.0,,not_applicable,0,,0,,59,
ISPreview UK,2025-02-17,Brsk to Extend UK Full Fibre Broadband Network into Barnsley,https://www.ispreview.co.uk/index.php/2025/02/brsk-to-extend-uk-full-fibre-broadband-network-into-barnsley.html,,0.0,,not_applicable,0,,0,,56,
ISPreview UK,2025-02-14,Gigaclear Advisors to Hunt Fresh Funding for Rural UK Broadband Build UPDATE,https://www.ispreview.co.uk/index.php/2025/02/gigaclear-advisors-to-hunt-fresh-funding-for-rural-uk-broadband-build.html,,0.0,,not_applicable,0,,0,,48,
ISPreview UK,2025-02-14,Full Fibre UK Broadband ISP Youfibre Launch New Loyalty Promise,https://www.ispreview.co.uk/index.php/2025/02/full-fibre-uk-broadband-isp-youfibre-launch-new-loyalty-promise.html,,0.0,,not_applicable,0,,0,,62,
ISPreview UK,2025-02-14,LightSpeed Broadband Finally Puts FTTP Live in Cromer and Sheringham,https://www.ispreview.co.uk/index.php/2025/02/lightspeed-broadband-finally-puts-fttp-live-in-cromer-and-sheringham.html,,0.0,,not_applicable,0,,0,,51,
ISPreview UK,2025-02-14,London Broadband ISP Community Fibre Launch Cheap 100Mbps Tier,https://www.ispreview.co.uk/index.php/2025/02/london-broadband-isp-community-fibre-launch-cheap-100mbps-tier.html,,0.0,,not_applicable,0,,0,,46,
ISPreview UK,2025-02-13,ISP KCOM Upgrades Customers to Symmetric FTTP Broadband Speeds,https://www.ispreview.co.uk/index.php/2025/02/isp-kcom-upgrades-customers-to-symmetric-fttp-broadband-speeds.html,,0.0,,not_applicable,0,,0,,46,
ISPreview UK,2025-02-13,Broadband Altnet Freedom Fibre Appoints New UK COO,https://www.ispreview.co.uk/index.php/2025/02/broadband-altnet-freedom-fibre-appoints-new-uk-coo.html,,0.0,,not_applicable,0,,0,,51,
ISPreview UK,2025-02-13,Ofcom Propose to Share Upper 6GHz Band for UK Mobile and WiFi,https://www.ispreview.co.uk/index.php/2025/02/ofcom-proposes-to-share-upper-6ghz-band-for-uk-mobile-and-wifi.html,,0.0,,not_applicable,0,,0,,54,
ISPreview UK,2025-02-13,Freshwave Claims Better Indoor Mobile Signals Can Grow UK Economy by £70bn,https://www.ispreview.co.uk/index.php/2025/02/freshwave-claims-better-indoor-mobile-signals-can-grow-uk-economy-by-70bn.html,,0.0,,not_applicable,0,,0,,55,
ISPreview UK,2025-02-13,Ofcom Shames TalkTalk and O2 for UK Telecoms Complaints – Q3 2024,https://www.ispreview.co.uk/index.php/2025/02/ofcom-shames-talktalk-and-o2-for-uk-telecoms-complaints-q3-2024.html,,0.0,,not_applicable,0,,0,,44,
ISPreview UK,2025-02-13,LINX Surpasses 725Gbps of Traffic at Manchester UK Internet Exchange,https://www.ispreview.co.uk/index.php/2025/02/linx-surpasses-725gps-of-traffic-at-manchester-uk-internet-exchange.html,,0.0,,not_applicable,0,,0,,52,
ISPreview UK,2025-02-13,Virgin Media O2 Switches on 5G Standalone for UK Businesses UPDATE,https://www.ispreview.co.uk/index.php/2025/02/virgin-media-o2-switches-on-5g-standalone-for-uk-businesses.html,,0.0,,not_applicable,0,,0,,46,
ISPreview UK,2025-02-13,Fibrus CEO Apologises for Lengthy Broadband Outages in Northern Ireland,https://www.ispreview.co.uk/index.php/2025/02/fibrus-ceo-apologises-for-lengthy-broadband-outages-in-northern-ireland.html,,0.0,,not_applicable,0,,0,,52,
ISPreview UK,2025-02-13,Vodafone UK Send Mixed Messages Over Static IP Availability for Broadband UPDATE,https://www.ispreview.co.uk/index.php/2025/02/vodafone-uk-send-mixed-messages-over-static-ip-availability-for-broadband.html,,0.0,,not_applicable,0,,0,,57,
ISPreview UK,2025-02-12,Vodafone and Three UK Confirm New Leadership Team for Merger,https://www.ispreview.co.uk/index.php/2025/02/vodafone-and-three-uk-confirm-new-leadership-team-for-merger.html,,0.0,,not_applicable,0,,0,,50,
ISPreview UK,2025-02-12,New Gov Action Plan Supports Vulnerable Users in UK Digital Phone Switchover,https://www.ispreview.co.uk/index.php/2025/02/new-gov-action-plan-to-support-vulnerable-users-in-uk-digital-phone-switchover.html,,0.0,,not_applicable,0,,0,,52,
ISPreview UK,2025-02-12,Mobile Operator Spusu Launch New 5GB SIM Only UK Plan for £4.90,https://www.ispreview.co.uk/index.php/2025/02/mobile-operator-spusu-launch-new-5gb-sim-only-uk-plan-for-4-90.html,,0.0,,not_applicable,0,,0,,39,
ISPreview UK,2025-02-12,Digital Catapult is One of the First Sites to join UK 6G Research Platform,https://www.ispreview.co.uk/index.php/2025/02/digital-catapult-is-one-of-the-first-sites-to-join-uk-6g-research-platform.html,,0.0,,not_applicable,0,,0,,55,
ISPreview UK,2025-02-12,Court Rejects Appeal Over Dismissal of BT UK Landline Overcharging Case,https://www.ispreview.co.uk/index.php/2025/02/court-rejects-appeal-over-dismissal-of-bt-uk-landline-overcharging-case.html,,0.0,,not_applicable,0,,0,,53,
ISPreview UK,2025-02-12,Youfibre Preps First Own Brand Router for 7Gbps UK Broadband Plan,https://www.ispreview.co.uk/index.php/2025/02/youfibre-preps-first-own-brand-router-for-7gbps-uk-broadband-plan.html,,0.0,,not_applicable,0,,0,,64,
ISPreview UK,2025-02-11,BDUK Reopens Gigabit Broadband Voucher Scheme to Devon UK UPDATE,https://www.ispreview.co.uk/index.php/2025/02/bduk-reopens-gigabit-broadband-voucher-scheme-to-devon-uk.html,,0.0,,not_applicable,0,,0,,53,
ISPreview UK,2025-02-11,Sky UK Launches New Broadband-based Sky Glass Gen 2 TV Sets,https://www.ispreview.co.uk/index.php/2025/02/sky-uk-launches-new-broadband-based-sky-glass-gen-2-tv-sets.html,,0.0,,not_applicable,0,,0,,60,
ISPreview UK,2025-02-11,Broadband ISP Rocket Fibre to Build Own FTTP Network in Northamptonshire UK,https://www.ispreview.co.uk/index.php/2025/02/broadband-isp-rocket-fibre-to-build-own-fttp-network-in-northamptonshire-uk.html,,0.0,,not_applicable,0,,0,,47,
ISPreview UK,2025-02-11,TP-Link Opens Largest National UK Distribution Centre in Newbury,https://www.ispreview.co.uk/index.php/2025/02/tp-link-opens-largest-national-uk-distribution-centre-in-newbury.html,,0.0,,not_applicable,0,,0,,42,
ISPreview UK,2025-02-11,CityFibre Report 518K UK Full Fibre Customers and Profitability UPDATE,https://www.ispreview.co.uk/index.php/2025/02/cityfibre-report-518k-uk-full-fibre-customers-and-first-full-year-of-profitability.html,,0.0,,not_applicable,0,,0,,56,
ISPreview UK,2025-02-11,Netomnia to Expand 10Gbps FTTP Broadband Rollout in Liverpool UK,https://www.ispreview.co.uk/index.php/2025/02/netomnia-to-expand-10gbps-fttp-broadband-rollout-in-liverpool-uk.html,,0.0,,not_applicable,0,,0,,49,
ISPreview UK,2025-02-10,Ofcom Refines Thinking on Cost of Adding Power Backup to UK Mobile Sites,https://www.ispreview.co.uk/index.php/2025/02/ofcom-refines-thinking-on-cost-of-adding-power-backup-to-uk-mobile-sites.html,,0.0,,not_applicable,0,,0,,62,
ISPreview UK,2025-02-10,Netgem TV Adds UK Support for Fox’s New Tubi Streaming Service,https://www.ispreview.co.uk/index.php/2025/02/netgem-tv-adds-uk-support-for-foxs-new-tubi-streaming-service.html,,0.0,,not_applicable,0,,0,,47,
ISPreview UK,2025-02-10,TalkTalk Become First Major UK Broadband ISP to Harness Kraken Platform,https://www.ispreview.co.uk/index.php/2025/02/talktalk-become-first-major-uk-broadband-isp-to-harness-kraken-platform.html,,0.0,,not_applicable,0,,0,,57,
ISPreview UK,2025-02-10,Confusion on the Falkland Islands Over Status of Starlink’s Broadband,https://www.ispreview.co.uk/index.php/2025/02/confusion-on-the-falkland-islands-over-status-of-starlinks-broadband.html,,0.0,,not_applicable,0,,0,,51,
ISPreview UK,2025-02-10,First Hints of New UK Gov Measures to Tackle Broadband Pole Complaints,https://www.ispreview.co.uk/index.php/2025/02/first-hints-of-new-uk-gov-measures-to-tackle-broadband-pole-complaints.html,,0.0,,not_applicable,0,,0,,57,
ISPreview UK,2025-02-09,Rights Holders Move Closer to Imposing Website Blocks on VPN Providers,https://www.ispreview.co.uk/index.php/2025/02/rights-holders-move-closer-to-imposing-website-blocks-on-vpn-providers.html,,0.0,,not_applicable,0,,0,,47,
ISPreview UK,2025-02-08,Broadband ISP Zen Internet UK Now Offering 2.3Gbps Package,https://www.ispreview.co.uk/index.php/2025/02/broadband-isp-zen-internet-uk-now-offering-2-3gbps-package.html,,0.0,,not_applicable,0,,0,,46,
ISPreview UK,2025-02-08,Streetwave UK Launch Map of Mobile Coverage and Speeds in Brent,https://www.ispreview.co.uk/index.php/2025/02/streetwave-uk-launch-map-of-mobile-coverage-and-speeds-in-brent.html,,0.0,,not_applicable,0,,0,,51,
ISPreview UK,2025-02-07,Netflix Hikes Prices for UK Customers of its Video Streaming Service,https://www.ispreview.co.uk/index.php/2025/02/netflix-hikes-prices-for-uk-customers-of-its-video-streaming-service.html,,0.0,,not_applicable,0,,0,,57,
ISPreview UK,2025-02-07,New Map Shows Project Gigabit Broadband Status in England and Wales,https://www.ispreview.co.uk/index.php/2025/02/new-map-shows-project-gigabit-broadband-status-in-england-and-wales.html,,0.0,,not_applicable,0,,0,,48,
ISPreview UK,2025-02-07,nPerf Ranks Fastest UK Fixed Broadband ISPs by Nation and Speed,https://www.ispreview.co.uk/index.php/2025/02/nperf-ranks-fastest-uk-fixed-broadband-isps-by-nation-and-speed.html,,0.0,,not_applicable,0,,0,,48,
ISPreview UK,2025-02-07,Broadband ISP Gigabit IQ Joins F&W Network’s UK Full Fibre Service,https://www.ispreview.co.uk/index.php/2025/02/broadband-isp-gigabit-iq-joins-fw-networks-uk-full-fibre-service.html,,0.0,,not_applicable,0,,0,,44,
ISPreview UK,2025-02-07,BT Group to Recruit 600 More UK Apprentices and Graduates in 2025,https://www.ispreview.co.uk/index.php/2025/02/bt-group-to-recruit-600-more-uk-apprentices-and-graduates-in-2025.html,,0.0,,not_applicable,0,,0,,49,
ISPreview UK,2025-02-07,UK ISP Plusnet Discounts 900Mbps FTTP Broadband to £37.99,https://www.ispreview.co.uk/index.php/2025/02/uk-isp-plusnet-discounts-900mbps-fttp-broadband-to-37-99.html,,0.0,,not_applicable,0,,0,,59,
ISPreview UK,2025-02-07,Jobs at Risk as Svella Connect and Virgin Media UK Work to Settle Dispute,https://www.ispreview.co.uk/index.php/2025/02/jobs-at-risk-as-svella-connect-and-virgin-media-uk-work-to-settle-dispute.html,,0.0,,not_applicable,0,,0,,56,
ISPreview UK,2025-02-06,Gov Expand CityFibre’s Project Gigabit Broadband Rollouts in 9 UK Contracts UPDATE2,https://www.ispreview.co.uk/index.php/2025/02/gov-expand-cityfibres-project-gigabit-broadband-rollouts-in-4-uk-regions.html,,0.0,,not_applicable,0,,0,,56,
ISPreview UK,2025-02-06,Quickline Helps Produce UK Kids Cartoon Book About Rural Broadband,https://www.ispreview.co.uk/index.php/2025/02/quickline-helps-produce-uk-kids-cartoon-book-about-rural-broadband.html,,0.0,,not_applicable,0,,0,,56,
ISPreview UK,2025-02-06,Virgin Media O2 to Create 100+ Early UK Career and Re-Training Opportunities,https://www.ispreview.co.uk/index.php/2025/02/virgin-media-o2-to-create-100-early-uk-career-and-re-training-opportunities.html,,0.0,,not_applicable,0,,0,,55,
ISPreview UK,2025-02-06,"Virgin Media UK and Nexfibre Build Full Fibre to 12,000 Exmouth Homes",https://www.ispreview.co.uk/index.php/2025/02/virgin-media-uk-and-nexfibre-build-full-fibre-to-12000-exmouth-homes.html,,0.0,,not_applicable,0,,0,,44,
ISPreview UK,2025-02-06,N.Ireland Assembly Blasts Broadband and Mobile Providers Over Storm Eowyn Response,https://www.ispreview.co.uk/index.php/2025/02/n-ireland-assembly-blasts-broadband-and-mobile-providers-over-storm-eowyn-response.html,,0.0,,not_applicable,0,,0,,55,
ISPreview UK,2025-02-05,Openreach and Nokia Claim UK’s First Live Test of 50Gbps Broadband UPDATE,https://www.ispreview.co.uk/index.php/2025/02/openreach-and-nokia-claim-uks-first-live-test-of-50gbps-broadband.html,,0.0,,not_applicable,0,,0,,40,
ISPreview UK,2025-02-05,Ookla Finds Starlink’s UK Broadband Speeds are Poor vs Europe,https://www.ispreview.co.uk/index.php/2025/02/ookla-finds-starlinks-uk-broadband-speeds-are-poor-vs-europe.html,,0.0,,not_applicable,0,,0,,55,
ISPreview UK,2025-02-05,Scottish Government Seeks Feedback on R100 Fibre Broadband Build,https://www.ispreview.co.uk/index.php/2025/02/scottish-government-seeks-feedback-on-r100-fibre-broadband-build.html,,0.0,,not_applicable,0,,0,,60,
ISPreview UK,2025-02-05,BT Sells Irish Wholesale and Business Unit to Speed Fibre Group,https://www.ispreview.co.uk/index.php/2025/02/bt-sells-irish-wholesale-and-business-unit-to-speed-fibre-group.html,,0.0,,not_applicable,0,,0,,56,
ISPreview UK,2025-02-05,First Homes Live on Freedom Fibre’s Shropshire UK Project Gigabit Broadband Build,https://www.ispreview.co.uk/index.php/2025/02/first-homes-live-on-freedom-fibres-shropshire-uk-project-gigabit-broadband-build.html,,0.0,,not_applicable,0,,0,,56,
ISPreview UK,2025-02-05,Virgin Media O2 UK Blocked 168 Million Suspected Fraud Texts Over Past 2 Years,https://www.ispreview.co.uk/index.php/2025/02/virgin-media-o2-uk-blocked-168-million-suspected-fraud-texts-over-past-2-years.html,,0.0,,not_applicable,0,,0,,51,
ISPreview UK,2025-02-04,UK ISP Sky Broadband and TV Confirms Price Increases for 2025 UPDATE3,https://www.ispreview.co.uk/index.php/2025/02/uk-isp-sky-broadband-and-tv-confirms-uk-price-increases-for-2025.html,,0.0,,not_applicable,0,,0,,60,
ISPreview UK,2025-02-04,Ofcom Propose to Auction Upper 1.4GHz Band for UK 4G and 5G Mobile UPDATE,https://www.ispreview.co.uk/index.php/2025/02/ofcom-propose-to-auction-upper-1-4ghz-band-for-uk-4g-and-5g-mobile.html,,0.0,,not_applicable,0,,0,,58,
ISPreview UK,2025-02-04,Octopus Energy Users Offered £200 Amazon Voucher for Taking Cuckoo Broadband,https://www.ispreview.co.uk/index.php/2025/02/octopus-energy-users-offered-200-amazon-voucher-for-taking-cuckoo-broadband.html,,0.0,,not_applicable,0,,0,,56,
ISPreview UK,2025-02-04,CityFibre UK Completes Primary FTTP Broadband Build in Bracknell,https://www.ispreview.co.uk/index.php/2025/02/cityfibre-uk-completes-primary-fttp-broadband-build-in-bracknell.html,,0.0,,not_applicable,0,,0,,42,
ISPreview UK,2025-02-04,GoFibre Quirkily Compares its UK Rural Broadband Speeds to Major World Cities,https://www.ispreview.co.uk/index.php/2025/02/gofibre-quirkily-compares-its-rural-broadband-speeds-to-major-international-cities.html,,0.0,,not_applicable,0,,0,,57,
ISPreview UK,2025-02-04,RootMetrics Test Names EE as BEST UK Mobile Network for H2 2024,https://www.ispreview.co.uk/index.php/2025/02/rootmetrics-test-names-ee-as-best-uk-mobile-network-for-h2-2024.html,,0.0,,not_applicable,0,,0,,57,
ISPreview UK,2025-02-04,Vodafone UK Surge to 1.55 Million Broadband Users as Mobile Falls to 18.3M,https://www.ispreview.co.uk/index.php/2025/02/vodafone-uk-surge-to-1-55-million-broadband-users-as-mobile-falls-to-18-3m.html,,0.0,,not_applicable,0,,0,,66,
ISPreview UK,2025-02-04,Broadband ISP Grain to Rollout its UK Full Fibre Network into Bury,https://www.ispreview.co.uk/index.php/2025/02/broadband-isp-grain-to-rollout-its-uk-full-fibre-network-into-bury.html,,0.0,,not_applicable,0,,0,,42,
ISPreview UK,2025-02-03,New West of England Digital Office Looks to Boost Broadband Investment,https://www.ispreview.co.uk/index.php/2025/02/new-west-of-england-digital-office-looks-to-boost-broadband-investment.html,,0.0,,not_applicable,0,,0,,62,
ISPreview UK,2025-02-03,Government Invests £16m to Help Develop LEO Broadband Satellite Tech,https://www.ispreview.co.uk/index.php/2025/02/government-invests-16m-to-help-develop-leo-broadband-satellite-tech.html,,0.0,,not_applicable,0,,0,,50,
ISPreview UK,2025-02-03,Ofcom Grant UK Licence for Amazon’s Project Kuiper Broadband Satellites,https://www.ispreview.co.uk/index.php/2025/02/ofcom-grant-uk-licence-for-amazons-project-kuiper-broadband-satellites.html,,0.0,,not_applicable,0,,0,,57,
ISPreview UK,2025-02-03,Westminster City Council Trials Free Connected London WiFi Service,https://www.ispreview.co.uk/index.php/2025/02/westminster-city-council-trials-free-connected-london-wifi-service.html,,0.0,,not_applicable,0,,0,,53,
ISPreview UK,2025-02-03,Roughly 4 to 5 Starlink LEO Broadband Satellites Now Burning Up Per Day,https://www.ispreview.co.uk/index.php/2025/02/roughly-4-to-5-starlink-leo-broadband-satellites-now-burning-up-per-day.html,,0.0,,not_applicable,0,,0,,61,
ISPreview UK,2025-02-03,Broadband ISP Grain Pledges UK Package Price Freeze Until 2027,https://www.ispreview.co.uk/index.php/2025/02/broadband-isp-grain-pledges-uk-package-price-freeze-until-2027.html,,0.0,,not_applicable,0,,0,,55,
ISPreview UK,2025-02-03,Toob Expand Cheap Gigabit Broadband to 16 New UK Locations and Add 150Mbps Plan,https://www.ispreview.co.uk/index.php/2025/02/toob-expand-cheap-gigabit-broadband-to-16-new-uk-locations-and-add-150mbps-plan.html,,0.0,,not_applicable,0,,0,,56,
ISPreview UK,2025-02-02,Gov Reportedly Looking to Cut Support for £1bn Rural UK 4G Mobile Rollout,https://www.ispreview.co.uk/index.php/2025/02/gov-reportedly-looking-to-cut-support-for-1bn-rural-uk-4g-mobile-rollout.html,,0.0,,not_applicable,0,,0,,56,
ISPreview UK,2025-02-01,Openreach Reveal Storm Eowyn Badly Damaged Over 500 UK Telecoms Poles,https://www.ispreview.co.uk/index.php/2025/02/openreach-reveals-storm-eowyn-badly-damaged-over-500-uk-telecoms-poles.html,,0.0,,not_applicable,0,,0,,55,
ISPreview UK,2025-01-31,Wireless and Full Fibre Broadband ISP Orbital Net Acquires ClubWifi,https://www.ispreview.co.uk/index.php/2025/01/wireless-and-full-fibre-broadband-isp-orbital-net-acquires-clubwifi.html,,0.0,,not_applicable,0,,0,,55,
ISPreview UK,2025-01-31,Ofcom Probes Deeper into Flaws of New UK Broadband Switching Process,https://www.ispreview.co.uk/index.php/2025/01/ofcom-probes-deeper-into-flaws-of-new-uk-broadband-switching-process.html,,0.0,,not_applicable,0,,0,,61,
ISPreview UK,2025-01-31,Quickline Connect First North Yorkshire Homes Under Gigabit Broadband Contract,https://www.ispreview.co.uk/index.php/2025/01/quickline-connect-first-north-yorkshire-homes-under-gigabit-broadband-contract.html,,0.0,,not_applicable,0,,0,,51,
ISPreview UK,2025-01-31,New Kent UK Homeowners Criticise Persimmon Over FTTP Broadband Monopoly,https://www.ispreview.co.uk/index.php/2025/01/new-kent-uk-homeowners-criticise-persimmon-over-fttp-broadband-monopoly.html,,0.0,,not_applicable,0,,0,,56,
ISPreview UK,2025-01-30,UK Remains Top of G7 Focused Digital Connectivity Readiness Index,https://www.ispreview.co.uk/index.php/2025/01/uk-remains-top-of-g7-focused-digital-connectivity-readiness-index.html,,0.0,,not_applicable,0,,0,,58,
ISPreview UK,2025-01-30,"Virgin Media O2 UK to Donate 12,000 Smartphones in 2025",https://www.ispreview.co.uk/index.php/2025/01/virgin-media-o2-uk-to-donate-12000-smartphones-in-2025.html,,0.0,,not_applicable,0,,0,,52,
ISPreview UK,2025-01-30,30 Government Funded 4G Mobile UK Mast Upgrades Now Live,https://www.ispreview.co.uk/index.php/2025/01/30-government-funded-4g-mobile-uk-mast-upgrades-now-live.html,,0.0,,not_applicable,0,,0,,57,
ISPreview UK,2025-01-30,"BT Group Report Loss of 208,000 Total Openreach UK Broadband Lines",https://www.ispreview.co.uk/index.php/2025/01/bt-group-report-loss-of-208000-total-openreach-uk-broadband-lines.html,,0.0,,not_applicable,0,,0,,70,
ISPreview UK,2025-01-29,Vodafone UK Beat Starlink with First Mobile to Mobile Video Call via Satellite,https://www.ispreview.co.uk/index.php/2025/01/vodafone-uk-beat-starlink-with-first-mobile-to-mobile-video-call-via-satellite.html,,0.0,,not_applicable,0,,0,,51,
ISPreview UK,2025-01-29,BT Propose to Cut up to 90 Jobs from Belfast HQ in Northern Ireland,https://www.ispreview.co.uk/index.php/2025/01/bt-propose-to-cut-up-to-90-jobs-from-belfast-hq-in-northern-ireland.html,,0.0,,not_applicable,0,,0,,51,
ISPreview UK,2025-01-29,GCON Pumps Extra £6.2m into UK Gigabit Broadband ISP Voneus UPDATE,https://www.ispreview.co.uk/index.php/2025/01/gcon-pumps-extra-6-2m-into-uk-gigabit-broadband-isp-voneus.html,,0.0,,not_applicable,0,,0,,44,
ISPreview UK,2025-01-29,Ofcom Publish 8th Annual Report into UK Net Neutrality Issues,https://www.ispreview.co.uk/index.php/2025/01/ofcom-publish-8th-annual-report-into-uk-net-neutrality-issues.html,,0.0,,not_applicable,0,,0,,51,
ISPreview UK,2025-01-29,Neos Networks to Lead Gigabit Broadband Upgrade in Notts and Derbyshire UK,https://www.ispreview.co.uk/index.php/2025/01/neos-networks-to-lead-gigabit-broadband-upgrade-in-notts-and-derbyshire-uk.html,,0.0,,not_applicable,0,,0,,52,
ISPreview UK,2025-01-29,Comms Council UK and NTS to Help Crackdown on Telephone Fraud,https://www.ispreview.co.uk/index.php/2025/01/comms-council-uk-and-nts-to-help-crackdown-on-telephone-fraud.html,,0.0,,not_applicable,0,,0,,42,
ISPreview UK,2025-01-29,UK Phones Providers Introduce Tougher Blocking of Foreign Scam Calls,https://www.ispreview.co.uk/index.php/2025/01/uk-phones-providers-introduce-tougher-blocking-of-foreign-scam-calls.html,,0.0,,not_applicable,0,,0,,52,
ISPreview UK,2025-01-29,Analyst Warns Mergers Between Smaller UK Broadband Altnets are Not Enough,https://www.ispreview.co.uk/index.php/2025/01/analyst-warns-mergers-between-smaller-uk-broadband-altnets-is-not-enough.html,,0.0,,not_applicable,0,,0,,57,
ISPreview UK,2025-01-28,Competition Watchdog Finds UK Cloud Market “not working as well as it could”,https://www.ispreview.co.uk/index.php/2025/01/competition-watchdog-finds-competition-concerns-in-uk-cloud-market.html,,0.0,,not_applicable,0,,0,,56,
ISPreview UK,2025-01-28,Home Broadband ISP iTalk Launch New UK Full Fibre Packages,https://www.ispreview.co.uk/index.php/2025/01/home-broadband-isp-italk-launch-new-uk-full-fibre-packages.html,,0.0,,not_applicable,0,,0,,57,
ISPreview UK,2025-01-28,Ofcom UK Propose to Cap the Wholesale Price of Bulk Business Texts,https://www.ispreview.co.uk/index.php/2025/01/ofcom-uk-propose-to-cap-the-wholesale-price-of-bulk-business-texts.html,,0.0,,not_applicable,0,,0,,54,
ISPreview UK,2025-01-28,O2 UK Use Starlink to Bring 4G Mobile to Rural Village of Craster UPDATE,https://www.ispreview.co.uk/index.php/2025/01/o2-uk-use-starlink-to-bring-4g-mobile-to-rural-village-of-craster.html,,0.0,,not_applicable,0,,0,,54,
ISPreview UK,2025-01-28,Liberty Global and Juniper Networks Test New Multi Cloud Tech in the UK,https://www.ispreview.co.uk/index.php/2025/01/liberty-global-and-juniper-networks-test-new-multi-cloud-tech-in-the-uk.html,,0.0,,not_applicable,0,,0,,54,
ISPreview UK,2025-01-28,"Scotland Tenders for £43m Gigabit Broadband Rollout in Fife, Perth and Kinross",https://www.ispreview.co.uk/index.php/2025/01/scotland-tenders-for-43m-gigabit-broadband-rollout-in-fife-perth-and-kinross.html,,0.0,,not_applicable,0,,0,,53,
ISPreview UK,2025-01-27,Cross-Party Inquiry Examines Threats to Undersea UK Internet Cables,https://www.ispreview.co.uk/index.php/2025/01/cross-party-inquiry-examines-threats-to-undersea-uk-internet-cables.html,,0.0,,not_applicable,0,,0,,46,
ISPreview UK,2025-01-27,Three UK and Virgin Media O2 Partner to Launch RCS Business Messaging,https://www.ispreview.co.uk/index.php/2025/01/three-uk-and-virgin-media-o2-partner-to-launch-rcs-business-messaging.html,,0.0,,not_applicable,0,,0,,48,
ISPreview UK,2025-01-27,Freshwave Deploy 4G Mobile to Firms in London Skyscraper 8 Bishopsgate,https://www.ispreview.co.uk/index.php/2025/01/freshwave-deploy-4g-mobile-to-firms-in-london-skyscraper-8-bishopsgate.html,,0.0,,not_applicable,0,,0,,44,
ISPreview UK,2025-01-27,Broadband Networks Zzoomm and FullFibre Limited Agree UK Merger,https://www.ispreview.co.uk/index.php/2025/01/broadband-networks-zzoomm-and-fullfibre-limited-agree-uk-merger.html,,0.0,,not_applicable,0,,0,,50,
ISPreview UK,2025-01-27,Data Suggests Storm Eowyn Caused Severe Decline in UK Mobile Connectivity,https://www.ispreview.co.uk/index.php/2025/01/data-shows-storm-eowyn-caused-severe-decline-in-uk-mobile-connectivity.html,,0.0,,not_applicable,0,,0,,51,
ISPreview UK,2025-01-27,Full Fibre Broadband Network Hyperoptic Suffers More UK Job Cuts,https://www.ispreview.co.uk/index.php/2025/01/full-fibre-broadband-network-hyperoptic-suffers-more-uk-job-cuts.html,,0.0,,not_applicable,0,,0,,63,
ISPreview UK,2025-01-25,Budget Broadband ISP TalkTalk Probes Possible UK Data Breach,https://www.ispreview.co.uk/index.php/2025/01/budget-broadband-isp-talktalk-probes-possible-uk-data-breach.html,,0.0,,not_applicable,0,,0,,45,
ISPreview UK,2025-01-25,Police Arrest After Protestors Cut Vital Fibre Optic Cables in UK Cities,https://www.ispreview.co.uk/index.php/2025/01/police-arrest-after-protestors-cut-vital-fibre-optic-cables-in-uk-cities.html,,0.0,,not_applicable,0,,0,,55,
ISPreview UK,2025-01-24,BT Urges Critical Infrastructure Providers to Get Off UK Copper Network,https://www.ispreview.co.uk/index.php/2025/01/bt-urges-critical-infrastructure-providers-to-get-off-uk-copper-network.html,,0.0,,not_applicable,0,,0,,53,
ISPreview UK,2025-01-24,Shire Fibre Seek Code Powers to Support Shropshire UK Full Fibre Rollout,https://www.ispreview.co.uk/index.php/2025/01/shire-fibre-seek-code-powers-to-support-shropshire-uk-full-fibre-rollout.html,,0.0,,not_applicable,0,,0,,49,
ISPreview UK,2025-01-24,nPerf Name EE as the UK Fastest Mobile Network in 2025 Benchmark,https://www.ispreview.co.uk/index.php/2025/01/nperf-award-ee-as-the-uk-fastest-mobile-network-in-2025-benchmark.html,,0.0,,not_applicable,0,,0,,54,
ISPreview UK,2025-01-24,ITS Technology Launch 5Gbps Speeds via Ethernet over FTTP Service,https://www.ispreview.co.uk/index.php/2025/01/its-technology-launch-5gbps-speeds-via-fttp-over-ethernet-service.html,,0.0,,not_applicable,0,,0,,45,
ISPreview UK,2025-01-24,Broadband Altnet Toob Ranks 4th in Sunday Times 100 Tech List,https://www.ispreview.co.uk/index.php/2025/01/broadband-altnet-toob-ranks-4th-in-sunday-times-100-tech-list.html,,0.0,,not_applicable,0,,0,,51,
ISPreview UK,2025-01-24,"EE Miles Ahead of O2, Three UK and Vodafone for 5G Mobile Availability",https://www.ispreview.co.uk/index.php/2025/01/ee-miles-ahead-of-o2-three-uk-and-vodafone-for-5g-mobile-availability.html,,0.0,,not_applicable,0,,0,,54,
ISPreview UK,2025-01-23,Openreach to Stop Selling 40Mbps FTTC Broadband Tier on 24th April,https://www.ispreview.co.uk/index.php/2025/01/openreach-to-stop-selling-40mbps-fttc-broadband-tier-on-24th-april.html,,0.0,,not_applicable,0,,0,,51,
ISPreview UK,2025-01-23,Mobile Network Operator Three UK Suffers Calling Outage UPDATE7,https://www.ispreview.co.uk/index.php/2025/01/mobile-network-operator-three-uk-suffers-calling-outage.html,,0.0,,not_applicable,0,,0,,52,
ISPreview UK,2025-01-23,Broadband Operators Warned to Brace for Storm Eowyn on Friday,https://www.ispreview.co.uk/index.php/2025/01/broadband-operators-warned-to-brace-for-storm-eowyn-on-friday.html,,0.0,,not_applicable,0,,0,,58,
ISPreview UK,2025-01-23,LONAP Internet Exchange Cuts UK Pricing of Port Fees,https://www.ispreview.co.uk/index.php/2025/01/lonap-internet-exchange-cuts-uk-pricing-of-port-fees.html,,0.0,,not_applicable,0,,0,,56,
ISPreview UK,2025-01-23,O2 UK Reveals First Insights from AI Granny Created to Waste Scammers Time,https://www.ispreview.co.uk/index.php/2025/01/o2-uk-reveals-first-insights-from-ai-granny-created-to-waste-scammers-time.html,security_fraud_threat,0.95,security_fraud_threat,positive,3,"AI,human-like AI,chatbot",1,AI,62,"O2 UK has deployed a human‑like AI granny chatbot, Daisy, to engage and occupy scam callers, diverting them from customers and protecting revenue. The bot has already chatted with over 1,000 fraudsters, demonstrating its effectiveness in wasting scammers' time and enhancing security."
ISPreview UK,2025-01-23,"FarrPoint Find UK Councils Prioritise Gigabit Broadband, Ignore Data Centres",https://www.ispreview.co.uk/index.php/2025/01/farrpoint-find-uk-councils-prioritise-gigabit-broadband-ignore-data-centres.html,,0.0,,not_applicable,0,,0,,56,
ISPreview UK,2025-01-23,Virgin Media O2 and Ontix Expand 4G Mobile Small Cells in Birmingham,https://www.ispreview.co.uk/index.php/2025/01/virgin-media-o2-and-ontix-expand-4g-mobile-small-cells-in-birmingham.html,,0.0,,not_applicable,0,,0,,47,
ISPreview UK,2025-01-23,Anger After CityFibre Builds UK Broadband Cabinet on Private Garden,https://www.ispreview.co.uk/index.php/2025/01/anger-after-cityfibre-builds-uk-broadband-cabinet-on-private-garden.html,,0.0,,not_applicable,0,,0,,51,
ISPreview UK,2025-01-22,CityFibre Improves Testing of UK Full Fibre Network with EXFO Exchange,https://www.ispreview.co.uk/index.php/2025/01/cityfibre-improves-testing-of-uk-full-fibre-network-with-exfo-exchange.html,,0.0,,not_applicable,0,,0,,52,
ISPreview UK,2025-01-22,Openreach Expand FTTP Broadband to Half of Scotland – 1.45 Million Premises,https://www.ispreview.co.uk/index.php/2025/01/openreach-expand-fttp-broadband-to-half-of-scotland-1-45-million-premises.html,,0.0,,not_applicable,0,,0,,47,
ISPreview UK,2025-01-22,"Virgin Media UK and Nexfibre Expand Full Fibre to 8,000 Northallerton Homes",https://www.ispreview.co.uk/index.php/2025/01/virgin-media-uk-and-nexfibre-expand-full-fibre-to-8000-northallerton-homes.html,,0.0,,not_applicable,0,,0,,50,
ISPreview UK,2025-01-22,Broadband ISP Wildanet Offers Discounts to Blue Light Card Holders,https://www.ispreview.co.uk/index.php/2025/01/broadband-isp-wildanet-offers-discounts-to-blue-light-card-holders.html,,0.0,,not_applicable,0,,0,,56,
ISPreview UK,2025-01-22,BT Wholesale Retires UK Broadband ISP Speed Tester Service,https://www.ispreview.co.uk/index.php/2025/01/bt-wholesale-retires-uk-broadband-isp-speed-tester-service.html,,0.0,,not_applicable,0,,0,,63,
ISPreview UK,2025-01-21,Sky Broadband Users in West Yorkshire Suffer Unusual Connectivity Woes UPDATE,https://www.ispreview.co.uk/index.php/2025/01/sky-broadband-users-in-west-yorkshire-suffer-unusual-connectivity-woes.html,,0.0,,not_applicable,0,,0,,51,
ISPreview UK,2025-01-21,New Report Makes the Case for Global and UK Telco Sector to Adopt AI,https://www.ispreview.co.uk/index.php/2025/01/new-report-makes-the-case-for-global-and-uk-telco-sector-to-adopt-ai.html,,0.0,,neutral,1,AI,1,AI,58,
ISPreview UK,2025-01-21,"GoFibre Complete FTTP Broadband Build in Hawick, Sees Strong Early Take-up",https://www.ispreview.co.uk/index.php/2025/01/gofibre-complete-fttp-broadband-build-in-hawick-sees-strong-early-take-up.html,,0.0,,not_applicable,0,,0,,65,
ISPreview UK,2025-01-20,Virgin Media Business Start Offering Ethernet via New Converged UK Network,https://www.ispreview.co.uk/index.php/2025/01/virgin-media-business-start-offering-ethernet-via-new-converged-uk-network.html,,0.0,,not_applicable,0,,0,,40,
ISPreview UK,2025-01-20,CityFibre UK Starts Project Gigabit Broadband Roll Out for Kent,https://www.ispreview.co.uk/index.php/2025/01/cityfibre-uk-starts-project-gigabit-broadband-roll-out-for-kent.html,,0.0,,not_applicable,0,,0,,46,
ISPreview UK,2025-01-20,Broadband ISP Aquiss Introduce FullFibre Ltd Based FTTP Packages,https://www.ispreview.co.uk/index.php/2025/01/broadband-isp-aquiss-introduce-fullfibre-ltd-based-fttp-packages.html,,0.0,,not_applicable,0,,0,,49,
ISPreview UK,2025-01-20,UK Still Trails Most of EU with Poor Level of 5G Mobile Availability UPDATE,https://www.ispreview.co.uk/index.php/2025/01/uk-still-trails-most-of-eu-with-poor-level-of-5g-mobile-availability.html,,0.0,,not_applicable,0,,0,,58,
ISPreview UK,2025-01-20,Netomnia Builds UK FTTP Broadband Coverage to 2.08 Million Premises,https://www.ispreview.co.uk/index.php/2025/01/netomnia-builds-uk-fttp-broadband-coverage-to-2-08-million-premises.html,,0.0,,not_applicable,0,,0,,51,
ISPreview UK,2025-01-20,Some Vodafone UK Broadband Users Struggling to Claim Switching Credit UPDATE,https://www.ispreview.co.uk/index.php/2025/01/some-vodafone-uk-broadband-users-struggling-to-claim-switching-credit.html,,0.0,,not_applicable,0,,0,,60,
ISPreview UK,2025-01-18,ICO Confirms it’s Still Investigating Lyca Mobile UK’s 2023 Data Breach,https://www.ispreview.co.uk/index.php/2025/01/ico-confirms-its-still-investigating-lyca-mobile-uks-2023-data-breach.html,,0.0,,not_applicable,0,,0,,54,
ISPreview UK,2025-01-17,EXA Infrastructure Reaches Agreement to Acquire Aqua Comms,https://www.ispreview.co.uk/index.php/2025/01/exa-infrastructure-reaches-agreement-to-acquire-aqua-comms.html,,0.0,,not_applicable,0,,0,,47,
ISPreview UK,2025-01-17,Openreach List 163 More UK Areas for Copper to FTTP Switch – Tranche 19 UPDATE,https://www.ispreview.co.uk/index.php/2025/01/openreach-list-163-more-uk-areas-for-copper-to-fttp-switch-tranche-19.html,,0.0,,not_applicable,0,,0,,58,
ISPreview UK,2025-01-17,Ofcom Propose to Make More Wireless Devices Licence Exempt,https://www.ispreview.co.uk/index.php/2025/01/ofcom-propose-to-make-more-wireless-devices-licence-exempt.html,,0.0,,not_applicable,0,,0,,53,
ISPreview UK,2025-01-17,Three UK Picks Ericsson to Build New Cloud Native Core Network,https://www.ispreview.co.uk/index.php/2025/01/three-uk-picks-ericsson-to-build-new-cloud-native-core-network.html,,0.0,,not_applicable,0,,0,,45,
ISPreview UK,2025-01-17,Sky UK Shifts Sky Cinema Customers to Paramount+ Basic (with ads) Plan,https://www.ispreview.co.uk/index.php/2025/01/sky-uk-shifts-sky-cinema-customers-to-paramount-basic-with-ads-plan.html,,0.0,,not_applicable,0,,0,,59,
ISPreview UK,2025-01-17,Zen Internet Claim a Third of Brits Unaware of Analogue Phone Switch-off,https://www.ispreview.co.uk/index.php/2025/01/zen-internet-warn-a-third-of-brits-unaware-of-analogue-uk-phone-switch-off.html,,0.0,,not_applicable,0,,0,,52,
ISPreview UK,2025-01-17,Three UK Provide Brief Progress Update on 3G Mobile Switch Off,https://www.ispreview.co.uk/index.php/2025/01/three-uk-provide-brief-progress-update-on-3g-mobile-switch-off.html,,0.0,,not_applicable,0,,0,,62,
ISPreview UK,2025-01-16,Dorset UK Council Celebrate Completion of £23.6m Broadband Project,https://www.ispreview.co.uk/index.php/2025/01/dorset-uk-council-celebrate-completion-of-23-6m-broadband-project.html,,0.0,,not_applicable,0,,0,,48,
ISPreview UK,2025-01-16,BT Confirms Revised Annual Mid-Contract Price Hikes Policy for 2025,https://www.ispreview.co.uk/index.php/2025/01/bt-confirms-revised-annual-mid-contract-price-hikes-policy-for-2025.html,,0.0,,not_applicable,0,,0,,59,
ISPreview UK,2025-01-16,Netgem TV Adds Sports Channels via Supporting UK Broadband ISPs,https://www.ispreview.co.uk/index.php/2025/01/netgem-tv-adds-sports-channels-for-supporting-uk-broadband-isps.html,,0.0,,not_applicable,0,,0,,62,
ISPreview UK,2025-01-16,Report Examines Customer Take-up of Openreach vs AltNet Broadband ISPs UPDATE,https://www.ispreview.co.uk/index.php/2025/01/report-examines-customer-take-up-of-openreach-vs-altnet-broadband-isps.html,,0.0,,not_applicable,0,,0,,55,
ISPreview UK,2025-01-16,Ofcom Begin Process of Imposing Age Verification on UK Internet Sites,https://www.ispreview.co.uk/index.php/2025/01/ofcom-begin-process-of-imposing-age-verification-on-uk-internet-sites.html,,0.0,,not_applicable,0,,0,,56,
ISPreview UK,2025-01-16,BT’s First Real-World UK Deployment of 5G Standalone Network Slicing,https://www.ispreview.co.uk/index.php/2025/01/bt-in-first-real-world-uk-deployment-of-5g-standalone-network-slicing.html,,0.0,,not_applicable,0,,0,,42,
ISPreview UK,2025-01-16,Neos Networks Helps LightSpeed Expand UK FTTP Broadband Network,https://www.ispreview.co.uk/index.php/2025/01/neos-networks-helps-lightspeed-expand-uk-fttp-broadband-network.html,,0.0,,not_applicable,0,,0,,56,
ISPreview UK,2025-01-16,BT Scrap Pilot to Convert Openreach UK Broadband Cabinets to EV Chargers,https://www.ispreview.co.uk/index.php/2025/01/bt-scrap-pilot-to-convert-openreach-uk-broadband-cabinets-to-ev-chargers.html,,0.0,,not_applicable,0,,0,,60,
ISPreview UK,2025-01-16,Ofcom Enforce BAN on Some Mid-Contract UK Broadband Price Hikes,https://www.ispreview.co.uk/index.php/2025/01/ofcom-enforce-ban-on-some-mid-contract-uk-broadband-price-hikes.html,,0.0,,not_applicable,0,,0,,55,
ISPreview UK,2025-01-15,Millions of VPN Servers and Routers Exposed to New Tunnelling Protocol Vulnerabilities,https://www.ispreview.co.uk/index.php/2025/01/millions-of-vpn-servers-and-routers-exposed-to-new-tunnelling-protocol-vulnerabilities.html,,0.0,,not_applicable,0,,0,,58,
ISPreview UK,2025-01-15,Altnet ISP Lightning Fibre Refreshes UK Broadband Plans and Prices,https://www.ispreview.co.uk/index.php/2025/01/altnet-isp-lightning-fibre-refreshes-uk-broadband-plans-and-prices.html,,0.0,,not_applicable,0,,0,,47,
ISPreview UK,2025-01-15,Broadband ISP Virgin Media UK to Upgrade Community Forum UPDATE,https://www.ispreview.co.uk/index.php/2025/01/broadband-isp-virgin-media-uk-to-upgrade-community-forum.html,,0.0,,not_applicable,0,,0,,52,
ISPreview UK,2025-01-15,Ofcom to Improve Handling of UK Broadband and Phone Complaints UPDATE,https://www.ispreview.co.uk/index.php/2025/01/ofcom-to-improve-handling-of-uk-broadband-and-phone-complaints.html,,0.0,,not_applicable,0,,0,,41,
ISPreview UK,2025-01-15,ACOME Claims to Slash Fibre Optic Cable Waste via New System,https://www.ispreview.co.uk/index.php/2025/01/acome-claims-to-slash-fibre-optic-cable-waste-via-new-system.html,,0.0,,not_applicable,0,,0,,58,
ISPreview UK,2025-01-15,FTTH Council Europe Summarises Copper Switch Off Progress by Country,https://www.ispreview.co.uk/index.php/2025/01/ftth-council-europe-summarises-copper-switch-off-progress-by-country.html,,0.0,,not_applicable,0,,0,,60,
ISPreview UK,2025-01-15,London Internet Exchange Updates Pricing Structure for 2025,https://www.ispreview.co.uk/index.php/2025/01/london-internet-exchange-updates-pricing-structure-for-2025.html,,0.0,,not_applicable,0,,0,,54,
ISPreview UK,2025-01-15,Lyca Mobile UK Simplifies Billing by Partnering with Revolut Pay,https://www.ispreview.co.uk/index.php/2025/01/lyca-mobile-uk-simplifies-billing-by-partnering-with-revolut-pay.html,,0.0,,not_applicable,0,,0,,60,
ISPreview UK,2025-01-15,"Virgin Media UK and Nexfibre Expand Full Fibre to 9,000 Homes in Bath",https://www.ispreview.co.uk/index.php/2025/01/virgin-media-uk-and-nexfibre-expand-full-fibre-to-9000-homes-in-bath.html,,0.0,,not_applicable,0,,0,,49,
ISPreview UK,2025-01-15,DCC and Vodafone Begin UK Trial of New 4G Energy Smart Meter Upgrade,https://www.ispreview.co.uk/index.php/2025/01/dcc-and-vodafone-begin-uk-trial-of-new-4g-energy-smart-meter-upgrade.html,,0.0,,not_applicable,0,,0,,50,
ISPreview UK,2025-01-14,A Spider Surprise for One of Openreach’s Engineers in Staffordshire,https://www.ispreview.co.uk/index.php/2025/01/a-spider-surprise-for-one-of-openreachs-engineers-in-staffordshire.html,,0.0,,not_applicable,0,,0,,67,
ISPreview UK,2025-01-14,Pulse Fibre to Deploy FTTP Broadband to Entity Connect’s New Homes,https://www.ispreview.co.uk/index.php/2025/01/pulse-fibre-to-deploy-fttp-broadband-to-entity-connects-new-homes.html,,0.0,,not_applicable,0,,0,,55,
ISPreview UK,2025-01-14,Study Reveals Mobile Data Performance on Manchester to Cardiff Train,https://www.ispreview.co.uk/index.php/2025/01/study-reveals-mobile-data-performance-on-manchester-to-cardiff-train.html,,0.0,,not_applicable,0,,0,,48,
ISPreview UK,2025-01-14,Nexfibre Sets Out Demands for Ofcom’s UK Telecoms Access Review,https://www.ispreview.co.uk/index.php/2025/01/nexfibre-sets-out-demands-for-ofcoms-uk-telecoms-access-review.html,,0.0,,not_applicable,0,,0,,56,
ISPreview UK,2025-01-14,Four Broadband and Mobile Providers Named in Top 50 for UK Customer Satisfaction,https://www.ispreview.co.uk/index.php/2025/01/four-broadband-and-mobile-providers-named-in-uk-customer-satisfaction-top-50.html,,0.0,,not_applicable,0,,0,,52,
ISPreview UK,2025-01-14,Sky Stream Box Briefly Gains Option to Add Terrestrial UK TV Channels UPDATE,https://www.ispreview.co.uk/index.php/2025/01/sky-stream-box-briefly-gains-option-to-add-terrestrial-uk-tv-channels.html,,0.0,,not_applicable,0,,0,,61,
ISPreview UK,2025-01-13,Broadband ISP KCOM Awards Another £30k of Digital Inclusion Grants,https://www.ispreview.co.uk/index.php/2025/01/broadband-isp-kcom-awards-another-30k-of-digital-inclusion-grants.html,,0.0,,not_applicable,0,,0,,57,
ISPreview UK,2025-01-13,BDUK Publish Early Evaluation of Gigabit Broadband Subsidy Scheme,https://www.ispreview.co.uk/index.php/2025/01/bduk-publish-early-evaluation-of-gigabit-broadband-subsidy-scheme.html,,0.0,,not_applicable,0,,0,,50,
ISPreview UK,2025-01-13,Poor Broadband May Hamper Dorset Council’s Cost Cutting Drive Toward Digital,https://www.ispreview.co.uk/index.php/2025/01/poor-broadband-may-hamper-dorset-councils-cost-cutting-drive-toward-digital.html,other,0.95,other,neutral,1,AI,0,,63,
ISPreview UK,2025-01-13,O2 to Start UK 3G Mobile Switch Off in City of Durham in April 2025,https://www.ispreview.co.uk/index.php/2025/01/o2-uk-to-start-3g-mobile-switch-off-in-city-of-durham-in-april-2025.html,,0.0,,not_applicable,0,,0,,55,
ISPreview UK,2025-01-13,Mobile Operator EE Sets Out UK Approach to Future 2G Switch Off,https://www.ispreview.co.uk/index.php/2025/01/mobile-operator-ee-sets-out-uk-approach-to-future-2g-switch-off.html,,0.0,,not_applicable,0,,0,,66,
ISPreview UK,2025-01-13,Cost Cutting Sees UK ISP TalkTalk Scale Back Support for Internet Matters,https://www.ispreview.co.uk/index.php/2025/01/cost-cutting-sees-uk-isp-talktalk-scale-back-support-for-internet-matters.html,,0.0,,not_applicable,0,,0,,54,
ISPreview UK,2025-01-11,Altnet UK Broadband Provider Fibrus Confirms More Job Cuts,https://www.ispreview.co.uk/index.php/2025/01/altnet-uk-broadband-provider-fibrus-confirms-more-job-cuts.html,,0.0,,not_applicable,0,,0,,52,
ISPreview UK,2025-01-11,Three UK Still Fastest for 5G Mobile Broadband in Ookla H2 2024 Study,https://www.ispreview.co.uk/index.php/2025/01/three-uk-still-fastest-for-5g-mobile-broadband-in-ookla-h2-2024-study.html,,0.0,,not_applicable,0,,0,,55,
ISPreview UK,2025-01-10,TOTSCo Updates on Development of UK Business Broadband ISP Switching,https://www.ispreview.co.uk/index.php/2025/01/totsco-updates-on-development-of-uk-business-broadband-isp-switching.html,,0.0,,not_applicable,0,,0,,48,
ISPreview UK,2025-01-10,Three UK Discounts Unlimited 5G Home Broadband Service to £19,https://www.ispreview.co.uk/index.php/2025/01/three-uk-discounts-unlimited-5g-home-broadband-service-to-19.html,,0.0,,not_applicable,0,,0,,56,
ISPreview UK,2025-01-10,Swansea Bay City Deal Seeks Support for Better Broadband Infill Project,https://www.ispreview.co.uk/index.php/2025/01/swansea-bay-city-deal-seeks-support-for-better-broadband-infill-project.html,,0.0,,not_applicable,0,,0,,50,
ISPreview UK,2025-01-09,Customers Report Problems with Vodafone’s Roaming Service,https://www.ispreview.co.uk/index.php/2025/01/customers-report-problems-with-vodafones-roaming-service.html,,0.0,,not_applicable,0,,0,,52,
ISPreview UK,2025-01-09,Survey Claims 4.3 Million UK People May Lose O2 Data Access After 3G Switch Off UPDATE,https://www.ispreview.co.uk/index.php/2025/01/survey-claims-4-3-million-uk-people-may-lose-o2-data-access-after-3g-switch-off.html,,0.0,,not_applicable,0,,0,,58,
ISPreview UK,2025-01-09,Broadband Users on CityFibre’s UK Network Suffer Nokia ONT Problems UPDATE2,https://www.ispreview.co.uk/index.php/2025/01/broadband-users-on-cityfibres-uk-network-suffer-nokia-ont-problems.html,,0.0,,not_applicable,0,,0,,50,
ISPreview UK,2025-01-09,UK Internet Domain Registry Nominet Suffers Cyber Attack,https://www.ispreview.co.uk/index.php/2025/01/uk-internet-domain-registry-nominet-suffers-cyber-attack.html,,0.0,,not_applicable,0,,0,,47,
ISPreview UK,2025-01-09,CityFibre Begins Project Gigabit Broadband Roll Out for Sussex,https://www.ispreview.co.uk/index.php/2025/01/cityfibre-begins-project-gigabit-broadband-roll-out-for-sussex.html,,0.0,,not_applicable,0,,0,,51,
ISPreview UK,2025-01-09,Nexfibre’s UK Full Fibre Broadband Build Covers 2 Million Premises UPDATE2,https://www.ispreview.co.uk/index.php/2025/01/nexfibres-uk-full-fibre-broadband-build-covers-2-million-premises.html,,0.0,,not_applicable,0,,0,,59,
ISPreview UK,2025-01-09,"BT Make Largest Ever UK Commercial EV Fleet Order of 3,500 Vehicles",https://www.ispreview.co.uk/index.php/2025/01/bt-group-make-largest-ever-uk-commercial-electric-vehicle-fleet-order.html,,0.0,,not_applicable,0,,0,,49,
ISPreview UK,2025-01-08,Scam Callers Target Broadband ISP BT’s UK Digital Voice Switchover,https://www.ispreview.co.uk/index.php/2025/01/scam-callers-target-broadband-isp-bts-uk-digital-voice-switchover.html,,0.0,,not_applicable,0,,0,,56,
ISPreview UK,2025-01-08,Comms Council UK Appoints New Chair to Represent VoIP Providers,https://www.ispreview.co.uk/index.php/2025/01/comms-council-uk-appoints-new-chair-to-represent-voip-providers.html,,0.0,,not_applicable,0,,0,,51,
ISPreview UK,2025-01-08,Wireless ISP Kijoma Broadband Vanishes During UK Service Outage UPDATE2,https://www.ispreview.co.uk/index.php/2025/01/wireless-isp-kijoma-broadband-vanishes-during-uk-service-outage.html,,0.0,,not_applicable,0,,0,,43,
ISPreview UK,2025-01-08,Broadband ISP TalkTalk UK Starts Phasing Out NOW TV on Bills UPDATE,https://www.ispreview.co.uk/index.php/2025/01/broadband-isp-talktalk-uk-starts-phasing-out-now-tv.html,,0.0,,not_applicable,0,,0,,62,
ISPreview UK,2025-01-07,Openreach Reveals Biggest UK Broadband Traffic Events for 2024,https://www.ispreview.co.uk/index.php/2025/01/openreach-reveals-biggest-uk-broadband-traffic-events-for-2024.html,,0.0,,not_applicable,0,,0,,58,
ISPreview UK,2025-01-07,Altnet UK Broadband Operator Freedom Fibre Signs Armed Forces Covenant,https://www.ispreview.co.uk/index.php/2025/01/altnet-uk-broadband-operator-freedom-fibre-signs-armed-forces-covenant.html,,0.0,,not_applicable,0,,0,,43,
ISPreview UK,2025-01-07,GoFibre Begin FTTP Broadband Build for Ovington in County Durham,https://www.ispreview.co.uk/index.php/2025/01/gofibre-begin-fttp-broadband-build-for-ovington-in-county-durham.html,,0.0,,not_applicable,0,,0,,57,
ISPreview UK,2025-01-07,O2 UK Complete 4G and 5G Upgrades for 1500 Postcodes in Nottingham,https://www.ispreview.co.uk/index.php/2025/01/o2-uk-complete-4g-and-5g-upgrades-for-1500-postcodes-in-nottingham.html,,0.0,,not_applicable,0,,0,,50,
ISPreview UK,2025-01-07,Strategic Move Sees Lyca Group Shift Mobile Focus to New Markets,https://www.ispreview.co.uk/index.php/2025/01/strategic-move-sees-lyca-group-shift-mobile-focus-to-new-markets.html,,0.0,,not_applicable,0,,0,,57,
ISPreview UK,2025-01-07,Welsh ISP Ogi Make Progress on 10Gbps Full Fibre Rollout in Central Cardiff,https://www.ispreview.co.uk/index.php/2025/01/welsh-isp-ogi-make-progress-on-10gbps-full-fibre-rollout-in-central-cardiff.html,,0.0,,not_applicable,0,,0,,50,
ISPreview UK,2025-01-07,"131,000 Premises to Benefit from New Project Gigabit Broadband Contracts UPDATE",https://www.ispreview.co.uk/index.php/2025/01/131000-premises-to-benefit-from-new-project-gigabit-broadband-contracts.html,,0.0,,not_applicable,0,,0,,60,
ISPreview UK,2025-01-06,Broadband ISP Quickline to Support 500 Lincolnshire Students via New Bursary,https://www.ispreview.co.uk/index.php/2025/01/broadband-isp-quickline-to-support-500-lincolnshire-students-via-new-bursary.html,,0.0,,not_applicable,0,,0,,54,
ISPreview UK,2025-01-06,Investors Share Views on UK’s Difficult Alternative Broadband Market,https://www.ispreview.co.uk/index.php/2025/01/investors-share-views-on-uks-difficult-alternative-broadband-market.html,,0.0,,not_applicable,0,,0,,58,
ISPreview UK,2025-01-06,Business ISP FluidOne Appoints New UK Chief Financial Officer,https://www.ispreview.co.uk/index.php/2025/01/business-isp-fluidone-appoints-new-uk-chief-financial-officer.html,,0.0,,not_applicable,0,,0,,47,
ISPreview UK,2025-01-06,Openreach Builds FTTP Broadband to 17 Million UK Premises,https://www.ispreview.co.uk/index.php/2025/01/openreach-builds-fttp-broadband-to-17-million-uk-premises.html,,0.0,,not_applicable,0,,0,,51,
ISPreview UK,2025-01-06,AllPoints Fibre CEO on Becoming the UBER of the UK’s Full Fibre Wholesale Market,https://www.ispreview.co.uk/index.php/2025/01/allpoints-fibre-ceo-on-becoming-the-uber-of-the-uks-full-fibre-wholesale-market.html,,0.0,,not_applicable,0,,0,,59,
ISPreview UK,2025-01-04,Starlink 2024 Report Details 1Tbps Speed LEO v3 Broadband Satellites,https://www.ispreview.co.uk/index.php/2025/01/starlink-2024-report-details-1tbps-speed-leo-v3-broadband-satellites.html,,0.0,,not_applicable,0,,0,,55,
ISPreview UK,2025-01-02,OneWeb LEO Broadband Satellites Suffer Major Outage Due to Silly Fault,https://www.ispreview.co.uk/index.php/2025/01/oneweb-leo-broadband-satellites-suffer-major-outage-due-to-silly-glitch.html,,0.0,,not_applicable,0,,0,,48,
ISPreview UK,2025-01-02,UK ISP Glide Completes Debt Refinancing and Agrees New Capex Facility,https://www.ispreview.co.uk/index.php/2025/01/uk-isp-glide-completes-debt-refinancing-and-agrees-new-capex-facility.html,,0.0,,not_applicable,0,,0,,54,
ISPreview UK,2025-01-02,BT Win Four More UK Project Gigabit Broadband Rollout Contracts Worth £289m,https://www.ispreview.co.uk/index.php/2025/01/bt-win-four-more-uk-project-gigabit-broadband-rollout-contracts-worth-289m.html,,0.0,,not_applicable,0,,0,,54,
ISPreview UK,2025-01-02,2024 H2 – UK Coverage of Gigabit Broadband Nears 86 Percent,https://www.ispreview.co.uk/index.php/2025/01/2024-h2-uk-coverage-of-gigabit-broadband-nears-86-percent.html,,0.0,,not_applicable,0,,0,,57,
ISPreview UK,2025-01-02,INCA CEO Talks Future of UK Broadband Altnets and Infrastructure Sharing,https://www.ispreview.co.uk/index.php/2025/01/inca-ceo-talks-future-of-uk-broadband-altnets-and-infrastructure-sharing.html,,0.0,,not_applicable,0,,0,,58,
ISPreview UK,2024-12-31,CityFibre Suffers FTTP Broadband Network Outage in York UPDATE2,https://www.ispreview.co.uk/index.php/2024/12/cityfibre-suffers-fttp-broadband-network-outage-in-york.html,,0.0,,not_applicable,0,,0,,51,
ISPreview UK,2024-12-31,2025 New Year Honours for Ofcom Director’s Services to Telecoms,https://www.ispreview.co.uk/index.php/2024/12/2025-new-year-honours-for-ofcom-directors-services-to-telecoms.html,,0.0,,not_applicable,0,,0,,44,
ISPreview UK,2024-12-31,Starlink’s Satellite Broadband Hits Capacity Limit in South East England,https://www.ispreview.co.uk/index.php/2024/12/starlinks-satellite-broadband-hits-capacity-limit-in-south-east-england.html,,0.0,,not_applicable,0,,0,,52,
ISPreview UK,2024-12-31,Broadband ISP Plusnet UK Discontinues Static IP Address Option,https://www.ispreview.co.uk/index.php/2024/12/broadband-isp-plusnet-uk-discontinues-static-ip-address-option.html,,0.0,,not_applicable,0,,0,,58,
ISPreview UK,2024-12-30,ISP Zen Internet Reveals its UK Network Traffic Peaks for 2024,https://www.ispreview.co.uk/index.php/2024/12/isp-zen-internet-reveals-its-uk-network-traffic-peaks-for-2024.html,,0.0,,not_applicable,0,,0,,64,
ISPreview UK,2024-12-30,99 Percent of Cumbria Still Expected to Get Gigabit Broadband by 2026,https://www.ispreview.co.uk/index.php/2024/12/99-percent-of-cumbria-uk-expected-to-get-gigabit-broadband-by-2026.html,,0.0,,not_applicable,0,,0,,58,
ISPreview UK,2024-12-30,The Cheapest UK 4G and 5G Unlimited Mobile Data Plans for 2024 vs 2022,https://www.ispreview.co.uk/index.php/2024/12/the-cheapest-uk-4g-and-5g-unlimited-mobile-broadband-plans-for-2025.html,,0.0,,not_applicable,0,,0,,61,
ISPreview UK,2024-12-28,2025 Broadband Price Hikes and the Impact of Ofcom’s New UK Policy,https://www.ispreview.co.uk/index.php/2024/12/broadband-price-hikes-and-the-impact-of-ofcoms-new-uk-policy.html,,0.0,,not_applicable,0,,0,,61,
ISPreview UK,2024-12-27,ISP Virgin Media Slashes UK Broadband Prices in Winter Sale,https://www.ispreview.co.uk/index.php/2024/12/isp-virgin-media-slashes-uk-broadband-prices-in-winter-sale.html,,0.0,,not_applicable,0,,0,,54,
ISPreview UK,2024-12-27,Free Broadband Boost on Guernsey as FTTP Rollout Reaches 75 Percent,https://www.ispreview.co.uk/index.php/2024/12/free-broadband-boost-on-guernsey-as-fttp-rollout-covers-75-percent.html,,0.0,,not_applicable,0,,0,,63,
ISPreview UK,2024-12-27,Top Fastest UK Mobile and Home Broadband ISPs for H2 2024,https://www.ispreview.co.uk/index.php/2024/12/top-fastest-uk-mobile-and-home-broadband-isps-for-h2-2024.html,,0.0,,not_applicable,0,,0,,58,
ISPreview UK,2024-12-26,2024 vs 2023 – UK Broadband and Mobile Speeds vs the World,https://www.ispreview.co.uk/index.php/2024/12/2024-vs-2023-uk-broadband-and-mobile-speeds-vs-the-world.html,,0.0,,not_applicable,0,,0,,61,
ISPreview UK,2024-12-24,"North Yorkshire UK Seeks Faster Broadband Fix for 11,000 Premises",https://www.ispreview.co.uk/index.php/2024/12/north-yorkshire-uk-seeks-faster-broadband-fix-for-11000-premises.html,,0.0,,not_applicable,0,,0,,48,
ISPreview UK,2024-12-24,ISP G.Network Offers 300Mbps Broadband for £20 in London,https://www.ispreview.co.uk/index.php/2024/12/isp-g-network-offers-300mbps-broadband-for-20-in-london.html,,0.0,,not_applicable,0,,0,,52,
ISPreview UK,2024-12-23,Ookla Examine New Year’s Eve 23-24 City 5G Mobile Broadband Speeds,https://www.ispreview.co.uk/index.php/2024/12/ookla-examine-new-years-eve-23-24-city-5g-mobile-broadband-speeds.html,,0.0,,not_applicable,0,,0,,42,
ISPreview UK,2024-12-23,Voneus to Expand Gigabit Broadband in Carmarthenshire via Street Lights,https://www.ispreview.co.uk/index.php/2024/12/voneus-to-expand-gigabit-broadband-in-carmarthenshire-via-street-lights.html,,0.0,,not_applicable,0,,0,,50,
ISPreview UK,2024-12-21,BDUK Expand CityFibre’s Norfolk UK Project Gigabit Broadband Rollout,https://www.ispreview.co.uk/index.php/2024/12/bduk-expand-cityfibres-norfolk-uk-project-gigabit-broadband-rollout.html,,0.0,,not_applicable,0,,0,,62,
ISPreview UK,2024-12-20,Altnet UK Broadband Provider Fibrus Summarises Financial Results,https://www.ispreview.co.uk/index.php/2024/12/altnet-uk-broadband-provider-fibrus-summarises-financial-results.html,,0.0,,not_applicable,0,,0,,52,
ISPreview UK,2024-12-20,Openreach Publish Updated Dec 2024 UK FTTP Broadband Build Plan,https://www.ispreview.co.uk/index.php/2024/12/openreach-publish-updated-dec-2024-uk-fttp-broadband-build-plan.html,,0.0,,not_applicable,0,,0,,57,
ISPreview UK,2024-12-20,Big UK ISPs Ordered to Block More Pirated Book and Journal Websites,https://www.ispreview.co.uk/index.php/2024/12/big-uk-isps-ordered-to-block-more-pirated-book-and-journal-websites.html,,0.0,,not_applicable,0,,0,,61,
ISPreview UK,2024-12-20,Trial Seeks to Improve Broadband on Public Transport in Swansea Bay Area,https://www.ispreview.co.uk/index.php/2024/12/trial-seeks-to-improve-broadband-on-public-transport-in-swansea-bay-area.html,,0.0,,not_applicable,0,,0,,57,
ISPreview UK,2024-12-20,Voneus Drops Out of Project Gigabit Broadband Contract for Mid West Shropshire,https://www.ispreview.co.uk/index.php/2024/12/voneus-drops-out-of-project-gigabit-broadband-contract-for-mid-west-shropshire.html,,0.0,,not_applicable,0,,0,,58,
ISPreview UK,2024-12-20,"Virgin Media UK and Nexfibre Expand Full Fibre to 13,000 Homes in Stoke",https://www.ispreview.co.uk/index.php/2024/12/virgin-media-uk-and-nexfibre-expand-full-fibre-to-13000-homes-in-stoke.html,,0.0,,not_applicable,0,,0,,49,
ISPreview UK,2024-12-20,Cumbria Overbuild Questions Raised Over Fibrus and B4RN’s Broadband Networks,https://www.ispreview.co.uk/index.php/2024/12/cumbria-overbuild-questions-raised-over-fibrus-and-b4rns-broadband-networks.html,,0.0,,not_applicable,0,,0,,55,
ISPreview UK,2024-12-19,Openreach Expand Pilot to Help UK Telecare Users Switch to Digital Phones,https://www.ispreview.co.uk/index.php/2024/12/openreach-expand-pilot-to-help-uk-telecare-users-switch-to-digital-phones.html,,0.0,,not_applicable,0,,0,,53,
ISPreview UK,2024-12-19,"Openreach Reveal More 2024 UK Ethernet, PIA and Dark Fibre Price Rises",https://www.ispreview.co.uk/index.php/2024/12/openreach-reveal-more-2024-uk-ethernet-pia-and-dark-fibre-price-rises.html,,0.0,,not_applicable,0,,0,,57,
ISPreview UK,2024-12-19,Sky Glass and Stream UK Customers Get New Ad-Skipping Feature,https://www.ispreview.co.uk/index.php/2024/12/sky-glass-and-stream-uk-customers-get-new-ad-skipping-feature.html,,0.0,,not_applicable,0,,0,,45,
ISPreview UK,2024-12-19,Court Dismisses Class Action Claim Over BT’s Alleged UK Landline Overcharging UPDATE,https://www.ispreview.co.uk/index.php/2024/12/court-dismisses-class-action-claim-over-bts-alleged-uk-landline-overcharging.html,,0.0,,not_applicable,0,,0,,50,
ISPreview UK,2024-12-19,CityFibre Begin Project Gigabit Broadband Build in Leicestershire and Warwickshire,https://www.ispreview.co.uk/index.php/2024/12/cityfibre-begin-project-gigabit-broadband-build-in-leicestershire-and-warwickshire.html,,0.0,,not_applicable,0,,0,,47,
ISPreview UK,2024-12-19,Broadband ISP TalkTalk UK Suffers Router Disconnections Bug,https://www.ispreview.co.uk/index.php/2024/12/broadband-isp-talktalk-uk-suffers-router-disconnections-bug.html,,0.0,,not_applicable,0,,0,,56,
ISPreview UK,2024-12-18,Rural UK Fibre Broadband ISP Gigaclear Appoints New Chairman,https://www.ispreview.co.uk/index.php/2024/12/rural-uk-fibre-broadband-isp-gigaclear-appoints-new-chairman.html,,0.0,,not_applicable,0,,0,,49,
ISPreview UK,2024-12-18,First Customer Live on Project Gigabit Broadband Network in South Wiltshire UK,https://www.ispreview.co.uk/index.php/2024/12/first-customer-live-on-project-gigabit-broadband-network-in-south-wiltshire-uk.html,,0.0,,not_applicable,0,,0,,50,
ISPreview UK,2024-12-18,Vodafone UK and Google Boost 5G Upload Speeds for Pixel Users via MIMO and ULCA,https://www.ispreview.co.uk/index.php/2024/12/vodafone-uk-and-google-boost-5g-upload-speeds-for-pixel-users-via-mimo-and-ulca.html,,0.0,,not_applicable,0,,0,,62,
ISPreview UK,2024-12-18,London Internet Exchange Increased its Network Capacity by 21 Percent in 2024,https://www.ispreview.co.uk/index.php/2024/12/london-internet-exchange-increased-its-network-capacity-by-21-percent-in-2024.html,,0.0,,not_applicable,0,,0,,55,
ISPreview UK,2024-12-18,Eutelsat Tap Airbus to Build Next Gen OneWeb Broadband Satellites,https://www.ispreview.co.uk/index.php/2024/12/eutelsat-tap-airbus-to-build-next-gen-oneweb-broadband-satellites.html,,0.0,,not_applicable,0,,0,,57,
ISPreview UK,2024-12-18,ISP Virgin Media UK Warns Parental Controls on New Devices Still Confuse,https://www.ispreview.co.uk/index.php/2024/12/isp-virgin-media-uk-warns-parental-controls-on-new-devices-still-confuse.html,,0.0,,not_applicable,0,,0,,69,
ISPreview UK,2024-12-17,Openreach Name Top 5 London Boroughs for Full Fibre Broadband Cover,https://www.ispreview.co.uk/index.php/2024/12/openreach-name-top-5-london-boroughs-for-full-fibre-broadband-cover.html,,0.0,,not_applicable,0,,0,,49,
ISPreview UK,2024-12-17,"CityFibre Begin Project Gigabit Broadband Build in Bedfordshire, Northamptonshire and Milton Keynes",https://www.ispreview.co.uk/index.php/2024/12/cityfibre-begin-project-gigabit-broadband-build-in-bedfordshire-northamptonshire-and-milton-keynes.html,,0.0,,not_applicable,0,,0,,49,
ISPreview UK,2024-12-17,Openreach Brings FTTP Broadband Cover to 50 Percent of UK Premises,https://www.ispreview.co.uk/index.php/2024/12/openreach-brings-fttp-broadband-cover-to-50-percent-of-uk-premises.html,,0.0,,not_applicable,0,,0,,48,
ISPreview UK,2024-12-17,Ofcom UK Propose Tweak to 3.9GHz Band for Mobile and Wireless Broadband,https://www.ispreview.co.uk/index.php/2024/12/ofcom-uk-propose-tweak-to-3-9ghz-band-for-mobile-and-wireless-broadband.html,,0.0,,not_applicable,0,,0,,59,
ISPreview UK,2024-12-17,Football Streaming Pushes BT to Record UK Broadband Traffic of 33.7Tbps,https://www.ispreview.co.uk/index.php/2024/12/football-streaming-pushes-bt-to-record-uk-broadband-traffic-of-33-7tbps.html,,0.0,,not_applicable,0,,0,,66,
ISPreview UK,2024-12-16,Voneus Face Rural Broadband Complaints in Shropshire and Powys,https://www.ispreview.co.uk/index.php/2024/12/voneus-face-rural-broadband-complaints-in-shropshire-and-powys.html,,0.0,,not_applicable,0,,0,,51,
ISPreview UK,2024-12-16,Lyca Mobile Warns up to 90 Percent of UK Staff Could Lose their Jobs,https://www.ispreview.co.uk/index.php/2024/12/lyca-mobile-warns-up-to-90-percent-of-uk-staff-could-lose-their-jobs.html,,0.0,,not_applicable,0,,0,,50,
ISPreview UK,2024-12-16,Ofcom UK Set Timetable for 5G Mobile Auction of 26GHz and 40GHz,https://www.ispreview.co.uk/index.php/2024/12/ofcom-uk-set-timetable-for-5g-mobile-auction-of-26ghz-and-40ghz.html,,0.0,,not_applicable,0,,0,,56,
ISPreview UK,2024-12-16,"Business ISP bOnline Launch New FTTP Broadband, VOIP and Unlimited Calls Plan",https://www.ispreview.co.uk/index.php/2024/12/business-isp-bonline-launch-new-fttp-broadband-voip-and-unlimited-calls-plan.html,,0.0,,not_applicable,0,,0,,54,
ISPreview UK,2024-12-16,Ofcom Publish New Online UK Internet Safety Codes of Practice,https://www.ispreview.co.uk/index.php/2024/12/ofcom-publish-new-online-uk-internet-safety-codes-of-practice.html,,0.0,,not_applicable,0,,0,,59,
ISPreview UK,2024-12-16,Broadband ISP Andrews and Arnold Trial UK 2.5Gbps Speeds via CityFibre,https://www.ispreview.co.uk/index.php/2024/12/broadband-isp-andrews-and-arnold-trial-uk-2-5gbps-speeds-via-cityfibre.html,,0.0,,not_applicable,0,,0,,56,
ISPreview UK,2024-12-14,Court Sides with Wychavon Council in Judicial Review of Broadband Poles,https://www.ispreview.co.uk/index.php/2024/12/court-sides-with-wychavon-council-in-judicial-review-of-broadband-poles.html,,0.0,,not_applicable,0,,0,,51,
ISPreview UK,2024-12-14,UK ISP Home Telecom Adopt New Pricing Policy for Mid-Contract Hikes,https://www.ispreview.co.uk/index.php/2024/12/uk-isp-home-telecom-adopt-new-pricing-policy-for-mid-contract-hikes.html,,0.0,,not_applicable,0,,0,,53,
ISPreview UK,2024-12-13,Building Digital UK Reveals Gov’s Gigabit Broadband Build Progress,https://www.ispreview.co.uk/index.php/2024/12/building-digital-uk-reveals-govs-gigabit-broadband-build-progress.html,,0.0,,not_applicable,0,,0,,55,
ISPreview UK,2024-12-13,Confusion as New UK Mobile Operator Ymobile Suddenly “Pauses” Service,https://www.ispreview.co.uk/index.php/2024/12/confusion-as-new-uk-mobile-operator-ymobile-suddenly-pauses-service.html,,0.0,,not_applicable,0,,0,,47,
ISPreview UK,2024-12-13,Ofcom UK Propose to Cut Mobile Licence Fees for 900MHz and 1800MHz by GBP40m,https://www.ispreview.co.uk/index.php/2024/12/ofcom-uk-propose-to-cut-mobile-licence-fees-for-900mhz-and-1800mhz-by-gbp40m.html,,0.0,,not_applicable,0,,0,,52,
ISPreview UK,2024-12-13,Hyperoptic Fined £50k in London for Unsafe Fibre Broadband Build UPDATE,https://www.ispreview.co.uk/index.php/2024/12/hyperoptic-fined-50k-in-london-for-unsafe-fibre-broadband-build.html,,0.0,,not_applicable,0,,0,,56,
ISPreview UK,2024-12-13,Zen Internet UK Finally Launch 1.6Gbps FTTP Broadband via Openreach,https://www.ispreview.co.uk/index.php/2024/12/zen-internet-uk-finally-launch-1-6gbps-fttp-broadband-via-openreach.html,,0.0,,not_applicable,0,,0,,58,
ISPreview UK,2024-12-13,Streetwave Make Maps of UK Mobile Coverage and Performance Available,https://www.ispreview.co.uk/index.php/2024/12/streetwave-make-maps-of-uk-mobile-coverage-and-performance-available.html,,0.0,,not_applicable,0,,0,,57,
ISPreview UK,2024-12-12,Major Yayzi Network Migration Triggers Super Slow UK Broadband UPDATE2,https://www.ispreview.co.uk/index.php/2024/12/major-yayzi-network-migration-triggers-super-slow-uk-broadband.html,,0.0,,not_applicable,0,,0,,56,
ISPreview UK,2024-12-12,ISP Zen Internet Warn UK Businesses Unprepared for Phone Switch-off,https://www.ispreview.co.uk/index.php/2024/12/isp-zen-internet-warn-uk-business-unprepared-for-phone-switch-off.html,,0.0,,not_applicable,0,,0,,52,
ISPreview UK,2024-12-12,Alncom Teach Kids in Northumberland How to Build FTTP Broadband,https://www.ispreview.co.uk/index.php/2024/12/alncom-teach-kids-in-northumberland-how-to-build-fttp-broadband.html,,0.0,,not_applicable,0,,0,,53,
ISPreview UK,2024-12-12,Swansea Bay City Deal Completes Half of its Full Fibre Infrastructure Build,https://www.ispreview.co.uk/index.php/2024/12/swansea-bay-city-deal-completes-half-of-its-full-fibre-infrastructure-build.html,,0.0,,not_applicable,0,,0,,50,
ISPreview UK,2024-12-12,"Ofcom Report 506,000 UK Homes Now Take Social Broadband Tariffs",https://www.ispreview.co.uk/index.php/2024/12/ofcom-report-506000-uk-homes-now-take-social-broadband-tariffs.html,,0.0,,not_applicable,0,,0,,62,
ISPreview UK,2024-12-12,CityFibre’s Project Gigabit Broadband Network in Suffolk UK Goes Live,https://www.ispreview.co.uk/index.php/2024/12/cityfibres-project-gigabit-broadband-network-in-suffolk-uk-goes-live.html,,0.0,,not_applicable,0,,0,,59,
ISPreview UK,2024-12-12,"Virgin Media and Nexfibre Expand FTTP to 5,000 Homes in Whitby",https://www.ispreview.co.uk/index.php/2024/12/virgin-media-and-nexfibre-expand-fttp-to-5000-homes-in-whitby.html,,0.0,,not_applicable,0,,0,,47,
ISPreview UK,2024-12-12,Scotland Tenders for £40.7m Gigabit Broadband Rollout in Orkney and Shetland,https://www.ispreview.co.uk/index.php/2024/12/scotland-tenders-for-40-7m-gigabit-broadband-rollout-in-orkney-and-shetland.html,,0.0,,not_applicable,0,,0,,55,
ISPreview UK,2024-12-12,"Opensignal Reveal Impact of 3G Shut Down by EE, Three UK and Vodafone",https://www.ispreview.co.uk/index.php/2024/12/opensignal-reveal-impact-of-3g-shut-down-by-ee-three-uk-and-vodafone.html,,0.0,,not_applicable,0,,0,,59,
ISPreview UK,2024-12-12,BT Claim to be Enhancing UK Customer Support via AI Tech and Chatbots,https://www.ispreview.co.uk/index.php/2024/12/bt-claims-to-be-enhancing-uk-customer-support-via-ai-tech-and-chatbots.html,customer_support_experience,0.95,customer_support_experience,positive,3,"AI,Artificial Intelligence,virtual assistant",2,"AI,chatbot",48,"BT Group is deploying an AI‑powered virtual assistant named Aimee to handle up to 60,000 customer conversations per week, aiming to streamline support processes and improve the overall customer experience. The initiative showcases how AI can automate routine interactions and reduce response times in the telecom sector."
ISPreview UK,2024-12-12,Communications Ombudsman Reports Q3 2024 Rise in UK Telecoms Complaints UPDATE,https://www.ispreview.co.uk/index.php/2024/12/communications-ombudsman-reports-q3-2024-rise-in-uk-telecoms-complaints.html,,0.0,,not_applicable,0,,0,,47,
ISPreview UK,2024-12-11,Openreach to Withdraw Some Legacy UK FTTP and FTTC Broadband Speed Tiers UPDATE,https://www.ispreview.co.uk/index.php/2024/12/openreach-to-withdraw-some-legacy-uk-fttp-broadband-speed-tiers.html,,0.0,,not_applicable,0,,0,,50,
ISPreview UK,2024-12-11,Openreach Reveal Annual 2024 UK Broadband and Ethernet Price Rises for ISPs,https://www.ispreview.co.uk/index.php/2024/12/openreach-annual-2024-uk-broadband-and-ethernet-price-rises-for-isps.html,,0.0,,not_applicable,0,,0,,50,
ISPreview UK,2024-12-11,Manx Telecom to Switch Off Copper Lines on Isle of Man by 2029,https://www.ispreview.co.uk/index.php/2024/12/manx-telecom-to-switch-off-copper-lines-on-isle-of-man-by-2029.html,,0.0,,not_applicable,0,,0,,41,
ISPreview UK,2024-12-11,"InternetTY Build FTTP Broadband to 12,000 Lincolnshire UK Premises",https://www.ispreview.co.uk/index.php/2024/12/internetty-build-fttp-broadband-to-12000-lincolnshire-uk-premises.html,,0.0,,not_applicable,0,,0,,44,
ISPreview UK,2024-12-11,Viasat Demos Working Direct-to-Device Messaging from its Satellites,https://www.ispreview.co.uk/index.php/2024/12/viasat-demos-working-direct-to-device-messaging-from-its-satellites.html,,0.0,,not_applicable,0,,0,,42,
ISPreview UK,2024-12-11,Virgin Media and O2 Reveal UK Broadband and Mobile Traffic Trends for 2024,https://www.ispreview.co.uk/index.php/2024/12/virgin-media-and-o2-reveal-uk-broadband-and-mobile-traffic-trends-for-2024.html,,0.0,,not_applicable,0,,0,,45,
ISPreview UK,2024-12-11,Virgin Media UK Offers UltraHD TV Channel Free for Christmas,https://www.ispreview.co.uk/index.php/2024/12/virgin-media-uk-offers-ultrahd-tv-channel-free-for-christmas.html,,0.0,,not_applicable,0,,0,,51,
ISPreview UK,2024-12-11,Wessex Internet Start Project Gigabit Broadband Build in Dorset and Somerset UK,https://www.ispreview.co.uk/index.php/2024/12/wessex-internet-start-project-gigabit-broadband-build-in-dorset-and-somerset-uk.html,,0.0,,not_applicable,0,,0,,51,
ISPreview UK,2024-12-11,Parliamentary Debate Hauls Brsk’s UK Broadband Poles Over the Coals UPDATE,https://www.ispreview.co.uk/index.php/2024/12/parliamentary-debate-hauls-brsks-uk-broadband-poles-over-the-coals.html,,0.0,,not_applicable,0,,0,,52,
ISPreview UK,2024-12-11,Tesco Mobile Adopt New UK Pricing Policy for Mid-Contract Hikes UPDATE,https://www.ispreview.co.uk/index.php/2024/12/tesco-mobile-adopt-new-uk-pricing-policy-for-mid-contract-hikes.html,,0.0,,not_applicable,0,,0,,52,
ISPreview UK,2024-12-11,Supplier Picked to Deliver Oxfordshire and Bucks 5G Rail and Broadband Project,https://www.ispreview.co.uk/index.php/2024/12/supplier-picked-to-deliver-oxfordshire-and-bucks-5g-rail-and-broadband-project.html,,0.0,,not_applicable,0,,0,,43,
ISPreview UK,2024-12-10,Vodafone UK Hit by £120m Legal Claim from Current and Former Franchisees,https://www.ispreview.co.uk/index.php/2024/12/vodafone-uk-hit-by-120m-legal-claim-by-current-and-former-franchisees.html,,0.0,,not_applicable,0,,0,,48,
ISPreview UK,2024-12-10,Openreach Bring FTTP Broadband to 1 Million Premises in Wales,https://www.ispreview.co.uk/index.php/2024/12/openreach-bring-fttp-broadband-to-1-million-premises-in-wales.html,,0.0,,not_applicable,0,,0,,42,
ISPreview UK,2024-12-10,VOXI Mobile Launch eSIM for New and Existing UK Customers,https://www.ispreview.co.uk/index.php/2024/12/voxi-mobile-launch-esim-for-new-and-existing-uk-customers.html,,0.0,,not_applicable,0,,0,,45,
ISPreview UK,2024-12-10,"Gigaclear Extends UK Rural FTTP Broadband Cover to 580,000 Premises",https://www.ispreview.co.uk/index.php/2024/12/gigaclear-extends-uk-rural-fttp-broadband-cover-to-580000-premises.html,,0.0,,not_applicable,0,,0,,53,
ISPreview UK,2024-12-10,"GoFibre Complete FTTP Broadband Build for Harbottle, Northumberland UK",https://www.ispreview.co.uk/index.php/2024/12/gofibre-complete-fttp-broadband-build-for-harbottle-northumberland-uk.html,,0.0,,not_applicable,0,,0,,58,
ISPreview UK,2024-12-09,Sky UK and NOW TV Users to Get Free Access to New Max Streaming Service in 2026,https://www.ispreview.co.uk/index.php/2024/12/sky-uk-and-now-tv-users-to-get-free-access-to-new-max-streaming-service-in-2026.html,,0.0,,not_applicable,0,,0,,61,
ISPreview UK,2024-12-09,"Lightning Fibre Sees 31 Percent FTTP Take-up in Old Town, Eastbourne",https://www.ispreview.co.uk/index.php/2024/12/lightning-fibre-sees-31-percent-fttp-take-up-in-old-town-eastbourne.html,,0.0,,not_applicable,0,,0,,63,
ISPreview UK,2024-12-09,AST Space Mobile and Vodafone Sign Long Term 5G Satellite Deal,https://www.ispreview.co.uk/index.php/2024/12/ast-space-mobile-and-vodafone-sign-long-term-5g-satellite-deal.html,,0.0,,not_applicable,0,,0,,53,
ISPreview UK,2024-12-09,Quickline Welcomes First Apprentice Fibre Broadband Engineers,https://www.ispreview.co.uk/index.php/2024/12/quickline-welcomes-first-apprentice-fibre-broadband-engineers.html,,0.0,,not_applicable,0,,0,,45,
ISPreview UK,2024-12-09,Vodafone UK and Gigs Remove Barriers for New Virtual Mobile Operators,https://www.ispreview.co.uk/index.php/2024/12/vodafone-uk-and-gigs-remove-barriers-for-new-virtual-mobile-operators.html,,0.0,,not_applicable,0,,0,,49,
ISPreview UK,2024-12-09,Vodafone UK to Complete IPv6 Rollout on Fixed Broadband by March 2025,https://www.ispreview.co.uk/index.php/2024/12/vodafone-uk-to-complete-ipv6-rollout-on-fixed-broadband-by-march-2025.html,,0.0,,not_applicable,0,,0,,58,
ISPreview UK,2024-12-07,Broadband ISP Plusnet UK Leaves Some Email Users Cut-off for Weeks,https://www.ispreview.co.uk/index.php/2024/12/broadband-isp-plusnet-uk-leaves-some-email-users-cut-off-for-weeks.html,,0.0,,not_applicable,0,,0,,65,
ISPreview UK,2024-12-06,TOTSCo Switches to Focus on UK Business Broadband ISP Switching,https://www.ispreview.co.uk/index.php/2024/12/totsco-switches-to-focus-on-uk-business-broadband-isp-switching.html,,0.0,,not_applicable,0,,0,,50,
ISPreview UK,2024-12-06,Hiya – UK Residents Receive 4 SPAM Calls Per Person Each Month,https://www.ispreview.co.uk/index.php/2024/12/hiya-uk-residents-receive-4-spam-calls-per-person-each-month.html,,0.0,,not_applicable,0,,0,,70,
ISPreview UK,2024-12-05,Opensignal 2024 Study Ranks UK Broadband ISPs by Quality and Speed,https://www.ispreview.co.uk/index.php/2024/12/opensignal-2024-study-ranks-uk-broadband-isps-by-quality-and-speed.html,,0.0,,not_applicable,0,,0,,55,
ISPreview UK,2024-12-05,"Virgin Media O2 Boosts 1,000 UK Mobile Sites with 10Gbps Fibre Backhaul",https://www.ispreview.co.uk/index.php/2024/12/virgin-media-o2-boosts-1000-uk-mobile-sites-with-10gbps-fibre-backhaul.html,,0.0,,not_applicable,0,,0,,55,
ISPreview UK,2024-12-05,Ofcom – UK Gigabit Broadband Cover Rises to 84% as 5G Hits 90-95%,https://www.ispreview.co.uk/index.php/2024/12/ofcom-uk-gigabit-broadband-cover-rises-to-84-as-5g-hits-90-95.html,,0.0,,not_applicable,0,,0,,58,
ISPreview UK,2024-12-05,Study Finds Patchy Mobile Coverage on the East Coast Mainline,https://www.ispreview.co.uk/index.php/2024/12/study-finds-patchy-mobile-coverage-on-the-east-coast-mainline.html,,0.0,,not_applicable,0,,0,,56,
ISPreview UK,2024-12-05,Vodafone and Three UK Mega Mobile Merger Gets Final Approval UPDATE,https://www.ispreview.co.uk/index.php/2024/12/vodafone-and-three-uk-mega-mobile-merger-gets-final-approval.html,,0.0,,not_applicable,0,,0,,57,
ISPreview UK,2024-12-05,Ransomware Group Claims to Have Breached One of BT’s UK Systems,https://www.ispreview.co.uk/index.php/2024/12/ransomware-group-claims-to-have-breached-some-of-bts-uk-systems.html,,0.0,,not_applicable,0,,0,,49,
ISPreview UK,2024-12-04,OTA Identify Areas Needing Improvement in UK Broadband Switching Process UPDATE,https://www.ispreview.co.uk/index.php/2024/12/ota-identify-areas-needing-improvement-in-uk-broadband-switching-process.html,,0.0,,not_applicable,0,,0,,53,
ISPreview UK,2024-12-04,O2 Boosts Bristol 4G Mobile Coverage with Cellnex UK Small Cells,https://www.ispreview.co.uk/index.php/2024/12/o2-boosts-bristol-4g-mobile-coverage-with-cellnex-uk-small-cells.html,,0.0,,not_applicable,0,,0,,47,
ISPreview UK,2024-12-04,Openreach Web App Cut Missed UK Engineer Appointments by 30 Percent,https://www.ispreview.co.uk/index.php/2024/12/openreach-website-app-cuts-missed-uk-engineer-appointments-by-30-percent.html,,0.0,,not_applicable,0,,0,,57,
ISPreview UK,2024-12-04,Sky UK Launches New Essentials TV Package for £15 Monthly,https://www.ispreview.co.uk/index.php/2024/12/sky-uk-launches-new-essentials-tv-package-for-15-monthly.html,,0.0,,not_applicable,0,,0,,52,
ISPreview UK,2024-12-04,UK ISP iDNET Joins MS3’s New Full Fibre Broadband Network,https://www.ispreview.co.uk/index.php/2024/12/uk-isp-idnet-joins-ms3s-new-full-fibre-broadband-network.html,,0.0,,not_applicable,0,,0,,42,
ISPreview UK,2024-12-04,EE UK Helicopters in New 4G Mast to Boost Mobile Cover on Skye,https://www.ispreview.co.uk/index.php/2024/12/ee-uk-helicopters-in-new-4g-mast-to-boost-mobile-cover-on-skye.html,,0.0,,not_applicable,0,,0,,55,
ISPreview UK,2024-12-04,Neos Networks Expands UK Partnership with CityFibre’s Network,https://www.ispreview.co.uk/index.php/2024/12/neos-networks-expands-uk-partnership-with-cityfibres-network.html,,0.0,,not_applicable,0,,0,,52,
ISPreview UK,2024-12-04,Flotek to Supply Full Fibre Services via Elevate’s New Cardiff Hypercity Network,https://www.ispreview.co.uk/index.php/2024/12/flotek-to-supply-full-fibre-services-via-elevates-new-cardiff-hypercity-network.html,,0.0,,not_applicable,0,,0,,40,
ISPreview UK,2024-12-04,TfL Complete 4G Mobile Rollout for the Elizabeth Line in London,https://www.ispreview.co.uk/index.php/2024/12/tfl-complete-4g-mobile-rollout-for-the-elizabeth-line-in-london.html,,0.0,,not_applicable,0,,0,,56,
ISPreview UK,2024-12-04,Mobile Operator Three UK Introduce RCS Support for iOS with v18.2,https://www.ispreview.co.uk/index.php/2024/12/mobile-operator-three-uk-introduce-rcs-support-for-ios-with-v18-2.html,,0.0,,not_applicable,0,,0,,46,
ISPreview UK,2024-12-03,Poverty Alliance Claims Millions in UK Choosing Between Broadband and Food,https://www.ispreview.co.uk/index.php/2024/12/poverty-alliance-warns-millions-in-uk-choosing-between-broadband-and-food.html,,0.0,,not_applicable,0,,0,,46,
ISPreview UK,2024-12-03,Netomnia to Build FTTP Broadband into Peabody’s UK Homes,https://www.ispreview.co.uk/index.php/2024/12/netomnia-to-build-fttp-broadband-into-peabodys-uk-homes.html,,0.0,,not_applicable,0,,0,,54,
ISPreview UK,2024-12-03,eSIM Go Partners with Vodafone UK to Remove MVNO Barriers,https://www.ispreview.co.uk/index.php/2024/12/esim-go-partners-with-vodafone-uk-to-remove-mvno-barriers.html,,0.0,,not_applicable,0,,0,,50,
ISPreview UK,2024-12-03,Toob Extend FTTP Broadband Availability to 6 New UK Cities and Towns,https://www.ispreview.co.uk/index.php/2024/12/toob-extend-fttp-broadband-availability-to-6-new-uk-cities-and-towns.html,,0.0,,not_applicable,0,,0,,53,
ISPreview UK,2024-12-03,Pulse Fibre Offer Blue Light Broadband Discount to Emergency Services Workers,https://www.ispreview.co.uk/index.php/2024/12/pulse-fibre-offer-blue-light-broadband-discount-to-emergency-services-workers.html,,0.0,,not_applicable,0,,0,,62,
ISPreview UK,2024-12-03,Ookla Name the Top 10 Global and European Internet Outages of 2024,https://www.ispreview.co.uk/index.php/2024/12/ookla-names-the-top-global-and-european-internet-outages-of-2024.html,,0.0,,not_applicable,0,,0,,49,
ISPreview UK,2024-12-03,CityFibre Complete Primary FTTP Broadband Rollout in Hartlepool,https://www.ispreview.co.uk/index.php/2024/12/cityfibre-complete-primary-fttp-broadband-rollout-in-hartlepool.html,,0.0,,not_applicable,0,,0,,44,
ISPreview UK,2024-12-03,O2 UK Complete 4G and 5G Upgrades for 600 Postcodes in Aberdeen,https://www.ispreview.co.uk/index.php/2024/12/o2-uk-complete-4g-and-5g-upgrades-for-600-postcodes-in-aberdeen.html,,0.0,,not_applicable,0,,0,,49,
ISPreview UK,2024-12-03,Bin Lorries to Survey Mobile Coverage Across Glasgow City Region,https://www.ispreview.co.uk/index.php/2024/12/bin-lorries-to-survey-mobile-coverage-across-glasgow-city-region.html,,0.0,,not_applicable,0,,0,,50,
ISPreview UK,2024-12-03,Broadband ISP TalkTalk to Slash More UK Jobs After Refinancing Deal,https://www.ispreview.co.uk/index.php/2024/12/broadband-isp-talktalk-to-slash-more-uk-jobs-after-refinancing-deal.html,,0.0,,not_applicable,0,,0,,47,
ISPreview UK,2024-12-03,EE Named Best UK Mobile Operator in New 2024 Network Test Study,https://www.ispreview.co.uk/index.php/2024/12/ee-named-best-uk-mobile-operator-in-new-2024-network-test-study.html,,0.0,,not_applicable,0,,0,,65,
ISPreview UK,2024-12-02,Ofcom Enhance Spectrum Sharing for UK Mobile and Wireless Broadband,https://www.ispreview.co.uk/index.php/2024/12/ofcom-enhance-spectrum-sharing-for-uk-mobile-and-wireless-broadband.html,,0.0,,not_applicable,0,,0,,53,
ISPreview UK,2024-12-02,EE UK’s Pay TV Platform Launches Support for Paramount+,https://www.ispreview.co.uk/index.php/2024/12/ee-uks-pay-tv-platform-launches-support-for-paramount.html,,0.0,,not_applicable,0,,0,,64,
ISPreview UK,2024-12-02,First Local Authority in Wales Completes Digital Phone Switchover,https://www.ispreview.co.uk/index.php/2024/12/first-local-authority-in-wales-completes-digital-phone-switchover.html,,0.0,,not_applicable,0,,0,,51,
ISPreview UK,2024-12-02,BT and EE Extend Gov’s 4G Emergency Services Network for 7 Years,https://www.ispreview.co.uk/index.php/2024/12/bt-and-ee-extend-govs-4g-emergency-services-network-for-7-years.html,,0.0,,not_applicable,0,,0,,62,
ISPreview UK,2024-11-30,Potentially Fatal – UK Broadband Firm Erects Steel Mast Next to High Voltage Cables,https://www.ispreview.co.uk/index.php/2024/11/potentially-fatal-uk-broadband-firm-erects-steel-mast-next-to-high-voltage-cables.html,,0.0,,not_applicable,0,,0,,51,
ISPreview UK,2024-11-29,The Cumbria UK Villages Still Fighting for Gigabit Broadband,https://www.ispreview.co.uk/index.php/2024/11/the-cumbria-uk-villages-still-fighting-for-gigabit-broadband.html,,0.0,,not_applicable,0,,0,,63,
ISPreview UK,2024-11-29,International Body Launched to Help Protect Submarine Telecoms Cables,https://www.ispreview.co.uk/index.php/2024/11/international-body-launched-to-help-protect-submarine-telecoms-cables.html,,0.0,,not_applicable,0,,0,,54,
ISPreview UK,2024-11-29,Ads Watchdog Updates UK Guidance on Mid-Contract Broadband Price Hikes,https://www.ispreview.co.uk/index.php/2024/11/ads-watchdog-updates-uk-guidance-on-mid-contract-broadband-price-hikes.html,,0.0,,not_applicable,0,,0,,54,
ISPreview UK,2024-11-29,Broadband ISP Quickline Cuts UK FTTP Prices in Half for Black Friday,https://www.ispreview.co.uk/index.php/2024/11/broadband-isp-quickline-cuts-uk-fttp-prices-in-half-for-black-friday.html,,0.0,,not_applicable,0,,0,,50,
ISPreview UK,2024-11-29,VOXI UK Offers 4x and 5x Mobile Data Boosts in Black Friday Deals,https://www.ispreview.co.uk/index.php/2024/11/voxi-uk-offers-4x-and-5x-mobile-data-boosts-in-black-friday-deals.html,,0.0,,not_applicable,0,,0,,48,
ISPreview UK,2024-11-28,Cornwall UK Broadband ISP Wildanet Appoint New Leadership Team,https://www.ispreview.co.uk/index.php/2024/11/cornwall-uk-broadband-isp-wildanet-appoint-new-leadership-team.html,,0.0,,not_applicable,0,,0,,50,
ISPreview UK,2024-11-28,5G DRIVE and O2 Project Bring Mobile Signals to 31 Rural UK Notspots,https://www.ispreview.co.uk/index.php/2024/11/5g-drive-and-o2-project-bring-mobile-signals-to-31-rural-uk-notspots.html,,0.0,,not_applicable,0,,0,,51,
ISPreview UK,2024-11-28,O2 UK Deploying Free AI-Powered Scam Call Detector Service,https://www.ispreview.co.uk/index.php/2024/11/o2-uk-deploys-free-ai-powered-scam-call-detector-service.html,security_fraud_threat,0.95,security_fraud_threat,positive,1,AI,1,AI,55,"O2 UK has partnered with Hiya to launch a free, AI-powered scam call detection service for its customers, aiming to reduce fraud and nuisance calls. The AI system identifies and blocks scam calls in real time, enhancing customer protection and trust."
ISPreview UK,2024-11-28,"KCOM Issue Progress Update on FTTP Build, Copper Migration and More UPDATE",https://www.ispreview.co.uk/index.php/2024/11/kcom-issue-progress-update-on-fttp-build-copper-migration-and-more.html,,0.0,,not_applicable,0,,0,,57,
ISPreview UK,2024-11-28,EE UK Boosts 4G and 5G Mobile by Refarming More 3G Spectrum,https://www.ispreview.co.uk/index.php/2024/11/ee-uk-boosts-4g-and-5g-mobile-by-refarming-more-3g-spectrum.html,,0.0,,not_applicable,0,,0,,55,
ISPreview UK,2024-11-27,Freedom Fibre Update on Project Gigabit Broadband Build in Shropshire UK,https://www.ispreview.co.uk/index.php/2024/11/freedom-fibre-update-on-project-gigabit-broadband-build-in-shropshire-uk.html,,0.0,,not_applicable,0,,0,,48,
ISPreview UK,2024-11-27,November 2024 BDUK Update on UK Project Gigabit Broadband Rollout,https://www.ispreview.co.uk/index.php/2024/11/november-2024-bduk-update-on-uk-project-gigabit-broadband-rollout.html,,0.0,,not_applicable,0,,0,,48,
ISPreview UK,2024-11-27,INCA Name Winners of the 2024 UK Altnet Broadband ISP Awards,https://www.ispreview.co.uk/index.php/2024/11/inca-name-winners-of-the-2024-uk-altnet-broadband-isp-awards.html,,0.0,,not_applicable,0,,0,,59,
ISPreview UK,2024-11-27,EE and BT’s UK Consumer Division CEO Marc Allera to Step Down,https://www.ispreview.co.uk/index.php/2024/11/ee-uk-and-bts-consumer-division-ceo-marc-allera-to-step-down.html,,0.0,,not_applicable,0,,0,,59,
ISPreview UK,2024-11-27,Gov Launch £3.5m UK Rural Broadband Trials of Hybrid Networks,https://www.ispreview.co.uk/index.php/2024/11/gov-launch-3-5m-uk-rural-broadband-trials-of-hybrid-networks.html,,0.0,,not_applicable,0,,0,,54,
ISPreview UK,2024-11-27,Broadband ISP Grain Extends UK Full Fibre Network into Ashington,https://www.ispreview.co.uk/index.php/2024/11/broadband-isp-grain-extends-uk-full-fibre-network-into-ashington.html,,0.0,,not_applicable,0,,0,,47,
ISPreview UK,2024-11-26,Sky Threatens Legal Challenge to Vodafone and Three UK Merger,https://www.ispreview.co.uk/index.php/2024/11/sky-threatens-legal-challenge-to-vodafone-and-three-uk-merger.html,,0.0,,not_applicable,0,,0,,51,
ISPreview UK,2024-11-26,"384,890 Customers Take Utility Warehouse’s UK Broadband Services",https://www.ispreview.co.uk/index.php/2024/11/384890-customers-take-utility-warehouses-uk-broadband-services.html,,0.0,,not_applicable,0,,0,,56,
ISPreview UK,2024-11-26,"O2 UK Complete 4G and 5G Upgrades for 1,500 Postcodes in Derby",https://www.ispreview.co.uk/index.php/2024/11/o2-uk-complete-4g-and-5g-upgrades-for-1500-postcodes-in-derby.html,,0.0,,not_applicable,0,,0,,49,
ISPreview UK,2024-11-26,Virgin Media and Nexfibre Near Completion of Upp’s UK FTTP Integration,https://www.ispreview.co.uk/index.php/2024/11/virgin-media-and-nexfibre-near-completion-of-upps-uk-fttp-integration.html,,0.0,,not_applicable,0,,0,,57,
ISPreview UK,2024-11-26,Elevate Wholesale to Integrate Vorboss’s Full Fibre Network in London,https://www.ispreview.co.uk/index.php/2024/11/elevate-wholesale-to-integrate-vorbosss-full-fibre-network-in-london.html,,0.0,,not_applicable,0,,0,,48,
ISPreview UK,2024-11-26,Starlink’s Direct to Cell 4G Mobile via Satellite Service Achieves Global Cover UPDATE,https://www.ispreview.co.uk/index.php/2024/11/starlinks-direct-to-cell-4g-mobile-via-satellite-service-achieves-global-cover.html,,0.0,,not_applicable,0,,0,,49,
ISPreview UK,2024-11-26,Full Fibre Broadband Reaches Remote UK Island of Iona for the First Time UPDATE,https://www.ispreview.co.uk/index.php/2024/11/full-fibre-broadband-reaches-remote-uk-island-of-iona-for-the-first-time.html,,0.0,,not_applicable,0,,0,,54,
ISPreview UK,2024-11-25,Openreach Name Top 10 Kent UK Areas for FTTP Broadband Cover,https://www.ispreview.co.uk/index.php/2024/11/openreach-name-top-10-kent-uk-areas-for-fttp-broadband-cover.html,,0.0,,not_applicable,0,,0,,49,
ISPreview UK,2024-11-25,Transport for Wales Launch Own Full Fibre Network for ISPs – TfW Ffeibr,https://www.ispreview.co.uk/index.php/2024/11/transport-for-wales-launch-own-full-fibre-network-for-isps-tfw-ffeibr.html,,0.0,,not_applicable,0,,0,,60,
ISPreview UK,2024-11-25,Business ISP Commsworld Complete Northumberland’s New Full Fibre Network,https://www.ispreview.co.uk/index.php/2024/11/business-isp-commsworld-complete-northumberlands-new-full-fibre-network.html,,0.0,,not_applicable,0,,0,,51,
ISPreview UK,2024-11-25,Top 10 Fastest and Slowest Streets for UK Broadband in 2024,https://www.ispreview.co.uk/index.php/2024/11/top-10-fastest-and-slowest-streets-for-uk-broadband-in-2024.html,,0.0,,not_applicable,0,,0,,56,
ISPreview UK,2024-11-25,Broadband ISP LilaConnect Adds £100 Voucher for New Customers,https://www.ispreview.co.uk/index.php/2024/11/broadband-isp-lilaconnect-adds-100-voucher-for-new-customers.html,,0.0,,not_applicable,0,,0,,52,
ISPreview UK,2024-11-22,"TOTSCo Celebrate 200,000 Completed UK Broadband and Phone Switches",https://www.ispreview.co.uk/index.php/2024/11/totsco-celebrate-200000-completed-uk-broadband-and-phone-switches.html,,0.0,,not_applicable,0,,0,,52,
ISPreview UK,2024-11-22,London Gigabit Broadband ISP G.Network Cuts Price to £17 for Black Friday,https://www.ispreview.co.uk/index.php/2024/11/london-gigabit-broadband-isp-g-network-cuts-price-to-17-for-black-friday.html,,0.0,,not_applicable,0,,0,,44,
ISPreview UK,2024-11-22,Ofcom Prep Proposals to Authorise Using Satellites to Deliver UK Mobile,https://www.ispreview.co.uk/index.php/2024/11/ofcom-prep-proposals-to-authorise-using-satellites-to-deliver-uk-mobile.html,,0.0,,not_applicable,0,,0,,59,
ISPreview UK,2024-11-22,Vodafone UK Launch Black Friday SIM Only Mobile Discounts,https://www.ispreview.co.uk/index.php/2024/11/vodafone-uk-launch-black-friday-sim-only-mobile-discounts.html,,0.0,,not_applicable,0,,0,,48,
ISPreview UK,2024-11-22,Openreach Claim Full Fibre Broadband to Boost UK Economy by £66bn,https://www.ispreview.co.uk/index.php/2024/11/openreach-claim-full-fibre-broadband-to-boost-uk-economy-by-66bn.html,,0.0,,not_applicable,0,,0,,58,
ISPreview UK,2024-11-21,ISPA Unveil WINNERS of the 2024 UK ISP Internet Industry Awards UPDATE,https://www.ispreview.co.uk/index.php/2024/11/ispa-unveil-winners-of-the-2024-uk-isp-internet-industry-awards.html,,0.0,,not_applicable,0,,0,,46,
ISPreview UK,2024-11-21,Mobile Operator Three UK Launch SIM Only Black Friday Discounts,https://www.ispreview.co.uk/index.php/2024/11/mobile-operator-three-uk-launch-sim-only-black-friday-discounts.html,,0.0,,not_applicable,0,,0,,45,
ISPreview UK,2024-11-21,"New Small Cells in Chester to Boost Mobile Connections, O2 UK First to Adopt",https://www.ispreview.co.uk/index.php/2024/11/new-small-cells-in-chester-to-boost-mobile-connections-o2-uk-first-to-adopt.html,,0.0,,not_applicable,0,,0,,54,
ISPreview UK,2024-11-21,Multiboost Gain Ofcom UK Approval for Indoor Mobile Signal Boosters,https://www.ispreview.co.uk/index.php/2024/11/multiboost-gain-ofcom-uk-approval-for-its-indoor-mobile-signal-boosters.html,,0.0,,not_applicable,0,,0,,55,
ISPreview UK,2024-11-21,Fusion Fibre Group Gives Smaller UK ISPs Access to their Broadband Network,https://www.ispreview.co.uk/index.php/2024/11/fusion-fibre-group-gives-smaller-uk-isps-access-to-their-broadband-network.html,,0.0,,not_applicable,0,,0,,46,
ISPreview UK,2024-11-21,EE UK to Refresh Mobile Roaming Plans and Scraps Old Products UPDATE,https://www.ispreview.co.uk/index.php/2024/11/ee-uk-to-refresh-mobile-roaming-plans-and-scraps-old-products.html,,0.0,,not_applicable,0,,0,,58,
ISPreview UK,2024-11-21,High Court Rejects LetterOne Appeal Over Forced Sale of UK Broadband Biz,https://www.ispreview.co.uk/index.php/2024/11/high-court-rejects-letterone-appeal-over-forced-sale-of-uk-broadband-biz.html,,0.0,,not_applicable,0,,0,,58,
ISPreview UK,2024-11-21,Accounts for UK Broadband ISP Airband Highlight Funding Risks and Job Cuts UPDATE,https://www.ispreview.co.uk/index.php/2024/11/accounts-for-uk-broadband-isp-airband-highlight-funding-risks-and-job-cuts.html,,0.0,,not_applicable,0,,0,,58,
ISPreview UK,2024-11-20,"Netomnia Broadband ISP YouFibre Tops 150,000 UK Customers",https://www.ispreview.co.uk/index.php/2024/11/netomnia-broadband-isp-youfibre-tops-150000-uk-customers.html,,0.0,,not_applicable,0,,0,,48,
ISPreview UK,2024-11-20,Dotlines Launches in UK and Preps New Broadband ISP – Carnival Internet,https://www.ispreview.co.uk/index.php/2024/11/dotlines-launches-in-uk-and-preps-new-broadband-isp-carnival-internet.html,,0.0,,not_applicable,0,,0,,55,
ISPreview UK,2024-11-20,Survey Claims Smaller UK Firms Sceptical of Alternative Broadband Networks,https://www.ispreview.co.uk/index.php/2024/11/survey-claims-smaller-uk-firms-sceptical-of-alternative-broadband-networks.html,,0.0,,not_applicable,0,,0,,58,
ISPreview UK,2024-11-20,Virgin Media O2 Switches On New UK Converged Interconnect Network,https://www.ispreview.co.uk/index.php/2024/11/virgin-media-o2-switches-on-new-uk-converged-interconnect-network.html,,0.0,,not_applicable,0,,0,,53,
ISPreview UK,2024-11-20,Virgin Media O2 UK Offer Free Access to AI Search Engine Perplexity Pro,https://www.ispreview.co.uk/index.php/2024/11/virgin-media-o2-uk-offer-free-access-to-ai-search-engine-perplexity-pro.html,customer_support_experience,0.95,customer_support_experience,positive,1,"AI,AI-powered",1,AI,52,"Virgin Media and O2 are giving their Priority app users free access to the AI‑powered search engine Perplexity Pro for one year, enhancing customer experience by providing advanced AI search capabilities at no extra cost."
ISPreview UK,2024-11-20,Rural UK Broadband ISP Gigaclear Appoints New Financial Boss,https://www.ispreview.co.uk/index.php/2024/11/rural-uk-broadband-isp-gigaclear-appoints-new-financial-boss.html,,0.0,,not_applicable,0,,0,,46,
ISPreview UK,2024-11-19,Mobile Operators Fear UK 5G Rollout At Risk from Dispute with Leasing Firm,https://www.ispreview.co.uk/index.php/2024/11/mobile-operators-fear-uk-5g-rollout-at-risk-from-dispute-with-leasing-firm.html,,0.0,,not_applicable,0,,0,,59,
ISPreview UK,2024-11-19,Lightning Fibre Resume Stalled Full Fibre Broadband Build in Tenterden,https://www.ispreview.co.uk/index.php/2024/11/lightning-fibre-resume-stalled-full-fibre-broadband-build-in-tenterden.html,,0.0,,not_applicable,0,,0,,56,
ISPreview UK,2024-11-19,Quickline Bring FTTP to 4 Villages in Yorkshire Project Gigabit Broadband Build,https://www.ispreview.co.uk/index.php/2024/11/quickline-bring-fttp-to-4-villages-in-yorkshire-project-gigabit-broadband-build.html,,0.0,,not_applicable,0,,0,,46,
ISPreview UK,2024-11-19,Streetwave to Conduct County-Wide Mobile Coverage Study of Argyll and Bute,https://www.ispreview.co.uk/index.php/2024/11/streetwave-to-conduct-county-wide-mobile-coverage-study-of-argyll-and-bute.html,,0.0,,not_applicable,0,,0,,48,
ISPreview UK,2024-11-19,Broadband ISP YouFibre Deploy First UK 400Gbps vCGNAT Servers,https://www.ispreview.co.uk/index.php/2024/11/broadband-isp-youfibre-deploy-first-uk-400gbps-vcgnat-servers.html,,0.0,,not_applicable,0,,0,,59,
ISPreview UK,2024-11-19,"Rural UK ISP Wessex Internet Builds Gigabit Broadband to 30,000 Premises",https://www.ispreview.co.uk/index.php/2024/11/rural-uk-isp-wessex-internet-builds-gigabit-broadband-to-30000-premises.html,,0.0,,not_applicable,0,,0,,46,
ISPreview UK,2024-11-19,Ofcom UK Widen Scope of Probe into Gigaclear’s Emergency Calls Failure,https://www.ispreview.co.uk/index.php/2024/11/ofcom-uk-widen-scope-of-probe-into-gigaclears-emergency-calls-failure.html,,0.0,,not_applicable,0,,0,,55,
ISPreview UK,2024-11-19,iD Mobile Doubles Data on UK Mobile Plans for Black Friday,https://www.ispreview.co.uk/index.php/2024/11/id-mobile-doubles-data-on-uk-mobile-plans-for-black-friday.html,,0.0,,not_applicable,0,,0,,54,
ISPreview UK,2024-11-19,Pulse Fibre Offers 12 Months Free Broadband to Wain Homes,https://www.ispreview.co.uk/index.php/2024/11/pulse-fibre-offers-12-months-free-broadband-to-wain-homes.html,,0.0,,not_applicable,0,,0,,49,
ISPreview UK,2024-11-19,London Full Fibre Broadband ISP G.Network Cuts Jobs and Shifts Strategy,https://www.ispreview.co.uk/index.php/2024/11/london-full-fibre-broadband-isp-g-network-cuts-jobs-and-shifts-strategy.html,,0.0,,not_applicable,0,,0,,52,
ISPreview UK,2024-11-19,O2 UK Boost 4G and 5G Network Capacity for 850 Wolverhampton Postcodes,https://www.ispreview.co.uk/index.php/2024/11/o2-uk-boost-4g-and-5g-network-capacity-for-850-wolverhampton-postcodes.html,,0.0,,not_applicable,0,,0,,50,
ISPreview UK,2024-11-19,Survey Warns Some UK ISPs Continue to Mislead by Advertising Copper Broadband as Fibre,https://www.ispreview.co.uk/index.php/2024/11/survey-warns-some-uk-isps-continue-to-mislead-by-advertising-copper-broadband-as-fibre.html,,0.0,,not_applicable,0,,0,,59,
ISPreview UK,2024-11-19,Pembrokeshire Celebrate Passing 60 Percent Gigabit Broadband Cover,https://www.ispreview.co.uk/index.php/2024/11/pembrokeshire-celebrate-passing-60-percent-gigabit-broadband-cover.html,,0.0,,not_applicable,0,,0,,60,
ISPreview UK,2024-11-19,Gov Reach New Deal with UK Phone Operators to Protect Vulnerable Users,https://www.ispreview.co.uk/index.php/2024/11/gov-reach-new-deal-with-uk-phone-operators-to-protect-vulnerable-users.html,,0.0,,not_applicable,0,,0,,60,
ISPreview UK,2024-11-18,Sky UK Extends Agreement to Retain Amazon Prime Video,https://www.ispreview.co.uk/index.php/2024/11/sky-uk-extends-agreement-to-retain-amazon-prime-video.html,,0.0,,not_applicable,0,,0,,53,
ISPreview UK,2024-11-18,ISP Hey! Broadband Cuts UK 900Mbps Full Fibre Price to £21.50,https://www.ispreview.co.uk/index.php/2024/11/isp-hey-broadband-cuts-uk-900mbps-full-fibre-price-to-21-50.html,,0.0,,not_applicable,0,,0,,55,
ISPreview UK,2024-11-18,Virgin Media O2 UK See Success of Digital Phone Switch and Telecare Trial,https://www.ispreview.co.uk/index.php/2024/11/virgin-media-o2-uk-see-success-of-digital-phone-switch-and-telecare-trial.html,,0.0,,not_applicable,0,,0,,53,
ISPreview UK,2024-11-18,Full Fibre UK Network Operator Telcom Rebrands to Elevate,https://www.ispreview.co.uk/index.php/2024/11/full-fibre-uk-network-operator-telcom-rebrands-to-elevate.html,,0.0,,not_applicable,0,,0,,48,
ISPreview UK,2024-11-18,Broadband ISP Ogi Launch Referral Scheme and Black Friday Speed Boost,https://www.ispreview.co.uk/index.php/2024/11/broadband-isp-ogi-launch-referral-scheme-and-black-friday-speed-boost.html,,0.0,,not_applicable,0,,0,,47,
ISPreview UK,2024-11-17,Updated Ways to Find ISPreview on Social Media Outlets,https://www.ispreview.co.uk/index.php/2024/11/updated-ways-to-find-ispreview-on-social-media-outlets.html,,0.0,,not_applicable,0,,0,,79,
ISPreview UK,2024-11-16,O2 UK Confirm End Date for PAYG Mobile Broadband and iPad SIMs,https://www.ispreview.co.uk/index.php/2024/11/o2-uk-confirm-end-date-for-payg-mobile-broadband-and-ipad-sims.html,,0.0,,not_applicable,0,,0,,62,
ISPreview UK,2024-11-15,Gov Reopens Gigabit Broadband Vouchers in Part of Derbyshire UK,https://www.ispreview.co.uk/index.php/2024/11/gov-reopens-gigabit-broadband-vouchers-in-part-of-derbyshire-uk.html,,0.0,,not_applicable,0,,0,,57,
ISPreview UK,2024-11-15,Broadband Altnet Spring Fibre UK Sold to Harmony Networks for Just £1.5m,https://www.ispreview.co.uk/index.php/2024/11/broadband-altnet-spring-fibre-uk-sold-to-harmony-networks-for-just-1-5m.html,,0.0,,not_applicable,0,,0,,55,
ISPreview UK,2024-11-15,Ofcom UK Warns One Touch Switching Laggard ISPs to Get Onboard UPDATE,https://www.ispreview.co.uk/index.php/2024/11/ofcom-uk-warns-one-touch-switching-laggard-isps-to-get-onboard.html,,0.0,,not_applicable,0,,0,,63,
ISPreview UK,2024-11-15,DCF Summarises Progress of UK Telecoms Operators Toward Net Zero,https://www.ispreview.co.uk/index.php/2024/11/dcf-summarises-progress-of-uk-telecoms-operators-toward-net-zero.html,,0.0,,not_applicable,0,,0,,64,
ISPreview UK,2024-11-14,BT Wholesale Investigating One Touch Switch Problems with UK ISPs UPDATE2,https://www.ispreview.co.uk/index.php/2024/11/bt-wholesale-investigating-one-touch-switch-problems-with-uk-isps.html,,0.0,,not_applicable,0,,0,,51,
ISPreview UK,2024-11-14,Broadband Networks Zzoomm and Freedom Fibre Ponder UK Merger UPDATE,https://www.ispreview.co.uk/index.php/2024/11/broadband-networks-zzoomm-and-freedom-fibre-ponder-uk-merger.html,,0.0,,not_applicable,0,,0,,47,
ISPreview UK,2024-11-14,Clarus Networks Deploys Starlink Broadband Across Scotrail Trains,https://www.ispreview.co.uk/index.php/2024/11/clarus-networks-deploys-starlink-broadband-across-scotrail-trains.html,,0.0,,not_applicable,0,,0,,48,
ISPreview UK,2024-11-14,GoCompare Claim 9.5 Million UK Homes Paying for Unneeded Broadband Speeds,https://www.ispreview.co.uk/index.php/2024/11/gocompare-claim-9-5-million-uk-homes-paying-for-unneeded-broadband-speeds.html,,0.0,,not_applicable,0,,0,,56,
ISPreview UK,2024-11-14,"Ofcom Put NOW, EE and O2 on Naughty Step for UK Telecoms Complaints – Q2 2024",https://www.ispreview.co.uk/index.php/2024/11/ofcom-put-now-ee-and-o2-on-naughty-step-for-uk-telecoms-complaints-q2-2024.html,,0.0,,not_applicable,0,,0,,63,
ISPreview UK,2024-11-14,Virgin Media O2 UK Creates AI Granny to Waste Scammers Time UPDATE,https://www.ispreview.co.uk/index.php/2024/11/virgin-media-o2-uk-creates-ai-granny-to-waste-scammers-time.html,security_fraud_threat,0.95,security_fraud_threat,positive,2,"AI,Artificial Intelligence",1,AI,52,"Virgin Media O2 has deployed an AI‑powered virtual granny named Daisy that answers fraudsters’ calls in real time, keeping them on the line and away from customers to waste their time and money. The system uses natural language generation to mimic a human granny, helping protect customers from scams and reduce revenue loss."
ISPreview UK,2024-11-14,Dispute Erupts Between UK ISP Onecom and Eve VoIP Partner,https://www.ispreview.co.uk/index.php/2024/11/dispute-erupts-between-uk-isp-onecom-and-eve-voip-partner.html,,0.0,,not_applicable,0,,0,,49,
ISPreview UK,2024-11-14,Seven More 4G Mobile Mast Upgrades Go Live Across Rural Wales,https://www.ispreview.co.uk/index.php/2024/11/seven-more-4g-mobile-mast-upgrades-go-live-across-rural-wales.html,,0.0,,not_applicable,0,,0,,54,
ISPreview UK,2024-11-13,"Virgin Media and nexfibre Add 9,000 Witham Homes to UK FTTP Network",https://www.ispreview.co.uk/index.php/2024/11/virgin-media-and-nexfibre-add-9000-witham-homes-to-uk-fttp-network.html,,0.0,,not_applicable,0,,0,,43,
ISPreview UK,2024-11-13,Ycorp Launch New Data-only eSIM Driven UK Mobile Operator Ymobile,https://www.ispreview.co.uk/index.php/2024/11/ycorp-launch-new-data-only-esim-driven-uk-mobile-operator-ymobile.html,,0.0,,not_applicable,0,,0,,41,
Unknown,2025-11-17,House of Lords Home Working Report,https://www.thinkbroadband.com/news/house-of-lords-home-working-report,,0.0,,not_applicable,0,,0,,43,
Unknown,2025-11-17,Our tracking of nexfibre full fibre footprint breaks 2 million barrier,https://www.thinkbroadband.com/news/our-tracking-of-nexfibre-full-fibre-footprint-breaks-2-million-barrier,,0.0,,not_applicable,0,,0,,43,
Unknown,2025-11-14,Oopsie for Virgin Media website with 404 error on pages for 10 minutes,https://www.thinkbroadband.com/news/oopsie-for-virgin-media-website-with-404-error-on-pages-for-10-minutes,,0.0,,not_applicable,0,,0,,43,
Unknown,2025-11-14,Weekly Brief — 14 November 2025,https://www.thinkbroadband.com/news/weekly-brief-14-november-2025,,0.0,,not_applicable,0,,0,,43,
Unknown,2025-11-14,TOTSCo approaches 2 million OTS switches,https://www.thinkbroadband.com/news/totsco-approaches-2-million-ots-switches,,0.0,,not_applicable,0,,0,,43,
Unknown,2025-11-13,ISPA Awards 2025 — Winners Announced,https://www.thinkbroadband.com/news/ispa-awards-2025-winners-announced,,0.0,,not_applicable,0,,0,,43,
Unknown,2025-11-13,BDUK updates quarterly delivery performance,https://www.thinkbroadband.com/news/bduk-updates-quarterly-delivery-performance,,0.0,,not_applicable,0,,0,,43,
Unknown,2025-11-13,Triodos Bank helps to fund B4RN expansion,https://www.thinkbroadband.com/news/triodos-bank-helps-to-fund-b4rn-expansion,,0.0,,not_applicable,0,,0,,43,
Unknown,2025-11-13,Openreach has announced some areas where FTTP build is beginning,https://www.thinkbroadband.com/news/openreach-has-announced-some-areas-where-fttp-build-is-beginning,,0.0,,not_applicable,0,,0,,43,
Unknown,2025-11-13,Netomnia has released Q3 2025 financial results stats,https://www.thinkbroadband.com/news/netomnia-has-released-q3-2025-financial-results-stats,,0.0,,not_applicable,0,,0,,43,
Unknown,2025-11-13,Deep Dive: Netomnia x Virgin Media -vs- CityFibre,https://www.thinkbroadband.com/news/deep-dive-netomnia-x-virgin-media-vs-cityfibre,,0.0,,not_applicable,0,,0,,43,
Unknown,2025-11-12,Openreach to increase costs for WLR products ahead of PSTN switch-off,https://www.thinkbroadband.com/news/openreach-to-increase-costs-for-wlr-products-ahead-of-pstn-switch-off,,0.0,,not_applicable,0,,0,,43,
Unknown,2025-11-12,Quickline introduces new business packages,https://www.thinkbroadband.com/news/quickline-introduces-new-business-packages,,0.0,,not_applicable,0,,0,,43,
Unknown,2025-11-12,EXCLUSIVE November 2025 update on Openreach full-fibre roll-out,https://www.thinkbroadband.com/news/exclusive-november-2025-update-on-openreach-full-fibre-roll-out,,0.0,,not_applicable,0,,0,,43,
Unknown,2025-11-10,INCA: Openreach’s problem isn’t regulation – it’s competition,https://www.thinkbroadband.com/news/inca-openreachs-problem-isnt-regulation-its-competition,,0.0,,not_applicable,0,,0,,43,
Unknown,2025-11-10,Gigaclear calls industry co-operation between Openreach and altnets,https://www.thinkbroadband.com/news/gigaclear-calls-on-industry-cooperation-between-openreach-and-altnets,,0.0,,not_applicable,0,,0,,43,
Unknown,2025-11-09,UK full fibre availability rises to cover 81% of UK premises,https://www.thinkbroadband.com/news/uk-full-fibre-availability-rises-to-cover-81-of-uk-premises,,0.0,,not_applicable,0,,0,,43,
Unknown,2025-11-08,Shropshire council frustrated with Project Gigabit progress,https://www.thinkbroadband.com/news/shropshire-council-frustrated-with-project-gigabit-progress,,0.0,,not_applicable,0,,0,,43,
Unknown,2025-11-07,Weekly Brief — 7th November 2025,https://www.thinkbroadband.com/news/weekly-brief-7th-november-2025,,0.0,,not_applicable,0,,0,,43,
Unknown,2025-11-07,Vodafone and AST SpaceMobile announce new European Space to Mobile constellation,https://www.thinkbroadband.com/news/vodafone-and-ast-spacemobile-announce-new-european-space-to-mobile-constellation,,0.0,,not_applicable,0,,0,,43,
Unknown,2025-11-07,"EXCLUSIVE: October 2025 update on broadband availability across the UK, nations and regions",https://www.thinkbroadband.com/news/exclusive-october-2025-update-on-broadband-availability-across-the-uk-nations-and-regions,,0.0,,not_applicable,0,,0,,43,
Unknown,2025-11-07,Brechin in Scotland most northerly nexfibre full fibre location now,https://www.thinkbroadband.com/news/brechin-in-scotland-most-northerly-nexfibre-full-fibre-location-now,,0.0,,not_applicable,0,,0,,43,
Unknown,2025-11-06,Ofcom investigation into suicide forum — Online Safety Act,https://www.thinkbroadband.com/news/ofcom-investigation-into-suicide-forum,,0.0,,not_applicable,0,,0,,43,
Unknown,2025-11-06,Black Friday Deals Round-up,https://www.thinkbroadband.com/news/black-friday-deals-round-up,,0.0,,not_applicable,0,,0,,43,
Unknown,2025-11-06,"nexfibre full fibre available to 6,000 homes in Widnes – UPDATED",https://www.thinkbroadband.com/news/nexfibre-full-fibre-available-to-6000-homes-in-widnes,,0.0,,not_applicable,0,,0,,43,
Unknown,2025-11-06,Ofcom and counterparts in five-eyes to co-operate on telecoms security,https://www.thinkbroadband.com/news/ofcom-and-counterparts-in-five-eyes-to-co-operate-on-telecoms-security,,0.0,,not_applicable,0,,0,,43,
Unknown,2025-11-06,BT Group releases financial results for half year to 30th September 2025,https://www.thinkbroadband.com/news/bt-group-releases-financial-results-for-half-year-to-30th-september-2025,,0.0,,not_applicable,0,,0,,43,
Unknown,2025-11-06,BT teams up with Starlink to offer satellite connectivity to rural homes,https://www.thinkbroadband.com/news/bt-teams-up-with-starlink-to-offer-satellite-connectivity-to-rural-homes,,0.0,,not_applicable,0,,0,,43,
Unknown,2025-11-06,GoFibre Project Gigabit Programe — Minor De-scoping,https://www.thinkbroadband.com/news/gofibre-project-gigabit-programe-minor-de-scoping,,0.0,,not_applicable,0,,0,,43,
Unknown,2025-11-05,New landmark Telecommunications Charter aims to stop scourge of scam calls,https://www.thinkbroadband.com/news/new-landmark-telecommunications-charter-aims-to-stop-scourge-of-scam-calls,,0.0,,not_applicable,0,,0,,43,
FibreNews,2025-03-07,Connect Fibre rolls out Wi-Fi 7 across all broadband plans,https://fibrenews.co.uk/connect-fibre-rolls-out-wi-fi-7-across-all-broadband-plans/,,0.0,,not_applicable,0,,0,,238,
FibreNews,2025-03-03,Daisy Communications Strikes Long-Term Partnership with AllPoints Fibre Networks,https://fibrenews.co.uk/daisy-communications-strikes-long-term-partnership-with-allpoints-fibre-networks/,,0.0,,not_applicable,0,,0,,214,
FibreNews,2025-02-27,Voiceflex Partners with Vorboss to Strengthen Business Connectivity,https://fibrenews.co.uk/voiceflex-partners-with-vorboss-to-strengthen-business-connectivity/,,0.0,,not_applicable,0,,0,,162,
FibreNews,2025-02-26,Quickline Rolls Out Full Fibre to Hard-to-Reach Homes in Lincolnshire & East Yorkshire,https://fibrenews.co.uk/quickline-rolls-out-full-fibre-to-hard-to-reach-homes-in-lincolnshire-east-yorkshire/,,0.0,,not_applicable,0,,0,,346,
FibreNews,2025-02-24,"Gigaclear Begins Project Gigabit Build to Connect 9,500 Oxfordshire Premises",https://fibrenews.co.uk/gigaclear-begins-project-gigabit-build-to-connect-9500-oxfordshire-premises/,,0.0,,not_applicable,0,,0,,164,
FibreNews,2025-02-24,Freedom Fibre Appoints Lindsey Sutherland as Chief Operations Officer,https://fibrenews.co.uk/freedom-fibre-appoints-lindsey-sutherland-as-chief-operations-officer/,,0.0,,not_applicable,0,,0,,141,
FibreNews,2025-02-24,Quickline Appoints Frank Stone as Chief Marketing and Information Officer,https://fibrenews.co.uk/quickline-appoints-frank-stone-as-chief-marketing-and-information-officer/,,0.0,,not_applicable,0,,0,,255,
FibreNews,2025-02-24,"CityFibre’s Big Year: Record Growth, First Profitable Year & Sky Partnership",https://fibrenews.co.uk/cityfibres-big-year-record-growth-first-profitable-year-sky-partnership/,,0.0,,not_applicable,0,,0,,738,
FibreNews,2025-02-11,Quickline Introduces Young Readers to the World of Connectivity,https://fibrenews.co.uk/quickline-introduces-young-readers-to-the-world-of-connectivity/,,0.0,,not_applicable,0,,0,,332,
FibreNews,2025-02-11,"Netomnia Reaches 110,000 Premises in Liverpool",https://fibrenews.co.uk/netomnia-reaches-110000-premises-in-liverpool-following-strategic-brsk-merger/,,0.0,,not_applicable,0,,0,,77,
FibreNews,2025-02-11,"Exmouth Goes Gigabit: 12,000 Homes Now Have Access To Superfast Full Fibre",https://fibrenews.co.uk/exmouth-goes-gigabit-12000-homes-now-have-access-to-superfast-full-fibre/,,0.0,,not_applicable,0,,0,,213,
FibreNews,2025-02-12,Elevate Wholesale Appoints Will Goodall as Wholesale Director Amid Rapid Growth,https://fibrenews.co.uk/elevate-wholesale-appoints-will-goodall-as-wholesale-director-amid-rapid-growth/,,0.0,,not_applicable,0,,0,,310,
FibreNews,2025-01-27,"FullFibre and Zzoomm Announce Merger, Combining a Footprint of 600,000 Properties Passed",https://fibrenews.co.uk/fullfibre-and-zzoomm-announce-merger-creating-a-combination-of-600000-properties-passed/,,0.0,,not_applicable,0,,0,,354,
FibreNews,2025-01-22,"GoFibre Hits 1,000 Customer Milestone in Hawick as Full Fibre Rollout Expands",https://fibrenews.co.uk/gofibre-hits-1000-customer-milestone-in-hawick-as-full-fibre-rollout-expands/,,0.0,,not_applicable,0,,0,,141,
FibreNews,2025-01-20,"Netomnia, Brsk & YouFibre Achieve Milestone of 2 Million Premises Serviceable in 2024",https://fibrenews.co.uk/netomnia-brsk-youfibre-achieve-milestone-of-2-million-premises-serviceable-in-2024/,,0.0,,not_applicable,0,,0,,376,
FibreNews,2025-01-22,Copper Switch-Off Continues As Openreach Adds 165 New Areas to “Stop Sell” List,https://fibrenews.co.uk/copper-switch-off-continues-as-openreach-adds-165-new-areas-to-stop-sell-list/,,0.0,,not_applicable,0,,0,,363,
FibreNews,2025-01-17,"Altnet Take-Up Steadily Grows Amid Shift Toward Profitability, New Eight Advisory Report Reveals",https://fibrenews.co.uk/altnet-take-up-steadily-grows-amid-shift-toward-profitability-new-eight-advisory-report-reveals/,,0.0,,not_applicable,0,,0,,246,
FibreNews,2025-01-16,LightSpeed and Neos Networks Join Forces to Expand Gigabit Broadband Reach,https://fibrenews.co.uk/lightspeed-and-neos-networks-join-forces-to-expand-gigabit-broadband-reach/,,0.0,,not_applicable,0,,0,,343,
FibreNews,2025-01-15,Quickline Partners with South Yorkshire Community Foundation to Tackle Unemployment,https://fibrenews.co.uk/quickline-partners-with-south-yorkshire-community-foundation-to-tackle-unemployment/,,0.0,,not_applicable,0,,0,,459,
FibreNews,2025-01-15,nexfibre Calls for Action in Upcoming Telecoms Access Review,https://fibrenews.co.uk/nexfibre-calls-for-action-in-upcoming-telecoms-access-review/,,0.0,,not_applicable,0,,0,,579,
FibreNews,2025-01-13,Fibrenews Podcast – EP. 15 – Mark Pillow & Paul Gibbs – VoIP unlimited,https://fibrenews.co.uk/fibrenews-podcast-ep-15-mark-pillow-paul-gibbs-voip-unlimited/,,0.0,,not_applicable,1,AI,0,,163,
FibreNews,2025-01-09,Elevate Wholesale –  Chewing The Channel Podcast – Ep. 2 – Andy Tatlock,https://fibrenews.co.uk/elevate-wholesale-chewing-the-channel-podcast-ep-2-andy-tatlock/,,0.0,,not_applicable,0,,0,,158,
FibreNews,2025-01-09,nexfibre Hits Two Million Premises Passed Milestone,https://fibrenews.co.uk/nexfibre-hits-two-million-premises-passed-milestone/,,0.0,,not_applicable,0,,0,,383,
FibreNews,2025-01-13,Fibrenews Podcast – EP. 14 – Sean Royce – CEO Quickline,https://fibrenews.co.uk/fibrenews-podfibrenews-podcast-ep-14-sean-royce-ceo-quickline/,,0.0,,not_applicable,0,,0,,152,
FibreNews,2025-01-08,Dotlines UK Teams Up with The Kenton Group as National Distributor for Audra Security,https://fibrenews.co.uk/dotlines-uk-teams-up-with-the-kenton-group-as-national-distributor-for-audra-security/,,0.0,,not_applicable,0,,0,,341,
FibreNews,2025-01-07,"Ogi Completes Multimillion-Pound Cardiff Fibre Upgrade, Connecting Businesses to a Digital Future",https://fibrenews.co.uk/ogi-completes-multimillion-pound-cardiff-fibre-upgrade-connecting-businesses-to-a-digital-future/,,0.0,,not_applicable,1,AI,0,,355,
FibreNews,2025-01-07,Quickline to support more than 500 students through Lincolnshire Institute of Technology bursary,https://fibrenews.co.uk/quickline-champions-stem-education-with-bursary-for-underrepresented-students-in-lincolnshire/,,0.0,,not_applicable,0,,0,,418,
FibreNews,2025-01-07,Freedom Fibre Signs Armed Forces Covenant to Support Military Community,https://fibrenews.co.uk/freedom-fibre-signs-armed-forces-covenant-to-support-military-community/,,0.0,,not_applicable,0,,0,,335,
FibreNews,2025-01-07,FluidOne Appoints Graham Dickie as CFO to Lead Next Growth Phase,https://fibrenews.co.uk/fluidone-appoints-graham-dickie-as-cfo-to-lead-next-growth-phase/,,0.0,,not_applicable,0,,0,,453,
FibreNews,2025-01-03,Voneus Ends £12m Project Gigabit Contract in Shropshire Amid Customer Complaints,https://fibrenews.co.uk/voneus-ends-12m-project-gigabit-contract-in-shropshire-amid-customer-complaints/,,0.0,,not_applicable,0,,0,,335,
FibreNews,2024-12-18,Wessex Internet Connects First South Wiltshire Home Under Project Gigabit,https://fibrenews.co.uk/wessex-internet-connects-first-south-wiltshire-home-under-project-gigabit/,,0.0,,not_applicable,0,,0,,243,
FibreNews,2024-12-18,Gigaclear Names Andy Matthews as Chairman,https://fibrenews.co.uk/gigaclear-names-andy-matthews-as-chairman/,,0.0,,not_applicable,0,,0,,245,
FibreNews,2025-01-03,"UK Businesses Alarmingly Unprepared for PSTN and ISDN Switch-Off, Zen Research Reveals",https://fibrenews.co.uk/uk-businesses-alarmingly-unprepared-for-pstn-and-isdn-switch-off-zen-research-reveals/,,0.0,,not_applicable,0,,0,,499,
FibreNews,2024-12-13,Fibrenews Podcast – EP. 13 – Jeremy Chelot – CEO YouFibre/Brsk & Netomnia,https://fibrenews.co.uk/fibrenews-podcast-ep-13-jeremy-chelot-ceo-youfibre-brsk-netomnia/,,0.0,,not_applicable,0,,0,,80,
FibreNews,2024-12-11,"Gigaclear Marks Record Growth Year, Bringing Total Connected Customers to 130,000",https://fibrenews.co.uk/gigaclear-marks-record-growth-year-bringing-total-connected-customers-to-130000/,,0.0,,not_applicable,0,,0,,221,
FibreNews,2024-12-11,Wessex Internet Breaks Ground on £33.5M Project Gigabit Rollout,https://fibrenews.co.uk/wessex-internet-breaks-ground-on-33-5m-project-gigabit-rollout/,,0.0,,not_applicable,0,,0,,275,
FibreNews,2024-12-11,IDNet Partners with MS3 to Expand Full Fibre Connectivity for Homes and Businesses,https://fibrenews.co.uk/idnet-partners-with-ms3-to-expand-full-fibre-connectivity-for-homes-and-businesses/,,0.0,,not_applicable,0,,0,,242,
FibreNews,2024-12-18,Infranomics Analyse Latest BDUK OMR Results Showing 3.2 million premises without any commercial plans to build,https://fibrenews.co.uk/infranomics-analise-latest-bduk-omr-results-showing-3-2million-premises-without-any-commercial-plans-to-build/,,0.0,,neutral,1,AI,0,,272,
FibreNews,2024-12-09,Dotlines UK Unveils Audra Security: Simplifying Internet Safety,https://fibrenews.co.uk/dotlines-uk-unveils-audra-security-simplifying-internet-safety/,,0.0,,not_applicable,0,,0,,336,
FibreNews,2024-12-09,Quickline Launches Its First Telecoms Apprenticeship Programme,https://fibrenews.co.uk/quickline-launches-its-first-telecoms-apprenticeship-programme/,,0.0,,not_applicable,0,,0,,168,
FibreNews,2024-12-06,Earth Broadband Refreshes Its Brand and Its Mission to Save the Planet,https://fibrenews.co.uk/earth-broadband-refreshes-its-brand-and-its-mission-to-save-the-planet/,,0.0,,not_applicable,0,,0,,250,
FibreNews,2024-12-04,Neos Networks Enhances UK Ethernet Offering with CityFibre Partnership,https://fibrenews.co.uk/neos-networks-enhances-uk-ethernet-offering-with-cityfibre-partnership/,,0.0,,not_applicable,0,,0,,220,
FibreNews,2024-12-03,Elevate Wholesale® Partners with Flotek Group to Deliver Hyperfast Connectivity to Cardiff,https://fibrenews.co.uk/elevate-wholesale-partners-with-flotek-group-to-deliver-hyperfast-connectivity-to-cardiff/,,0.0,,not_applicable,0,,0,,269,
FibreNews,2024-12-03,TalkTalk To Action More Redundancies After Refinancing Deal,https://fibrenews.co.uk/talktalk-to-action-more-redundancies-after-refinancing-deal/,,0.0,,not_applicable,0,,0,,183,
FibreNews,2024-12-03,West Midlands £2.8 Billion Boost From Full Fibre,https://fibrenews.co.uk/west-midlands-2-8-billion-boost-from-full-fibre/,,0.0,,not_applicable,0,,0,,261,
Technology Magazine,2025-11-26,"Colt CIO Priorities: AI Inference, NaaS and Quantum Security",https://technologymagazine.com/articles/colt-cio-priorities-ai-inference-naas-and-quantum-security,Position Colt’s network and security strategy around supporting AI inference workloads and NaaS,High,AI inference traffic over Colt’s network; AI-driven automation; secure connectivity for AI workloads,Positive,4,AI; AI inference; AI workloads; artificial intelligence,1,AI,1500,"Interview-style feature on Colt’s CIO outlining three priorities: supporting high-bandwidth AI inference workloads, expanding Network-as-a-Service for on-demand connectivity and preparing for quantum-resilient security. Colt is framed as a digital infrastructure partner for enterprises deploying AI at scale, emphasising low-latency optical routes, programmable networking and close cloud integration. AI is highlighted as a major driver of traffic growth and as a source of new managed services opportunities for Colt."
Colt Technology Services,2025-03-10,Supporting AI in the UK – a whitepaper to government,https://www.colt.net/resources/supporting-ai-in-the-uk-a-whitepaper-to-government,Policy advocacy for AI-ready digital and connectivity infrastructure,High,National AI compute infrastructure; high-capacity fibre and metro networks for AI; secure data exchange for AI R&D,Positive,4,AI; artificial intelligence; AI innovation; AI ecosystem,1,AI,1800,"Colt summarises its whitepaper to the UK government arguing that widespread AI adoption depends on robust digital infrastructure, including dense fibre, high-capacity metro backbones and resilient data-centre interconnects. It warns that bottlenecks could constrain AI investment and recommends measures on spectrum, planning, skills and incentives for fibre build-out. Colt positions itself as a key enabler of sovereign AI capacity, stressing the need to connect regional AI compute hubs and give enterprises of all sizes access to AI-capable networks."
Colt Technology Services,2025-04-03,"AI regulation, Greentech and NaaS to top CIOs’ agendas for 2025",https://www.colt.net/insights/ai-regulation-greentech-and-naas-to-top-cios-agendas-for-2025,Insight into how CIOs plan to govern AI and modernise networks,Medium,Responsible AI governance; AI risk and compliance; AI-enabled network automation; AI-driven demand forecasting,Cautious,4,AI; artificial intelligence; AI regulation; generative AI,1,AI,1300,"Drawing on Colt’s 2025 Digital Infrastructure report, this article says CIOs are prioritising AI regulation and governance, Greentech initiatives and network-as-a-service. It notes that while many experiment with generative AI, there are concerns about data protection, regulatory uncertainty and integration with legacy estates. Colt argues that programmable, on-demand connectivity is a critical foundation for safely scaling AI and that partners must help customers navigate both technical and regulatory AI challenges."
Colt Technology Services,2025-04-03,Colt research reveals growth opportunities for partners with AI and On Demand,https://www.colt.net/resources/colt-research-reveals-growth-opportunities-for-partners-with-ai-and-on-demand/,"Enabling channel partners to monetise AI-driven, on-demand network services",High,AI-enhanced intelligent infrastructure journeys; AI as driver of on-demand connectivity; AI-based analytics for partners,Positive,4,AI; artificial intelligence; AI journeys; AI-enabled services,1,AI,1100,"Colt reports survey findings showing partners see major growth potential in helping customers modernise infrastructure for AI and on-demand connectivity. Many IT leaders expect AI to reshape network traffic, security posture and application architecture but lack in-house skills. Colt positions its On Demand portfolio and automation capabilities as tools for partners to quickly provision bandwidth for AI workloads, integrate cloud connectivity and offer differentiated managed services."
Colt Technology Services,2025-07-02,Kevlinx Data Centers and Colt launch future-proof AI-ready infrastructure in Brussels,https://www.colt.net/resources/kevlinx-and-colt-expand-strategic-partnership-to-launch-future-proof-ai-ready-infrastructure-in-brussels/,Providing AI-ready dark fibre and high-capacity connectivity to an AI-focused data-centre campus,High,AI-optimised long-haul and metro connectivity; low-latency links for AI training and inference; scalable dark fibre for AI clusters,Positive,3,AI-ready; AI workloads; artificial intelligence,1,AI-ready,900,"This joint announcement details an expanded partnership in Brussels where Colt delivers high-capacity, diverse dark fibre and 400G services to Kevlinx’s AI-focused data-centre campus. The infrastructure is described as AI-ready, built to accommodate dense GPU clusters, high-throughput east-west traffic and future scaling. Route diversity, low latency and power-rich sites are highlighted as critical to attracting AI and high-performance computing tenants, positioning Colt as a backbone for European AI deployments."
SecurityInformed.com,2025-05-23,Colt Technology: AI Focus Boosts Digital Infrastructure,https://www.securityinformed.com/news/colt-digital-infrastructure-report-ai-esg-co-1646903999-ga-co-1561029515-ga.1684834824.html,Interpreting Colt’s Digital Infrastructure report with emphasis on AI and ESG,High,AI-driven traffic growth; AI for network optimisation; AI in security operations; AI in ESG reporting,Positive,4,AI; artificial intelligence; AI-enabled infrastructure; AI-driven traffic,1,AI,900,"SecurityInformed summarises Colt’s latest Digital Infrastructure report, emphasising how AI adoption is reshaping enterprise connectivity requirements. The article notes rising demand for secure, low-latency links to cloud and data-centre environments where AI workloads run, along with greater interest in observability and automation. It also connects AI to ESG, suggesting smarter networks can reduce energy use and support greener architectures, and portrays Colt as adjusting its portfolio and partner strategy to capture AI-related growth while managing cyber-risk."
Neos Networks,2025-04,Enabling the UK’s AI ambitions: why fibre is the foundation,https://neosnetworks.com/insights/enabling-the-uks-ai-ambitions,Arguing that high-capacity fibre is the prerequisite for national AI growth,High,Backhaul for AI data centres; fibre routes for AI training clusters; low-latency for AI services; network upgrades for generative AI,Positive,5,AI; artificial intelligence; AI ambitions; generative AI; AI workloads,1,AI,4000,"Neos’ flagship report analyses UK fibre capacity against projected AI data-centre and high-performance computing demand. It warns that legacy and geographically patchy fibre could constrain AI training and inference, delay data-centre projects and weaken the UK’s competitiveness. The paper models AI-driven traffic growth, identifies regional bottlenecks and calls for coordinated investment by operators, government and investors to expand high-count dark fibre along AI corridors and into new edge locations."
Light Reading,2025-10,"Lack of fiber may hamper UK’s AI ambitions, says Neos",https://www.lightreading.com/ai-machine-learning/lack-of-fiber-may-hamper-uk-s-ai-ambitions-says-neos,Public framing of Neos’ research to the telecom audience,High,Fibre backhaul for AI clusters; connectivity for AI-centric data centres; support for AI-driven industries,Cautious,4,AI; AI ambitions; artificial intelligence; AI workloads,1,AI,900,"Light Reading reports on Neos’ study, emphasising its conclusion that insufficient fibre capacity could slow or derail UK AI ambitions. The article highlights delayed or constrained data-centre builds due to limited high-count fibre and quotes Neos executives calling for urgent infrastructure investment. AI growth is tied to regional economic development, with generative AI workloads expected to dramatically increase bandwidth and latency requirements versus traditional enterprise workloads."
DataCenterDynamics,2025-10,Lack of fiber availability delaying UK data center projects – report,https://www.datacenterdynamics.com/en/news/lack-of-fiber-availability-delaying-uk-data-center-projects-report/,Highlighting impact of fibre constraints on AI-oriented data-centre builds,Medium,Connectivity for AI and cloud data centres; high-fibre-count backbones for AI training hubs,Cautious,3,AI; AI-driven demand; artificial intelligence,0,," ""900""","DCD covers Neos’ findings on how limited access to diverse, high-count fibre is delaying or scaling back new data-centre projects in the UK. While the piece focuses broadly on data-centre infrastructure, it explicitly connects these constraints to anticipated growth in AI and high-performance computing workloads. Hyperscalers and AI providers are said to require redundant dark fibre routes, and delays could push AI investment to better-connected regions."
FibreProvider,2025-09,"Fibre investment is key to future AI growth, says Neos study",https://fibreprovider.net/news/fibre-investment-is-key-to-future-ai-growth-says-neos-study,Positioning fibre expansion as a policy and investment imperative for AI,High,Fibre as enabler for AI data-centre clusters; AI-driven traffic growth; dark fibre for AI ecosystems,Positive,3,AI; AI growth; artificial intelligence,1,AI,700,"This trade piece distils Neos’ argument into a message for fibre investors and alternative network operators, stating that without significant new fibre build-out the UK risks missing out on projected AI-related economic growth. It cites modelling of AI-driven bandwidth growth and calls out specific corridors and metros where additional dark fibre is needed. Collaboration between wholesalers, alt-nets and hyperscalers is stressed to ensure sufficient, diverse connectivity for AI-intensive workloads."
DataCentreReview,2025-09,An ageing fibre backbone could put the UK’s AI future at risk,https://datacentrereview.com/2025/09/an-ageing-fibre-backbone-could-put-the-uks-ai-future-at-risk/,Editorial framing Neos research as a broader warning on AI competitiveness,High,AI data-centre interconnect; backhaul for AI-enabled services; AI-driven network modernisation,Cautious,4,AI; AI future; artificial intelligence; AI competitiveness,1,AI,1000,"This opinion-style article referencing Neos’ research argues that much of the UK’s fibre backbone was not designed for today’s dense, low-latency AI traffic patterns. It warns that without accelerated modernisation and resilience improvements, AI-heavy industries may favour other markets. Policy implications such as planning reform and incentives are explored, with the author arguing that AI strategy and fibre strategy must be aligned if the UK wants to retain leadership in AI, cloud and digital services."
Freshwave,2025-01-20,Freshwave plants portable 5G in agritech innovation at the National Robotarium,https://freshwavegroup.com/freshwave-plants-portable-5g-in-agritech-innovation-at-the-national-robotarium/,Deploying a portable 5G private network to support robotics and AI agritech R&D,High,Robotics and AI for agritech; real-time video and 3D mapping; AI-assisted precision agriculture; co-bot human-robot operations,Positive,4,AI; artificial intelligence; robotics and AI; AI-assisted entrepreneurship,1,artificial intelligence (AI),1200,"Freshwave describes a collaboration with the National Robotarium, a robotics and AI centre in Edinburgh, to deploy a portable 5G private network. The network supports Boston Dynamics’ Spot robot collecting real-time video, 3D maps and infrared data in agricultural settings, enabling AI-driven insights into productivity and sustainability. Private 5G is presented as a flexible backbone for AI and robotics experiments, highlighting rural connectivity benefits and future multi-robot agritech scenarios."
Mobile World Live,2025-01-20,Freshwave tests private 5G agritech credentials,https://www.mobileworldlive.com/europe/freshwave-tests-private-5g-agritech-credentials/,Demonstrating private 5G for AI-enabled agricultural robotics,High,AI-based analysis of agritech sensor data; robotic inspection using AI; real-time analytics enabled by 5G,Positive,3,AI; AI-powered robotics; artificial intelligence,0,," ""700""","Mobile World Live reports that Freshwave’s portable private 5G network is being used at the National Robotarium to test Boston Dynamics’ Spot robot for agricultural use cases. The piece emphasises live video, 3D mapping and environmental sensing to improve productivity and sustainability, enabled by low-latency connectivity that supports AI-driven analysis. It frames private 5G as unlocking new commercial agritech opportunities, with Freshwave portrayed as a neutral host entering AI-enhanced verticals."
Robotics & Automation Magazine,2025-01-21,Freshwave plants portable 5G in agritech at the National Robotarium,https://www.roboticsandautomationmagazine.co.uk/news/life-sciences/freshwave-plants-portable-5g-in-agritech-at-the-national-robotarium.html,Using 5G and AI to enhance robotics R&D and precision agriculture,High,AI capabilities at robotics centre; AI-driven precision farming; multi-robot AI scenarios; AI for crop monitoring,Positive,4,AI; artificial intelligence (AI); AI capabilities; AI applications,1,artificial intelligence (AI),900,"This article reiterates the Freshwave–National Robotarium partnership, emphasising that the portable 5G network enhances the centre’s robotics and AI capabilities. It describes how Spot streams video, builds 3D maps and gathers infrared data for AI-driven precision farming tasks such as crop monitoring and environmental assessment. Portability, quick deployment and use of dedicated spectrum are highlighted, and the MoU is presented as a long-term collaboration to co-develop AI and robotics use cases over private 5G."
AgritechFuture,2025-01,Freshwave and National Robotarium launch 5G-powered agritech robot,https://agritechfuture.com/robotics-automation/freshwave-and-national-robotarium-launch-5g-powered-agritech-robot/,Publicising AI-enabled agritech robotics trials over Freshwave’s private 5G,Medium,AI-based agritech robotics; AI for commercial agritech projects; AI analysis of farm data,Positive,3,AI; artificial intelligence; robotics and AI,1,AI,600,"AgritechFuture’s piece frames the initiative as a 5G-powered agritech robot launch. It notes that Freshwave’s portable private 5G network underpins trials in which Spot collects real-time field data to support AI-driven applications for commercial agritech customers. The article stresses that integrating robotics, AI and reliable wireless connectivity can unlock new business models in precision agriculture and help build UK capabilities in AI-enabled farming technologies."
Engineering Applications of Artificial Intelligence,2025,Anomaly detection in offshore open radio access network using long short-term memory models on a novel AI-driven cloud-native data platform,https://www.sciencedirect.com/science/article/pii/S0952197625022821,Applying LSTM-based AI models for anomaly detection in offshore Open RAN networks,High,AI-driven anomaly detection in O-RAN; LSTM time-series models; AI-backed cloud-native data platform; predictive maintenance,Positive,5,AI; AI-driven; artificial intelligence; anomaly detection; machine learning models,1,AI-driven,9000,"This peer-reviewed paper, co-authored by Boldyn Networks and academic partners, presents a cloud-native AI platform for monitoring offshore Open RAN deployments. Long short-term memory models are trained on network telemetry to detect anomalies in real time, reducing manual troubleshooting and potential outages. The platform is designed to scale across neutral-host private networks and integrate with Boldyn’s data pipeline and O-RAN architecture. Results show improved operational efficiency and customer experience, underlining AI’s role in automating complex RAN environments."
FiberInsider,2025-02,"Tech News Roundup: Boldyn, DataBank, EXA, and Macquarie Telecom",https://fiberinsider.com/tech-news-roundup-boldyn-databank-exa-and-macquarie-telecom/,Highlighting Boldyn’s AI- and ML-enabled cloud and data platform,Medium,AI- and ML-driven data processing; AI-assisted automation for enterprise customers; AI-enhanced cloud services,Positive,3,AI; artificial intelligence; machine learning,1,artificial intelligence,700,"In a multi-company roundup, FiberInsider describes a Boldyn platform that leverages artificial intelligence and machine learning to help enterprises manage data and processes more efficiently. The article frames Boldyn’s neutral-host and cloud capabilities as increasingly software- and analytics-driven, enabling productivity gains and cost savings for customers. Specific AI techniques are not detailed but the messaging positions Boldyn as embedding AI and ML into its solutions rather than just providing passive connectivity."
The Network Media Group,2025-03,"The convergence of AI, GenAI, and Open RAN: Driving automation, orchestration, and monetization in next-gen networks",https://www.thenetworkmediagroup.com/blog/the-convergence-of-ai-genai-and-open-ran-driving-automation-orchestration-and-monetization-in-next-gen-networks-llfw3,Industry panel discussion on AI and generative AI in Open RAN with Boldyn as neutral host,Medium,AI and generative AI for RAN optimisation; AI-driven real-time analytics in Open RAN; AI for network automation and monetisation,Positive,5,AI; artificial intelligence; generative AI; AI-driven automation; AI analytics,2,AI; GenAI,1300,"This panel recap describes how AI and generative AI will shape Open RAN deployments, featuring speakers from Boldyn Networks and other vendors. Participants discuss using AI-driven real-time analytics and RAN Intelligent Controllers to tune performance, reduce energy use and open new monetisation models via xApps and rApps. Boldyn is cast as a major investor in Open RAN and as a neutral host using AI-based automation to manage multi-operator networks and complex venues."
Wireless Infrastructure Group,2025-02-05,Blog: Top 3 mobile connectivity trends for 2025: What businesses need to know,https://www.wirelessinfrastructure.com/insights/blog-top-3-mobile-connectivity-trends-for-2025-what-businesses-need-to-know/,Framing 5G-enabled indoor connectivity as an enabler of AI-equipped workspaces,Medium,AI-powered workplace applications; AI integrated with AR and VR and real-time collaboration; future AI and IoT in smart buildings,Positive,3,AI; artificial intelligence (implied); AI integration with AR and VR,1,AI,1300,"WIG’s trend piece highlights the rise of 5G-enabled workspaces, arguing that robust indoor mobile connectivity is now core infrastructure. It notes that 5G enables seamless integration of AI, augmented reality, virtual reality, real-time collaboration and automation, positioning AI as a key workload type their networks must support. The article promotes private networks and enhanced in-building coverage for smart building use cases, with AI and analytics assumed to sit on top of high-quality mobile connectivity."
Zayo,2025-07-15,Zayo Levels Up Its AI-Ready Infrastructure with New Routes and 100% 400G Enablement,https://www.zayo.com/newsroom/zayo-levels-up-its-ai-ready-infrastructure-with-new-routes-and-100-400g-enablement/,Building long-haul dark fibre and 400G core specifically for AI workloads,High,Purpose-built AI long-haul routes; AI-driven traffic modelling; 400G backbone for AI training and inference,Positive,5,AI; AI-ready; AI-driven workloads; AI demand; artificial intelligence,1,AI-Ready,1400,"Zayo announces that it has broken ground on several purpose-built-for-AI long-haul dark fibre routes in North America and completed 400G enablement of its core network. The release stresses that AI workloads demand ultra-high bandwidth and low latency between training and inference sites and says Zayo used AI-driven market modelling to choose new corridors. Zayo is positioned as delivering the backbone for an AI and bandwidth-driven future, with route details between key US markets."
Zayo & Equinix,2025-09-25,Zayo and Equinix Set the Standard with the AI Infrastructure Blueprint,https://www.zayo.com/newsroom/zayo-and-equinix-set-the-standard-with-the-ai-infrastructure-blueprint/,Defining a reference architecture for AI networks and data centres,High,Network design for AI training and inference; AI interconnection at Equinix hubs; AI-ready private connectivity patterns,Positive,6,AI; AI Infrastructure Blueprint; AI at scale; AI communication infrastructure; generative AI providers; AI ecosystem,2,AI; AI Infrastructure,1700,"This joint announcement unveils an AI Infrastructure Blueprint describing how neocloud and AI providers should connect training clusters, inference sites and enterprises using Zayo fibre and Equinix data centres. It outlines validated reference designs and emphasises low-latency, high-capacity private connectivity for AI workloads. The document aims to create a shared language for AI networking, helping customers scale generative AI deployments while reducing design complexity and time to market."
Zayo,2025,"Data Centers, Generative AI, and an Era of Accelerated Change",https://www.zayo.com/wp-content/uploads/Zayo-AI-Data-Center-Report.pdf,Analysing how generative AI changes data-centre and connectivity design,High,AI training clusters; AI inference clusters; bandwidth needs for large AI models; AI-driven data-centre siting,Positive,6,generative AI; AI training; AI inference; AI models; artificial intelligence; AI clusters,2,Generative AI; AI,7000,"This whitepaper explains how generative AI architectures, split into training and inference clusters, fundamentally differ from traditional cloud workloads. It describes the extreme east-west bandwidth, low latency and power density required to train large models and argues that network and data-centre design must adapt with dense fibre, new topologies and proximity to power sources. Zayo uses this analysis to justify large-scale fibre expansion and to position itself as a strategic partner for hyperscalers building AI campuses."
Zayo,2025-05-29,What Neoclouds Are and Why They Matter to Enterprises,https://www.zayo.com/resources/what-neoclouds-are-and-why-they-matter-to-enterprises/,Marketing Zayo’s role in serving neoclouds built for AI and ML workloads,High,AI-first cloud architectures; GPU and accelerator-backed AI services; AI workloads over Zayo networks,Positive,5,AI; artificial intelligence; machine learning; AI-first architecture; AI workloads,1,AI,1800,"Zayo introduces the concept of neoclouds, cloud providers specialised for AI and machine learning, explaining how they combine GPUs, AI-first architectures and intelligent orchestration. The blog argues that neoclouds need scalable, low-latency fibre connectivity to link customers, clouds and data centres and sets out how Zayo’s network footprint and 400G backbone support these AI workloads. AI is presented as a key driver of the next wave of cloud and connectivity demand."
DataCenterDynamics,2025-06-11,Zayo: fiber rollout paves the way for AI to succeed,https://www.datacenterdynamics.com/en/news/zayo-fiber-rollout-paves-the-way-for-ai-to-succeed/,"Industry analysis of Zayo’s 5,000-route-mile AI-driven expansion",High,Long-haul fibre for AI training; interconnect for AI inference edges; AI-related data-centre connectivity,Positive,4,AI; AI workloads; AI training; AI demand,1,AI,1100,"DCD reports that Zayo plans to build 5,000 additional long-haul fibre miles specifically to support AI workloads. Executives explain that AI training clusters are gravitating to locations with available power, often away from traditional metros, and that high-count dark fibre is needed to connect them. The article underscores the monetisation opportunity in serving AI traffic and notes similar potential around AI inference near metros, portraying Zayo as doubling down on AI-centric routes."
Data Center Frontier,2025-04,Zayo’s Fiber Bet: Scaling Long-Haul and Metro Networks for AI Data Centers,https://www.datacenterfrontier.com/network/article/55274499/zayos-fiber-bet-scaling-long-haul-and-metro-networks-for-ai-data-centers,Explaining how Zayo’s network strategy targets AI data-centre demand,High,AI data-centre interconnect; AI-driven long-haul builds; low-latency links for training and federated learning,Positive,6,AI; AI-driven demand; AI workloads; AI data centers; AI growth; artificial intelligence,1,AI,1500,"This feature frames Zayo as executing one of the largest fibre expansions explicitly in response to AI-driven data-centre demand. It discusses potential bandwidth shortages without new routes, emphasising that AI training, real-time inference and federated learning require ultra-low-latency, high-capacity connectivity. The article compares Zayo’s strategy with competitors and quotes leadership citing large AI-related deal pipelines, positioning Zayo as a go-to provider for AI data-centre interconnect."
TM Forum / Inform,2025-03,AI monetization starts with good data governance,https://inform.tmforum.org/features-and-opinion/ai-monetization-starts-with-good-data-governance,Showcasing Zayo’s internal use of AI and ML platforms for cost and revenue optimisation,Medium,Data science and ML for network cost optimisation; AI-based revenue insights; AI tooling for analytics,Positive,4,AI; artificial intelligence; machine learning; data science,0,," ""1400""","In a broader piece on data governance, Zayo is cited as a case study using modern data platforms to support data science, machine learning and AI initiatives. It explains that Zayo employs these tools to identify cost-saving opportunities and new revenue streams, with automated pipelines feeding analytics models. This shows Zayo not only building infrastructure for AI but also applying AI and ML internally to improve financial and operational performance."
ctol.digital,2025-05,Marisa Trisolino Named CEO of euNetworks as Company Shifts Focus to AI Fiber Expansion,https://www.ctol.digital/news/marisa-trisolino-named-eunetworks-ceo-ai-fiber-expansion/,Leadership and strategy shift toward AI-driven fibre expansion,Medium,Fibre footprint to support AI and generative AI; AI-related bandwidth demand; AI-era capex strategy,Positive,3,AI; AI-driven; artificial intelligence,1,AI,800,"This piece reports on Marisa Trisolino becoming CEO of euNetworks, describing the company’s strategy as AI-driven fibre expansion after a recapitalisation. It emphasises euNetworks’ dense city fibre networks and their importance for generative AI and cloud workloads. While detailed project information is limited, the article suggests that future investments and route planning increasingly factor in AI data-centre demand, positioning euNetworks as a key infrastructure player in Europe’s AI ecosystem."
TelecomRamblings,2025-10,TELCABLES EUROPE COLLABORATES WITH euNETWORKS TO ENABLE CUSTOMERS TO EXPAND THEIR EUROPEAN NETWORK REACH,https://newswire.telecomramblings.com/2025/10/telcables-europe-collaborates-with-eunetworks-to-enable-customers-to-expand-their-european-network-reach/,Partnership to provide AI-ready pan-European connectivity via euNetworks,Medium,"AI-ready connectivity; scalable bandwidth for AI-era workloads; AI and data-centre interconnect between Europe, Americas and Africa",Positive,3,AI-ready; AI-era demand; artificial intelligence (implied),1,AI-ready,700,"The joint announcement explains that TelCables Europe will use euNetworks’ footprint of hundreds of on-net data centres to extend services across Europe. euNetworks’ CEO highlights accelerating demand for scalable, AI-ready connectivity, indicating that AI and data-intensive workloads are key drivers. Together, the firms aim to provide high-capacity, resilient routes linking Europe with the Americas and Africa, targeting cloud, AI and digital-transformation use cases."
The Tech Capital,2025-11,"European fibrecos deploy new routes to avoid bottlenecks, boost diversity in time for AI network demand",https://thetechcapital.com/european-fibrecos-deploy-new-routes-to-avoid-bottlenecks-boost-diversity-in-time-for-ai-network-demand/,Contextualising euNetworks’ new long-haul routes as part of AI-driven capacity planning,Medium,New diverse routes for AI network demand; fibre diversity for AI traffic; AI-era congestion avoidance,Positive,3,AI; AI network demand; artificial intelligence,1,AI,700,"This article notes that several fibrecos, including euNetworks, are launching new long-distance routes in Europe to boost diversity in time for AI network demand. AI-related traffic growth is cited as a key reason to build additional paths and avoid bottlenecks, with euNetworks among the companies investing in new corridors. While detailed route information is sparse, AI is clearly identified as a primary demand driver for these network expansions."
NetworkingPlus,2025-10-06,Cornerstone adopts Vyntelligence’s AI technology to accelerate tower deployment,https://networkingplus.co.uk/news-details?itemid=8167,Using AI-powered video intelligence to speed tower site deployment and reduce field visits,High,AI-powered Agentic Video Intelligence for site surveys; AI-assisted quality checks; AI-driven workflow automation for tower rollout,Positive,4,AI-powered; AI technology; artificial intelligence; Agentic Video Intelligence,1,AI,800,"NetworkingPlus reports that Cornerstone has adopted Vyntelligence’s AI-powered Agentic Video Intelligence platform. Field engineers capture short guided videos instead of lengthy forms, with AI extracting structured information, checking compliance and flagging issues. The move is pitched as accelerating new cell-tower deployments, reducing site revisits and cutting operational costs across Cornerstone’s large site portfolio. AI is central as the mechanism that turns unstructured video into actionable deployment insights."
BT,2024-12-12,BT Group leans on AI to transform customer service experience,https://newsroom.bt.com,Generative-AI powered customer-service transformation across contact centres and field operations,High,Generative AI call summarisation; AI triage and routing; AI knowledge suggestions; digital assistant; internal Copilot-style tools,Positive,5,AI; artificial intelligence; generative AI; AI-powered; AI-driven,1,AI,1200,"BT details a multi-pronged AI programme for customer service, including generative AI summarisation tools that write call notes, AI-driven routing and knowledge suggestions and digital assistants in customer apps. Internal staff use Copilot-style tooling to automate repetitive tasks. BT positions AI as augmenting, not replacing, agents while reporting faster handling times and better customer satisfaction from pilots, with plans to scale across contact centres and field operations."
TeckNexus,2025-04-05,BT Group’s Generative AI Strategy: A New Era in Telecommunications,https://tecknexus.com,"Enterprise-wide generative-AI platform for software engineering, legal, procurement and operations",High,GenAI Gateway orchestration; LLM-based code assistance; document summarisation; contract analysis; enterprise search; engineering-note summarisation,Positive,6,AI; artificial intelligence; generative AI; genAI; large language models; machine learning,1,Generative AI,1600,"TeckNexus describes BT’s GenAI Gateway, an internal platform that centralises access to multiple foundation models from several providers. It standardises security, guardrails, billing and data access so teams can rapidly deploy generative-AI applications for coding, Openreach job-note summarisation, legal document review and enterprise search. The article stresses responsible AI governance and BT’s goal to scale generative AI across business units while controlling risk and cost."
ServiceNow,2025-11-25,BT partners with ServiceNow to turn bold AI thinking into business transformation,https://www.servicenow.com,AI-driven IT and service-operations automation using ServiceNow’s AI platform,High,AIOps for incident prediction; AI-assisted case summarisation; workflow automation; AI-driven self-service for employees,Positive,5,AI; artificial intelligence; AIOps; AI-powered; machine learning,1,AI,1400,"This ServiceNow case study outlines how BT is using the ServiceNow AI Platform and AIOps to automate incident detection, prioritisation and remediation across complex networks and IT estates. AI summarises support cases, recommends resolutions and powers self-service for employees, reducing manual workload for operations teams. BT reports higher automation rates, fewer tickets and faster resolution, positioning AI as an enabler that frees engineers for higher-value tasks."
Reuters,2025-06-15,"BT boss Kirkby expects AI to deepen job cuts, FT reports",https://www.reuters.com,AI-enabled automation driving further workforce reduction,Medium,Process automation; AI augmentation of back-office and customer-service functions; potential AI use in network operations,Cautious,3,AI; artificial intelligence; AI-driven automation,1,AI,650,"Reuters reports BT CEO Allison Kirkby expects advances in AI to allow deeper job cuts than previously announced, citing productivity gains from automation across the business. She also floats the possibility of spinning off Openreach if its value is not reflected in BT’s market cap. AI is framed both as an efficiency opportunity and as a driver of workforce shrinkage, with limited technical detail but strong emphasis on structural impact and cost reduction."
Reuters,2025-12-04,BT launches sovereign data platform for business and public sector,https://www.reuters.com,UK sovereign cloud and data platform designed to host regulated workloads including AI services,Medium,Secure AI workload hosting; compliant data processing for AI models; sovereignty controls,Neutral,3,AI; artificial intelligence; AI services,0,," ""550""","BT introduces a sovereign data platform for UK business and public-sector clients, ensuring sensitive data stays within domestic infrastructure while supporting services such as voice, cloud and AI. The platform responds to regulatory and security pressure around AI-driven processing, offering guarantees on data residency and operational control. While the article focuses on sovereignty and compliance rather than specific AI workloads, AI is central to the value proposition and roadmap."
Vodafone,2025-02-13,Vodafone Technology: How AI is helping us to evolve our network,https://careers.vodafone.com,"Generative-AI assisted network planning, optimisation and operations",Medium,Generative AI for network design; AI-driven capacity and fault analysis; AI for operational efficiency,Positive,4,AI; artificial intelligence; generative AI; AI-powered,1,AI,700,"This careers blog summarises an internal event on how Vodafone is applying generative AI across its network organisation. It highlights experiments using generative AI to analyse network data, support design decisions and accelerate troubleshooting, with the aim of shaping tomorrow’s connectivity. The piece focuses on skills and culture as much as technology, emphasising the need for AI-literate engineers and inviting candidates interested in networks and AI to join Vodafone."
LangChain,2025-03-23,Vodafone transforms data operations with AI using LangChain and LangGraph,https://blog.langchain.dev,AI agents and orchestration for data-engineering and analytics workflows,High,LLM agents for pipeline creation; AI-assisted data discovery; conversational interfaces over data; LangGraph orchestration,Positive,5,AI; artificial intelligence; generative AI; LLMs; AI agents,1,AI,1500,"LangChain’s case study explains how Vodafone’s data team built a generative-AI platform using LangChain and LangGraph to reduce manual effort in data pipeline development and analytics. LLM-based agents help engineers explore data sources, generate SQL, scaffold transformation pipelines and answer questions over documentation. This shortens time-to-insight, improves reuse of data assets and supports Vodafone’s ambition to embed AI into data operations at scale."
Vodafone,2025-04-24,Vodafone Business and ServiceNow collaborate to enhance the customer experience with AI-powered service automation,https://www.vodafone.com/news/technology/vodafone-business-and-service-now-collaborate-to-enhance-the-customer-experience-with-ai-powered-service-automation,AI-powered service-management platform for Vodafone Business customers,High,AI-driven ticket routing; anomaly detection; agentic AI for service lifecycle; AI and ML for predictive issue management,Positive,6,AI; artificial intelligence; AI-powered; machine learning; agentic AI; AI agents,1,AI-powered,1000,"Vodafone and ServiceNow announce a five-year strategic collaboration to build an AI-first service-management solution for Vodafone Business customers. Using telecom-specific modules and agentic AI, the platform detects and fixes service anomalies, predicts interruptions and provides a single view of customer networks across countries and products. The goal is more proactive, personalised support and faster resolution, with AI and machine learning models automating routine tasks while surfacing insights to human agents."
Microsoft / Azure,2025-02-05,Vodafone turns to generative AI to elevate customer experience,https://azure.microsoft.com,Gen-AI assistant for call-centre agents via Azure OpenAI,High,LLM-based agent assist; AI-generated summaries; intent detection; knowledge search,Positive,5,AI; artificial intelligence; generative AI; large language models; AI-powered,1,generative AI,1300,"Microsoft’s case study details how Vodafone is using Azure OpenAI to assist contact-centre agents handling millions of interactions. Generative AI summarises customer histories, suggests next best actions and drafts follow-ups, reducing handling times and standardising quality. Early pilots reportedly improve customer satisfaction and agent productivity, and Vodafone plans wider rollout across multiple markets as part of a broader AI-enabled customer-experience strategy."
Vodafone Group,2025-06-03,Vodafone Group Plc Annual Report 2025 – Technology Committee section,https://investors.vodafone.com,Portfolio-level prioritisation and governance of high-value AI use cases,Medium,Scaling AI in customer care; AI for network optimisation; AI for back-office efficiency; responsible AI governance,Neutral,4,AI; artificial intelligence; machine learning; generative-AI use cases,0,," ""900""","The Technology Committee section of Vodafone’s 2025 Annual Report notes board-level oversight of AI, with deep dives on scaling valuable AI use cases and monitoring progress on AI-driven improvements in customer care and operations. It emphasises responsible deployment, with governance structures to manage risk and ethics while accelerating adoption across business units. AI is framed as a core enabler of the company’s strategy rather than a standalone initiative."
Virgin Media O2,2025-02-25,Virgin Media O2 rolls out AI training as part of enhanced learning and development programme,https://news.virginmediao2.co.uk/virgin-media-o2-rolls-out-ai-training-as-part-of-enhanced-learning-and-development-programme-to-equip-employees-with-critical-skills/,Upskilling workforce on AI and generative-AI tools,High,Generative AI skills training; AI coaching content; digital and data literacy,Positive,4,AI; artificial intelligence; generative AI; AI coaching,1,AI,900,"Virgin Media O2 launches a revamped learning and development programme that gives thousands of employees access to courses, including generative AI and broader digital skills. The initiative responds to survey data showing most UK workers lack confidence using AI at work. Training combines instructor-led and self-paced formats plus AI-based coaching, and is positioned as part of the firm’s people strategy to build a future-ready, AI-literate workforce across roles."
Virgin Media O2,2025-07-28,Virgin Media O2 launches new AI tools to supercharge customer services and better help most vulnerable customers,https://news.virginmediao2.co.uk/virgin-media-o2-launches-new-ai-tools-to-supercharge-customer-services-and-better-help-most-vulnerable-customers/,AI-assisted contact-centre operations and vulnerability detection,High,Lumi AI agent-assist; AWS AI contact-centre platform; AI-driven vulnerability flagging; automated call summarisation,Positive,7,AI; artificial intelligence; Lumi AI; AI-powered; generative AI; AI tools; AI summarisation,1,AI,1200,"Virgin Media O2 unveils a suite of AI tools centred on its Lumi AI engine. Lumi analyses live calls to suggest resolutions, highlight where customers may need more explanation and recommend products. An AWS AI-powered contact-centre platform routes calls based on intent, improving first-time resolution and complaint resolution times. Additional AI systems flag vulnerable customers and generate accurate call summaries, collectively cutting complaints significantly and reducing wait times."
Lenses.io,2025,CityFibre revolutionizes telecom with self-service stream processing,https://lenses.io/customers/cityfibre-revolutionizes-telecom-with-self-service-stream-processing,"Event-driven, AI-ready data platform for proactive network operations",High,AI-powered analytics over streaming data; predictive network monitoring; AI-driven quality assurance; use of generative-AI tools for engineers,Positive,6,AI; artificial intelligence; AI-powered analytics; AI-driven; predictive AI; generative-AI tools,1,AI-powered,1800,"This case study describes how CityFibre uses an event-driven architecture on AWS MSK and Snowflake, with Lenses.io tooling, to process around 100 million daily network events. Self-service streaming and SQL-based processors enable rapid development of apps that detect issues, automatically dispatch engineers and proactively notify customers. AI-powered analytics and visual quality assurance plus generative-AI coding tools are highlighted, positioning the platform as a foundation for predictive and self-healing networks."
IQGeo,2025,CityFibre – Pioneering AI in fiber optic applications in the UK,https://www.iqgeo.com/customer-stories/cityfibre,AI-powered image analysis and workflow orchestration for field QA,High,Deepomatic Lens AI image analysis; AI-enabled visual QA; AI-driven workflow orchestration; incident-reduction analytics,Positive,5,AI; artificial intelligence; AI-powered image analysis; visual AI; AI-enabled workflow,1,AI,1200,"IQGeo’s customer story explains how CityFibre uses its mobile app and Deepomatic’s AI image-analysis to review every field operation in real time instead of manually sampling a subset of jobs. AI checks installation photos, flags issues and feeds an AI-enabled workflow engine, saving roughly an hour per QA review and eliminating many incident revisits each month. The solution supports large-scale fibre upgrades and improves build quality and operational visibility across millions of passed premises."
Vyntelligence,2025-09-17,"Gigaclear becomes first retail fibre provider to harness Vyntelligence AI technology, transforming rural broadband installations",https://vyntelligence.com/blog/gigaclear-becomes-first-retail-fibre-provider-to-harness-vyntelligence-ai-technology-transforming-rural-broadband-installations,AI-driven pre-install video triage for rural FTTP,High,Agentic AI video intelligence; automated complexity scoring; AI-driven install planning; avoidance of unnecessary site visits,Positive,5,AI; artificial intelligence; Agentic AI; AI technology; video intelligence,1,AI,900,"This release announces Gigaclear as the first retail fibre provider to adopt Vyntelligence’s Agentic AI-powered platform. Customers record guided smartphone videos of their properties, which AI analyses to summarise key details and assess installation complexity. Hundreds of submissions have already prevented a large number of avoidable engineer visits, improving first-time install success and reducing disruption in hard-to-reach rural areas. The deployment is framed as a benchmark for AI-driven innovation in the UK fibre market."
DataIQ,2025-11,Best Data and AI Team (Europe) – Openreach,https://www.dataiq.global/award-winner/best-data-and-ai-team-europe-openreach/,Data and AI programme spanning fleet optimisation and generative AI for engineering,High,Generative-AI steering group; AI summarisation of engineering notes; analytics for fleet fuel reduction; predictive operational insights,Positive,5,AI; artificial intelligence; data and AI; generative AI; AI adoption,1,AI,700,"DataIQ recognises Openreach as Best Data and AI Team in Europe, highlighting several initiatives. A generative-AI steering group streamlines engineering notes, reducing manual desk work, while data-driven insights help the fleet team cut diesel use and CO2 emissions toward a 2031 net-zero goal. The article links AI-enabled analytics to Openreach’s Rubix programme, which has significantly reduced Ethernet operational costs, and presents AI as central to efficiency and sustainability improvements."
Telecoms.com,2025-01,Openreach taps up Nokia for intent-based networking upgrade,https://www.telecoms.com/fibre/openreach-taps-up-nokia-for-intent-based-networking-upgrade,AI and ML-driven intent-based access-network automation,High,AI and ML monitoring of access network; intent-based policy engines; automated remediation,Positive,4,AI; artificial intelligence; AI and ML; machine learning,1,AI,800,"Telecoms.com reports that Openreach is upgrading its access network using Nokia’s controller and orchestration platforms, enabling intent-based operations. Continuous monitoring via AI and machine learning checks whether network state matches operator intent and can trigger automated adjustments. The upgrade is presented as a way to increase operational efficiency and service quality at scale as the FTTP rollout progresses, with AI embedded in the control plane rather than bolted on."
The Times,2025-04,"Sky to cut 2,000 call centre jobs as it focuses on AI and online",https://www.thetimes.co.uk,Shift from human call centres to AI-driven digital self-service,High,AI-driven digital customer tools; online self-service journeys; automated triage and support,Cautious,3,AI; artificial intelligence; AI-driven customer service,1,AI,900,"The Times reports that Sky will cut around 2,000 UK call-centre jobs as it pivots toward digital and AI-based customer-service channels. Several centres will close or shrink, while Sky invests in enhanced online tools and a new centre of excellence focused on digital support. Phone lines remain for complex technical issues, but AI-powered interfaces are expected to handle much of the routine workload, raising concerns about job losses even as customer journeys become more automated."
NICE,2025-07-01,TalkTalk Joins Forces With NICE To Deploy CXone Mpower In Mission To Revolutionize Customer Experience,https://www.nice.com/press-releases/talktalk-joins-forces-with-nice-to-deploy-cxone-mpower-in-mission-to-revolutionize-customer-experience,AI-powered contact-centre platform consolidation and automation,High,AI customer-service automation; AI-assisted writing; knowledge suggestions; unified AI CX platform,Positive,6,AI; artificial intelligence; AI-powered platform; AI technology; AI customer service; automation,1,AI,1000,"NICE announces that TalkTalk will deploy its AI-powered CXone Mpower platform to unify multiple legacy contact-centre systems and support a digital-first transformation. The platform provides agents with AI-driven writing tools and real-time recommended answers, aiming to reduce manual interventions and speed up resolutions. TalkTalk’s leadership frames the move as central to becoming the UK’s most-recommended Wi-Fi provider and a benchmark for AI-driven customer service in the UK connectivity market."
Domo,2025-02,"How Community Fibre Scaled Success with Domo, AI, and Data-Driven Insights",https://www.domo.com/domopalooza/resources/fireside-chat-with-community-fibre,Use of embedded AI and BI to support operations and growth,Medium,AI-enhanced dashboards; predictive analytics; data-driven decision-making for sales and service,Positive,3,AI; artificial intelligence; AI-driven insights,1,AI,800,"This Domo resource describes how Community Fibre uses Domo’s data platform, including embedded AI capabilities, to support hundreds of employees with real-time metrics on growth and customer experience. AI-driven insights help prioritise sales opportunities, monitor service performance and improve operational efficiency. While technical details are limited, AI is presented as tightly integrated into Community Fibre’s BI environment to support scaling rather than as a separate innovation project."
AInvest,2025-06-24,Netomnia's Tech Synergy: Scaling Full-Fiber Dominance in the UK's Data-Driven Future,https://www.ainvest.com/news/netomnia-tech-synergy-scaling-full-fiber-dominance-uk-data-driven-future-2506/,Building AI and ML-ready network infrastructure and automated fibre testing,Medium,AI and ML-ready 50G-PON for future workloads; automated fibre testing; data-driven operations,Neutral,3,AI; AI and ML workloads; machine learning,1,AI,1200,"This investor-oriented article profiles Netomnia’s technology stack, including a commercial 50G-PON deployment described as future-proof for AI and ML workloads, 5G backhaul and cloud services. It also highlights a remote fibre test system that automates testing and accelerates deployment plus disaggregated routing. AI is referenced mainly as a driver of future traffic rather than a current in-network capability, but automation and data-driven operations are central themes."
